use super::ucd::PropKind;

pub static GENERAL_CATEGORY: &[(u32, u32, u8)] = &[
    (0x0, 0x1f, 0),
    (0x20, 0x20, 29),
    (0x21, 0x23, 21),
    (0x24, 0x24, 23),
    (0x25, 0x27, 21),
    (0x28, 0x28, 22),
    (0x29, 0x29, 18),
    (0x2a, 0x2a, 21),
    (0x2b, 0x2b, 25),
    (0x2c, 0x2c, 21),
    (0x2d, 0x2d, 17),
    (0x2e, 0x2f, 21),
    (0x30, 0x39, 13),
    (0x3a, 0x3b, 21),
    (0x3c, 0x3e, 25),
    (0x3f, 0x40, 21),
    (0x41, 0x5a, 9),
    (0x5b, 0x5b, 22),
    (0x5c, 0x5c, 21),
    (0x5d, 0x5d, 18),
    (0x5e, 0x5e, 24),
    (0x5f, 0x5f, 16),
    (0x60, 0x60, 24),
    (0x61, 0x7a, 5),
    (0x7b, 0x7b, 22),
    (0x7c, 0x7c, 25),
    (0x7d, 0x7d, 18),
    (0x7e, 0x7e, 25),
    (0x7f, 0x9f, 0),
    (0xa0, 0xa0, 29),
    (0xa1, 0xa1, 21),
    (0xa2, 0xa5, 23),
    (0xa6, 0xa6, 26),
    (0xa7, 0xa7, 21),
    (0xa8, 0xa8, 24),
    (0xa9, 0xa9, 26),
    (0xaa, 0xaa, 7),
    (0xab, 0xab, 20),
    (0xac, 0xac, 25),
    (0xad, 0xad, 1),
    (0xae, 0xae, 26),
    (0xaf, 0xaf, 24),
    (0xb0, 0xb0, 26),
    (0xb1, 0xb1, 25),
    (0xb2, 0xb3, 15),
    (0xb4, 0xb4, 24),
    (0xb5, 0xb5, 5),
    (0xb6, 0xb7, 21),
    (0xb8, 0xb8, 24),
    (0xb9, 0xb9, 15),
    (0xba, 0xba, 7),
    (0xbb, 0xbb, 19),
    (0xbc, 0xbe, 15),
    (0xbf, 0xbf, 21),
    (0xc0, 0xd6, 9),
    (0xd7, 0xd7, 25),
    (0xd8, 0xde, 9),
    (0xdf, 0xf6, 5),
    (0xf7, 0xf7, 25),
    (0xf8, 0xff, 5),
    (0x100, 0x100, 9),
    (0x101, 0x101, 5),
    (0x102, 0x102, 9),
    (0x103, 0x103, 5),
    (0x104, 0x104, 9),
    (0x105, 0x105, 5),
    (0x106, 0x106, 9),
    (0x107, 0x107, 5),
    (0x108, 0x108, 9),
    (0x109, 0x109, 5),
    (0x10a, 0x10a, 9),
    (0x10b, 0x10b, 5),
    (0x10c, 0x10c, 9),
    (0x10d, 0x10d, 5),
    (0x10e, 0x10e, 9),
    (0x10f, 0x10f, 5),
    (0x110, 0x110, 9),
    (0x111, 0x111, 5),
    (0x112, 0x112, 9),
    (0x113, 0x113, 5),
    (0x114, 0x114, 9),
    (0x115, 0x115, 5),
    (0x116, 0x116, 9),
    (0x117, 0x117, 5),
    (0x118, 0x118, 9),
    (0x119, 0x119, 5),
    (0x11a, 0x11a, 9),
    (0x11b, 0x11b, 5),
    (0x11c, 0x11c, 9),
    (0x11d, 0x11d, 5),
    (0x11e, 0x11e, 9),
    (0x11f, 0x11f, 5),
    (0x120, 0x120, 9),
    (0x121, 0x121, 5),
    (0x122, 0x122, 9),
    (0x123, 0x123, 5),
    (0x124, 0x124, 9),
    (0x125, 0x125, 5),
    (0x126, 0x126, 9),
    (0x127, 0x127, 5),
    (0x128, 0x128, 9),
    (0x129, 0x129, 5),
    (0x12a, 0x12a, 9),
    (0x12b, 0x12b, 5),
    (0x12c, 0x12c, 9),
    (0x12d, 0x12d, 5),
    (0x12e, 0x12e, 9),
    (0x12f, 0x12f, 5),
    (0x130, 0x130, 9),
    (0x131, 0x131, 5),
    (0x132, 0x132, 9),
    (0x133, 0x133, 5),
    (0x134, 0x134, 9),
    (0x135, 0x135, 5),
    (0x136, 0x136, 9),
    (0x137, 0x138, 5),
    (0x139, 0x139, 9),
    (0x13a, 0x13a, 5),
    (0x13b, 0x13b, 9),
    (0x13c, 0x13c, 5),
    (0x13d, 0x13d, 9),
    (0x13e, 0x13e, 5),
    (0x13f, 0x13f, 9),
    (0x140, 0x140, 5),
    (0x141, 0x141, 9),
    (0x142, 0x142, 5),
    (0x143, 0x143, 9),
    (0x144, 0x144, 5),
    (0x145, 0x145, 9),
    (0x146, 0x146, 5),
    (0x147, 0x147, 9),
    (0x148, 0x149, 5),
    (0x14a, 0x14a, 9),
    (0x14b, 0x14b, 5),
    (0x14c, 0x14c, 9),
    (0x14d, 0x14d, 5),
    (0x14e, 0x14e, 9),
    (0x14f, 0x14f, 5),
    (0x150, 0x150, 9),
    (0x151, 0x151, 5),
    (0x152, 0x152, 9),
    (0x153, 0x153, 5),
    (0x154, 0x154, 9),
    (0x155, 0x155, 5),
    (0x156, 0x156, 9),
    (0x157, 0x157, 5),
    (0x158, 0x158, 9),
    (0x159, 0x159, 5),
    (0x15a, 0x15a, 9),
    (0x15b, 0x15b, 5),
    (0x15c, 0x15c, 9),
    (0x15d, 0x15d, 5),
    (0x15e, 0x15e, 9),
    (0x15f, 0x15f, 5),
    (0x160, 0x160, 9),
    (0x161, 0x161, 5),
    (0x162, 0x162, 9),
    (0x163, 0x163, 5),
    (0x164, 0x164, 9),
    (0x165, 0x165, 5),
    (0x166, 0x166, 9),
    (0x167, 0x167, 5),
    (0x168, 0x168, 9),
    (0x169, 0x169, 5),
    (0x16a, 0x16a, 9),
    (0x16b, 0x16b, 5),
    (0x16c, 0x16c, 9),
    (0x16d, 0x16d, 5),
    (0x16e, 0x16e, 9),
    (0x16f, 0x16f, 5),
    (0x170, 0x170, 9),
    (0x171, 0x171, 5),
    (0x172, 0x172, 9),
    (0x173, 0x173, 5),
    (0x174, 0x174, 9),
    (0x175, 0x175, 5),
    (0x176, 0x176, 9),
    (0x177, 0x177, 5),
    (0x178, 0x179, 9),
    (0x17a, 0x17a, 5),
    (0x17b, 0x17b, 9),
    (0x17c, 0x17c, 5),
    (0x17d, 0x17d, 9),
    (0x17e, 0x180, 5),
    (0x181, 0x182, 9),
    (0x183, 0x183, 5),
    (0x184, 0x184, 9),
    (0x185, 0x185, 5),
    (0x186, 0x187, 9),
    (0x188, 0x188, 5),
    (0x189, 0x18b, 9),
    (0x18c, 0x18d, 5),
    (0x18e, 0x191, 9),
    (0x192, 0x192, 5),
    (0x193, 0x194, 9),
    (0x195, 0x195, 5),
    (0x196, 0x198, 9),
    (0x199, 0x19b, 5),
    (0x19c, 0x19d, 9),
    (0x19e, 0x19e, 5),
    (0x19f, 0x1a0, 9),
    (0x1a1, 0x1a1, 5),
    (0x1a2, 0x1a2, 9),
    (0x1a3, 0x1a3, 5),
    (0x1a4, 0x1a4, 9),
    (0x1a5, 0x1a5, 5),
    (0x1a6, 0x1a7, 9),
    (0x1a8, 0x1a8, 5),
    (0x1a9, 0x1a9, 9),
    (0x1aa, 0x1ab, 5),
    (0x1ac, 0x1ac, 9),
    (0x1ad, 0x1ad, 5),
    (0x1ae, 0x1af, 9),
    (0x1b0, 0x1b0, 5),
    (0x1b1, 0x1b3, 9),
    (0x1b4, 0x1b4, 5),
    (0x1b5, 0x1b5, 9),
    (0x1b6, 0x1b6, 5),
    (0x1b7, 0x1b8, 9),
    (0x1b9, 0x1ba, 5),
    (0x1bb, 0x1bb, 7),
    (0x1bc, 0x1bc, 9),
    (0x1bd, 0x1bf, 5),
    (0x1c0, 0x1c3, 7),
    (0x1c4, 0x1c4, 9),
    (0x1c5, 0x1c5, 8),
    (0x1c6, 0x1c6, 5),
    (0x1c7, 0x1c7, 9),
    (0x1c8, 0x1c8, 8),
    (0x1c9, 0x1c9, 5),
    (0x1ca, 0x1ca, 9),
    (0x1cb, 0x1cb, 8),
    (0x1cc, 0x1cc, 5),
    (0x1cd, 0x1cd, 9),
    (0x1ce, 0x1ce, 5),
    (0x1cf, 0x1cf, 9),
    (0x1d0, 0x1d0, 5),
    (0x1d1, 0x1d1, 9),
    (0x1d2, 0x1d2, 5),
    (0x1d3, 0x1d3, 9),
    (0x1d4, 0x1d4, 5),
    (0x1d5, 0x1d5, 9),
    (0x1d6, 0x1d6, 5),
    (0x1d7, 0x1d7, 9),
    (0x1d8, 0x1d8, 5),
    (0x1d9, 0x1d9, 9),
    (0x1da, 0x1da, 5),
    (0x1db, 0x1db, 9),
    (0x1dc, 0x1dd, 5),
    (0x1de, 0x1de, 9),
    (0x1df, 0x1df, 5),
    (0x1e0, 0x1e0, 9),
    (0x1e1, 0x1e1, 5),
    (0x1e2, 0x1e2, 9),
    (0x1e3, 0x1e3, 5),
    (0x1e4, 0x1e4, 9),
    (0x1e5, 0x1e5, 5),
    (0x1e6, 0x1e6, 9),
    (0x1e7, 0x1e7, 5),
    (0x1e8, 0x1e8, 9),
    (0x1e9, 0x1e9, 5),
    (0x1ea, 0x1ea, 9),
    (0x1eb, 0x1eb, 5),
    (0x1ec, 0x1ec, 9),
    (0x1ed, 0x1ed, 5),
    (0x1ee, 0x1ee, 9),
    (0x1ef, 0x1f0, 5),
    (0x1f1, 0x1f1, 9),
    (0x1f2, 0x1f2, 8),
    (0x1f3, 0x1f3, 5),
    (0x1f4, 0x1f4, 9),
    (0x1f5, 0x1f5, 5),
    (0x1f6, 0x1f8, 9),
    (0x1f9, 0x1f9, 5),
    (0x1fa, 0x1fa, 9),
    (0x1fb, 0x1fb, 5),
    (0x1fc, 0x1fc, 9),
    (0x1fd, 0x1fd, 5),
    (0x1fe, 0x1fe, 9),
    (0x1ff, 0x1ff, 5),
    (0x200, 0x200, 9),
    (0x201, 0x201, 5),
    (0x202, 0x202, 9),
    (0x203, 0x203, 5),
    (0x204, 0x204, 9),
    (0x205, 0x205, 5),
    (0x206, 0x206, 9),
    (0x207, 0x207, 5),
    (0x208, 0x208, 9),
    (0x209, 0x209, 5),
    (0x20a, 0x20a, 9),
    (0x20b, 0x20b, 5),
    (0x20c, 0x20c, 9),
    (0x20d, 0x20d, 5),
    (0x20e, 0x20e, 9),
    (0x20f, 0x20f, 5),
    (0x210, 0x210, 9),
    (0x211, 0x211, 5),
    (0x212, 0x212, 9),
    (0x213, 0x213, 5),
    (0x214, 0x214, 9),
    (0x215, 0x215, 5),
    (0x216, 0x216, 9),
    (0x217, 0x217, 5),
    (0x218, 0x218, 9),
    (0x219, 0x219, 5),
    (0x21a, 0x21a, 9),
    (0x21b, 0x21b, 5),
    (0x21c, 0x21c, 9),
    (0x21d, 0x21d, 5),
    (0x21e, 0x21e, 9),
    (0x21f, 0x21f, 5),
    (0x220, 0x220, 9),
    (0x221, 0x221, 5),
    (0x222, 0x222, 9),
    (0x223, 0x223, 5),
    (0x224, 0x224, 9),
    (0x225, 0x225, 5),
    (0x226, 0x226, 9),
    (0x227, 0x227, 5),
    (0x228, 0x228, 9),
    (0x229, 0x229, 5),
    (0x22a, 0x22a, 9),
    (0x22b, 0x22b, 5),
    (0x22c, 0x22c, 9),
    (0x22d, 0x22d, 5),
    (0x22e, 0x22e, 9),
    (0x22f, 0x22f, 5),
    (0x230, 0x230, 9),
    (0x231, 0x231, 5),
    (0x232, 0x232, 9),
    (0x233, 0x239, 5),
    (0x23a, 0x23b, 9),
    (0x23c, 0x23c, 5),
    (0x23d, 0x23e, 9),
    (0x23f, 0x240, 5),
    (0x241, 0x241, 9),
    (0x242, 0x242, 5),
    (0x243, 0x246, 9),
    (0x247, 0x247, 5),
    (0x248, 0x248, 9),
    (0x249, 0x249, 5),
    (0x24a, 0x24a, 9),
    (0x24b, 0x24b, 5),
    (0x24c, 0x24c, 9),
    (0x24d, 0x24d, 5),
    (0x24e, 0x24e, 9),
    (0x24f, 0x293, 5),
    (0x294, 0x295, 7),
    (0x296, 0x2af, 5),
    (0x2b0, 0x2c1, 6),
    (0x2c2, 0x2c5, 24),
    (0x2c6, 0x2d1, 6),
    (0x2d2, 0x2df, 24),
    (0x2e0, 0x2e4, 6),
    (0x2e5, 0x2eb, 24),
    (0x2ec, 0x2ec, 6),
    (0x2ed, 0x2ed, 24),
    (0x2ee, 0x2ee, 6),
    (0x2ef, 0x2ff, 24),
    (0x300, 0x36f, 12),
    (0x370, 0x370, 9),
    (0x371, 0x371, 5),
    (0x372, 0x372, 9),
    (0x373, 0x373, 5),
    (0x374, 0x374, 6),
    (0x375, 0x375, 24),
    (0x376, 0x376, 9),
    (0x377, 0x377, 5),
    (0x378, 0x379, 2),
    (0x37a, 0x37a, 6),
    (0x37b, 0x37d, 5),
    (0x37e, 0x37e, 21),
    (0x37f, 0x37f, 9),
    (0x380, 0x383, 2),
    (0x384, 0x385, 24),
    (0x386, 0x386, 9),
    (0x387, 0x387, 21),
    (0x388, 0x38a, 9),
    (0x38b, 0x38b, 2),
    (0x38c, 0x38c, 9),
    (0x38d, 0x38d, 2),
    (0x38e, 0x38f, 9),
    (0x390, 0x390, 5),
    (0x391, 0x3a1, 9),
    (0x3a2, 0x3a2, 2),
    (0x3a3, 0x3ab, 9),
    (0x3ac, 0x3ce, 5),
    (0x3cf, 0x3cf, 9),
    (0x3d0, 0x3d1, 5),
    (0x3d2, 0x3d4, 9),
    (0x3d5, 0x3d7, 5),
    (0x3d8, 0x3d8, 9),
    (0x3d9, 0x3d9, 5),
    (0x3da, 0x3da, 9),
    (0x3db, 0x3db, 5),
    (0x3dc, 0x3dc, 9),
    (0x3dd, 0x3dd, 5),
    (0x3de, 0x3de, 9),
    (0x3df, 0x3df, 5),
    (0x3e0, 0x3e0, 9),
    (0x3e1, 0x3e1, 5),
    (0x3e2, 0x3e2, 9),
    (0x3e3, 0x3e3, 5),
    (0x3e4, 0x3e4, 9),
    (0x3e5, 0x3e5, 5),
    (0x3e6, 0x3e6, 9),
    (0x3e7, 0x3e7, 5),
    (0x3e8, 0x3e8, 9),
    (0x3e9, 0x3e9, 5),
    (0x3ea, 0x3ea, 9),
    (0x3eb, 0x3eb, 5),
    (0x3ec, 0x3ec, 9),
    (0x3ed, 0x3ed, 5),
    (0x3ee, 0x3ee, 9),
    (0x3ef, 0x3f3, 5),
    (0x3f4, 0x3f4, 9),
    (0x3f5, 0x3f5, 5),
    (0x3f6, 0x3f6, 25),
    (0x3f7, 0x3f7, 9),
    (0x3f8, 0x3f8, 5),
    (0x3f9, 0x3fa, 9),
    (0x3fb, 0x3fc, 5),
    (0x3fd, 0x42f, 9),
    (0x430, 0x45f, 5),
    (0x460, 0x460, 9),
    (0x461, 0x461, 5),
    (0x462, 0x462, 9),
    (0x463, 0x463, 5),
    (0x464, 0x464, 9),
    (0x465, 0x465, 5),
    (0x466, 0x466, 9),
    (0x467, 0x467, 5),
    (0x468, 0x468, 9),
    (0x469, 0x469, 5),
    (0x46a, 0x46a, 9),
    (0x46b, 0x46b, 5),
    (0x46c, 0x46c, 9),
    (0x46d, 0x46d, 5),
    (0x46e, 0x46e, 9),
    (0x46f, 0x46f, 5),
    (0x470, 0x470, 9),
    (0x471, 0x471, 5),
    (0x472, 0x472, 9),
    (0x473, 0x473, 5),
    (0x474, 0x474, 9),
    (0x475, 0x475, 5),
    (0x476, 0x476, 9),
    (0x477, 0x477, 5),
    (0x478, 0x478, 9),
    (0x479, 0x479, 5),
    (0x47a, 0x47a, 9),
    (0x47b, 0x47b, 5),
    (0x47c, 0x47c, 9),
    (0x47d, 0x47d, 5),
    (0x47e, 0x47e, 9),
    (0x47f, 0x47f, 5),
    (0x480, 0x480, 9),
    (0x481, 0x481, 5),
    (0x482, 0x482, 26),
    (0x483, 0x487, 12),
    (0x488, 0x489, 11),
    (0x48a, 0x48a, 9),
    (0x48b, 0x48b, 5),
    (0x48c, 0x48c, 9),
    (0x48d, 0x48d, 5),
    (0x48e, 0x48e, 9),
    (0x48f, 0x48f, 5),
    (0x490, 0x490, 9),
    (0x491, 0x491, 5),
    (0x492, 0x492, 9),
    (0x493, 0x493, 5),
    (0x494, 0x494, 9),
    (0x495, 0x495, 5),
    (0x496, 0x496, 9),
    (0x497, 0x497, 5),
    (0x498, 0x498, 9),
    (0x499, 0x499, 5),
    (0x49a, 0x49a, 9),
    (0x49b, 0x49b, 5),
    (0x49c, 0x49c, 9),
    (0x49d, 0x49d, 5),
    (0x49e, 0x49e, 9),
    (0x49f, 0x49f, 5),
    (0x4a0, 0x4a0, 9),
    (0x4a1, 0x4a1, 5),
    (0x4a2, 0x4a2, 9),
    (0x4a3, 0x4a3, 5),
    (0x4a4, 0x4a4, 9),
    (0x4a5, 0x4a5, 5),
    (0x4a6, 0x4a6, 9),
    (0x4a7, 0x4a7, 5),
    (0x4a8, 0x4a8, 9),
    (0x4a9, 0x4a9, 5),
    (0x4aa, 0x4aa, 9),
    (0x4ab, 0x4ab, 5),
    (0x4ac, 0x4ac, 9),
    (0x4ad, 0x4ad, 5),
    (0x4ae, 0x4ae, 9),
    (0x4af, 0x4af, 5),
    (0x4b0, 0x4b0, 9),
    (0x4b1, 0x4b1, 5),
    (0x4b2, 0x4b2, 9),
    (0x4b3, 0x4b3, 5),
    (0x4b4, 0x4b4, 9),
    (0x4b5, 0x4b5, 5),
    (0x4b6, 0x4b6, 9),
    (0x4b7, 0x4b7, 5),
    (0x4b8, 0x4b8, 9),
    (0x4b9, 0x4b9, 5),
    (0x4ba, 0x4ba, 9),
    (0x4bb, 0x4bb, 5),
    (0x4bc, 0x4bc, 9),
    (0x4bd, 0x4bd, 5),
    (0x4be, 0x4be, 9),
    (0x4bf, 0x4bf, 5),
    (0x4c0, 0x4c1, 9),
    (0x4c2, 0x4c2, 5),
    (0x4c3, 0x4c3, 9),
    (0x4c4, 0x4c4, 5),
    (0x4c5, 0x4c5, 9),
    (0x4c6, 0x4c6, 5),
    (0x4c7, 0x4c7, 9),
    (0x4c8, 0x4c8, 5),
    (0x4c9, 0x4c9, 9),
    (0x4ca, 0x4ca, 5),
    (0x4cb, 0x4cb, 9),
    (0x4cc, 0x4cc, 5),
    (0x4cd, 0x4cd, 9),
    (0x4ce, 0x4cf, 5),
    (0x4d0, 0x4d0, 9),
    (0x4d1, 0x4d1, 5),
    (0x4d2, 0x4d2, 9),
    (0x4d3, 0x4d3, 5),
    (0x4d4, 0x4d4, 9),
    (0x4d5, 0x4d5, 5),
    (0x4d6, 0x4d6, 9),
    (0x4d7, 0x4d7, 5),
    (0x4d8, 0x4d8, 9),
    (0x4d9, 0x4d9, 5),
    (0x4da, 0x4da, 9),
    (0x4db, 0x4db, 5),
    (0x4dc, 0x4dc, 9),
    (0x4dd, 0x4dd, 5),
    (0x4de, 0x4de, 9),
    (0x4df, 0x4df, 5),
    (0x4e0, 0x4e0, 9),
    (0x4e1, 0x4e1, 5),
    (0x4e2, 0x4e2, 9),
    (0x4e3, 0x4e3, 5),
    (0x4e4, 0x4e4, 9),
    (0x4e5, 0x4e5, 5),
    (0x4e6, 0x4e6, 9),
    (0x4e7, 0x4e7, 5),
    (0x4e8, 0x4e8, 9),
    (0x4e9, 0x4e9, 5),
    (0x4ea, 0x4ea, 9),
    (0x4eb, 0x4eb, 5),
    (0x4ec, 0x4ec, 9),
    (0x4ed, 0x4ed, 5),
    (0x4ee, 0x4ee, 9),
    (0x4ef, 0x4ef, 5),
    (0x4f0, 0x4f0, 9),
    (0x4f1, 0x4f1, 5),
    (0x4f2, 0x4f2, 9),
    (0x4f3, 0x4f3, 5),
    (0x4f4, 0x4f4, 9),
    (0x4f5, 0x4f5, 5),
    (0x4f6, 0x4f6, 9),
    (0x4f7, 0x4f7, 5),
    (0x4f8, 0x4f8, 9),
    (0x4f9, 0x4f9, 5),
    (0x4fa, 0x4fa, 9),
    (0x4fb, 0x4fb, 5),
    (0x4fc, 0x4fc, 9),
    (0x4fd, 0x4fd, 5),
    (0x4fe, 0x4fe, 9),
    (0x4ff, 0x4ff, 5),
    (0x500, 0x500, 9),
    (0x501, 0x501, 5),
    (0x502, 0x502, 9),
    (0x503, 0x503, 5),
    (0x504, 0x504, 9),
    (0x505, 0x505, 5),
    (0x506, 0x506, 9),
    (0x507, 0x507, 5),
    (0x508, 0x508, 9),
    (0x509, 0x509, 5),
    (0x50a, 0x50a, 9),
    (0x50b, 0x50b, 5),
    (0x50c, 0x50c, 9),
    (0x50d, 0x50d, 5),
    (0x50e, 0x50e, 9),
    (0x50f, 0x50f, 5),
    (0x510, 0x510, 9),
    (0x511, 0x511, 5),
    (0x512, 0x512, 9),
    (0x513, 0x513, 5),
    (0x514, 0x514, 9),
    (0x515, 0x515, 5),
    (0x516, 0x516, 9),
    (0x517, 0x517, 5),
    (0x518, 0x518, 9),
    (0x519, 0x519, 5),
    (0x51a, 0x51a, 9),
    (0x51b, 0x51b, 5),
    (0x51c, 0x51c, 9),
    (0x51d, 0x51d, 5),
    (0x51e, 0x51e, 9),
    (0x51f, 0x51f, 5),
    (0x520, 0x520, 9),
    (0x521, 0x521, 5),
    (0x522, 0x522, 9),
    (0x523, 0x523, 5),
    (0x524, 0x524, 9),
    (0x525, 0x525, 5),
    (0x526, 0x526, 9),
    (0x527, 0x527, 5),
    (0x528, 0x528, 9),
    (0x529, 0x529, 5),
    (0x52a, 0x52a, 9),
    (0x52b, 0x52b, 5),
    (0x52c, 0x52c, 9),
    (0x52d, 0x52d, 5),
    (0x52e, 0x52e, 9),
    (0x52f, 0x52f, 5),
    (0x530, 0x530, 2),
    (0x531, 0x556, 9),
    (0x557, 0x558, 2),
    (0x559, 0x559, 6),
    (0x55a, 0x55f, 21),
    (0x560, 0x588, 5),
    (0x589, 0x589, 21),
    (0x58a, 0x58a, 17),
    (0x58b, 0x58c, 2),
    (0x58d, 0x58e, 26),
    (0x58f, 0x58f, 23),
    (0x590, 0x590, 2),
    (0x591, 0x5bd, 12),
    (0x5be, 0x5be, 17),
    (0x5bf, 0x5bf, 12),
    (0x5c0, 0x5c0, 21),
    (0x5c1, 0x5c2, 12),
    (0x5c3, 0x5c3, 21),
    (0x5c4, 0x5c5, 12),
    (0x5c6, 0x5c6, 21),
    (0x5c7, 0x5c7, 12),
    (0x5c8, 0x5cf, 2),
    (0x5d0, 0x5ea, 7),
    (0x5eb, 0x5ee, 2),
    (0x5ef, 0x5f2, 7),
    (0x5f3, 0x5f4, 21),
    (0x5f5, 0x5ff, 2),
    (0x600, 0x605, 1),
    (0x606, 0x608, 25),
    (0x609, 0x60a, 21),
    (0x60b, 0x60b, 23),
    (0x60c, 0x60d, 21),
    (0x60e, 0x60f, 26),
    (0x610, 0x61a, 12),
    (0x61b, 0x61b, 21),
    (0x61c, 0x61c, 1),
    (0x61d, 0x61f, 21),
    (0x620, 0x63f, 7),
    (0x640, 0x640, 6),
    (0x641, 0x64a, 7),
    (0x64b, 0x65f, 12),
    (0x660, 0x669, 13),
    (0x66a, 0x66d, 21),
    (0x66e, 0x66f, 7),
    (0x670, 0x670, 12),
    (0x671, 0x6d3, 7),
    (0x6d4, 0x6d4, 21),
    (0x6d5, 0x6d5, 7),
    (0x6d6, 0x6dc, 12),
    (0x6dd, 0x6dd, 1),
    (0x6de, 0x6de, 26),
    (0x6df, 0x6e4, 12),
    (0x6e5, 0x6e6, 6),
    (0x6e7, 0x6e8, 12),
    (0x6e9, 0x6e9, 26),
    (0x6ea, 0x6ed, 12),
    (0x6ee, 0x6ef, 7),
    (0x6f0, 0x6f9, 13),
    (0x6fa, 0x6fc, 7),
    (0x6fd, 0x6fe, 26),
    (0x6ff, 0x6ff, 7),
    (0x700, 0x70d, 21),
    (0x70e, 0x70e, 2),
    (0x70f, 0x70f, 1),
    (0x710, 0x710, 7),
    (0x711, 0x711, 12),
    (0x712, 0x72f, 7),
    (0x730, 0x74a, 12),
    (0x74b, 0x74c, 2),
    (0x74d, 0x7a5, 7),
    (0x7a6, 0x7b0, 12),
    (0x7b1, 0x7b1, 7),
    (0x7b2, 0x7bf, 2),
    (0x7c0, 0x7c9, 13),
    (0x7ca, 0x7ea, 7),
    (0x7eb, 0x7f3, 12),
    (0x7f4, 0x7f5, 6),
    (0x7f6, 0x7f6, 26),
    (0x7f7, 0x7f9, 21),
    (0x7fa, 0x7fa, 6),
    (0x7fb, 0x7fc, 2),
    (0x7fd, 0x7fd, 12),
    (0x7fe, 0x7ff, 23),
    (0x800, 0x815, 7),
    (0x816, 0x819, 12),
    (0x81a, 0x81a, 6),
    (0x81b, 0x823, 12),
    (0x824, 0x824, 6),
    (0x825, 0x827, 12),
    (0x828, 0x828, 6),
    (0x829, 0x82d, 12),
    (0x82e, 0x82f, 2),
    (0x830, 0x83e, 21),
    (0x83f, 0x83f, 2),
    (0x840, 0x858, 7),
    (0x859, 0x85b, 12),
    (0x85c, 0x85d, 2),
    (0x85e, 0x85e, 21),
    (0x85f, 0x85f, 2),
    (0x860, 0x86a, 7),
    (0x86b, 0x86f, 2),
    (0x870, 0x887, 7),
    (0x888, 0x888, 24),
    (0x889, 0x88f, 7),
    (0x890, 0x891, 1),
    (0x892, 0x896, 2),
    (0x897, 0x89f, 12),
    (0x8a0, 0x8c8, 7),
    (0x8c9, 0x8c9, 6),
    (0x8ca, 0x8e1, 12),
    (0x8e2, 0x8e2, 1),
    (0x8e3, 0x902, 12),
    (0x903, 0x903, 10),
    (0x904, 0x939, 7),
    (0x93a, 0x93a, 12),
    (0x93b, 0x93b, 10),
    (0x93c, 0x93c, 12),
    (0x93d, 0x93d, 7),
    (0x93e, 0x940, 10),
    (0x941, 0x948, 12),
    (0x949, 0x94c, 10),
    (0x94d, 0x94d, 12),
    (0x94e, 0x94f, 10),
    (0x950, 0x950, 7),
    (0x951, 0x957, 12),
    (0x958, 0x961, 7),
    (0x962, 0x963, 12),
    (0x964, 0x965, 21),
    (0x966, 0x96f, 13),
    (0x970, 0x970, 21),
    (0x971, 0x971, 6),
    (0x972, 0x980, 7),
    (0x981, 0x981, 12),
    (0x982, 0x983, 10),
    (0x984, 0x984, 2),
    (0x985, 0x98c, 7),
    (0x98d, 0x98e, 2),
    (0x98f, 0x990, 7),
    (0x991, 0x992, 2),
    (0x993, 0x9a8, 7),
    (0x9a9, 0x9a9, 2),
    (0x9aa, 0x9b0, 7),
    (0x9b1, 0x9b1, 2),
    (0x9b2, 0x9b2, 7),
    (0x9b3, 0x9b5, 2),
    (0x9b6, 0x9b9, 7),
    (0x9ba, 0x9bb, 2),
    (0x9bc, 0x9bc, 12),
    (0x9bd, 0x9bd, 7),
    (0x9be, 0x9c0, 10),
    (0x9c1, 0x9c4, 12),
    (0x9c5, 0x9c6, 2),
    (0x9c7, 0x9c8, 10),
    (0x9c9, 0x9ca, 2),
    (0x9cb, 0x9cc, 10),
    (0x9cd, 0x9cd, 12),
    (0x9ce, 0x9ce, 7),
    (0x9cf, 0x9d6, 2),
    (0x9d7, 0x9d7, 10),
    (0x9d8, 0x9db, 2),
    (0x9dc, 0x9dd, 7),
    (0x9de, 0x9de, 2),
    (0x9df, 0x9e1, 7),
    (0x9e2, 0x9e3, 12),
    (0x9e4, 0x9e5, 2),
    (0x9e6, 0x9ef, 13),
    (0x9f0, 0x9f1, 7),
    (0x9f2, 0x9f3, 23),
    (0x9f4, 0x9f9, 15),
    (0x9fa, 0x9fa, 26),
    (0x9fb, 0x9fb, 23),
    (0x9fc, 0x9fc, 7),
    (0x9fd, 0x9fd, 21),
    (0x9fe, 0x9fe, 12),
    (0x9ff, 0xa00, 2),
    (0xa01, 0xa02, 12),
    (0xa03, 0xa03, 10),
    (0xa04, 0xa04, 2),
    (0xa05, 0xa0a, 7),
    (0xa0b, 0xa0e, 2),
    (0xa0f, 0xa10, 7),
    (0xa11, 0xa12, 2),
    (0xa13, 0xa28, 7),
    (0xa29, 0xa29, 2),
    (0xa2a, 0xa30, 7),
    (0xa31, 0xa31, 2),
    (0xa32, 0xa33, 7),
    (0xa34, 0xa34, 2),
    (0xa35, 0xa36, 7),
    (0xa37, 0xa37, 2),
    (0xa38, 0xa39, 7),
    (0xa3a, 0xa3b, 2),
    (0xa3c, 0xa3c, 12),
    (0xa3d, 0xa3d, 2),
    (0xa3e, 0xa40, 10),
    (0xa41, 0xa42, 12),
    (0xa43, 0xa46, 2),
    (0xa47, 0xa48, 12),
    (0xa49, 0xa4a, 2),
    (0xa4b, 0xa4d, 12),
    (0xa4e, 0xa50, 2),
    (0xa51, 0xa51, 12),
    (0xa52, 0xa58, 2),
    (0xa59, 0xa5c, 7),
    (0xa5d, 0xa5d, 2),
    (0xa5e, 0xa5e, 7),
    (0xa5f, 0xa65, 2),
    (0xa66, 0xa6f, 13),
    (0xa70, 0xa71, 12),
    (0xa72, 0xa74, 7),
    (0xa75, 0xa75, 12),
    (0xa76, 0xa76, 21),
    (0xa77, 0xa80, 2),
    (0xa81, 0xa82, 12),
    (0xa83, 0xa83, 10),
    (0xa84, 0xa84, 2),
    (0xa85, 0xa8d, 7),
    (0xa8e, 0xa8e, 2),
    (0xa8f, 0xa91, 7),
    (0xa92, 0xa92, 2),
    (0xa93, 0xaa8, 7),
    (0xaa9, 0xaa9, 2),
    (0xaaa, 0xab0, 7),
    (0xab1, 0xab1, 2),
    (0xab2, 0xab3, 7),
    (0xab4, 0xab4, 2),
    (0xab5, 0xab9, 7),
    (0xaba, 0xabb, 2),
    (0xabc, 0xabc, 12),
    (0xabd, 0xabd, 7),
    (0xabe, 0xac0, 10),
    (0xac1, 0xac5, 12),
    (0xac6, 0xac6, 2),
    (0xac7, 0xac8, 12),
    (0xac9, 0xac9, 10),
    (0xaca, 0xaca, 2),
    (0xacb, 0xacc, 10),
    (0xacd, 0xacd, 12),
    (0xace, 0xacf, 2),
    (0xad0, 0xad0, 7),
    (0xad1, 0xadf, 2),
    (0xae0, 0xae1, 7),
    (0xae2, 0xae3, 12),
    (0xae4, 0xae5, 2),
    (0xae6, 0xaef, 13),
    (0xaf0, 0xaf0, 21),
    (0xaf1, 0xaf1, 23),
    (0xaf2, 0xaf8, 2),
    (0xaf9, 0xaf9, 7),
    (0xafa, 0xaff, 12),
    (0xb00, 0xb00, 2),
    (0xb01, 0xb01, 12),
    (0xb02, 0xb03, 10),
    (0xb04, 0xb04, 2),
    (0xb05, 0xb0c, 7),
    (0xb0d, 0xb0e, 2),
    (0xb0f, 0xb10, 7),
    (0xb11, 0xb12, 2),
    (0xb13, 0xb28, 7),
    (0xb29, 0xb29, 2),
    (0xb2a, 0xb30, 7),
    (0xb31, 0xb31, 2),
    (0xb32, 0xb33, 7),
    (0xb34, 0xb34, 2),
    (0xb35, 0xb39, 7),
    (0xb3a, 0xb3b, 2),
    (0xb3c, 0xb3c, 12),
    (0xb3d, 0xb3d, 7),
    (0xb3e, 0xb3e, 10),
    (0xb3f, 0xb3f, 12),
    (0xb40, 0xb40, 10),
    (0xb41, 0xb44, 12),
    (0xb45, 0xb46, 2),
    (0xb47, 0xb48, 10),
    (0xb49, 0xb4a, 2),
    (0xb4b, 0xb4c, 10),
    (0xb4d, 0xb4d, 12),
    (0xb4e, 0xb54, 2),
    (0xb55, 0xb56, 12),
    (0xb57, 0xb57, 10),
    (0xb58, 0xb5b, 2),
    (0xb5c, 0xb5d, 7),
    (0xb5e, 0xb5e, 2),
    (0xb5f, 0xb61, 7),
    (0xb62, 0xb63, 12),
    (0xb64, 0xb65, 2),
    (0xb66, 0xb6f, 13),
    (0xb70, 0xb70, 26),
    (0xb71, 0xb71, 7),
    (0xb72, 0xb77, 15),
    (0xb78, 0xb81, 2),
    (0xb82, 0xb82, 12),
    (0xb83, 0xb83, 7),
    (0xb84, 0xb84, 2),
    (0xb85, 0xb8a, 7),
    (0xb8b, 0xb8d, 2),
    (0xb8e, 0xb90, 7),
    (0xb91, 0xb91, 2),
    (0xb92, 0xb95, 7),
    (0xb96, 0xb98, 2),
    (0xb99, 0xb9a, 7),
    (0xb9b, 0xb9b, 2),
    (0xb9c, 0xb9c, 7),
    (0xb9d, 0xb9d, 2),
    (0xb9e, 0xb9f, 7),
    (0xba0, 0xba2, 2),
    (0xba3, 0xba4, 7),
    (0xba5, 0xba7, 2),
    (0xba8, 0xbaa, 7),
    (0xbab, 0xbad, 2),
    (0xbae, 0xbb9, 7),
    (0xbba, 0xbbd, 2),
    (0xbbe, 0xbbf, 10),
    (0xbc0, 0xbc0, 12),
    (0xbc1, 0xbc2, 10),
    (0xbc3, 0xbc5, 2),
    (0xbc6, 0xbc8, 10),
    (0xbc9, 0xbc9, 2),
    (0xbca, 0xbcc, 10),
    (0xbcd, 0xbcd, 12),
    (0xbce, 0xbcf, 2),
    (0xbd0, 0xbd0, 7),
    (0xbd1, 0xbd6, 2),
    (0xbd7, 0xbd7, 10),
    (0xbd8, 0xbe5, 2),
    (0xbe6, 0xbef, 13),
    (0xbf0, 0xbf2, 15),
    (0xbf3, 0xbf8, 26),
    (0xbf9, 0xbf9, 23),
    (0xbfa, 0xbfa, 26),
    (0xbfb, 0xbff, 2),
    (0xc00, 0xc00, 12),
    (0xc01, 0xc03, 10),
    (0xc04, 0xc04, 12),
    (0xc05, 0xc0c, 7),
    (0xc0d, 0xc0d, 2),
    (0xc0e, 0xc10, 7),
    (0xc11, 0xc11, 2),
    (0xc12, 0xc28, 7),
    (0xc29, 0xc29, 2),
    (0xc2a, 0xc39, 7),
    (0xc3a, 0xc3b, 2),
    (0xc3c, 0xc3c, 12),
    (0xc3d, 0xc3d, 7),
    (0xc3e, 0xc40, 12),
    (0xc41, 0xc44, 10),
    (0xc45, 0xc45, 2),
    (0xc46, 0xc48, 12),
    (0xc49, 0xc49, 2),
    (0xc4a, 0xc4d, 12),
    (0xc4e, 0xc54, 2),
    (0xc55, 0xc56, 12),
    (0xc57, 0xc57, 2),
    (0xc58, 0xc5a, 7),
    (0xc5b, 0xc5b, 2),
    (0xc5c, 0xc5d, 7),
    (0xc5e, 0xc5f, 2),
    (0xc60, 0xc61, 7),
    (0xc62, 0xc63, 12),
    (0xc64, 0xc65, 2),
    (0xc66, 0xc6f, 13),
    (0xc70, 0xc76, 2),
    (0xc77, 0xc77, 21),
    (0xc78, 0xc7e, 15),
    (0xc7f, 0xc7f, 26),
    (0xc80, 0xc80, 7),
    (0xc81, 0xc81, 12),
    (0xc82, 0xc83, 10),
    (0xc84, 0xc84, 21),
    (0xc85, 0xc8c, 7),
    (0xc8d, 0xc8d, 2),
    (0xc8e, 0xc90, 7),
    (0xc91, 0xc91, 2),
    (0xc92, 0xca8, 7),
    (0xca9, 0xca9, 2),
    (0xcaa, 0xcb3, 7),
    (0xcb4, 0xcb4, 2),
    (0xcb5, 0xcb9, 7),
    (0xcba, 0xcbb, 2),
    (0xcbc, 0xcbc, 12),
    (0xcbd, 0xcbd, 7),
    (0xcbe, 0xcbe, 10),
    (0xcbf, 0xcbf, 12),
    (0xcc0, 0xcc4, 10),
    (0xcc5, 0xcc5, 2),
    (0xcc6, 0xcc6, 12),
    (0xcc7, 0xcc8, 10),
    (0xcc9, 0xcc9, 2),
    (0xcca, 0xccb, 10),
    (0xccc, 0xccd, 12),
    (0xcce, 0xcd4, 2),
    (0xcd5, 0xcd6, 10),
    (0xcd7, 0xcdb, 2),
    (0xcdc, 0xcde, 7),
    (0xcdf, 0xcdf, 2),
    (0xce0, 0xce1, 7),
    (0xce2, 0xce3, 12),
    (0xce4, 0xce5, 2),
    (0xce6, 0xcef, 13),
    (0xcf0, 0xcf0, 2),
    (0xcf1, 0xcf2, 7),
    (0xcf3, 0xcf3, 10),
    (0xcf4, 0xcff, 2),
    (0xd00, 0xd01, 12),
    (0xd02, 0xd03, 10),
    (0xd04, 0xd0c, 7),
    (0xd0d, 0xd0d, 2),
    (0xd0e, 0xd10, 7),
    (0xd11, 0xd11, 2),
    (0xd12, 0xd3a, 7),
    (0xd3b, 0xd3c, 12),
    (0xd3d, 0xd3d, 7),
    (0xd3e, 0xd40, 10),
    (0xd41, 0xd44, 12),
    (0xd45, 0xd45, 2),
    (0xd46, 0xd48, 10),
    (0xd49, 0xd49, 2),
    (0xd4a, 0xd4c, 10),
    (0xd4d, 0xd4d, 12),
    (0xd4e, 0xd4e, 7),
    (0xd4f, 0xd4f, 26),
    (0xd50, 0xd53, 2),
    (0xd54, 0xd56, 7),
    (0xd57, 0xd57, 10),
    (0xd58, 0xd5e, 15),
    (0xd5f, 0xd61, 7),
    (0xd62, 0xd63, 12),
    (0xd64, 0xd65, 2),
    (0xd66, 0xd6f, 13),
    (0xd70, 0xd78, 15),
    (0xd79, 0xd79, 26),
    (0xd7a, 0xd7f, 7),
    (0xd80, 0xd80, 2),
    (0xd81, 0xd81, 12),
    (0xd82, 0xd83, 10),
    (0xd84, 0xd84, 2),
    (0xd85, 0xd96, 7),
    (0xd97, 0xd99, 2),
    (0xd9a, 0xdb1, 7),
    (0xdb2, 0xdb2, 2),
    (0xdb3, 0xdbb, 7),
    (0xdbc, 0xdbc, 2),
    (0xdbd, 0xdbd, 7),
    (0xdbe, 0xdbf, 2),
    (0xdc0, 0xdc6, 7),
    (0xdc7, 0xdc9, 2),
    (0xdca, 0xdca, 12),
    (0xdcb, 0xdce, 2),
    (0xdcf, 0xdd1, 10),
    (0xdd2, 0xdd4, 12),
    (0xdd5, 0xdd5, 2),
    (0xdd6, 0xdd6, 12),
    (0xdd7, 0xdd7, 2),
    (0xdd8, 0xddf, 10),
    (0xde0, 0xde5, 2),
    (0xde6, 0xdef, 13),
    (0xdf0, 0xdf1, 2),
    (0xdf2, 0xdf3, 10),
    (0xdf4, 0xdf4, 21),
    (0xdf5, 0xe00, 2),
    (0xe01, 0xe30, 7),
    (0xe31, 0xe31, 12),
    (0xe32, 0xe33, 7),
    (0xe34, 0xe3a, 12),
    (0xe3b, 0xe3e, 2),
    (0xe3f, 0xe3f, 23),
    (0xe40, 0xe45, 7),
    (0xe46, 0xe46, 6),
    (0xe47, 0xe4e, 12),
    (0xe4f, 0xe4f, 21),
    (0xe50, 0xe59, 13),
    (0xe5a, 0xe5b, 21),
    (0xe5c, 0xe80, 2),
    (0xe81, 0xe82, 7),
    (0xe83, 0xe83, 2),
    (0xe84, 0xe84, 7),
    (0xe85, 0xe85, 2),
    (0xe86, 0xe8a, 7),
    (0xe8b, 0xe8b, 2),
    (0xe8c, 0xea3, 7),
    (0xea4, 0xea4, 2),
    (0xea5, 0xea5, 7),
    (0xea6, 0xea6, 2),
    (0xea7, 0xeb0, 7),
    (0xeb1, 0xeb1, 12),
    (0xeb2, 0xeb3, 7),
    (0xeb4, 0xebc, 12),
    (0xebd, 0xebd, 7),
    (0xebe, 0xebf, 2),
    (0xec0, 0xec4, 7),
    (0xec5, 0xec5, 2),
    (0xec6, 0xec6, 6),
    (0xec7, 0xec7, 2),
    (0xec8, 0xece, 12),
    (0xecf, 0xecf, 2),
    (0xed0, 0xed9, 13),
    (0xeda, 0xedb, 2),
    (0xedc, 0xedf, 7),
    (0xee0, 0xeff, 2),
    (0xf00, 0xf00, 7),
    (0xf01, 0xf03, 26),
    (0xf04, 0xf12, 21),
    (0xf13, 0xf13, 26),
    (0xf14, 0xf14, 21),
    (0xf15, 0xf17, 26),
    (0xf18, 0xf19, 12),
    (0xf1a, 0xf1f, 26),
    (0xf20, 0xf29, 13),
    (0xf2a, 0xf33, 15),
    (0xf34, 0xf34, 26),
    (0xf35, 0xf35, 12),
    (0xf36, 0xf36, 26),
    (0xf37, 0xf37, 12),
    (0xf38, 0xf38, 26),
    (0xf39, 0xf39, 12),
    (0xf3a, 0xf3a, 22),
    (0xf3b, 0xf3b, 18),
    (0xf3c, 0xf3c, 22),
    (0xf3d, 0xf3d, 18),
    (0xf3e, 0xf3f, 10),
    (0xf40, 0xf47, 7),
    (0xf48, 0xf48, 2),
    (0xf49, 0xf6c, 7),
    (0xf6d, 0xf70, 2),
    (0xf71, 0xf7e, 12),
    (0xf7f, 0xf7f, 10),
    (0xf80, 0xf84, 12),
    (0xf85, 0xf85, 21),
    (0xf86, 0xf87, 12),
    (0xf88, 0xf8c, 7),
    (0xf8d, 0xf97, 12),
    (0xf98, 0xf98, 2),
    (0xf99, 0xfbc, 12),
    (0xfbd, 0xfbd, 2),
    (0xfbe, 0xfc5, 26),
    (0xfc6, 0xfc6, 12),
    (0xfc7, 0xfcc, 26),
    (0xfcd, 0xfcd, 2),
    (0xfce, 0xfcf, 26),
    (0xfd0, 0xfd4, 21),
    (0xfd5, 0xfd8, 26),
    (0xfd9, 0xfda, 21),
    (0xfdb, 0xfff, 2),
    (0x1000, 0x102a, 7),
    (0x102b, 0x102c, 10),
    (0x102d, 0x1030, 12),
    (0x1031, 0x1031, 10),
    (0x1032, 0x1037, 12),
    (0x1038, 0x1038, 10),
    (0x1039, 0x103a, 12),
    (0x103b, 0x103c, 10),
    (0x103d, 0x103e, 12),
    (0x103f, 0x103f, 7),
    (0x1040, 0x1049, 13),
    (0x104a, 0x104f, 21),
    (0x1050, 0x1055, 7),
    (0x1056, 0x1057, 10),
    (0x1058, 0x1059, 12),
    (0x105a, 0x105d, 7),
    (0x105e, 0x1060, 12),
    (0x1061, 0x1061, 7),
    (0x1062, 0x1064, 10),
    (0x1065, 0x1066, 7),
    (0x1067, 0x106d, 10),
    (0x106e, 0x1070, 7),
    (0x1071, 0x1074, 12),
    (0x1075, 0x1081, 7),
    (0x1082, 0x1082, 12),
    (0x1083, 0x1084, 10),
    (0x1085, 0x1086, 12),
    (0x1087, 0x108c, 10),
    (0x108d, 0x108d, 12),
    (0x108e, 0x108e, 7),
    (0x108f, 0x108f, 10),
    (0x1090, 0x1099, 13),
    (0x109a, 0x109c, 10),
    (0x109d, 0x109d, 12),
    (0x109e, 0x109f, 26),
    (0x10a0, 0x10c5, 9),
    (0x10c6, 0x10c6, 2),
    (0x10c7, 0x10c7, 9),
    (0x10c8, 0x10cc, 2),
    (0x10cd, 0x10cd, 9),
    (0x10ce, 0x10cf, 2),
    (0x10d0, 0x10fa, 5),
    (0x10fb, 0x10fb, 21),
    (0x10fc, 0x10fc, 6),
    (0x10fd, 0x10ff, 5),
    (0x1100, 0x1248, 7),
    (0x1249, 0x1249, 2),
    (0x124a, 0x124d, 7),
    (0x124e, 0x124f, 2),
    (0x1250, 0x1256, 7),
    (0x1257, 0x1257, 2),
    (0x1258, 0x1258, 7),
    (0x1259, 0x1259, 2),
    (0x125a, 0x125d, 7),
    (0x125e, 0x125f, 2),
    (0x1260, 0x1288, 7),
    (0x1289, 0x1289, 2),
    (0x128a, 0x128d, 7),
    (0x128e, 0x128f, 2),
    (0x1290, 0x12b0, 7),
    (0x12b1, 0x12b1, 2),
    (0x12b2, 0x12b5, 7),
    (0x12b6, 0x12b7, 2),
    (0x12b8, 0x12be, 7),
    (0x12bf, 0x12bf, 2),
    (0x12c0, 0x12c0, 7),
    (0x12c1, 0x12c1, 2),
    (0x12c2, 0x12c5, 7),
    (0x12c6, 0x12c7, 2),
    (0x12c8, 0x12d6, 7),
    (0x12d7, 0x12d7, 2),
    (0x12d8, 0x1310, 7),
    (0x1311, 0x1311, 2),
    (0x1312, 0x1315, 7),
    (0x1316, 0x1317, 2),
    (0x1318, 0x135a, 7),
    (0x135b, 0x135c, 2),
    (0x135d, 0x135f, 12),
    (0x1360, 0x1368, 21),
    (0x1369, 0x137c, 15),
    (0x137d, 0x137f, 2),
    (0x1380, 0x138f, 7),
    (0x1390, 0x1399, 26),
    (0x139a, 0x139f, 2),
    (0x13a0, 0x13f5, 9),
    (0x13f6, 0x13f7, 2),
    (0x13f8, 0x13fd, 5),
    (0x13fe, 0x13ff, 2),
    (0x1400, 0x1400, 17),
    (0x1401, 0x166c, 7),
    (0x166d, 0x166d, 26),
    (0x166e, 0x166e, 21),
    (0x166f, 0x167f, 7),
    (0x1680, 0x1680, 29),
    (0x1681, 0x169a, 7),
    (0x169b, 0x169b, 22),
    (0x169c, 0x169c, 18),
    (0x169d, 0x169f, 2),
    (0x16a0, 0x16ea, 7),
    (0x16eb, 0x16ed, 21),
    (0x16ee, 0x16f0, 14),
    (0x16f1, 0x16f8, 7),
    (0x16f9, 0x16ff, 2),
    (0x1700, 0x1711, 7),
    (0x1712, 0x1714, 12),
    (0x1715, 0x1715, 10),
    (0x1716, 0x171e, 2),
    (0x171f, 0x1731, 7),
    (0x1732, 0x1733, 12),
    (0x1734, 0x1734, 10),
    (0x1735, 0x1736, 21),
    (0x1737, 0x173f, 2),
    (0x1740, 0x1751, 7),
    (0x1752, 0x1753, 12),
    (0x1754, 0x175f, 2),
    (0x1760, 0x176c, 7),
    (0x176d, 0x176d, 2),
    (0x176e, 0x1770, 7),
    (0x1771, 0x1771, 2),
    (0x1772, 0x1773, 12),
    (0x1774, 0x177f, 2),
    (0x1780, 0x17b3, 7),
    (0x17b4, 0x17b5, 12),
    (0x17b6, 0x17b6, 10),
    (0x17b7, 0x17bd, 12),
    (0x17be, 0x17c5, 10),
    (0x17c6, 0x17c6, 12),
    (0x17c7, 0x17c8, 10),
    (0x17c9, 0x17d3, 12),
    (0x17d4, 0x17d6, 21),
    (0x17d7, 0x17d7, 6),
    (0x17d8, 0x17da, 21),
    (0x17db, 0x17db, 23),
    (0x17dc, 0x17dc, 7),
    (0x17dd, 0x17dd, 12),
    (0x17de, 0x17df, 2),
    (0x17e0, 0x17e9, 13),
    (0x17ea, 0x17ef, 2),
    (0x17f0, 0x17f9, 15),
    (0x17fa, 0x17ff, 2),
    (0x1800, 0x1805, 21),
    (0x1806, 0x1806, 17),
    (0x1807, 0x180a, 21),
    (0x180b, 0x180d, 12),
    (0x180e, 0x180e, 1),
    (0x180f, 0x180f, 12),
    (0x1810, 0x1819, 13),
    (0x181a, 0x181f, 2),
    (0x1820, 0x1842, 7),
    (0x1843, 0x1843, 6),
    (0x1844, 0x1878, 7),
    (0x1879, 0x187f, 2),
    (0x1880, 0x1884, 7),
    (0x1885, 0x1886, 12),
    (0x1887, 0x18a8, 7),
    (0x18a9, 0x18a9, 12),
    (0x18aa, 0x18aa, 7),
    (0x18ab, 0x18af, 2),
    (0x18b0, 0x18f5, 7),
    (0x18f6, 0x18ff, 2),
    (0x1900, 0x191e, 7),
    (0x191f, 0x191f, 2),
    (0x1920, 0x1922, 12),
    (0x1923, 0x1926, 10),
    (0x1927, 0x1928, 12),
    (0x1929, 0x192b, 10),
    (0x192c, 0x192f, 2),
    (0x1930, 0x1931, 10),
    (0x1932, 0x1932, 12),
    (0x1933, 0x1938, 10),
    (0x1939, 0x193b, 12),
    (0x193c, 0x193f, 2),
    (0x1940, 0x1940, 26),
    (0x1941, 0x1943, 2),
    (0x1944, 0x1945, 21),
    (0x1946, 0x194f, 13),
    (0x1950, 0x196d, 7),
    (0x196e, 0x196f, 2),
    (0x1970, 0x1974, 7),
    (0x1975, 0x197f, 2),
    (0x1980, 0x19ab, 7),
    (0x19ac, 0x19af, 2),
    (0x19b0, 0x19c9, 7),
    (0x19ca, 0x19cf, 2),
    (0x19d0, 0x19d9, 13),
    (0x19da, 0x19da, 15),
    (0x19db, 0x19dd, 2),
    (0x19de, 0x19ff, 26),
    (0x1a00, 0x1a16, 7),
    (0x1a17, 0x1a18, 12),
    (0x1a19, 0x1a1a, 10),
    (0x1a1b, 0x1a1b, 12),
    (0x1a1c, 0x1a1d, 2),
    (0x1a1e, 0x1a1f, 21),
    (0x1a20, 0x1a54, 7),
    (0x1a55, 0x1a55, 10),
    (0x1a56, 0x1a56, 12),
    (0x1a57, 0x1a57, 10),
    (0x1a58, 0x1a5e, 12),
    (0x1a5f, 0x1a5f, 2),
    (0x1a60, 0x1a60, 12),
    (0x1a61, 0x1a61, 10),
    (0x1a62, 0x1a62, 12),
    (0x1a63, 0x1a64, 10),
    (0x1a65, 0x1a6c, 12),
    (0x1a6d, 0x1a72, 10),
    (0x1a73, 0x1a7c, 12),
    (0x1a7d, 0x1a7e, 2),
    (0x1a7f, 0x1a7f, 12),
    (0x1a80, 0x1a89, 13),
    (0x1a8a, 0x1a8f, 2),
    (0x1a90, 0x1a99, 13),
    (0x1a9a, 0x1a9f, 2),
    (0x1aa0, 0x1aa6, 21),
    (0x1aa7, 0x1aa7, 6),
    (0x1aa8, 0x1aad, 21),
    (0x1aae, 0x1aaf, 2),
    (0x1ab0, 0x1abd, 12),
    (0x1abe, 0x1abe, 11),
    (0x1abf, 0x1add, 12),
    (0x1ade, 0x1adf, 2),
    (0x1ae0, 0x1aeb, 12),
    (0x1aec, 0x1aff, 2),
    (0x1b00, 0x1b03, 12),
    (0x1b04, 0x1b04, 10),
    (0x1b05, 0x1b33, 7),
    (0x1b34, 0x1b34, 12),
    (0x1b35, 0x1b35, 10),
    (0x1b36, 0x1b3a, 12),
    (0x1b3b, 0x1b3b, 10),
    (0x1b3c, 0x1b3c, 12),
    (0x1b3d, 0x1b41, 10),
    (0x1b42, 0x1b42, 12),
    (0x1b43, 0x1b44, 10),
    (0x1b45, 0x1b4c, 7),
    (0x1b4d, 0x1b4d, 2),
    (0x1b4e, 0x1b4f, 21),
    (0x1b50, 0x1b59, 13),
    (0x1b5a, 0x1b60, 21),
    (0x1b61, 0x1b6a, 26),
    (0x1b6b, 0x1b73, 12),
    (0x1b74, 0x1b7c, 26),
    (0x1b7d, 0x1b7f, 21),
    (0x1b80, 0x1b81, 12),
    (0x1b82, 0x1b82, 10),
    (0x1b83, 0x1ba0, 7),
    (0x1ba1, 0x1ba1, 10),
    (0x1ba2, 0x1ba5, 12),
    (0x1ba6, 0x1ba7, 10),
    (0x1ba8, 0x1ba9, 12),
    (0x1baa, 0x1baa, 10),
    (0x1bab, 0x1bad, 12),
    (0x1bae, 0x1baf, 7),
    (0x1bb0, 0x1bb9, 13),
    (0x1bba, 0x1be5, 7),
    (0x1be6, 0x1be6, 12),
    (0x1be7, 0x1be7, 10),
    (0x1be8, 0x1be9, 12),
    (0x1bea, 0x1bec, 10),
    (0x1bed, 0x1bed, 12),
    (0x1bee, 0x1bee, 10),
    (0x1bef, 0x1bf1, 12),
    (0x1bf2, 0x1bf3, 10),
    (0x1bf4, 0x1bfb, 2),
    (0x1bfc, 0x1bff, 21),
    (0x1c00, 0x1c23, 7),
    (0x1c24, 0x1c2b, 10),
    (0x1c2c, 0x1c33, 12),
    (0x1c34, 0x1c35, 10),
    (0x1c36, 0x1c37, 12),
    (0x1c38, 0x1c3a, 2),
    (0x1c3b, 0x1c3f, 21),
    (0x1c40, 0x1c49, 13),
    (0x1c4a, 0x1c4c, 2),
    (0x1c4d, 0x1c4f, 7),
    (0x1c50, 0x1c59, 13),
    (0x1c5a, 0x1c77, 7),
    (0x1c78, 0x1c7d, 6),
    (0x1c7e, 0x1c7f, 21),
    (0x1c80, 0x1c88, 5),
    (0x1c89, 0x1c89, 9),
    (0x1c8a, 0x1c8a, 5),
    (0x1c8b, 0x1c8f, 2),
    (0x1c90, 0x1cba, 9),
    (0x1cbb, 0x1cbc, 2),
    (0x1cbd, 0x1cbf, 9),
    (0x1cc0, 0x1cc7, 21),
    (0x1cc8, 0x1ccf, 2),
    (0x1cd0, 0x1cd2, 12),
    (0x1cd3, 0x1cd3, 21),
    (0x1cd4, 0x1ce0, 12),
    (0x1ce1, 0x1ce1, 10),
    (0x1ce2, 0x1ce8, 12),
    (0x1ce9, 0x1cec, 7),
    (0x1ced, 0x1ced, 12),
    (0x1cee, 0x1cf3, 7),
    (0x1cf4, 0x1cf4, 12),
    (0x1cf5, 0x1cf6, 7),
    (0x1cf7, 0x1cf7, 10),
    (0x1cf8, 0x1cf9, 12),
    (0x1cfa, 0x1cfa, 7),
    (0x1cfb, 0x1cff, 2),
    (0x1d00, 0x1d2b, 5),
    (0x1d2c, 0x1d6a, 6),
    (0x1d6b, 0x1d77, 5),
    (0x1d78, 0x1d78, 6),
    (0x1d79, 0x1d9a, 5),
    (0x1d9b, 0x1dbf, 6),
    (0x1dc0, 0x1dff, 12),
    (0x1e00, 0x1e00, 9),
    (0x1e01, 0x1e01, 5),
    (0x1e02, 0x1e02, 9),
    (0x1e03, 0x1e03, 5),
    (0x1e04, 0x1e04, 9),
    (0x1e05, 0x1e05, 5),
    (0x1e06, 0x1e06, 9),
    (0x1e07, 0x1e07, 5),
    (0x1e08, 0x1e08, 9),
    (0x1e09, 0x1e09, 5),
    (0x1e0a, 0x1e0a, 9),
    (0x1e0b, 0x1e0b, 5),
    (0x1e0c, 0x1e0c, 9),
    (0x1e0d, 0x1e0d, 5),
    (0x1e0e, 0x1e0e, 9),
    (0x1e0f, 0x1e0f, 5),
    (0x1e10, 0x1e10, 9),
    (0x1e11, 0x1e11, 5),
    (0x1e12, 0x1e12, 9),
    (0x1e13, 0x1e13, 5),
    (0x1e14, 0x1e14, 9),
    (0x1e15, 0x1e15, 5),
    (0x1e16, 0x1e16, 9),
    (0x1e17, 0x1e17, 5),
    (0x1e18, 0x1e18, 9),
    (0x1e19, 0x1e19, 5),
    (0x1e1a, 0x1e1a, 9),
    (0x1e1b, 0x1e1b, 5),
    (0x1e1c, 0x1e1c, 9),
    (0x1e1d, 0x1e1d, 5),
    (0x1e1e, 0x1e1e, 9),
    (0x1e1f, 0x1e1f, 5),
    (0x1e20, 0x1e20, 9),
    (0x1e21, 0x1e21, 5),
    (0x1e22, 0x1e22, 9),
    (0x1e23, 0x1e23, 5),
    (0x1e24, 0x1e24, 9),
    (0x1e25, 0x1e25, 5),
    (0x1e26, 0x1e26, 9),
    (0x1e27, 0x1e27, 5),
    (0x1e28, 0x1e28, 9),
    (0x1e29, 0x1e29, 5),
    (0x1e2a, 0x1e2a, 9),
    (0x1e2b, 0x1e2b, 5),
    (0x1e2c, 0x1e2c, 9),
    (0x1e2d, 0x1e2d, 5),
    (0x1e2e, 0x1e2e, 9),
    (0x1e2f, 0x1e2f, 5),
    (0x1e30, 0x1e30, 9),
    (0x1e31, 0x1e31, 5),
    (0x1e32, 0x1e32, 9),
    (0x1e33, 0x1e33, 5),
    (0x1e34, 0x1e34, 9),
    (0x1e35, 0x1e35, 5),
    (0x1e36, 0x1e36, 9),
    (0x1e37, 0x1e37, 5),
    (0x1e38, 0x1e38, 9),
    (0x1e39, 0x1e39, 5),
    (0x1e3a, 0x1e3a, 9),
    (0x1e3b, 0x1e3b, 5),
    (0x1e3c, 0x1e3c, 9),
    (0x1e3d, 0x1e3d, 5),
    (0x1e3e, 0x1e3e, 9),
    (0x1e3f, 0x1e3f, 5),
    (0x1e40, 0x1e40, 9),
    (0x1e41, 0x1e41, 5),
    (0x1e42, 0x1e42, 9),
    (0x1e43, 0x1e43, 5),
    (0x1e44, 0x1e44, 9),
    (0x1e45, 0x1e45, 5),
    (0x1e46, 0x1e46, 9),
    (0x1e47, 0x1e47, 5),
    (0x1e48, 0x1e48, 9),
    (0x1e49, 0x1e49, 5),
    (0x1e4a, 0x1e4a, 9),
    (0x1e4b, 0x1e4b, 5),
    (0x1e4c, 0x1e4c, 9),
    (0x1e4d, 0x1e4d, 5),
    (0x1e4e, 0x1e4e, 9),
    (0x1e4f, 0x1e4f, 5),
    (0x1e50, 0x1e50, 9),
    (0x1e51, 0x1e51, 5),
    (0x1e52, 0x1e52, 9),
    (0x1e53, 0x1e53, 5),
    (0x1e54, 0x1e54, 9),
    (0x1e55, 0x1e55, 5),
    (0x1e56, 0x1e56, 9),
    (0x1e57, 0x1e57, 5),
    (0x1e58, 0x1e58, 9),
    (0x1e59, 0x1e59, 5),
    (0x1e5a, 0x1e5a, 9),
    (0x1e5b, 0x1e5b, 5),
    (0x1e5c, 0x1e5c, 9),
    (0x1e5d, 0x1e5d, 5),
    (0x1e5e, 0x1e5e, 9),
    (0x1e5f, 0x1e5f, 5),
    (0x1e60, 0x1e60, 9),
    (0x1e61, 0x1e61, 5),
    (0x1e62, 0x1e62, 9),
    (0x1e63, 0x1e63, 5),
    (0x1e64, 0x1e64, 9),
    (0x1e65, 0x1e65, 5),
    (0x1e66, 0x1e66, 9),
    (0x1e67, 0x1e67, 5),
    (0x1e68, 0x1e68, 9),
    (0x1e69, 0x1e69, 5),
    (0x1e6a, 0x1e6a, 9),
    (0x1e6b, 0x1e6b, 5),
    (0x1e6c, 0x1e6c, 9),
    (0x1e6d, 0x1e6d, 5),
    (0x1e6e, 0x1e6e, 9),
    (0x1e6f, 0x1e6f, 5),
    (0x1e70, 0x1e70, 9),
    (0x1e71, 0x1e71, 5),
    (0x1e72, 0x1e72, 9),
    (0x1e73, 0x1e73, 5),
    (0x1e74, 0x1e74, 9),
    (0x1e75, 0x1e75, 5),
    (0x1e76, 0x1e76, 9),
    (0x1e77, 0x1e77, 5),
    (0x1e78, 0x1e78, 9),
    (0x1e79, 0x1e79, 5),
    (0x1e7a, 0x1e7a, 9),
    (0x1e7b, 0x1e7b, 5),
    (0x1e7c, 0x1e7c, 9),
    (0x1e7d, 0x1e7d, 5),
    (0x1e7e, 0x1e7e, 9),
    (0x1e7f, 0x1e7f, 5),
    (0x1e80, 0x1e80, 9),
    (0x1e81, 0x1e81, 5),
    (0x1e82, 0x1e82, 9),
    (0x1e83, 0x1e83, 5),
    (0x1e84, 0x1e84, 9),
    (0x1e85, 0x1e85, 5),
    (0x1e86, 0x1e86, 9),
    (0x1e87, 0x1e87, 5),
    (0x1e88, 0x1e88, 9),
    (0x1e89, 0x1e89, 5),
    (0x1e8a, 0x1e8a, 9),
    (0x1e8b, 0x1e8b, 5),
    (0x1e8c, 0x1e8c, 9),
    (0x1e8d, 0x1e8d, 5),
    (0x1e8e, 0x1e8e, 9),
    (0x1e8f, 0x1e8f, 5),
    (0x1e90, 0x1e90, 9),
    (0x1e91, 0x1e91, 5),
    (0x1e92, 0x1e92, 9),
    (0x1e93, 0x1e93, 5),
    (0x1e94, 0x1e94, 9),
    (0x1e95, 0x1e9d, 5),
    (0x1e9e, 0x1e9e, 9),
    (0x1e9f, 0x1e9f, 5),
    (0x1ea0, 0x1ea0, 9),
    (0x1ea1, 0x1ea1, 5),
    (0x1ea2, 0x1ea2, 9),
    (0x1ea3, 0x1ea3, 5),
    (0x1ea4, 0x1ea4, 9),
    (0x1ea5, 0x1ea5, 5),
    (0x1ea6, 0x1ea6, 9),
    (0x1ea7, 0x1ea7, 5),
    (0x1ea8, 0x1ea8, 9),
    (0x1ea9, 0x1ea9, 5),
    (0x1eaa, 0x1eaa, 9),
    (0x1eab, 0x1eab, 5),
    (0x1eac, 0x1eac, 9),
    (0x1ead, 0x1ead, 5),
    (0x1eae, 0x1eae, 9),
    (0x1eaf, 0x1eaf, 5),
    (0x1eb0, 0x1eb0, 9),
    (0x1eb1, 0x1eb1, 5),
    (0x1eb2, 0x1eb2, 9),
    (0x1eb3, 0x1eb3, 5),
    (0x1eb4, 0x1eb4, 9),
    (0x1eb5, 0x1eb5, 5),
    (0x1eb6, 0x1eb6, 9),
    (0x1eb7, 0x1eb7, 5),
    (0x1eb8, 0x1eb8, 9),
    (0x1eb9, 0x1eb9, 5),
    (0x1eba, 0x1eba, 9),
    (0x1ebb, 0x1ebb, 5),
    (0x1ebc, 0x1ebc, 9),
    (0x1ebd, 0x1ebd, 5),
    (0x1ebe, 0x1ebe, 9),
    (0x1ebf, 0x1ebf, 5),
    (0x1ec0, 0x1ec0, 9),
    (0x1ec1, 0x1ec1, 5),
    (0x1ec2, 0x1ec2, 9),
    (0x1ec3, 0x1ec3, 5),
    (0x1ec4, 0x1ec4, 9),
    (0x1ec5, 0x1ec5, 5),
    (0x1ec6, 0x1ec6, 9),
    (0x1ec7, 0x1ec7, 5),
    (0x1ec8, 0x1ec8, 9),
    (0x1ec9, 0x1ec9, 5),
    (0x1eca, 0x1eca, 9),
    (0x1ecb, 0x1ecb, 5),
    (0x1ecc, 0x1ecc, 9),
    (0x1ecd, 0x1ecd, 5),
    (0x1ece, 0x1ece, 9),
    (0x1ecf, 0x1ecf, 5),
    (0x1ed0, 0x1ed0, 9),
    (0x1ed1, 0x1ed1, 5),
    (0x1ed2, 0x1ed2, 9),
    (0x1ed3, 0x1ed3, 5),
    (0x1ed4, 0x1ed4, 9),
    (0x1ed5, 0x1ed5, 5),
    (0x1ed6, 0x1ed6, 9),
    (0x1ed7, 0x1ed7, 5),
    (0x1ed8, 0x1ed8, 9),
    (0x1ed9, 0x1ed9, 5),
    (0x1eda, 0x1eda, 9),
    (0x1edb, 0x1edb, 5),
    (0x1edc, 0x1edc, 9),
    (0x1edd, 0x1edd, 5),
    (0x1ede, 0x1ede, 9),
    (0x1edf, 0x1edf, 5),
    (0x1ee0, 0x1ee0, 9),
    (0x1ee1, 0x1ee1, 5),
    (0x1ee2, 0x1ee2, 9),
    (0x1ee3, 0x1ee3, 5),
    (0x1ee4, 0x1ee4, 9),
    (0x1ee5, 0x1ee5, 5),
    (0x1ee6, 0x1ee6, 9),
    (0x1ee7, 0x1ee7, 5),
    (0x1ee8, 0x1ee8, 9),
    (0x1ee9, 0x1ee9, 5),
    (0x1eea, 0x1eea, 9),
    (0x1eeb, 0x1eeb, 5),
    (0x1eec, 0x1eec, 9),
    (0x1eed, 0x1eed, 5),
    (0x1eee, 0x1eee, 9),
    (0x1eef, 0x1eef, 5),
    (0x1ef0, 0x1ef0, 9),
    (0x1ef1, 0x1ef1, 5),
    (0x1ef2, 0x1ef2, 9),
    (0x1ef3, 0x1ef3, 5),
    (0x1ef4, 0x1ef4, 9),
    (0x1ef5, 0x1ef5, 5),
    (0x1ef6, 0x1ef6, 9),
    (0x1ef7, 0x1ef7, 5),
    (0x1ef8, 0x1ef8, 9),
    (0x1ef9, 0x1ef9, 5),
    (0x1efa, 0x1efa, 9),
    (0x1efb, 0x1efb, 5),
    (0x1efc, 0x1efc, 9),
    (0x1efd, 0x1efd, 5),
    (0x1efe, 0x1efe, 9),
    (0x1eff, 0x1f07, 5),
    (0x1f08, 0x1f0f, 9),
    (0x1f10, 0x1f15, 5),
    (0x1f16, 0x1f17, 2),
    (0x1f18, 0x1f1d, 9),
    (0x1f1e, 0x1f1f, 2),
    (0x1f20, 0x1f27, 5),
    (0x1f28, 0x1f2f, 9),
    (0x1f30, 0x1f37, 5),
    (0x1f38, 0x1f3f, 9),
    (0x1f40, 0x1f45, 5),
    (0x1f46, 0x1f47, 2),
    (0x1f48, 0x1f4d, 9),
    (0x1f4e, 0x1f4f, 2),
    (0x1f50, 0x1f57, 5),
    (0x1f58, 0x1f58, 2),
    (0x1f59, 0x1f59, 9),
    (0x1f5a, 0x1f5a, 2),
    (0x1f5b, 0x1f5b, 9),
    (0x1f5c, 0x1f5c, 2),
    (0x1f5d, 0x1f5d, 9),
    (0x1f5e, 0x1f5e, 2),
    (0x1f5f, 0x1f5f, 9),
    (0x1f60, 0x1f67, 5),
    (0x1f68, 0x1f6f, 9),
    (0x1f70, 0x1f7d, 5),
    (0x1f7e, 0x1f7f, 2),
    (0x1f80, 0x1f87, 5),
    (0x1f88, 0x1f8f, 8),
    (0x1f90, 0x1f97, 5),
    (0x1f98, 0x1f9f, 8),
    (0x1fa0, 0x1fa7, 5),
    (0x1fa8, 0x1faf, 8),
    (0x1fb0, 0x1fb4, 5),
    (0x1fb5, 0x1fb5, 2),
    (0x1fb6, 0x1fb7, 5),
    (0x1fb8, 0x1fbb, 9),
    (0x1fbc, 0x1fbc, 8),
    (0x1fbd, 0x1fbd, 24),
    (0x1fbe, 0x1fbe, 5),
    (0x1fbf, 0x1fc1, 24),
    (0x1fc2, 0x1fc4, 5),
    (0x1fc5, 0x1fc5, 2),
    (0x1fc6, 0x1fc7, 5),
    (0x1fc8, 0x1fcb, 9),
    (0x1fcc, 0x1fcc, 8),
    (0x1fcd, 0x1fcf, 24),
    (0x1fd0, 0x1fd3, 5),
    (0x1fd4, 0x1fd5, 2),
    (0x1fd6, 0x1fd7, 5),
    (0x1fd8, 0x1fdb, 9),
    (0x1fdc, 0x1fdc, 2),
    (0x1fdd, 0x1fdf, 24),
    (0x1fe0, 0x1fe7, 5),
    (0x1fe8, 0x1fec, 9),
    (0x1fed, 0x1fef, 24),
    (0x1ff0, 0x1ff1, 2),
    (0x1ff2, 0x1ff4, 5),
    (0x1ff5, 0x1ff5, 2),
    (0x1ff6, 0x1ff7, 5),
    (0x1ff8, 0x1ffb, 9),
    (0x1ffc, 0x1ffc, 8),
    (0x1ffd, 0x1ffe, 24),
    (0x1fff, 0x1fff, 2),
    (0x2000, 0x200a, 29),
    (0x200b, 0x200f, 1),
    (0x2010, 0x2015, 17),
    (0x2016, 0x2017, 21),
    (0x2018, 0x2018, 20),
    (0x2019, 0x2019, 19),
    (0x201a, 0x201a, 22),
    (0x201b, 0x201c, 20),
    (0x201d, 0x201d, 19),
    (0x201e, 0x201e, 22),
    (0x201f, 0x201f, 20),
    (0x2020, 0x2027, 21),
    (0x2028, 0x2028, 27),
    (0x2029, 0x2029, 28),
    (0x202a, 0x202e, 1),
    (0x202f, 0x202f, 29),
    (0x2030, 0x2038, 21),
    (0x2039, 0x2039, 20),
    (0x203a, 0x203a, 19),
    (0x203b, 0x203e, 21),
    (0x203f, 0x2040, 16),
    (0x2041, 0x2043, 21),
    (0x2044, 0x2044, 25),
    (0x2045, 0x2045, 22),
    (0x2046, 0x2046, 18),
    (0x2047, 0x2051, 21),
    (0x2052, 0x2052, 25),
    (0x2053, 0x2053, 21),
    (0x2054, 0x2054, 16),
    (0x2055, 0x205e, 21),
    (0x205f, 0x205f, 29),
    (0x2060, 0x2064, 1),
    (0x2065, 0x2065, 2),
    (0x2066, 0x206f, 1),
    (0x2070, 0x2070, 15),
    (0x2071, 0x2071, 6),
    (0x2072, 0x2073, 2),
    (0x2074, 0x2079, 15),
    (0x207a, 0x207c, 25),
    (0x207d, 0x207d, 22),
    (0x207e, 0x207e, 18),
    (0x207f, 0x207f, 6),
    (0x2080, 0x2089, 15),
    (0x208a, 0x208c, 25),
    (0x208d, 0x208d, 22),
    (0x208e, 0x208e, 18),
    (0x208f, 0x208f, 2),
    (0x2090, 0x209c, 6),
    (0x209d, 0x209f, 2),
    (0x20a0, 0x20c1, 23),
    (0x20c2, 0x20cf, 2),
    (0x20d0, 0x20dc, 12),
    (0x20dd, 0x20e0, 11),
    (0x20e1, 0x20e1, 12),
    (0x20e2, 0x20e4, 11),
    (0x20e5, 0x20f0, 12),
    (0x20f1, 0x20ff, 2),
    (0x2100, 0x2101, 26),
    (0x2102, 0x2102, 9),
    (0x2103, 0x2106, 26),
    (0x2107, 0x2107, 9),
    (0x2108, 0x2109, 26),
    (0x210a, 0x210a, 5),
    (0x210b, 0x210d, 9),
    (0x210e, 0x210f, 5),
    (0x2110, 0x2112, 9),
    (0x2113, 0x2113, 5),
    (0x2114, 0x2114, 26),
    (0x2115, 0x2115, 9),
    (0x2116, 0x2117, 26),
    (0x2118, 0x2118, 25),
    (0x2119, 0x211d, 9),
    (0x211e, 0x2123, 26),
    (0x2124, 0x2124, 9),
    (0x2125, 0x2125, 26),
    (0x2126, 0x2126, 9),
    (0x2127, 0x2127, 26),
    (0x2128, 0x2128, 9),
    (0x2129, 0x2129, 26),
    (0x212a, 0x212d, 9),
    (0x212e, 0x212e, 26),
    (0x212f, 0x212f, 5),
    (0x2130, 0x2133, 9),
    (0x2134, 0x2134, 5),
    (0x2135, 0x2138, 7),
    (0x2139, 0x2139, 5),
    (0x213a, 0x213b, 26),
    (0x213c, 0x213d, 5),
    (0x213e, 0x213f, 9),
    (0x2140, 0x2144, 25),
    (0x2145, 0x2145, 9),
    (0x2146, 0x2149, 5),
    (0x214a, 0x214a, 26),
    (0x214b, 0x214b, 25),
    (0x214c, 0x214d, 26),
    (0x214e, 0x214e, 5),
    (0x214f, 0x214f, 26),
    (0x2150, 0x215f, 15),
    (0x2160, 0x2182, 14),
    (0x2183, 0x2183, 9),
    (0x2184, 0x2184, 5),
    (0x2185, 0x2188, 14),
    (0x2189, 0x2189, 15),
    (0x218a, 0x218b, 26),
    (0x218c, 0x218f, 2),
    (0x2190, 0x2194, 25),
    (0x2195, 0x2199, 26),
    (0x219a, 0x219b, 25),
    (0x219c, 0x219f, 26),
    (0x21a0, 0x21a0, 25),
    (0x21a1, 0x21a2, 26),
    (0x21a3, 0x21a3, 25),
    (0x21a4, 0x21a5, 26),
    (0x21a6, 0x21a6, 25),
    (0x21a7, 0x21ad, 26),
    (0x21ae, 0x21ae, 25),
    (0x21af, 0x21cd, 26),
    (0x21ce, 0x21cf, 25),
    (0x21d0, 0x21d1, 26),
    (0x21d2, 0x21d2, 25),
    (0x21d3, 0x21d3, 26),
    (0x21d4, 0x21d4, 25),
    (0x21d5, 0x21f3, 26),
    (0x21f4, 0x22ff, 25),
    (0x2300, 0x2307, 26),
    (0x2308, 0x2308, 22),
    (0x2309, 0x2309, 18),
    (0x230a, 0x230a, 22),
    (0x230b, 0x230b, 18),
    (0x230c, 0x231f, 26),
    (0x2320, 0x2321, 25),
    (0x2322, 0x2328, 26),
    (0x2329, 0x2329, 22),
    (0x232a, 0x232a, 18),
    (0x232b, 0x237b, 26),
    (0x237c, 0x237c, 25),
    (0x237d, 0x239a, 26),
    (0x239b, 0x23b3, 25),
    (0x23b4, 0x23db, 26),
    (0x23dc, 0x23e1, 25),
    (0x23e2, 0x2429, 26),
    (0x242a, 0x243f, 2),
    (0x2440, 0x244a, 26),
    (0x244b, 0x245f, 2),
    (0x2460, 0x249b, 15),
    (0x249c, 0x24e9, 26),
    (0x24ea, 0x24ff, 15),
    (0x2500, 0x25b6, 26),
    (0x25b7, 0x25b7, 25),
    (0x25b8, 0x25c0, 26),
    (0x25c1, 0x25c1, 25),
    (0x25c2, 0x25f7, 26),
    (0x25f8, 0x25ff, 25),
    (0x2600, 0x266e, 26),
    (0x266f, 0x266f, 25),
    (0x2670, 0x2767, 26),
    (0x2768, 0x2768, 22),
    (0x2769, 0x2769, 18),
    (0x276a, 0x276a, 22),
    (0x276b, 0x276b, 18),
    (0x276c, 0x276c, 22),
    (0x276d, 0x276d, 18),
    (0x276e, 0x276e, 22),
    (0x276f, 0x276f, 18),
    (0x2770, 0x2770, 22),
    (0x2771, 0x2771, 18),
    (0x2772, 0x2772, 22),
    (0x2773, 0x2773, 18),
    (0x2774, 0x2774, 22),
    (0x2775, 0x2775, 18),
    (0x2776, 0x2793, 15),
    (0x2794, 0x27bf, 26),
    (0x27c0, 0x27c4, 25),
    (0x27c5, 0x27c5, 22),
    (0x27c6, 0x27c6, 18),
    (0x27c7, 0x27e5, 25),
    (0x27e6, 0x27e6, 22),
    (0x27e7, 0x27e7, 18),
    (0x27e8, 0x27e8, 22),
    (0x27e9, 0x27e9, 18),
    (0x27ea, 0x27ea, 22),
    (0x27eb, 0x27eb, 18),
    (0x27ec, 0x27ec, 22),
    (0x27ed, 0x27ed, 18),
    (0x27ee, 0x27ee, 22),
    (0x27ef, 0x27ef, 18),
    (0x27f0, 0x27ff, 25),
    (0x2800, 0x28ff, 26),
    (0x2900, 0x2982, 25),
    (0x2983, 0x2983, 22),
    (0x2984, 0x2984, 18),
    (0x2985, 0x2985, 22),
    (0x2986, 0x2986, 18),
    (0x2987, 0x2987, 22),
    (0x2988, 0x2988, 18),
    (0x2989, 0x2989, 22),
    (0x298a, 0x298a, 18),
    (0x298b, 0x298b, 22),
    (0x298c, 0x298c, 18),
    (0x298d, 0x298d, 22),
    (0x298e, 0x298e, 18),
    (0x298f, 0x298f, 22),
    (0x2990, 0x2990, 18),
    (0x2991, 0x2991, 22),
    (0x2992, 0x2992, 18),
    (0x2993, 0x2993, 22),
    (0x2994, 0x2994, 18),
    (0x2995, 0x2995, 22),
    (0x2996, 0x2996, 18),
    (0x2997, 0x2997, 22),
    (0x2998, 0x2998, 18),
    (0x2999, 0x29d7, 25),
    (0x29d8, 0x29d8, 22),
    (0x29d9, 0x29d9, 18),
    (0x29da, 0x29da, 22),
    (0x29db, 0x29db, 18),
    (0x29dc, 0x29fb, 25),
    (0x29fc, 0x29fc, 22),
    (0x29fd, 0x29fd, 18),
    (0x29fe, 0x2aff, 25),
    (0x2b00, 0x2b2f, 26),
    (0x2b30, 0x2b44, 25),
    (0x2b45, 0x2b46, 26),
    (0x2b47, 0x2b4c, 25),
    (0x2b4d, 0x2b73, 26),
    (0x2b74, 0x2b75, 2),
    (0x2b76, 0x2bff, 26),
    (0x2c00, 0x2c2f, 9),
    (0x2c30, 0x2c5f, 5),
    (0x2c60, 0x2c60, 9),
    (0x2c61, 0x2c61, 5),
    (0x2c62, 0x2c64, 9),
    (0x2c65, 0x2c66, 5),
    (0x2c67, 0x2c67, 9),
    (0x2c68, 0x2c68, 5),
    (0x2c69, 0x2c69, 9),
    (0x2c6a, 0x2c6a, 5),
    (0x2c6b, 0x2c6b, 9),
    (0x2c6c, 0x2c6c, 5),
    (0x2c6d, 0x2c70, 9),
    (0x2c71, 0x2c71, 5),
    (0x2c72, 0x2c72, 9),
    (0x2c73, 0x2c74, 5),
    (0x2c75, 0x2c75, 9),
    (0x2c76, 0x2c7b, 5),
    (0x2c7c, 0x2c7d, 6),
    (0x2c7e, 0x2c80, 9),
    (0x2c81, 0x2c81, 5),
    (0x2c82, 0x2c82, 9),
    (0x2c83, 0x2c83, 5),
    (0x2c84, 0x2c84, 9),
    (0x2c85, 0x2c85, 5),
    (0x2c86, 0x2c86, 9),
    (0x2c87, 0x2c87, 5),
    (0x2c88, 0x2c88, 9),
    (0x2c89, 0x2c89, 5),
    (0x2c8a, 0x2c8a, 9),
    (0x2c8b, 0x2c8b, 5),
    (0x2c8c, 0x2c8c, 9),
    (0x2c8d, 0x2c8d, 5),
    (0x2c8e, 0x2c8e, 9),
    (0x2c8f, 0x2c8f, 5),
    (0x2c90, 0x2c90, 9),
    (0x2c91, 0x2c91, 5),
    (0x2c92, 0x2c92, 9),
    (0x2c93, 0x2c93, 5),
    (0x2c94, 0x2c94, 9),
    (0x2c95, 0x2c95, 5),
    (0x2c96, 0x2c96, 9),
    (0x2c97, 0x2c97, 5),
    (0x2c98, 0x2c98, 9),
    (0x2c99, 0x2c99, 5),
    (0x2c9a, 0x2c9a, 9),
    (0x2c9b, 0x2c9b, 5),
    (0x2c9c, 0x2c9c, 9),
    (0x2c9d, 0x2c9d, 5),
    (0x2c9e, 0x2c9e, 9),
    (0x2c9f, 0x2c9f, 5),
    (0x2ca0, 0x2ca0, 9),
    (0x2ca1, 0x2ca1, 5),
    (0x2ca2, 0x2ca2, 9),
    (0x2ca3, 0x2ca3, 5),
    (0x2ca4, 0x2ca4, 9),
    (0x2ca5, 0x2ca5, 5),
    (0x2ca6, 0x2ca6, 9),
    (0x2ca7, 0x2ca7, 5),
    (0x2ca8, 0x2ca8, 9),
    (0x2ca9, 0x2ca9, 5),
    (0x2caa, 0x2caa, 9),
    (0x2cab, 0x2cab, 5),
    (0x2cac, 0x2cac, 9),
    (0x2cad, 0x2cad, 5),
    (0x2cae, 0x2cae, 9),
    (0x2caf, 0x2caf, 5),
    (0x2cb0, 0x2cb0, 9),
    (0x2cb1, 0x2cb1, 5),
    (0x2cb2, 0x2cb2, 9),
    (0x2cb3, 0x2cb3, 5),
    (0x2cb4, 0x2cb4, 9),
    (0x2cb5, 0x2cb5, 5),
    (0x2cb6, 0x2cb6, 9),
    (0x2cb7, 0x2cb7, 5),
    (0x2cb8, 0x2cb8, 9),
    (0x2cb9, 0x2cb9, 5),
    (0x2cba, 0x2cba, 9),
    (0x2cbb, 0x2cbb, 5),
    (0x2cbc, 0x2cbc, 9),
    (0x2cbd, 0x2cbd, 5),
    (0x2cbe, 0x2cbe, 9),
    (0x2cbf, 0x2cbf, 5),
    (0x2cc0, 0x2cc0, 9),
    (0x2cc1, 0x2cc1, 5),
    (0x2cc2, 0x2cc2, 9),
    (0x2cc3, 0x2cc3, 5),
    (0x2cc4, 0x2cc4, 9),
    (0x2cc5, 0x2cc5, 5),
    (0x2cc6, 0x2cc6, 9),
    (0x2cc7, 0x2cc7, 5),
    (0x2cc8, 0x2cc8, 9),
    (0x2cc9, 0x2cc9, 5),
    (0x2cca, 0x2cca, 9),
    (0x2ccb, 0x2ccb, 5),
    (0x2ccc, 0x2ccc, 9),
    (0x2ccd, 0x2ccd, 5),
    (0x2cce, 0x2cce, 9),
    (0x2ccf, 0x2ccf, 5),
    (0x2cd0, 0x2cd0, 9),
    (0x2cd1, 0x2cd1, 5),
    (0x2cd2, 0x2cd2, 9),
    (0x2cd3, 0x2cd3, 5),
    (0x2cd4, 0x2cd4, 9),
    (0x2cd5, 0x2cd5, 5),
    (0x2cd6, 0x2cd6, 9),
    (0x2cd7, 0x2cd7, 5),
    (0x2cd8, 0x2cd8, 9),
    (0x2cd9, 0x2cd9, 5),
    (0x2cda, 0x2cda, 9),
    (0x2cdb, 0x2cdb, 5),
    (0x2cdc, 0x2cdc, 9),
    (0x2cdd, 0x2cdd, 5),
    (0x2cde, 0x2cde, 9),
    (0x2cdf, 0x2cdf, 5),
    (0x2ce0, 0x2ce0, 9),
    (0x2ce1, 0x2ce1, 5),
    (0x2ce2, 0x2ce2, 9),
    (0x2ce3, 0x2ce4, 5),
    (0x2ce5, 0x2cea, 26),
    (0x2ceb, 0x2ceb, 9),
    (0x2cec, 0x2cec, 5),
    (0x2ced, 0x2ced, 9),
    (0x2cee, 0x2cee, 5),
    (0x2cef, 0x2cf1, 12),
    (0x2cf2, 0x2cf2, 9),
    (0x2cf3, 0x2cf3, 5),
    (0x2cf4, 0x2cf8, 2),
    (0x2cf9, 0x2cfc, 21),
    (0x2cfd, 0x2cfd, 15),
    (0x2cfe, 0x2cff, 21),
    (0x2d00, 0x2d25, 5),
    (0x2d26, 0x2d26, 2),
    (0x2d27, 0x2d27, 5),
    (0x2d28, 0x2d2c, 2),
    (0x2d2d, 0x2d2d, 5),
    (0x2d2e, 0x2d2f, 2),
    (0x2d30, 0x2d67, 7),
    (0x2d68, 0x2d6e, 2),
    (0x2d6f, 0x2d6f, 6),
    (0x2d70, 0x2d70, 21),
    (0x2d71, 0x2d7e, 2),
    (0x2d7f, 0x2d7f, 12),
    (0x2d80, 0x2d96, 7),
    (0x2d97, 0x2d9f, 2),
    (0x2da0, 0x2da6, 7),
    (0x2da7, 0x2da7, 2),
    (0x2da8, 0x2dae, 7),
    (0x2daf, 0x2daf, 2),
    (0x2db0, 0x2db6, 7),
    (0x2db7, 0x2db7, 2),
    (0x2db8, 0x2dbe, 7),
    (0x2dbf, 0x2dbf, 2),
    (0x2dc0, 0x2dc6, 7),
    (0x2dc7, 0x2dc7, 2),
    (0x2dc8, 0x2dce, 7),
    (0x2dcf, 0x2dcf, 2),
    (0x2dd0, 0x2dd6, 7),
    (0x2dd7, 0x2dd7, 2),
    (0x2dd8, 0x2dde, 7),
    (0x2ddf, 0x2ddf, 2),
    (0x2de0, 0x2dff, 12),
    (0x2e00, 0x2e01, 21),
    (0x2e02, 0x2e02, 20),
    (0x2e03, 0x2e03, 19),
    (0x2e04, 0x2e04, 20),
    (0x2e05, 0x2e05, 19),
    (0x2e06, 0x2e08, 21),
    (0x2e09, 0x2e09, 20),
    (0x2e0a, 0x2e0a, 19),
    (0x2e0b, 0x2e0b, 21),
    (0x2e0c, 0x2e0c, 20),
    (0x2e0d, 0x2e0d, 19),
    (0x2e0e, 0x2e16, 21),
    (0x2e17, 0x2e17, 17),
    (0x2e18, 0x2e19, 21),
    (0x2e1a, 0x2e1a, 17),
    (0x2e1b, 0x2e1b, 21),
    (0x2e1c, 0x2e1c, 20),
    (0x2e1d, 0x2e1d, 19),
    (0x2e1e, 0x2e1f, 21),
    (0x2e20, 0x2e20, 20),
    (0x2e21, 0x2e21, 19),
    (0x2e22, 0x2e22, 22),
    (0x2e23, 0x2e23, 18),
    (0x2e24, 0x2e24, 22),
    (0x2e25, 0x2e25, 18),
    (0x2e26, 0x2e26, 22),
    (0x2e27, 0x2e27, 18),
    (0x2e28, 0x2e28, 22),
    (0x2e29, 0x2e29, 18),
    (0x2e2a, 0x2e2e, 21),
    (0x2e2f, 0x2e2f, 6),
    (0x2e30, 0x2e39, 21),
    (0x2e3a, 0x2e3b, 17),
    (0x2e3c, 0x2e3f, 21),
    (0x2e40, 0x2e40, 17),
    (0x2e41, 0x2e41, 21),
    (0x2e42, 0x2e42, 22),
    (0x2e43, 0x2e4f, 21),
    (0x2e50, 0x2e51, 26),
    (0x2e52, 0x2e54, 21),
    (0x2e55, 0x2e55, 22),
    (0x2e56, 0x2e56, 18),
    (0x2e57, 0x2e57, 22),
    (0x2e58, 0x2e58, 18),
    (0x2e59, 0x2e59, 22),
    (0x2e5a, 0x2e5a, 18),
    (0x2e5b, 0x2e5b, 22),
    (0x2e5c, 0x2e5c, 18),
    (0x2e5d, 0x2e5d, 17),
    (0x2e5e, 0x2e7f, 2),
    (0x2e80, 0x2e99, 26),
    (0x2e9a, 0x2e9a, 2),
    (0x2e9b, 0x2ef3, 26),
    (0x2ef4, 0x2eff, 2),
    (0x2f00, 0x2fd5, 26),
    (0x2fd6, 0x2fef, 2),
    (0x2ff0, 0x2fff, 26),
    (0x3000, 0x3000, 29),
    (0x3001, 0x3003, 21),
    (0x3004, 0x3004, 26),
    (0x3005, 0x3005, 6),
    (0x3006, 0x3006, 7),
    (0x3007, 0x3007, 14),
    (0x3008, 0x3008, 22),
    (0x3009, 0x3009, 18),
    (0x300a, 0x300a, 22),
    (0x300b, 0x300b, 18),
    (0x300c, 0x300c, 22),
    (0x300d, 0x300d, 18),
    (0x300e, 0x300e, 22),
    (0x300f, 0x300f, 18),
    (0x3010, 0x3010, 22),
    (0x3011, 0x3011, 18),
    (0x3012, 0x3013, 26),
    (0x3014, 0x3014, 22),
    (0x3015, 0x3015, 18),
    (0x3016, 0x3016, 22),
    (0x3017, 0x3017, 18),
    (0x3018, 0x3018, 22),
    (0x3019, 0x3019, 18),
    (0x301a, 0x301a, 22),
    (0x301b, 0x301b, 18),
    (0x301c, 0x301c, 17),
    (0x301d, 0x301d, 22),
    (0x301e, 0x301f, 18),
    (0x3020, 0x3020, 26),
    (0x3021, 0x3029, 14),
    (0x302a, 0x302d, 12),
    (0x302e, 0x302f, 10),
    (0x3030, 0x3030, 17),
    (0x3031, 0x3035, 6),
    (0x3036, 0x3037, 26),
    (0x3038, 0x303a, 14),
    (0x303b, 0x303b, 6),
    (0x303c, 0x303c, 7),
    (0x303d, 0x303d, 21),
    (0x303e, 0x303f, 26),
    (0x3040, 0x3040, 2),
    (0x3041, 0x3096, 7),
    (0x3097, 0x3098, 2),
    (0x3099, 0x309a, 12),
    (0x309b, 0x309c, 24),
    (0x309d, 0x309e, 6),
    (0x309f, 0x309f, 7),
    (0x30a0, 0x30a0, 17),
    (0x30a1, 0x30fa, 7),
    (0x30fb, 0x30fb, 21),
    (0x30fc, 0x30fe, 6),
    (0x30ff, 0x30ff, 7),
    (0x3100, 0x3104, 2),
    (0x3105, 0x312f, 7),
    (0x3130, 0x3130, 2),
    (0x3131, 0x318e, 7),
    (0x318f, 0x318f, 2),
    (0x3190, 0x3191, 26),
    (0x3192, 0x3195, 15),
    (0x3196, 0x319f, 26),
    (0x31a0, 0x31bf, 7),
    (0x31c0, 0x31e5, 26),
    (0x31e6, 0x31ee, 2),
    (0x31ef, 0x31ef, 26),
    (0x31f0, 0x31ff, 7),
    (0x3200, 0x321e, 26),
    (0x321f, 0x321f, 2),
    (0x3220, 0x3229, 15),
    (0x322a, 0x3247, 26),
    (0x3248, 0x324f, 15),
    (0x3250, 0x3250, 26),
    (0x3251, 0x325f, 15),
    (0x3260, 0x327f, 26),
    (0x3280, 0x3289, 15),
    (0x328a, 0x32b0, 26),
    (0x32b1, 0x32bf, 15),
    (0x32c0, 0x33ff, 26),
    (0x3400, 0x4dbf, 7),
    (0x4dc0, 0x4dff, 26),
    (0x4e00, 0xa014, 7),
    (0xa015, 0xa015, 6),
    (0xa016, 0xa48c, 7),
    (0xa48d, 0xa48f, 2),
    (0xa490, 0xa4c6, 26),
    (0xa4c7, 0xa4cf, 2),
    (0xa4d0, 0xa4f7, 7),
    (0xa4f8, 0xa4fd, 6),
    (0xa4fe, 0xa4ff, 21),
    (0xa500, 0xa60b, 7),
    (0xa60c, 0xa60c, 6),
    (0xa60d, 0xa60f, 21),
    (0xa610, 0xa61f, 7),
    (0xa620, 0xa629, 13),
    (0xa62a, 0xa62b, 7),
    (0xa62c, 0xa63f, 2),
    (0xa640, 0xa640, 9),
    (0xa641, 0xa641, 5),
    (0xa642, 0xa642, 9),
    (0xa643, 0xa643, 5),
    (0xa644, 0xa644, 9),
    (0xa645, 0xa645, 5),
    (0xa646, 0xa646, 9),
    (0xa647, 0xa647, 5),
    (0xa648, 0xa648, 9),
    (0xa649, 0xa649, 5),
    (0xa64a, 0xa64a, 9),
    (0xa64b, 0xa64b, 5),
    (0xa64c, 0xa64c, 9),
    (0xa64d, 0xa64d, 5),
    (0xa64e, 0xa64e, 9),
    (0xa64f, 0xa64f, 5),
    (0xa650, 0xa650, 9),
    (0xa651, 0xa651, 5),
    (0xa652, 0xa652, 9),
    (0xa653, 0xa653, 5),
    (0xa654, 0xa654, 9),
    (0xa655, 0xa655, 5),
    (0xa656, 0xa656, 9),
    (0xa657, 0xa657, 5),
    (0xa658, 0xa658, 9),
    (0xa659, 0xa659, 5),
    (0xa65a, 0xa65a, 9),
    (0xa65b, 0xa65b, 5),
    (0xa65c, 0xa65c, 9),
    (0xa65d, 0xa65d, 5),
    (0xa65e, 0xa65e, 9),
    (0xa65f, 0xa65f, 5),
    (0xa660, 0xa660, 9),
    (0xa661, 0xa661, 5),
    (0xa662, 0xa662, 9),
    (0xa663, 0xa663, 5),
    (0xa664, 0xa664, 9),
    (0xa665, 0xa665, 5),
    (0xa666, 0xa666, 9),
    (0xa667, 0xa667, 5),
    (0xa668, 0xa668, 9),
    (0xa669, 0xa669, 5),
    (0xa66a, 0xa66a, 9),
    (0xa66b, 0xa66b, 5),
    (0xa66c, 0xa66c, 9),
    (0xa66d, 0xa66d, 5),
    (0xa66e, 0xa66e, 7),
    (0xa66f, 0xa66f, 12),
    (0xa670, 0xa672, 11),
    (0xa673, 0xa673, 21),
    (0xa674, 0xa67d, 12),
    (0xa67e, 0xa67e, 21),
    (0xa67f, 0xa67f, 6),
    (0xa680, 0xa680, 9),
    (0xa681, 0xa681, 5),
    (0xa682, 0xa682, 9),
    (0xa683, 0xa683, 5),
    (0xa684, 0xa684, 9),
    (0xa685, 0xa685, 5),
    (0xa686, 0xa686, 9),
    (0xa687, 0xa687, 5),
    (0xa688, 0xa688, 9),
    (0xa689, 0xa689, 5),
    (0xa68a, 0xa68a, 9),
    (0xa68b, 0xa68b, 5),
    (0xa68c, 0xa68c, 9),
    (0xa68d, 0xa68d, 5),
    (0xa68e, 0xa68e, 9),
    (0xa68f, 0xa68f, 5),
    (0xa690, 0xa690, 9),
    (0xa691, 0xa691, 5),
    (0xa692, 0xa692, 9),
    (0xa693, 0xa693, 5),
    (0xa694, 0xa694, 9),
    (0xa695, 0xa695, 5),
    (0xa696, 0xa696, 9),
    (0xa697, 0xa697, 5),
    (0xa698, 0xa698, 9),
    (0xa699, 0xa699, 5),
    (0xa69a, 0xa69a, 9),
    (0xa69b, 0xa69b, 5),
    (0xa69c, 0xa69d, 6),
    (0xa69e, 0xa69f, 12),
    (0xa6a0, 0xa6e5, 7),
    (0xa6e6, 0xa6ef, 14),
    (0xa6f0, 0xa6f1, 12),
    (0xa6f2, 0xa6f7, 21),
    (0xa6f8, 0xa6ff, 2),
    (0xa700, 0xa716, 24),
    (0xa717, 0xa71f, 6),
    (0xa720, 0xa721, 24),
    (0xa722, 0xa722, 9),
    (0xa723, 0xa723, 5),
    (0xa724, 0xa724, 9),
    (0xa725, 0xa725, 5),
    (0xa726, 0xa726, 9),
    (0xa727, 0xa727, 5),
    (0xa728, 0xa728, 9),
    (0xa729, 0xa729, 5),
    (0xa72a, 0xa72a, 9),
    (0xa72b, 0xa72b, 5),
    (0xa72c, 0xa72c, 9),
    (0xa72d, 0xa72d, 5),
    (0xa72e, 0xa72e, 9),
    (0xa72f, 0xa731, 5),
    (0xa732, 0xa732, 9),
    (0xa733, 0xa733, 5),
    (0xa734, 0xa734, 9),
    (0xa735, 0xa735, 5),
    (0xa736, 0xa736, 9),
    (0xa737, 0xa737, 5),
    (0xa738, 0xa738, 9),
    (0xa739, 0xa739, 5),
    (0xa73a, 0xa73a, 9),
    (0xa73b, 0xa73b, 5),
    (0xa73c, 0xa73c, 9),
    (0xa73d, 0xa73d, 5),
    (0xa73e, 0xa73e, 9),
    (0xa73f, 0xa73f, 5),
    (0xa740, 0xa740, 9),
    (0xa741, 0xa741, 5),
    (0xa742, 0xa742, 9),
    (0xa743, 0xa743, 5),
    (0xa744, 0xa744, 9),
    (0xa745, 0xa745, 5),
    (0xa746, 0xa746, 9),
    (0xa747, 0xa747, 5),
    (0xa748, 0xa748, 9),
    (0xa749, 0xa749, 5),
    (0xa74a, 0xa74a, 9),
    (0xa74b, 0xa74b, 5),
    (0xa74c, 0xa74c, 9),
    (0xa74d, 0xa74d, 5),
    (0xa74e, 0xa74e, 9),
    (0xa74f, 0xa74f, 5),
    (0xa750, 0xa750, 9),
    (0xa751, 0xa751, 5),
    (0xa752, 0xa752, 9),
    (0xa753, 0xa753, 5),
    (0xa754, 0xa754, 9),
    (0xa755, 0xa755, 5),
    (0xa756, 0xa756, 9),
    (0xa757, 0xa757, 5),
    (0xa758, 0xa758, 9),
    (0xa759, 0xa759, 5),
    (0xa75a, 0xa75a, 9),
    (0xa75b, 0xa75b, 5),
    (0xa75c, 0xa75c, 9),
    (0xa75d, 0xa75d, 5),
    (0xa75e, 0xa75e, 9),
    (0xa75f, 0xa75f, 5),
    (0xa760, 0xa760, 9),
    (0xa761, 0xa761, 5),
    (0xa762, 0xa762, 9),
    (0xa763, 0xa763, 5),
    (0xa764, 0xa764, 9),
    (0xa765, 0xa765, 5),
    (0xa766, 0xa766, 9),
    (0xa767, 0xa767, 5),
    (0xa768, 0xa768, 9),
    (0xa769, 0xa769, 5),
    (0xa76a, 0xa76a, 9),
    (0xa76b, 0xa76b, 5),
    (0xa76c, 0xa76c, 9),
    (0xa76d, 0xa76d, 5),
    (0xa76e, 0xa76e, 9),
    (0xa76f, 0xa76f, 5),
    (0xa770, 0xa770, 6),
    (0xa771, 0xa778, 5),
    (0xa779, 0xa779, 9),
    (0xa77a, 0xa77a, 5),
    (0xa77b, 0xa77b, 9),
    (0xa77c, 0xa77c, 5),
    (0xa77d, 0xa77e, 9),
    (0xa77f, 0xa77f, 5),
    (0xa780, 0xa780, 9),
    (0xa781, 0xa781, 5),
    (0xa782, 0xa782, 9),
    (0xa783, 0xa783, 5),
    (0xa784, 0xa784, 9),
    (0xa785, 0xa785, 5),
    (0xa786, 0xa786, 9),
    (0xa787, 0xa787, 5),
    (0xa788, 0xa788, 6),
    (0xa789, 0xa78a, 24),
    (0xa78b, 0xa78b, 9),
    (0xa78c, 0xa78c, 5),
    (0xa78d, 0xa78d, 9),
    (0xa78e, 0xa78e, 5),
    (0xa78f, 0xa78f, 7),
    (0xa790, 0xa790, 9),
    (0xa791, 0xa791, 5),
    (0xa792, 0xa792, 9),
    (0xa793, 0xa795, 5),
    (0xa796, 0xa796, 9),
    (0xa797, 0xa797, 5),
    (0xa798, 0xa798, 9),
    (0xa799, 0xa799, 5),
    (0xa79a, 0xa79a, 9),
    (0xa79b, 0xa79b, 5),
    (0xa79c, 0xa79c, 9),
    (0xa79d, 0xa79d, 5),
    (0xa79e, 0xa79e, 9),
    (0xa79f, 0xa79f, 5),
    (0xa7a0, 0xa7a0, 9),
    (0xa7a1, 0xa7a1, 5),
    (0xa7a2, 0xa7a2, 9),
    (0xa7a3, 0xa7a3, 5),
    (0xa7a4, 0xa7a4, 9),
    (0xa7a5, 0xa7a5, 5),
    (0xa7a6, 0xa7a6, 9),
    (0xa7a7, 0xa7a7, 5),
    (0xa7a8, 0xa7a8, 9),
    (0xa7a9, 0xa7a9, 5),
    (0xa7aa, 0xa7ae, 9),
    (0xa7af, 0xa7af, 5),
    (0xa7b0, 0xa7b4, 9),
    (0xa7b5, 0xa7b5, 5),
    (0xa7b6, 0xa7b6, 9),
    (0xa7b7, 0xa7b7, 5),
    (0xa7b8, 0xa7b8, 9),
    (0xa7b9, 0xa7b9, 5),
    (0xa7ba, 0xa7ba, 9),
    (0xa7bb, 0xa7bb, 5),
    (0xa7bc, 0xa7bc, 9),
    (0xa7bd, 0xa7bd, 5),
    (0xa7be, 0xa7be, 9),
    (0xa7bf, 0xa7bf, 5),
    (0xa7c0, 0xa7c0, 9),
    (0xa7c1, 0xa7c1, 5),
    (0xa7c2, 0xa7c2, 9),
    (0xa7c3, 0xa7c3, 5),
    (0xa7c4, 0xa7c7, 9),
    (0xa7c8, 0xa7c8, 5),
    (0xa7c9, 0xa7c9, 9),
    (0xa7ca, 0xa7ca, 5),
    (0xa7cb, 0xa7cc, 9),
    (0xa7cd, 0xa7cd, 5),
    (0xa7ce, 0xa7ce, 9),
    (0xa7cf, 0xa7cf, 5),
    (0xa7d0, 0xa7d0, 9),
    (0xa7d1, 0xa7d1, 5),
    (0xa7d2, 0xa7d2, 9),
    (0xa7d3, 0xa7d3, 5),
    (0xa7d4, 0xa7d4, 9),
    (0xa7d5, 0xa7d5, 5),
    (0xa7d6, 0xa7d6, 9),
    (0xa7d7, 0xa7d7, 5),
    (0xa7d8, 0xa7d8, 9),
    (0xa7d9, 0xa7d9, 5),
    (0xa7da, 0xa7da, 9),
    (0xa7db, 0xa7db, 5),
    (0xa7dc, 0xa7dc, 9),
    (0xa7dd, 0xa7f0, 2),
    (0xa7f1, 0xa7f4, 6),
    (0xa7f5, 0xa7f5, 9),
    (0xa7f6, 0xa7f6, 5),
    (0xa7f7, 0xa7f7, 7),
    (0xa7f8, 0xa7f9, 6),
    (0xa7fa, 0xa7fa, 5),
    (0xa7fb, 0xa801, 7),
    (0xa802, 0xa802, 12),
    (0xa803, 0xa805, 7),
    (0xa806, 0xa806, 12),
    (0xa807, 0xa80a, 7),
    (0xa80b, 0xa80b, 12),
    (0xa80c, 0xa822, 7),
    (0xa823, 0xa824, 10),
    (0xa825, 0xa826, 12),
    (0xa827, 0xa827, 10),
    (0xa828, 0xa82b, 26),
    (0xa82c, 0xa82c, 12),
    (0xa82d, 0xa82f, 2),
    (0xa830, 0xa835, 15),
    (0xa836, 0xa837, 26),
    (0xa838, 0xa838, 23),
    (0xa839, 0xa839, 26),
    (0xa83a, 0xa83f, 2),
    (0xa840, 0xa873, 7),
    (0xa874, 0xa877, 21),
    (0xa878, 0xa87f, 2),
    (0xa880, 0xa881, 10),
    (0xa882, 0xa8b3, 7),
    (0xa8b4, 0xa8c3, 10),
    (0xa8c4, 0xa8c5, 12),
    (0xa8c6, 0xa8cd, 2),
    (0xa8ce, 0xa8cf, 21),
    (0xa8d0, 0xa8d9, 13),
    (0xa8da, 0xa8df, 2),
    (0xa8e0, 0xa8f1, 12),
    (0xa8f2, 0xa8f7, 7),
    (0xa8f8, 0xa8fa, 21),
    (0xa8fb, 0xa8fb, 7),
    (0xa8fc, 0xa8fc, 21),
    (0xa8fd, 0xa8fe, 7),
    (0xa8ff, 0xa8ff, 12),
    (0xa900, 0xa909, 13),
    (0xa90a, 0xa925, 7),
    (0xa926, 0xa92d, 12),
    (0xa92e, 0xa92f, 21),
    (0xa930, 0xa946, 7),
    (0xa947, 0xa951, 12),
    (0xa952, 0xa953, 10),
    (0xa954, 0xa95e, 2),
    (0xa95f, 0xa95f, 21),
    (0xa960, 0xa97c, 7),
    (0xa97d, 0xa97f, 2),
    (0xa980, 0xa982, 12),
    (0xa983, 0xa983, 10),
    (0xa984, 0xa9b2, 7),
    (0xa9b3, 0xa9b3, 12),
    (0xa9b4, 0xa9b5, 10),
    (0xa9b6, 0xa9b9, 12),
    (0xa9ba, 0xa9bb, 10),
    (0xa9bc, 0xa9bd, 12),
    (0xa9be, 0xa9c0, 10),
    (0xa9c1, 0xa9cd, 21),
    (0xa9ce, 0xa9ce, 2),
    (0xa9cf, 0xa9cf, 6),
    (0xa9d0, 0xa9d9, 13),
    (0xa9da, 0xa9dd, 2),
    (0xa9de, 0xa9df, 21),
    (0xa9e0, 0xa9e4, 7),
    (0xa9e5, 0xa9e5, 12),
    (0xa9e6, 0xa9e6, 6),
    (0xa9e7, 0xa9ef, 7),
    (0xa9f0, 0xa9f9, 13),
    (0xa9fa, 0xa9fe, 7),
    (0xa9ff, 0xa9ff, 2),
    (0xaa00, 0xaa28, 7),
    (0xaa29, 0xaa2e, 12),
    (0xaa2f, 0xaa30, 10),
    (0xaa31, 0xaa32, 12),
    (0xaa33, 0xaa34, 10),
    (0xaa35, 0xaa36, 12),
    (0xaa37, 0xaa3f, 2),
    (0xaa40, 0xaa42, 7),
    (0xaa43, 0xaa43, 12),
    (0xaa44, 0xaa4b, 7),
    (0xaa4c, 0xaa4c, 12),
    (0xaa4d, 0xaa4d, 10),
    (0xaa4e, 0xaa4f, 2),
    (0xaa50, 0xaa59, 13),
    (0xaa5a, 0xaa5b, 2),
    (0xaa5c, 0xaa5f, 21),
    (0xaa60, 0xaa6f, 7),
    (0xaa70, 0xaa70, 6),
    (0xaa71, 0xaa76, 7),
    (0xaa77, 0xaa79, 26),
    (0xaa7a, 0xaa7a, 7),
    (0xaa7b, 0xaa7b, 10),
    (0xaa7c, 0xaa7c, 12),
    (0xaa7d, 0xaa7d, 10),
    (0xaa7e, 0xaaaf, 7),
    (0xaab0, 0xaab0, 12),
    (0xaab1, 0xaab1, 7),
    (0xaab2, 0xaab4, 12),
    (0xaab5, 0xaab6, 7),
    (0xaab7, 0xaab8, 12),
    (0xaab9, 0xaabd, 7),
    (0xaabe, 0xaabf, 12),
    (0xaac0, 0xaac0, 7),
    (0xaac1, 0xaac1, 12),
    (0xaac2, 0xaac2, 7),
    (0xaac3, 0xaada, 2),
    (0xaadb, 0xaadc, 7),
    (0xaadd, 0xaadd, 6),
    (0xaade, 0xaadf, 21),
    (0xaae0, 0xaaea, 7),
    (0xaaeb, 0xaaeb, 10),
    (0xaaec, 0xaaed, 12),
    (0xaaee, 0xaaef, 10),
    (0xaaf0, 0xaaf1, 21),
    (0xaaf2, 0xaaf2, 7),
    (0xaaf3, 0xaaf4, 6),
    (0xaaf5, 0xaaf5, 10),
    (0xaaf6, 0xaaf6, 12),
    (0xaaf7, 0xab00, 2),
    (0xab01, 0xab06, 7),
    (0xab07, 0xab08, 2),
    (0xab09, 0xab0e, 7),
    (0xab0f, 0xab10, 2),
    (0xab11, 0xab16, 7),
    (0xab17, 0xab1f, 2),
    (0xab20, 0xab26, 7),
    (0xab27, 0xab27, 2),
    (0xab28, 0xab2e, 7),
    (0xab2f, 0xab2f, 2),
    (0xab30, 0xab5a, 5),
    (0xab5b, 0xab5b, 24),
    (0xab5c, 0xab5f, 6),
    (0xab60, 0xab68, 5),
    (0xab69, 0xab69, 6),
    (0xab6a, 0xab6b, 24),
    (0xab6c, 0xab6f, 2),
    (0xab70, 0xabbf, 5),
    (0xabc0, 0xabe2, 7),
    (0xabe3, 0xabe4, 10),
    (0xabe5, 0xabe5, 12),
    (0xabe6, 0xabe7, 10),
    (0xabe8, 0xabe8, 12),
    (0xabe9, 0xabea, 10),
    (0xabeb, 0xabeb, 21),
    (0xabec, 0xabec, 10),
    (0xabed, 0xabed, 12),
    (0xabee, 0xabef, 2),
    (0xabf0, 0xabf9, 13),
    (0xabfa, 0xabff, 2),
    (0xac00, 0xd7a3, 7),
    (0xd7a4, 0xd7af, 2),
    (0xd7b0, 0xd7c6, 7),
    (0xd7c7, 0xd7ca, 2),
    (0xd7cb, 0xd7fb, 7),
    (0xd7fc, 0xd7ff, 2),
    (0xd800, 0xdfff, 4),
    (0xe000, 0xf8ff, 3),
    (0xf900, 0xfa6d, 7),
    (0xfa6e, 0xfa6f, 2),
    (0xfa70, 0xfad9, 7),
    (0xfada, 0xfaff, 2),
    (0xfb00, 0xfb06, 5),
    (0xfb07, 0xfb12, 2),
    (0xfb13, 0xfb17, 5),
    (0xfb18, 0xfb1c, 2),
    (0xfb1d, 0xfb1d, 7),
    (0xfb1e, 0xfb1e, 12),
    (0xfb1f, 0xfb28, 7),
    (0xfb29, 0xfb29, 25),
    (0xfb2a, 0xfb36, 7),
    (0xfb37, 0xfb37, 2),
    (0xfb38, 0xfb3c, 7),
    (0xfb3d, 0xfb3d, 2),
    (0xfb3e, 0xfb3e, 7),
    (0xfb3f, 0xfb3f, 2),
    (0xfb40, 0xfb41, 7),
    (0xfb42, 0xfb42, 2),
    (0xfb43, 0xfb44, 7),
    (0xfb45, 0xfb45, 2),
    (0xfb46, 0xfbb1, 7),
    (0xfbb2, 0xfbc2, 24),
    (0xfbc3, 0xfbd2, 26),
    (0xfbd3, 0xfd3d, 7),
    (0xfd3e, 0xfd3e, 18),
    (0xfd3f, 0xfd3f, 22),
    (0xfd40, 0xfd4f, 26),
    (0xfd50, 0xfd8f, 7),
    (0xfd90, 0xfd91, 26),
    (0xfd92, 0xfdc7, 7),
    (0xfdc8, 0xfdcf, 26),
    (0xfdd0, 0xfdef, 2),
    (0xfdf0, 0xfdfb, 7),
    (0xfdfc, 0xfdfc, 23),
    (0xfdfd, 0xfdff, 26),
    (0xfe00, 0xfe0f, 12),
    (0xfe10, 0xfe16, 21),
    (0xfe17, 0xfe17, 22),
    (0xfe18, 0xfe18, 18),
    (0xfe19, 0xfe19, 21),
    (0xfe1a, 0xfe1f, 2),
    (0xfe20, 0xfe2f, 12),
    (0xfe30, 0xfe30, 21),
    (0xfe31, 0xfe32, 17),
    (0xfe33, 0xfe34, 16),
    (0xfe35, 0xfe35, 22),
    (0xfe36, 0xfe36, 18),
    (0xfe37, 0xfe37, 22),
    (0xfe38, 0xfe38, 18),
    (0xfe39, 0xfe39, 22),
    (0xfe3a, 0xfe3a, 18),
    (0xfe3b, 0xfe3b, 22),
    (0xfe3c, 0xfe3c, 18),
    (0xfe3d, 0xfe3d, 22),
    (0xfe3e, 0xfe3e, 18),
    (0xfe3f, 0xfe3f, 22),
    (0xfe40, 0xfe40, 18),
    (0xfe41, 0xfe41, 22),
    (0xfe42, 0xfe42, 18),
    (0xfe43, 0xfe43, 22),
    (0xfe44, 0xfe44, 18),
    (0xfe45, 0xfe46, 21),
    (0xfe47, 0xfe47, 22),
    (0xfe48, 0xfe48, 18),
    (0xfe49, 0xfe4c, 21),
    (0xfe4d, 0xfe4f, 16),
    (0xfe50, 0xfe52, 21),
    (0xfe53, 0xfe53, 2),
    (0xfe54, 0xfe57, 21),
    (0xfe58, 0xfe58, 17),
    (0xfe59, 0xfe59, 22),
    (0xfe5a, 0xfe5a, 18),
    (0xfe5b, 0xfe5b, 22),
    (0xfe5c, 0xfe5c, 18),
    (0xfe5d, 0xfe5d, 22),
    (0xfe5e, 0xfe5e, 18),
    (0xfe5f, 0xfe61, 21),
    (0xfe62, 0xfe62, 25),
    (0xfe63, 0xfe63, 17),
    (0xfe64, 0xfe66, 25),
    (0xfe67, 0xfe67, 2),
    (0xfe68, 0xfe68, 21),
    (0xfe69, 0xfe69, 23),
    (0xfe6a, 0xfe6b, 21),
    (0xfe6c, 0xfe6f, 2),
    (0xfe70, 0xfe74, 7),
    (0xfe75, 0xfe75, 2),
    (0xfe76, 0xfefc, 7),
    (0xfefd, 0xfefe, 2),
    (0xfeff, 0xfeff, 1),
    (0xff00, 0xff00, 2),
    (0xff01, 0xff03, 21),
    (0xff04, 0xff04, 23),
    (0xff05, 0xff07, 21),
    (0xff08, 0xff08, 22),
    (0xff09, 0xff09, 18),
    (0xff0a, 0xff0a, 21),
    (0xff0b, 0xff0b, 25),
    (0xff0c, 0xff0c, 21),
    (0xff0d, 0xff0d, 17),
    (0xff0e, 0xff0f, 21),
    (0xff10, 0xff19, 13),
    (0xff1a, 0xff1b, 21),
    (0xff1c, 0xff1e, 25),
    (0xff1f, 0xff20, 21),
    (0xff21, 0xff3a, 9),
    (0xff3b, 0xff3b, 22),
    (0xff3c, 0xff3c, 21),
    (0xff3d, 0xff3d, 18),
    (0xff3e, 0xff3e, 24),
    (0xff3f, 0xff3f, 16),
    (0xff40, 0xff40, 24),
    (0xff41, 0xff5a, 5),
    (0xff5b, 0xff5b, 22),
    (0xff5c, 0xff5c, 25),
    (0xff5d, 0xff5d, 18),
    (0xff5e, 0xff5e, 25),
    (0xff5f, 0xff5f, 22),
    (0xff60, 0xff60, 18),
    (0xff61, 0xff61, 21),
    (0xff62, 0xff62, 22),
    (0xff63, 0xff63, 18),
    (0xff64, 0xff65, 21),
    (0xff66, 0xff6f, 7),
    (0xff70, 0xff70, 6),
    (0xff71, 0xff9d, 7),
    (0xff9e, 0xff9f, 6),
    (0xffa0, 0xffbe, 7),
    (0xffbf, 0xffc1, 2),
    (0xffc2, 0xffc7, 7),
    (0xffc8, 0xffc9, 2),
    (0xffca, 0xffcf, 7),
    (0xffd0, 0xffd1, 2),
    (0xffd2, 0xffd7, 7),
    (0xffd8, 0xffd9, 2),
    (0xffda, 0xffdc, 7),
    (0xffdd, 0xffdf, 2),
    (0xffe0, 0xffe1, 23),
    (0xffe2, 0xffe2, 25),
    (0xffe3, 0xffe3, 24),
    (0xffe4, 0xffe4, 26),
    (0xffe5, 0xffe6, 23),
    (0xffe7, 0xffe7, 2),
    (0xffe8, 0xffe8, 26),
    (0xffe9, 0xffec, 25),
    (0xffed, 0xffee, 26),
    (0xffef, 0xfff8, 2),
    (0xfff9, 0xfffb, 1),
    (0xfffc, 0xfffd, 26),
    (0xfffe, 0xffff, 2),
    (0x10000, 0x1000b, 7),
    (0x1000c, 0x1000c, 2),
    (0x1000d, 0x10026, 7),
    (0x10027, 0x10027, 2),
    (0x10028, 0x1003a, 7),
    (0x1003b, 0x1003b, 2),
    (0x1003c, 0x1003d, 7),
    (0x1003e, 0x1003e, 2),
    (0x1003f, 0x1004d, 7),
    (0x1004e, 0x1004f, 2),
    (0x10050, 0x1005d, 7),
    (0x1005e, 0x1007f, 2),
    (0x10080, 0x100fa, 7),
    (0x100fb, 0x100ff, 2),
    (0x10100, 0x10102, 21),
    (0x10103, 0x10106, 2),
    (0x10107, 0x10133, 15),
    (0x10134, 0x10136, 2),
    (0x10137, 0x1013f, 26),
    (0x10140, 0x10174, 14),
    (0x10175, 0x10178, 15),
    (0x10179, 0x10189, 26),
    (0x1018a, 0x1018b, 15),
    (0x1018c, 0x1018e, 26),
    (0x1018f, 0x1018f, 2),
    (0x10190, 0x1019c, 26),
    (0x1019d, 0x1019f, 2),
    (0x101a0, 0x101a0, 26),
    (0x101a1, 0x101cf, 2),
    (0x101d0, 0x101fc, 26),
    (0x101fd, 0x101fd, 12),
    (0x101fe, 0x1027f, 2),
    (0x10280, 0x1029c, 7),
    (0x1029d, 0x1029f, 2),
    (0x102a0, 0x102d0, 7),
    (0x102d1, 0x102df, 2),
    (0x102e0, 0x102e0, 12),
    (0x102e1, 0x102fb, 15),
    (0x102fc, 0x102ff, 2),
    (0x10300, 0x1031f, 7),
    (0x10320, 0x10323, 15),
    (0x10324, 0x1032c, 2),
    (0x1032d, 0x10340, 7),
    (0x10341, 0x10341, 14),
    (0x10342, 0x10349, 7),
    (0x1034a, 0x1034a, 14),
    (0x1034b, 0x1034f, 2),
    (0x10350, 0x10375, 7),
    (0x10376, 0x1037a, 12),
    (0x1037b, 0x1037f, 2),
    (0x10380, 0x1039d, 7),
    (0x1039e, 0x1039e, 2),
    (0x1039f, 0x1039f, 21),
    (0x103a0, 0x103c3, 7),
    (0x103c4, 0x103c7, 2),
    (0x103c8, 0x103cf, 7),
    (0x103d0, 0x103d0, 21),
    (0x103d1, 0x103d5, 14),
    (0x103d6, 0x103ff, 2),
    (0x10400, 0x10427, 9),
    (0x10428, 0x1044f, 5),
    (0x10450, 0x1049d, 7),
    (0x1049e, 0x1049f, 2),
    (0x104a0, 0x104a9, 13),
    (0x104aa, 0x104af, 2),
    (0x104b0, 0x104d3, 9),
    (0x104d4, 0x104d7, 2),
    (0x104d8, 0x104fb, 5),
    (0x104fc, 0x104ff, 2),
    (0x10500, 0x10527, 7),
    (0x10528, 0x1052f, 2),
    (0x10530, 0x10563, 7),
    (0x10564, 0x1056e, 2),
    (0x1056f, 0x1056f, 21),
    (0x10570, 0x1057a, 9),
    (0x1057b, 0x1057b, 2),
    (0x1057c, 0x1058a, 9),
    (0x1058b, 0x1058b, 2),
    (0x1058c, 0x10592, 9),
    (0x10593, 0x10593, 2),
    (0x10594, 0x10595, 9),
    (0x10596, 0x10596, 2),
    (0x10597, 0x105a1, 5),
    (0x105a2, 0x105a2, 2),
    (0x105a3, 0x105b1, 5),
    (0x105b2, 0x105b2, 2),
    (0x105b3, 0x105b9, 5),
    (0x105ba, 0x105ba, 2),
    (0x105bb, 0x105bc, 5),
    (0x105bd, 0x105bf, 2),
    (0x105c0, 0x105f3, 7),
    (0x105f4, 0x105ff, 2),
    (0x10600, 0x10736, 7),
    (0x10737, 0x1073f, 2),
    (0x10740, 0x10755, 7),
    (0x10756, 0x1075f, 2),
    (0x10760, 0x10767, 7),
    (0x10768, 0x1077f, 2),
    (0x10780, 0x10785, 6),
    (0x10786, 0x10786, 2),
    (0x10787, 0x107b0, 6),
    (0x107b1, 0x107b1, 2),
    (0x107b2, 0x107ba, 6),
    (0x107bb, 0x107ff, 2),
    (0x10800, 0x10805, 7),
    (0x10806, 0x10807, 2),
    (0x10808, 0x10808, 7),
    (0x10809, 0x10809, 2),
    (0x1080a, 0x10835, 7),
    (0x10836, 0x10836, 2),
    (0x10837, 0x10838, 7),
    (0x10839, 0x1083b, 2),
    (0x1083c, 0x1083c, 7),
    (0x1083d, 0x1083e, 2),
    (0x1083f, 0x10855, 7),
    (0x10856, 0x10856, 2),
    (0x10857, 0x10857, 21),
    (0x10858, 0x1085f, 15),
    (0x10860, 0x10876, 7),
    (0x10877, 0x10878, 26),
    (0x10879, 0x1087f, 15),
    (0x10880, 0x1089e, 7),
    (0x1089f, 0x108a6, 2),
    (0x108a7, 0x108af, 15),
    (0x108b0, 0x108df, 2),
    (0x108e0, 0x108f2, 7),
    (0x108f3, 0x108f3, 2),
    (0x108f4, 0x108f5, 7),
    (0x108f6, 0x108fa, 2),
    (0x108fb, 0x108ff, 15),
    (0x10900, 0x10915, 7),
    (0x10916, 0x1091b, 15),
    (0x1091c, 0x1091e, 2),
    (0x1091f, 0x1091f, 21),
    (0x10920, 0x10939, 7),
    (0x1093a, 0x1093e, 2),
    (0x1093f, 0x1093f, 21),
    (0x10940, 0x10959, 7),
    (0x1095a, 0x1097f, 2),
    (0x10980, 0x109b7, 7),
    (0x109b8, 0x109bb, 2),
    (0x109bc, 0x109bd, 15),
    (0x109be, 0x109bf, 7),
    (0x109c0, 0x109cf, 15),
    (0x109d0, 0x109d1, 2),
    (0x109d2, 0x109ff, 15),
    (0x10a00, 0x10a00, 7),
    (0x10a01, 0x10a03, 12),
    (0x10a04, 0x10a04, 2),
    (0x10a05, 0x10a06, 12),
    (0x10a07, 0x10a0b, 2),
    (0x10a0c, 0x10a0f, 12),
    (0x10a10, 0x10a13, 7),
    (0x10a14, 0x10a14, 2),
    (0x10a15, 0x10a17, 7),
    (0x10a18, 0x10a18, 2),
    (0x10a19, 0x10a35, 7),
    (0x10a36, 0x10a37, 2),
    (0x10a38, 0x10a3a, 12),
    (0x10a3b, 0x10a3e, 2),
    (0x10a3f, 0x10a3f, 12),
    (0x10a40, 0x10a48, 15),
    (0x10a49, 0x10a4f, 2),
    (0x10a50, 0x10a58, 21),
    (0x10a59, 0x10a5f, 2),
    (0x10a60, 0x10a7c, 7),
    (0x10a7d, 0x10a7e, 15),
    (0x10a7f, 0x10a7f, 21),
    (0x10a80, 0x10a9c, 7),
    (0x10a9d, 0x10a9f, 15),
    (0x10aa0, 0x10abf, 2),
    (0x10ac0, 0x10ac7, 7),
    (0x10ac8, 0x10ac8, 26),
    (0x10ac9, 0x10ae4, 7),
    (0x10ae5, 0x10ae6, 12),
    (0x10ae7, 0x10aea, 2),
    (0x10aeb, 0x10aef, 15),
    (0x10af0, 0x10af6, 21),
    (0x10af7, 0x10aff, 2),
    (0x10b00, 0x10b35, 7),
    (0x10b36, 0x10b38, 2),
    (0x10b39, 0x10b3f, 21),
    (0x10b40, 0x10b55, 7),
    (0x10b56, 0x10b57, 2),
    (0x10b58, 0x10b5f, 15),
    (0x10b60, 0x10b72, 7),
    (0x10b73, 0x10b77, 2),
    (0x10b78, 0x10b7f, 15),
    (0x10b80, 0x10b91, 7),
    (0x10b92, 0x10b98, 2),
    (0x10b99, 0x10b9c, 21),
    (0x10b9d, 0x10ba8, 2),
    (0x10ba9, 0x10baf, 15),
    (0x10bb0, 0x10bff, 2),
    (0x10c00, 0x10c48, 7),
    (0x10c49, 0x10c7f, 2),
    (0x10c80, 0x10cb2, 9),
    (0x10cb3, 0x10cbf, 2),
    (0x10cc0, 0x10cf2, 5),
    (0x10cf3, 0x10cf9, 2),
    (0x10cfa, 0x10cff, 15),
    (0x10d00, 0x10d23, 7),
    (0x10d24, 0x10d27, 12),
    (0x10d28, 0x10d2f, 2),
    (0x10d30, 0x10d39, 13),
    (0x10d3a, 0x10d3f, 2),
    (0x10d40, 0x10d49, 13),
    (0x10d4a, 0x10d4d, 7),
    (0x10d4e, 0x10d4e, 6),
    (0x10d4f, 0x10d4f, 7),
    (0x10d50, 0x10d65, 9),
    (0x10d66, 0x10d68, 2),
    (0x10d69, 0x10d6d, 12),
    (0x10d6e, 0x10d6e, 17),
    (0x10d6f, 0x10d6f, 6),
    (0x10d70, 0x10d85, 5),
    (0x10d86, 0x10d8d, 2),
    (0x10d8e, 0x10d8f, 25),
    (0x10d90, 0x10e5f, 2),
    (0x10e60, 0x10e7e, 15),
    (0x10e7f, 0x10e7f, 2),
    (0x10e80, 0x10ea9, 7),
    (0x10eaa, 0x10eaa, 2),
    (0x10eab, 0x10eac, 12),
    (0x10ead, 0x10ead, 17),
    (0x10eae, 0x10eaf, 2),
    (0x10eb0, 0x10eb1, 7),
    (0x10eb2, 0x10ec1, 2),
    (0x10ec2, 0x10ec4, 7),
    (0x10ec5, 0x10ec5, 6),
    (0x10ec6, 0x10ec7, 7),
    (0x10ec8, 0x10ecf, 2),
    (0x10ed0, 0x10ed0, 21),
    (0x10ed1, 0x10ed8, 26),
    (0x10ed9, 0x10ef9, 2),
    (0x10efa, 0x10eff, 12),
    (0x10f00, 0x10f1c, 7),
    (0x10f1d, 0x10f26, 15),
    (0x10f27, 0x10f27, 7),
    (0x10f28, 0x10f2f, 2),
    (0x10f30, 0x10f45, 7),
    (0x10f46, 0x10f50, 12),
    (0x10f51, 0x10f54, 15),
    (0x10f55, 0x10f59, 21),
    (0x10f5a, 0x10f6f, 2),
    (0x10f70, 0x10f81, 7),
    (0x10f82, 0x10f85, 12),
    (0x10f86, 0x10f89, 21),
    (0x10f8a, 0x10faf, 2),
    (0x10fb0, 0x10fc4, 7),
    (0x10fc5, 0x10fcb, 15),
    (0x10fcc, 0x10fdf, 2),
    (0x10fe0, 0x10ff6, 7),
    (0x10ff7, 0x10fff, 2),
    (0x11000, 0x11000, 10),
    (0x11001, 0x11001, 12),
    (0x11002, 0x11002, 10),
    (0x11003, 0x11037, 7),
    (0x11038, 0x11046, 12),
    (0x11047, 0x1104d, 21),
    (0x1104e, 0x11051, 2),
    (0x11052, 0x11065, 15),
    (0x11066, 0x1106f, 13),
    (0x11070, 0x11070, 12),
    (0x11071, 0x11072, 7),
    (0x11073, 0x11074, 12),
    (0x11075, 0x11075, 7),
    (0x11076, 0x1107e, 2),
    (0x1107f, 0x11081, 12),
    (0x11082, 0x11082, 10),
    (0x11083, 0x110af, 7),
    (0x110b0, 0x110b2, 10),
    (0x110b3, 0x110b6, 12),
    (0x110b7, 0x110b8, 10),
    (0x110b9, 0x110ba, 12),
    (0x110bb, 0x110bc, 21),
    (0x110bd, 0x110bd, 1),
    (0x110be, 0x110c1, 21),
    (0x110c2, 0x110c2, 12),
    (0x110c3, 0x110cc, 2),
    (0x110cd, 0x110cd, 1),
    (0x110ce, 0x110cf, 2),
    (0x110d0, 0x110e8, 7),
    (0x110e9, 0x110ef, 2),
    (0x110f0, 0x110f9, 13),
    (0x110fa, 0x110ff, 2),
    (0x11100, 0x11102, 12),
    (0x11103, 0x11126, 7),
    (0x11127, 0x1112b, 12),
    (0x1112c, 0x1112c, 10),
    (0x1112d, 0x11134, 12),
    (0x11135, 0x11135, 2),
    (0x11136, 0x1113f, 13),
    (0x11140, 0x11143, 21),
    (0x11144, 0x11144, 7),
    (0x11145, 0x11146, 10),
    (0x11147, 0x11147, 7),
    (0x11148, 0x1114f, 2),
    (0x11150, 0x11172, 7),
    (0x11173, 0x11173, 12),
    (0x11174, 0x11175, 21),
    (0x11176, 0x11176, 7),
    (0x11177, 0x1117f, 2),
    (0x11180, 0x11181, 12),
    (0x11182, 0x11182, 10),
    (0x11183, 0x111b2, 7),
    (0x111b3, 0x111b5, 10),
    (0x111b6, 0x111be, 12),
    (0x111bf, 0x111c0, 10),
    (0x111c1, 0x111c4, 7),
    (0x111c5, 0x111c8, 21),
    (0x111c9, 0x111cc, 12),
    (0x111cd, 0x111cd, 21),
    (0x111ce, 0x111ce, 10),
    (0x111cf, 0x111cf, 12),
    (0x111d0, 0x111d9, 13),
    (0x111da, 0x111da, 7),
    (0x111db, 0x111db, 21),
    (0x111dc, 0x111dc, 7),
    (0x111dd, 0x111df, 21),
    (0x111e0, 0x111e0, 2),
    (0x111e1, 0x111f4, 15),
    (0x111f5, 0x111ff, 2),
    (0x11200, 0x11211, 7),
    (0x11212, 0x11212, 2),
    (0x11213, 0x1122b, 7),
    (0x1122c, 0x1122e, 10),
    (0x1122f, 0x11231, 12),
    (0x11232, 0x11233, 10),
    (0x11234, 0x11234, 12),
    (0x11235, 0x11235, 10),
    (0x11236, 0x11237, 12),
    (0x11238, 0x1123d, 21),
    (0x1123e, 0x1123e, 12),
    (0x1123f, 0x11240, 7),
    (0x11241, 0x11241, 12),
    (0x11242, 0x1127f, 2),
    (0x11280, 0x11286, 7),
    (0x11287, 0x11287, 2),
    (0x11288, 0x11288, 7),
    (0x11289, 0x11289, 2),
    (0x1128a, 0x1128d, 7),
    (0x1128e, 0x1128e, 2),
    (0x1128f, 0x1129d, 7),
    (0x1129e, 0x1129e, 2),
    (0x1129f, 0x112a8, 7),
    (0x112a9, 0x112a9, 21),
    (0x112aa, 0x112af, 2),
    (0x112b0, 0x112de, 7),
    (0x112df, 0x112df, 12),
    (0x112e0, 0x112e2, 10),
    (0x112e3, 0x112ea, 12),
    (0x112eb, 0x112ef, 2),
    (0x112f0, 0x112f9, 13),
    (0x112fa, 0x112ff, 2),
    (0x11300, 0x11301, 12),
    (0x11302, 0x11303, 10),
    (0x11304, 0x11304, 2),
    (0x11305, 0x1130c, 7),
    (0x1130d, 0x1130e, 2),
    (0x1130f, 0x11310, 7),
    (0x11311, 0x11312, 2),
    (0x11313, 0x11328, 7),
    (0x11329, 0x11329, 2),
    (0x1132a, 0x11330, 7),
    (0x11331, 0x11331, 2),
    (0x11332, 0x11333, 7),
    (0x11334, 0x11334, 2),
    (0x11335, 0x11339, 7),
    (0x1133a, 0x1133a, 2),
    (0x1133b, 0x1133c, 12),
    (0x1133d, 0x1133d, 7),
    (0x1133e, 0x1133f, 10),
    (0x11340, 0x11340, 12),
    (0x11341, 0x11344, 10),
    (0x11345, 0x11346, 2),
    (0x11347, 0x11348, 10),
    (0x11349, 0x1134a, 2),
    (0x1134b, 0x1134d, 10),
    (0x1134e, 0x1134f, 2),
    (0x11350, 0x11350, 7),
    (0x11351, 0x11356, 2),
    (0x11357, 0x11357, 10),
    (0x11358, 0x1135c, 2),
    (0x1135d, 0x11361, 7),
    (0x11362, 0x11363, 10),
    (0x11364, 0x11365, 2),
    (0x11366, 0x1136c, 12),
    (0x1136d, 0x1136f, 2),
    (0x11370, 0x11374, 12),
    (0x11375, 0x1137f, 2),
    (0x11380, 0x11389, 7),
    (0x1138a, 0x1138a, 2),
    (0x1138b, 0x1138b, 7),
    (0x1138c, 0x1138d, 2),
    (0x1138e, 0x1138e, 7),
    (0x1138f, 0x1138f, 2),
    (0x11390, 0x113b5, 7),
    (0x113b6, 0x113b6, 2),
    (0x113b7, 0x113b7, 7),
    (0x113b8, 0x113ba, 10),
    (0x113bb, 0x113c0, 12),
    (0x113c1, 0x113c1, 2),
    (0x113c2, 0x113c2, 10),
    (0x113c3, 0x113c4, 2),
    (0x113c5, 0x113c5, 10),
    (0x113c6, 0x113c6, 2),
    (0x113c7, 0x113ca, 10),
    (0x113cb, 0x113cb, 2),
    (0x113cc, 0x113cd, 10),
    (0x113ce, 0x113ce, 12),
    (0x113cf, 0x113cf, 10),
    (0x113d0, 0x113d0, 12),
    (0x113d1, 0x113d1, 7),
    (0x113d2, 0x113d2, 12),
    (0x113d3, 0x113d3, 7),
    (0x113d4, 0x113d5, 21),
    (0x113d6, 0x113d6, 2),
    (0x113d7, 0x113d8, 21),
    (0x113d9, 0x113e0, 2),
    (0x113e1, 0x113e2, 12),
    (0x113e3, 0x113ff, 2),
    (0x11400, 0x11434, 7),
    (0x11435, 0x11437, 10),
    (0x11438, 0x1143f, 12),
    (0x11440, 0x11441, 10),
    (0x11442, 0x11444, 12),
    (0x11445, 0x11445, 10),
    (0x11446, 0x11446, 12),
    (0x11447, 0x1144a, 7),
    (0x1144b, 0x1144f, 21),
    (0x11450, 0x11459, 13),
    (0x1145a, 0x1145b, 21),
    (0x1145c, 0x1145c, 2),
    (0x1145d, 0x1145d, 21),
    (0x1145e, 0x1145e, 12),
    (0x1145f, 0x11461, 7),
    (0x11462, 0x1147f, 2),
    (0x11480, 0x114af, 7),
    (0x114b0, 0x114b2, 10),
    (0x114b3, 0x114b8, 12),
    (0x114b9, 0x114b9, 10),
    (0x114ba, 0x114ba, 12),
    (0x114bb, 0x114be, 10),
    (0x114bf, 0x114c0, 12),
    (0x114c1, 0x114c1, 10),
    (0x114c2, 0x114c3, 12),
    (0x114c4, 0x114c5, 7),
    (0x114c6, 0x114c6, 21),
    (0x114c7, 0x114c7, 7),
    (0x114c8, 0x114cf, 2),
    (0x114d0, 0x114d9, 13),
    (0x114da, 0x1157f, 2),
    (0x11580, 0x115ae, 7),
    (0x115af, 0x115b1, 10),
    (0x115b2, 0x115b5, 12),
    (0x115b6, 0x115b7, 2),
    (0x115b8, 0x115bb, 10),
    (0x115bc, 0x115bd, 12),
    (0x115be, 0x115be, 10),
    (0x115bf, 0x115c0, 12),
    (0x115c1, 0x115d7, 21),
    (0x115d8, 0x115db, 7),
    (0x115dc, 0x115dd, 12),
    (0x115de, 0x115ff, 2),
    (0x11600, 0x1162f, 7),
    (0x11630, 0x11632, 10),
    (0x11633, 0x1163a, 12),
    (0x1163b, 0x1163c, 10),
    (0x1163d, 0x1163d, 12),
    (0x1163e, 0x1163e, 10),
    (0x1163f, 0x11640, 12),
    (0x11641, 0x11643, 21),
    (0x11644, 0x11644, 7),
    (0x11645, 0x1164f, 2),
    (0x11650, 0x11659, 13),
    (0x1165a, 0x1165f, 2),
    (0x11660, 0x1166c, 21),
    (0x1166d, 0x1167f, 2),
    (0x11680, 0x116aa, 7),
    (0x116ab, 0x116ab, 12),
    (0x116ac, 0x116ac, 10),
    (0x116ad, 0x116ad, 12),
    (0x116ae, 0x116af, 10),
    (0x116b0, 0x116b5, 12),
    (0x116b6, 0x116b6, 10),
    (0x116b7, 0x116b7, 12),
    (0x116b8, 0x116b8, 7),
    (0x116b9, 0x116b9, 21),
    (0x116ba, 0x116bf, 2),
    (0x116c0, 0x116c9, 13),
    (0x116ca, 0x116cf, 2),
    (0x116d0, 0x116e3, 13),
    (0x116e4, 0x116ff, 2),
    (0x11700, 0x1171a, 7),
    (0x1171b, 0x1171c, 2),
    (0x1171d, 0x1171d, 12),
    (0x1171e, 0x1171e, 10),
    (0x1171f, 0x1171f, 12),
    (0x11720, 0x11721, 10),
    (0x11722, 0x11725, 12),
    (0x11726, 0x11726, 10),
    (0x11727, 0x1172b, 12),
    (0x1172c, 0x1172f, 2),
    (0x11730, 0x11739, 13),
    (0x1173a, 0x1173b, 15),
    (0x1173c, 0x1173e, 21),
    (0x1173f, 0x1173f, 26),
    (0x11740, 0x11746, 7),
    (0x11747, 0x117ff, 2),
    (0x11800, 0x1182b, 7),
    (0x1182c, 0x1182e, 10),
    (0x1182f, 0x11837, 12),
    (0x11838, 0x11838, 10),
    (0x11839, 0x1183a, 12),
    (0x1183b, 0x1183b, 21),
    (0x1183c, 0x1189f, 2),
    (0x118a0, 0x118bf, 9),
    (0x118c0, 0x118df, 5),
    (0x118e0, 0x118e9, 13),
    (0x118ea, 0x118f2, 15),
    (0x118f3, 0x118fe, 2),
    (0x118ff, 0x11906, 7),
    (0x11907, 0x11908, 2),
    (0x11909, 0x11909, 7),
    (0x1190a, 0x1190b, 2),
    (0x1190c, 0x11913, 7),
    (0x11914, 0x11914, 2),
    (0x11915, 0x11916, 7),
    (0x11917, 0x11917, 2),
    (0x11918, 0x1192f, 7),
    (0x11930, 0x11935, 10),
    (0x11936, 0x11936, 2),
    (0x11937, 0x11938, 10),
    (0x11939, 0x1193a, 2),
    (0x1193b, 0x1193c, 12),
    (0x1193d, 0x1193d, 10),
    (0x1193e, 0x1193e, 12),
    (0x1193f, 0x1193f, 7),
    (0x11940, 0x11940, 10),
    (0x11941, 0x11941, 7),
    (0x11942, 0x11942, 10),
    (0x11943, 0x11943, 12),
    (0x11944, 0x11946, 21),
    (0x11947, 0x1194f, 2),
    (0x11950, 0x11959, 13),
    (0x1195a, 0x1199f, 2),
    (0x119a0, 0x119a7, 7),
    (0x119a8, 0x119a9, 2),
    (0x119aa, 0x119d0, 7),
    (0x119d1, 0x119d3, 10),
    (0x119d4, 0x119d7, 12),
    (0x119d8, 0x119d9, 2),
    (0x119da, 0x119db, 12),
    (0x119dc, 0x119df, 10),
    (0x119e0, 0x119e0, 12),
    (0x119e1, 0x119e1, 7),
    (0x119e2, 0x119e2, 21),
    (0x119e3, 0x119e3, 7),
    (0x119e4, 0x119e4, 10),
    (0x119e5, 0x119ff, 2),
    (0x11a00, 0x11a00, 7),
    (0x11a01, 0x11a0a, 12),
    (0x11a0b, 0x11a32, 7),
    (0x11a33, 0x11a38, 12),
    (0x11a39, 0x11a39, 10),
    (0x11a3a, 0x11a3a, 7),
    (0x11a3b, 0x11a3e, 12),
    (0x11a3f, 0x11a46, 21),
    (0x11a47, 0x11a47, 12),
    (0x11a48, 0x11a4f, 2),
    (0x11a50, 0x11a50, 7),
    (0x11a51, 0x11a56, 12),
    (0x11a57, 0x11a58, 10),
    (0x11a59, 0x11a5b, 12),
    (0x11a5c, 0x11a89, 7),
    (0x11a8a, 0x11a96, 12),
    (0x11a97, 0x11a97, 10),
    (0x11a98, 0x11a99, 12),
    (0x11a9a, 0x11a9c, 21),
    (0x11a9d, 0x11a9d, 7),
    (0x11a9e, 0x11aa2, 21),
    (0x11aa3, 0x11aaf, 2),
    (0x11ab0, 0x11af8, 7),
    (0x11af9, 0x11aff, 2),
    (0x11b00, 0x11b09, 21),
    (0x11b0a, 0x11b5f, 2),
    (0x11b60, 0x11b60, 12),
    (0x11b61, 0x11b61, 10),
    (0x11b62, 0x11b64, 12),
    (0x11b65, 0x11b65, 10),
    (0x11b66, 0x11b66, 12),
    (0x11b67, 0x11b67, 10),
    (0x11b68, 0x11bbf, 2),
    (0x11bc0, 0x11be0, 7),
    (0x11be1, 0x11be1, 21),
    (0x11be2, 0x11bef, 2),
    (0x11bf0, 0x11bf9, 13),
    (0x11bfa, 0x11bff, 2),
    (0x11c00, 0x11c08, 7),
    (0x11c09, 0x11c09, 2),
    (0x11c0a, 0x11c2e, 7),
    (0x11c2f, 0x11c2f, 10),
    (0x11c30, 0x11c36, 12),
    (0x11c37, 0x11c37, 2),
    (0x11c38, 0x11c3d, 12),
    (0x11c3e, 0x11c3e, 10),
    (0x11c3f, 0x11c3f, 12),
    (0x11c40, 0x11c40, 7),
    (0x11c41, 0x11c45, 21),
    (0x11c46, 0x11c4f, 2),
    (0x11c50, 0x11c59, 13),
    (0x11c5a, 0x11c6c, 15),
    (0x11c6d, 0x11c6f, 2),
    (0x11c70, 0x11c71, 21),
    (0x11c72, 0x11c8f, 7),
    (0x11c90, 0x11c91, 2),
    (0x11c92, 0x11ca7, 12),
    (0x11ca8, 0x11ca8, 2),
    (0x11ca9, 0x11ca9, 10),
    (0x11caa, 0x11cb0, 12),
    (0x11cb1, 0x11cb1, 10),
    (0x11cb2, 0x11cb3, 12),
    (0x11cb4, 0x11cb4, 10),
    (0x11cb5, 0x11cb6, 12),
    (0x11cb7, 0x11cff, 2),
    (0x11d00, 0x11d06, 7),
    (0x11d07, 0x11d07, 2),
    (0x11d08, 0x11d09, 7),
    (0x11d0a, 0x11d0a, 2),
    (0x11d0b, 0x11d30, 7),
    (0x11d31, 0x11d36, 12),
    (0x11d37, 0x11d39, 2),
    (0x11d3a, 0x11d3a, 12),
    (0x11d3b, 0x11d3b, 2),
    (0x11d3c, 0x11d3d, 12),
    (0x11d3e, 0x11d3e, 2),
    (0x11d3f, 0x11d45, 12),
    (0x11d46, 0x11d46, 7),
    (0x11d47, 0x11d47, 12),
    (0x11d48, 0x11d4f, 2),
    (0x11d50, 0x11d59, 13),
    (0x11d5a, 0x11d5f, 2),
    (0x11d60, 0x11d65, 7),
    (0x11d66, 0x11d66, 2),
    (0x11d67, 0x11d68, 7),
    (0x11d69, 0x11d69, 2),
    (0x11d6a, 0x11d89, 7),
    (0x11d8a, 0x11d8e, 10),
    (0x11d8f, 0x11d8f, 2),
    (0x11d90, 0x11d91, 12),
    (0x11d92, 0x11d92, 2),
    (0x11d93, 0x11d94, 10),
    (0x11d95, 0x11d95, 12),
    (0x11d96, 0x11d96, 10),
    (0x11d97, 0x11d97, 12),
    (0x11d98, 0x11d98, 7),
    (0x11d99, 0x11d9f, 2),
    (0x11da0, 0x11da9, 13),
    (0x11daa, 0x11daf, 2),
    (0x11db0, 0x11dd8, 7),
    (0x11dd9, 0x11dd9, 6),
    (0x11dda, 0x11ddb, 7),
    (0x11ddc, 0x11ddf, 2),
    (0x11de0, 0x11de9, 13),
    (0x11dea, 0x11edf, 2),
    (0x11ee0, 0x11ef2, 7),
    (0x11ef3, 0x11ef4, 12),
    (0x11ef5, 0x11ef6, 10),
    (0x11ef7, 0x11ef8, 21),
    (0x11ef9, 0x11eff, 2),
    (0x11f00, 0x11f01, 12),
    (0x11f02, 0x11f02, 7),
    (0x11f03, 0x11f03, 10),
    (0x11f04, 0x11f10, 7),
    (0x11f11, 0x11f11, 2),
    (0x11f12, 0x11f33, 7),
    (0x11f34, 0x11f35, 10),
    (0x11f36, 0x11f3a, 12),
    (0x11f3b, 0x11f3d, 2),
    (0x11f3e, 0x11f3f, 10),
    (0x11f40, 0x11f40, 12),
    (0x11f41, 0x11f41, 10),
    (0x11f42, 0x11f42, 12),
    (0x11f43, 0x11f4f, 21),
    (0x11f50, 0x11f59, 13),
    (0x11f5a, 0x11f5a, 12),
    (0x11f5b, 0x11faf, 2),
    (0x11fb0, 0x11fb0, 7),
    (0x11fb1, 0x11fbf, 2),
    (0x11fc0, 0x11fd4, 15),
    (0x11fd5, 0x11fdc, 26),
    (0x11fdd, 0x11fe0, 23),
    (0x11fe1, 0x11ff1, 26),
    (0x11ff2, 0x11ffe, 2),
    (0x11fff, 0x11fff, 21),
    (0x12000, 0x12399, 7),
    (0x1239a, 0x123ff, 2),
    (0x12400, 0x1246e, 14),
    (0x1246f, 0x1246f, 2),
    (0x12470, 0x12474, 21),
    (0x12475, 0x1247f, 2),
    (0x12480, 0x12543, 7),
    (0x12544, 0x12f8f, 2),
    (0x12f90, 0x12ff0, 7),
    (0x12ff1, 0x12ff2, 21),
    (0x12ff3, 0x12fff, 2),
    (0x13000, 0x1342f, 7),
    (0x13430, 0x1343f, 1),
    (0x13440, 0x13440, 12),
    (0x13441, 0x13446, 7),
    (0x13447, 0x13455, 12),
    (0x13456, 0x1345f, 2),
    (0x13460, 0x143fa, 7),
    (0x143fb, 0x143ff, 2),
    (0x14400, 0x14646, 7),
    (0x14647, 0x160ff, 2),
    (0x16100, 0x1611d, 7),
    (0x1611e, 0x16129, 12),
    (0x1612a, 0x1612c, 10),
    (0x1612d, 0x1612f, 12),
    (0x16130, 0x16139, 13),
    (0x1613a, 0x167ff, 2),
    (0x16800, 0x16a38, 7),
    (0x16a39, 0x16a3f, 2),
    (0x16a40, 0x16a5e, 7),
    (0x16a5f, 0x16a5f, 2),
    (0x16a60, 0x16a69, 13),
    (0x16a6a, 0x16a6d, 2),
    (0x16a6e, 0x16a6f, 21),
    (0x16a70, 0x16abe, 7),
    (0x16abf, 0x16abf, 2),
    (0x16ac0, 0x16ac9, 13),
    (0x16aca, 0x16acf, 2),
    (0x16ad0, 0x16aed, 7),
    (0x16aee, 0x16aef, 2),
    (0x16af0, 0x16af4, 12),
    (0x16af5, 0x16af5, 21),
    (0x16af6, 0x16aff, 2),
    (0x16b00, 0x16b2f, 7),
    (0x16b30, 0x16b36, 12),
    (0x16b37, 0x16b3b, 21),
    (0x16b3c, 0x16b3f, 26),
    (0x16b40, 0x16b43, 6),
    (0x16b44, 0x16b44, 21),
    (0x16b45, 0x16b45, 26),
    (0x16b46, 0x16b4f, 2),
    (0x16b50, 0x16b59, 13),
    (0x16b5a, 0x16b5a, 2),
    (0x16b5b, 0x16b61, 15),
    (0x16b62, 0x16b62, 2),
    (0x16b63, 0x16b77, 7),
    (0x16b78, 0x16b7c, 2),
    (0x16b7d, 0x16b8f, 7),
    (0x16b90, 0x16d3f, 2),
    (0x16d40, 0x16d42, 6),
    (0x16d43, 0x16d6a, 7),
    (0x16d6b, 0x16d6c, 6),
    (0x16d6d, 0x16d6f, 21),
    (0x16d70, 0x16d79, 13),
    (0x16d7a, 0x16e3f, 2),
    (0x16e40, 0x16e5f, 9),
    (0x16e60, 0x16e7f, 5),
    (0x16e80, 0x16e96, 15),
    (0x16e97, 0x16e9a, 21),
    (0x16e9b, 0x16e9f, 2),
    (0x16ea0, 0x16eb8, 9),
    (0x16eb9, 0x16eba, 2),
    (0x16ebb, 0x16ed3, 5),
    (0x16ed4, 0x16eff, 2),
    (0x16f00, 0x16f4a, 7),
    (0x16f4b, 0x16f4e, 2),
    (0x16f4f, 0x16f4f, 12),
    (0x16f50, 0x16f50, 7),
    (0x16f51, 0x16f87, 10),
    (0x16f88, 0x16f8e, 2),
    (0x16f8f, 0x16f92, 12),
    (0x16f93, 0x16f9f, 6),
    (0x16fa0, 0x16fdf, 2),
    (0x16fe0, 0x16fe1, 6),
    (0x16fe2, 0x16fe2, 21),
    (0x16fe3, 0x16fe3, 6),
    (0x16fe4, 0x16fe4, 12),
    (0x16fe5, 0x16fef, 2),
    (0x16ff0, 0x16ff1, 10),
    (0x16ff2, 0x16ff3, 6),
    (0x16ff4, 0x16ff6, 14),
    (0x16ff7, 0x16fff, 2),
    (0x17000, 0x18cd5, 7),
    (0x18cd6, 0x18cfe, 2),
    (0x18cff, 0x18d1e, 7),
    (0x18d1f, 0x18d7f, 2),
    (0x18d80, 0x18df2, 7),
    (0x18df3, 0x1afef, 2),
    (0x1aff0, 0x1aff3, 6),
    (0x1aff4, 0x1aff4, 2),
    (0x1aff5, 0x1affb, 6),
    (0x1affc, 0x1affc, 2),
    (0x1affd, 0x1affe, 6),
    (0x1afff, 0x1afff, 2),
    (0x1b000, 0x1b122, 7),
    (0x1b123, 0x1b131, 2),
    (0x1b132, 0x1b132, 7),
    (0x1b133, 0x1b14f, 2),
    (0x1b150, 0x1b152, 7),
    (0x1b153, 0x1b154, 2),
    (0x1b155, 0x1b155, 7),
    (0x1b156, 0x1b163, 2),
    (0x1b164, 0x1b167, 7),
    (0x1b168, 0x1b16f, 2),
    (0x1b170, 0x1b2fb, 7),
    (0x1b2fc, 0x1bbff, 2),
    (0x1bc00, 0x1bc6a, 7),
    (0x1bc6b, 0x1bc6f, 2),
    (0x1bc70, 0x1bc7c, 7),
    (0x1bc7d, 0x1bc7f, 2),
    (0x1bc80, 0x1bc88, 7),
    (0x1bc89, 0x1bc8f, 2),
    (0x1bc90, 0x1bc99, 7),
    (0x1bc9a, 0x1bc9b, 2),
    (0x1bc9c, 0x1bc9c, 26),
    (0x1bc9d, 0x1bc9e, 12),
    (0x1bc9f, 0x1bc9f, 21),
    (0x1bca0, 0x1bca3, 1),
    (0x1bca4, 0x1cbff, 2),
    (0x1cc00, 0x1ccef, 26),
    (0x1ccf0, 0x1ccf9, 13),
    (0x1ccfa, 0x1ccfc, 26),
    (0x1ccfd, 0x1ccff, 2),
    (0x1cd00, 0x1ceb3, 26),
    (0x1ceb4, 0x1ceb9, 2),
    (0x1ceba, 0x1ced0, 26),
    (0x1ced1, 0x1cedf, 2),
    (0x1cee0, 0x1ceef, 26),
    (0x1cef0, 0x1cef0, 25),
    (0x1cef1, 0x1ceff, 2),
    (0x1cf00, 0x1cf2d, 12),
    (0x1cf2e, 0x1cf2f, 2),
    (0x1cf30, 0x1cf46, 12),
    (0x1cf47, 0x1cf4f, 2),
    (0x1cf50, 0x1cfc3, 26),
    (0x1cfc4, 0x1cfff, 2),
    (0x1d000, 0x1d0f5, 26),
    (0x1d0f6, 0x1d0ff, 2),
    (0x1d100, 0x1d126, 26),
    (0x1d127, 0x1d128, 2),
    (0x1d129, 0x1d164, 26),
    (0x1d165, 0x1d166, 10),
    (0x1d167, 0x1d169, 12),
    (0x1d16a, 0x1d16c, 26),
    (0x1d16d, 0x1d172, 10),
    (0x1d173, 0x1d17a, 1),
    (0x1d17b, 0x1d182, 12),
    (0x1d183, 0x1d184, 26),
    (0x1d185, 0x1d18b, 12),
    (0x1d18c, 0x1d1a9, 26),
    (0x1d1aa, 0x1d1ad, 12),
    (0x1d1ae, 0x1d1ea, 26),
    (0x1d1eb, 0x1d1ff, 2),
    (0x1d200, 0x1d241, 26),
    (0x1d242, 0x1d244, 12),
    (0x1d245, 0x1d245, 26),
    (0x1d246, 0x1d2bf, 2),
    (0x1d2c0, 0x1d2d3, 15),
    (0x1d2d4, 0x1d2df, 2),
    (0x1d2e0, 0x1d2f3, 15),
    (0x1d2f4, 0x1d2ff, 2),
    (0x1d300, 0x1d356, 26),
    (0x1d357, 0x1d35f, 2),
    (0x1d360, 0x1d378, 15),
    (0x1d379, 0x1d3ff, 2),
    (0x1d400, 0x1d419, 9),
    (0x1d41a, 0x1d433, 5),
    (0x1d434, 0x1d44d, 9),
    (0x1d44e, 0x1d454, 5),
    (0x1d455, 0x1d455, 2),
    (0x1d456, 0x1d467, 5),
    (0x1d468, 0x1d481, 9),
    (0x1d482, 0x1d49b, 5),
    (0x1d49c, 0x1d49c, 9),
    (0x1d49d, 0x1d49d, 2),
    (0x1d49e, 0x1d49f, 9),
    (0x1d4a0, 0x1d4a1, 2),
    (0x1d4a2, 0x1d4a2, 9),
    (0x1d4a3, 0x1d4a4, 2),
    (0x1d4a5, 0x1d4a6, 9),
    (0x1d4a7, 0x1d4a8, 2),
    (0x1d4a9, 0x1d4ac, 9),
    (0x1d4ad, 0x1d4ad, 2),
    (0x1d4ae, 0x1d4b5, 9),
    (0x1d4b6, 0x1d4b9, 5),
    (0x1d4ba, 0x1d4ba, 2),
    (0x1d4bb, 0x1d4bb, 5),
    (0x1d4bc, 0x1d4bc, 2),
    (0x1d4bd, 0x1d4c3, 5),
    (0x1d4c4, 0x1d4c4, 2),
    (0x1d4c5, 0x1d4cf, 5),
    (0x1d4d0, 0x1d4e9, 9),
    (0x1d4ea, 0x1d503, 5),
    (0x1d504, 0x1d505, 9),
    (0x1d506, 0x1d506, 2),
    (0x1d507, 0x1d50a, 9),
    (0x1d50b, 0x1d50c, 2),
    (0x1d50d, 0x1d514, 9),
    (0x1d515, 0x1d515, 2),
    (0x1d516, 0x1d51c, 9),
    (0x1d51d, 0x1d51d, 2),
    (0x1d51e, 0x1d537, 5),
    (0x1d538, 0x1d539, 9),
    (0x1d53a, 0x1d53a, 2),
    (0x1d53b, 0x1d53e, 9),
    (0x1d53f, 0x1d53f, 2),
    (0x1d540, 0x1d544, 9),
    (0x1d545, 0x1d545, 2),
    (0x1d546, 0x1d546, 9),
    (0x1d547, 0x1d549, 2),
    (0x1d54a, 0x1d550, 9),
    (0x1d551, 0x1d551, 2),
    (0x1d552, 0x1d56b, 5),
    (0x1d56c, 0x1d585, 9),
    (0x1d586, 0x1d59f, 5),
    (0x1d5a0, 0x1d5b9, 9),
    (0x1d5ba, 0x1d5d3, 5),
    (0x1d5d4, 0x1d5ed, 9),
    (0x1d5ee, 0x1d607, 5),
    (0x1d608, 0x1d621, 9),
    (0x1d622, 0x1d63b, 5),
    (0x1d63c, 0x1d655, 9),
    (0x1d656, 0x1d66f, 5),
    (0x1d670, 0x1d689, 9),
    (0x1d68a, 0x1d6a5, 5),
    (0x1d6a6, 0x1d6a7, 2),
    (0x1d6a8, 0x1d6c0, 9),
    (0x1d6c1, 0x1d6c1, 25),
    (0x1d6c2, 0x1d6da, 5),
    (0x1d6db, 0x1d6db, 25),
    (0x1d6dc, 0x1d6e1, 5),
    (0x1d6e2, 0x1d6fa, 9),
    (0x1d6fb, 0x1d6fb, 25),
    (0x1d6fc, 0x1d714, 5),
    (0x1d715, 0x1d715, 25),
    (0x1d716, 0x1d71b, 5),
    (0x1d71c, 0x1d734, 9),
    (0x1d735, 0x1d735, 25),
    (0x1d736, 0x1d74e, 5),
    (0x1d74f, 0x1d74f, 25),
    (0x1d750, 0x1d755, 5),
    (0x1d756, 0x1d76e, 9),
    (0x1d76f, 0x1d76f, 25),
    (0x1d770, 0x1d788, 5),
    (0x1d789, 0x1d789, 25),
    (0x1d78a, 0x1d78f, 5),
    (0x1d790, 0x1d7a8, 9),
    (0x1d7a9, 0x1d7a9, 25),
    (0x1d7aa, 0x1d7c2, 5),
    (0x1d7c3, 0x1d7c3, 25),
    (0x1d7c4, 0x1d7c9, 5),
    (0x1d7ca, 0x1d7ca, 9),
    (0x1d7cb, 0x1d7cb, 5),
    (0x1d7cc, 0x1d7cd, 2),
    (0x1d7ce, 0x1d7ff, 13),
    (0x1d800, 0x1d9ff, 26),
    (0x1da00, 0x1da36, 12),
    (0x1da37, 0x1da3a, 26),
    (0x1da3b, 0x1da6c, 12),
    (0x1da6d, 0x1da74, 26),
    (0x1da75, 0x1da75, 12),
    (0x1da76, 0x1da83, 26),
    (0x1da84, 0x1da84, 12),
    (0x1da85, 0x1da86, 26),
    (0x1da87, 0x1da8b, 21),
    (0x1da8c, 0x1da9a, 2),
    (0x1da9b, 0x1da9f, 12),
    (0x1daa0, 0x1daa0, 2),
    (0x1daa1, 0x1daaf, 12),
    (0x1dab0, 0x1deff, 2),
    (0x1df00, 0x1df09, 5),
    (0x1df0a, 0x1df0a, 7),
    (0x1df0b, 0x1df1e, 5),
    (0x1df1f, 0x1df24, 2),
    (0x1df25, 0x1df2a, 5),
    (0x1df2b, 0x1dfff, 2),
    (0x1e000, 0x1e006, 12),
    (0x1e007, 0x1e007, 2),
    (0x1e008, 0x1e018, 12),
    (0x1e019, 0x1e01a, 2),
    (0x1e01b, 0x1e021, 12),
    (0x1e022, 0x1e022, 2),
    (0x1e023, 0x1e024, 12),
    (0x1e025, 0x1e025, 2),
    (0x1e026, 0x1e02a, 12),
    (0x1e02b, 0x1e02f, 2),
    (0x1e030, 0x1e06d, 6),
    (0x1e06e, 0x1e08e, 2),
    (0x1e08f, 0x1e08f, 12),
    (0x1e090, 0x1e0ff, 2),
    (0x1e100, 0x1e12c, 7),
    (0x1e12d, 0x1e12f, 2),
    (0x1e130, 0x1e136, 12),
    (0x1e137, 0x1e13d, 6),
    (0x1e13e, 0x1e13f, 2),
    (0x1e140, 0x1e149, 13),
    (0x1e14a, 0x1e14d, 2),
    (0x1e14e, 0x1e14e, 7),
    (0x1e14f, 0x1e14f, 26),
    (0x1e150, 0x1e28f, 2),
    (0x1e290, 0x1e2ad, 7),
    (0x1e2ae, 0x1e2ae, 12),
    (0x1e2af, 0x1e2bf, 2),
    (0x1e2c0, 0x1e2eb, 7),
    (0x1e2ec, 0x1e2ef, 12),
    (0x1e2f0, 0x1e2f9, 13),
    (0x1e2fa, 0x1e2fe, 2),
    (0x1e2ff, 0x1e2ff, 23),
    (0x1e300, 0x1e4cf, 2),
    (0x1e4d0, 0x1e4ea, 7),
    (0x1e4eb, 0x1e4eb, 6),
    (0x1e4ec, 0x1e4ef, 12),
    (0x1e4f0, 0x1e4f9, 13),
    (0x1e4fa, 0x1e5cf, 2),
    (0x1e5d0, 0x1e5ed, 7),
    (0x1e5ee, 0x1e5ef, 12),
    (0x1e5f0, 0x1e5f0, 7),
    (0x1e5f1, 0x1e5fa, 13),
    (0x1e5fb, 0x1e5fe, 2),
    (0x1e5ff, 0x1e5ff, 21),
    (0x1e600, 0x1e6bf, 2),
    (0x1e6c0, 0x1e6de, 7),
    (0x1e6df, 0x1e6df, 2),
    (0x1e6e0, 0x1e6e2, 7),
    (0x1e6e3, 0x1e6e3, 12),
    (0x1e6e4, 0x1e6e5, 7),
    (0x1e6e6, 0x1e6e6, 12),
    (0x1e6e7, 0x1e6ed, 7),
    (0x1e6ee, 0x1e6ef, 12),
    (0x1e6f0, 0x1e6f4, 7),
    (0x1e6f5, 0x1e6f5, 12),
    (0x1e6f6, 0x1e6fd, 2),
    (0x1e6fe, 0x1e6fe, 7),
    (0x1e6ff, 0x1e6ff, 6),
    (0x1e700, 0x1e7df, 2),
    (0x1e7e0, 0x1e7e6, 7),
    (0x1e7e7, 0x1e7e7, 2),
    (0x1e7e8, 0x1e7eb, 7),
    (0x1e7ec, 0x1e7ec, 2),
    (0x1e7ed, 0x1e7ee, 7),
    (0x1e7ef, 0x1e7ef, 2),
    (0x1e7f0, 0x1e7fe, 7),
    (0x1e7ff, 0x1e7ff, 2),
    (0x1e800, 0x1e8c4, 7),
    (0x1e8c5, 0x1e8c6, 2),
    (0x1e8c7, 0x1e8cf, 15),
    (0x1e8d0, 0x1e8d6, 12),
    (0x1e8d7, 0x1e8ff, 2),
    (0x1e900, 0x1e921, 9),
    (0x1e922, 0x1e943, 5),
    (0x1e944, 0x1e94a, 12),
    (0x1e94b, 0x1e94b, 6),
    (0x1e94c, 0x1e94f, 2),
    (0x1e950, 0x1e959, 13),
    (0x1e95a, 0x1e95d, 2),
    (0x1e95e, 0x1e95f, 21),
    (0x1e960, 0x1ec70, 2),
    (0x1ec71, 0x1ecab, 15),
    (0x1ecac, 0x1ecac, 26),
    (0x1ecad, 0x1ecaf, 15),
    (0x1ecb0, 0x1ecb0, 23),
    (0x1ecb1, 0x1ecb4, 15),
    (0x1ecb5, 0x1ed00, 2),
    (0x1ed01, 0x1ed2d, 15),
    (0x1ed2e, 0x1ed2e, 26),
    (0x1ed2f, 0x1ed3d, 15),
    (0x1ed3e, 0x1edff, 2),
    (0x1ee00, 0x1ee03, 7),
    (0x1ee04, 0x1ee04, 2),
    (0x1ee05, 0x1ee1f, 7),
    (0x1ee20, 0x1ee20, 2),
    (0x1ee21, 0x1ee22, 7),
    (0x1ee23, 0x1ee23, 2),
    (0x1ee24, 0x1ee24, 7),
    (0x1ee25, 0x1ee26, 2),
    (0x1ee27, 0x1ee27, 7),
    (0x1ee28, 0x1ee28, 2),
    (0x1ee29, 0x1ee32, 7),
    (0x1ee33, 0x1ee33, 2),
    (0x1ee34, 0x1ee37, 7),
    (0x1ee38, 0x1ee38, 2),
    (0x1ee39, 0x1ee39, 7),
    (0x1ee3a, 0x1ee3a, 2),
    (0x1ee3b, 0x1ee3b, 7),
    (0x1ee3c, 0x1ee41, 2),
    (0x1ee42, 0x1ee42, 7),
    (0x1ee43, 0x1ee46, 2),
    (0x1ee47, 0x1ee47, 7),
    (0x1ee48, 0x1ee48, 2),
    (0x1ee49, 0x1ee49, 7),
    (0x1ee4a, 0x1ee4a, 2),
    (0x1ee4b, 0x1ee4b, 7),
    (0x1ee4c, 0x1ee4c, 2),
    (0x1ee4d, 0x1ee4f, 7),
    (0x1ee50, 0x1ee50, 2),
    (0x1ee51, 0x1ee52, 7),
    (0x1ee53, 0x1ee53, 2),
    (0x1ee54, 0x1ee54, 7),
    (0x1ee55, 0x1ee56, 2),
    (0x1ee57, 0x1ee57, 7),
    (0x1ee58, 0x1ee58, 2),
    (0x1ee59, 0x1ee59, 7),
    (0x1ee5a, 0x1ee5a, 2),
    (0x1ee5b, 0x1ee5b, 7),
    (0x1ee5c, 0x1ee5c, 2),
    (0x1ee5d, 0x1ee5d, 7),
    (0x1ee5e, 0x1ee5e, 2),
    (0x1ee5f, 0x1ee5f, 7),
    (0x1ee60, 0x1ee60, 2),
    (0x1ee61, 0x1ee62, 7),
    (0x1ee63, 0x1ee63, 2),
    (0x1ee64, 0x1ee64, 7),
    (0x1ee65, 0x1ee66, 2),
    (0x1ee67, 0x1ee6a, 7),
    (0x1ee6b, 0x1ee6b, 2),
    (0x1ee6c, 0x1ee72, 7),
    (0x1ee73, 0x1ee73, 2),
    (0x1ee74, 0x1ee77, 7),
    (0x1ee78, 0x1ee78, 2),
    (0x1ee79, 0x1ee7c, 7),
    (0x1ee7d, 0x1ee7d, 2),
    (0x1ee7e, 0x1ee7e, 7),
    (0x1ee7f, 0x1ee7f, 2),
    (0x1ee80, 0x1ee89, 7),
    (0x1ee8a, 0x1ee8a, 2),
    (0x1ee8b, 0x1ee9b, 7),
    (0x1ee9c, 0x1eea0, 2),
    (0x1eea1, 0x1eea3, 7),
    (0x1eea4, 0x1eea4, 2),
    (0x1eea5, 0x1eea9, 7),
    (0x1eeaa, 0x1eeaa, 2),
    (0x1eeab, 0x1eebb, 7),
    (0x1eebc, 0x1eeef, 2),
    (0x1eef0, 0x1eef1, 25),
    (0x1eef2, 0x1efff, 2),
    (0x1f000, 0x1f02b, 26),
    (0x1f02c, 0x1f02f, 2),
    (0x1f030, 0x1f093, 26),
    (0x1f094, 0x1f09f, 2),
    (0x1f0a0, 0x1f0ae, 26),
    (0x1f0af, 0x1f0b0, 2),
    (0x1f0b1, 0x1f0bf, 26),
    (0x1f0c0, 0x1f0c0, 2),
    (0x1f0c1, 0x1f0cf, 26),
    (0x1f0d0, 0x1f0d0, 2),
    (0x1f0d1, 0x1f0f5, 26),
    (0x1f0f6, 0x1f0ff, 2),
    (0x1f100, 0x1f10c, 15),
    (0x1f10d, 0x1f1ad, 26),
    (0x1f1ae, 0x1f1e5, 2),
    (0x1f1e6, 0x1f202, 26),
    (0x1f203, 0x1f20f, 2),
    (0x1f210, 0x1f23b, 26),
    (0x1f23c, 0x1f23f, 2),
    (0x1f240, 0x1f248, 26),
    (0x1f249, 0x1f24f, 2),
    (0x1f250, 0x1f251, 26),
    (0x1f252, 0x1f25f, 2),
    (0x1f260, 0x1f265, 26),
    (0x1f266, 0x1f2ff, 2),
    (0x1f300, 0x1f3fa, 26),
    (0x1f3fb, 0x1f3ff, 24),
    (0x1f400, 0x1f6d8, 26),
    (0x1f6d9, 0x1f6db, 2),
    (0x1f6dc, 0x1f6ec, 26),
    (0x1f6ed, 0x1f6ef, 2),
    (0x1f6f0, 0x1f6fc, 26),
    (0x1f6fd, 0x1f6ff, 2),
    (0x1f700, 0x1f7d9, 26),
    (0x1f7da, 0x1f7df, 2),
    (0x1f7e0, 0x1f7eb, 26),
    (0x1f7ec, 0x1f7ef, 2),
    (0x1f7f0, 0x1f7f0, 26),
    (0x1f7f1, 0x1f7ff, 2),
    (0x1f800, 0x1f80b, 26),
    (0x1f80c, 0x1f80f, 2),
    (0x1f810, 0x1f847, 26),
    (0x1f848, 0x1f84f, 2),
    (0x1f850, 0x1f859, 26),
    (0x1f85a, 0x1f85f, 2),
    (0x1f860, 0x1f887, 26),
    (0x1f888, 0x1f88f, 2),
    (0x1f890, 0x1f8ad, 26),
    (0x1f8ae, 0x1f8af, 2),
    (0x1f8b0, 0x1f8bb, 26),
    (0x1f8bc, 0x1f8bf, 2),
    (0x1f8c0, 0x1f8c1, 26),
    (0x1f8c2, 0x1f8cf, 2),
    (0x1f8d0, 0x1f8d8, 25),
    (0x1f8d9, 0x1f8ff, 2),
    (0x1f900, 0x1fa57, 26),
    (0x1fa58, 0x1fa5f, 2),
    (0x1fa60, 0x1fa6d, 26),
    (0x1fa6e, 0x1fa6f, 2),
    (0x1fa70, 0x1fa7c, 26),
    (0x1fa7d, 0x1fa7f, 2),
    (0x1fa80, 0x1fa8a, 26),
    (0x1fa8b, 0x1fa8d, 2),
    (0x1fa8e, 0x1fac6, 26),
    (0x1fac7, 0x1fac7, 2),
    (0x1fac8, 0x1fac8, 26),
    (0x1fac9, 0x1facc, 2),
    (0x1facd, 0x1fadc, 26),
    (0x1fadd, 0x1fade, 2),
    (0x1fadf, 0x1faea, 26),
    (0x1faeb, 0x1faee, 2),
    (0x1faef, 0x1faf8, 26),
    (0x1faf9, 0x1faff, 2),
    (0x1fb00, 0x1fb92, 26),
    (0x1fb93, 0x1fb93, 2),
    (0x1fb94, 0x1fbef, 26),
    (0x1fbf0, 0x1fbf9, 13),
    (0x1fbfa, 0x1fbfa, 26),
    (0x1fbfb, 0x1ffff, 2),
    (0x20000, 0x2a6df, 7),
    (0x2a6e0, 0x2a6ff, 2),
    (0x2a700, 0x2b81d, 7),
    (0x2b81e, 0x2b81f, 2),
    (0x2b820, 0x2cead, 7),
    (0x2ceae, 0x2ceaf, 2),
    (0x2ceb0, 0x2ebe0, 7),
    (0x2ebe1, 0x2ebef, 2),
    (0x2ebf0, 0x2ee5d, 7),
    (0x2ee5e, 0x2f7ff, 2),
    (0x2f800, 0x2fa1d, 7),
    (0x2fa1e, 0x2ffff, 2),
    (0x30000, 0x3134a, 7),
    (0x3134b, 0x3134f, 2),
    (0x31350, 0x33479, 7),
    (0x3347a, 0xe0000, 2),
    (0xe0001, 0xe0001, 1),
    (0xe0002, 0xe001f, 2),
    (0xe0020, 0xe007f, 1),
    (0xe0080, 0xe00ff, 2),
    (0xe0100, 0xe01ef, 12),
    (0xe01f0, 0xeffff, 2),
    (0xf0000, 0xffffd, 3),
    (0xffffe, 0xfffff, 2),
    (0x0010_0000, 0x0010_fffd, 3),
    (0x0010_fffe, 0x0010_ffff, 2),
];

pub static SCRIPT: &[(u32, u32, u8)] = &[
    (0x0, 0x40, 1),
    (0x41, 0x5a, 2),
    (0x5b, 0x60, 1),
    (0x61, 0x7a, 2),
    (0x7b, 0xa9, 1),
    (0xaa, 0xaa, 2),
    (0xab, 0xb9, 1),
    (0xba, 0xba, 2),
    (0xbb, 0xbf, 1),
    (0xc0, 0xd6, 2),
    (0xd7, 0xd7, 1),
    (0xd8, 0xf6, 2),
    (0xf7, 0xf7, 1),
    (0xf8, 0x2b8, 2),
    (0x2b9, 0x2df, 1),
    (0x2e0, 0x2e4, 2),
    (0x2e5, 0x2e9, 1),
    (0x2ea, 0x2eb, 35),
    (0x2ec, 0x2ff, 1),
    (0x300, 0x36f, 41),
    (0x370, 0x373, 3),
    (0x374, 0x374, 1),
    (0x375, 0x377, 3),
    (0x378, 0x379, 0),
    (0x37a, 0x37d, 3),
    (0x37e, 0x37e, 1),
    (0x37f, 0x37f, 3),
    (0x380, 0x383, 0),
    (0x384, 0x384, 3),
    (0x385, 0x385, 1),
    (0x386, 0x386, 3),
    (0x387, 0x387, 1),
    (0x388, 0x38a, 3),
    (0x38b, 0x38b, 0),
    (0x38c, 0x38c, 3),
    (0x38d, 0x38d, 0),
    (0x38e, 0x3a1, 3),
    (0x3a2, 0x3a2, 0),
    (0x3a3, 0x3e1, 3),
    (0x3e2, 0x3ef, 55),
    (0x3f0, 0x3ff, 3),
    (0x400, 0x484, 4),
    (0x485, 0x486, 41),
    (0x487, 0x52f, 4),
    (0x530, 0x530, 0),
    (0x531, 0x556, 5),
    (0x557, 0x558, 0),
    (0x559, 0x58a, 5),
    (0x58b, 0x58c, 0),
    (0x58d, 0x58f, 5),
    (0x590, 0x590, 0),
    (0x591, 0x5c7, 6),
    (0x5c8, 0x5cf, 0),
    (0x5d0, 0x5ea, 6),
    (0x5eb, 0x5ee, 0),
    (0x5ef, 0x5f4, 6),
    (0x5f5, 0x5ff, 0),
    (0x600, 0x604, 7),
    (0x605, 0x605, 1),
    (0x606, 0x60b, 7),
    (0x60c, 0x60c, 1),
    (0x60d, 0x61a, 7),
    (0x61b, 0x61b, 1),
    (0x61c, 0x61e, 7),
    (0x61f, 0x61f, 1),
    (0x620, 0x63f, 7),
    (0x640, 0x640, 1),
    (0x641, 0x64a, 7),
    (0x64b, 0x655, 41),
    (0x656, 0x66f, 7),
    (0x670, 0x670, 41),
    (0x671, 0x6dc, 7),
    (0x6dd, 0x6dd, 1),
    (0x6de, 0x6ff, 7),
    (0x700, 0x70d, 8),
    (0x70e, 0x70e, 0),
    (0x70f, 0x74a, 8),
    (0x74b, 0x74c, 0),
    (0x74d, 0x74f, 8),
    (0x750, 0x77f, 7),
    (0x780, 0x7b1, 9),
    (0x7b2, 0x7bf, 0),
    (0x7c0, 0x7fa, 66),
    (0x7fb, 0x7fc, 0),
    (0x7fd, 0x7ff, 66),
    (0x800, 0x82d, 82),
    (0x82e, 0x82f, 0),
    (0x830, 0x83e, 82),
    (0x83f, 0x83f, 0),
    (0x840, 0x85b, 95),
    (0x85c, 0x85d, 0),
    (0x85e, 0x85e, 95),
    (0x85f, 0x85f, 0),
    (0x860, 0x86a, 8),
    (0x86b, 0x86f, 0),
    (0x870, 0x891, 7),
    (0x892, 0x896, 0),
    (0x897, 0x8e1, 7),
    (0x8e2, 0x8e2, 1),
    (0x8e3, 0x8ff, 7),
    (0x900, 0x950, 10),
    (0x951, 0x954, 41),
    (0x955, 0x963, 10),
    (0x964, 0x965, 1),
    (0x966, 0x97f, 10),
    (0x980, 0x983, 11),
    (0x984, 0x984, 0),
    (0x985, 0x98c, 11),
    (0x98d, 0x98e, 0),
    (0x98f, 0x990, 11),
    (0x991, 0x992, 0),
    (0x993, 0x9a8, 11),
    (0x9a9, 0x9a9, 0),
    (0x9aa, 0x9b0, 11),
    (0x9b1, 0x9b1, 0),
    (0x9b2, 0x9b2, 11),
    (0x9b3, 0x9b5, 0),
    (0x9b6, 0x9b9, 11),
    (0x9ba, 0x9bb, 0),
    (0x9bc, 0x9c4, 11),
    (0x9c5, 0x9c6, 0),
    (0x9c7, 0x9c8, 11),
    (0x9c9, 0x9ca, 0),
    (0x9cb, 0x9ce, 11),
    (0x9cf, 0x9d6, 0),
    (0x9d7, 0x9d7, 11),
    (0x9d8, 0x9db, 0),
    (0x9dc, 0x9dd, 11),
    (0x9de, 0x9de, 0),
    (0x9df, 0x9e3, 11),
    (0x9e4, 0x9e5, 0),
    (0x9e6, 0x9fe, 11),
    (0x9ff, 0xa00, 0),
    (0xa01, 0xa03, 12),
    (0xa04, 0xa04, 0),
    (0xa05, 0xa0a, 12),
    (0xa0b, 0xa0e, 0),
    (0xa0f, 0xa10, 12),
    (0xa11, 0xa12, 0),
    (0xa13, 0xa28, 12),
    (0xa29, 0xa29, 0),
    (0xa2a, 0xa30, 12),
    (0xa31, 0xa31, 0),
    (0xa32, 0xa33, 12),
    (0xa34, 0xa34, 0),
    (0xa35, 0xa36, 12),
    (0xa37, 0xa37, 0),
    (0xa38, 0xa39, 12),
    (0xa3a, 0xa3b, 0),
    (0xa3c, 0xa3c, 12),
    (0xa3d, 0xa3d, 0),
    (0xa3e, 0xa42, 12),
    (0xa43, 0xa46, 0),
    (0xa47, 0xa48, 12),
    (0xa49, 0xa4a, 0),
    (0xa4b, 0xa4d, 12),
    (0xa4e, 0xa50, 0),
    (0xa51, 0xa51, 12),
    (0xa52, 0xa58, 0),
    (0xa59, 0xa5c, 12),
    (0xa5d, 0xa5d, 0),
    (0xa5e, 0xa5e, 12),
    (0xa5f, 0xa65, 0),
    (0xa66, 0xa76, 12),
    (0xa77, 0xa80, 0),
    (0xa81, 0xa83, 13),
    (0xa84, 0xa84, 0),
    (0xa85, 0xa8d, 13),
    (0xa8e, 0xa8e, 0),
    (0xa8f, 0xa91, 13),
    (0xa92, 0xa92, 0),
    (0xa93, 0xaa8, 13),
    (0xaa9, 0xaa9, 0),
    (0xaaa, 0xab0, 13),
    (0xab1, 0xab1, 0),
    (0xab2, 0xab3, 13),
    (0xab4, 0xab4, 0),
    (0xab5, 0xab9, 13),
    (0xaba, 0xabb, 0),
    (0xabc, 0xac5, 13),
    (0xac6, 0xac6, 0),
    (0xac7, 0xac9, 13),
    (0xaca, 0xaca, 0),
    (0xacb, 0xacd, 13),
    (0xace, 0xacf, 0),
    (0xad0, 0xad0, 13),
    (0xad1, 0xadf, 0),
    (0xae0, 0xae3, 13),
    (0xae4, 0xae5, 0),
    (0xae6, 0xaf1, 13),
    (0xaf2, 0xaf8, 0),
    (0xaf9, 0xaff, 13),
    (0xb00, 0xb00, 0),
    (0xb01, 0xb03, 14),
    (0xb04, 0xb04, 0),
    (0xb05, 0xb0c, 14),
    (0xb0d, 0xb0e, 0),
    (0xb0f, 0xb10, 14),
    (0xb11, 0xb12, 0),
    (0xb13, 0xb28, 14),
    (0xb29, 0xb29, 0),
    (0xb2a, 0xb30, 14),
    (0xb31, 0xb31, 0),
    (0xb32, 0xb33, 14),
    (0xb34, 0xb34, 0),
    (0xb35, 0xb39, 14),
    (0xb3a, 0xb3b, 0),
    (0xb3c, 0xb44, 14),
    (0xb45, 0xb46, 0),
    (0xb47, 0xb48, 14),
    (0xb49, 0xb4a, 0),
    (0xb4b, 0xb4d, 14),
    (0xb4e, 0xb54, 0),
    (0xb55, 0xb57, 14),
    (0xb58, 0xb5b, 0),
    (0xb5c, 0xb5d, 14),
    (0xb5e, 0xb5e, 0),
    (0xb5f, 0xb63, 14),
    (0xb64, 0xb65, 0),
    (0xb66, 0xb77, 14),
    (0xb78, 0xb81, 0),
    (0xb82, 0xb83, 15),
    (0xb84, 0xb84, 0),
    (0xb85, 0xb8a, 15),
    (0xb8b, 0xb8d, 0),
    (0xb8e, 0xb90, 15),
    (0xb91, 0xb91, 0),
    (0xb92, 0xb95, 15),
    (0xb96, 0xb98, 0),
    (0xb99, 0xb9a, 15),
    (0xb9b, 0xb9b, 0),
    (0xb9c, 0xb9c, 15),
    (0xb9d, 0xb9d, 0),
    (0xb9e, 0xb9f, 15),
    (0xba0, 0xba2, 0),
    (0xba3, 0xba4, 15),
    (0xba5, 0xba7, 0),
    (0xba8, 0xbaa, 15),
    (0xbab, 0xbad, 0),
    (0xbae, 0xbb9, 15),
    (0xbba, 0xbbd, 0),
    (0xbbe, 0xbc2, 15),
    (0xbc3, 0xbc5, 0),
    (0xbc6, 0xbc8, 15),
    (0xbc9, 0xbc9, 0),
    (0xbca, 0xbcd, 15),
    (0xbce, 0xbcf, 0),
    (0xbd0, 0xbd0, 15),
    (0xbd1, 0xbd6, 0),
    (0xbd7, 0xbd7, 15),
    (0xbd8, 0xbe5, 0),
    (0xbe6, 0xbfa, 15),
    (0xbfb, 0xbff, 0),
    (0xc00, 0xc0c, 16),
    (0xc0d, 0xc0d, 0),
    (0xc0e, 0xc10, 16),
    (0xc11, 0xc11, 0),
    (0xc12, 0xc28, 16),
    (0xc29, 0xc29, 0),
    (0xc2a, 0xc39, 16),
    (0xc3a, 0xc3b, 0),
    (0xc3c, 0xc44, 16),
    (0xc45, 0xc45, 0),
    (0xc46, 0xc48, 16),
    (0xc49, 0xc49, 0),
    (0xc4a, 0xc4d, 16),
    (0xc4e, 0xc54, 0),
    (0xc55, 0xc56, 16),
    (0xc57, 0xc57, 0),
    (0xc58, 0xc5a, 16),
    (0xc5b, 0xc5b, 0),
    (0xc5c, 0xc5d, 16),
    (0xc5e, 0xc5f, 0),
    (0xc60, 0xc63, 16),
    (0xc64, 0xc65, 0),
    (0xc66, 0xc6f, 16),
    (0xc70, 0xc76, 0),
    (0xc77, 0xc7f, 16),
    (0xc80, 0xc8c, 17),
    (0xc8d, 0xc8d, 0),
    (0xc8e, 0xc90, 17),
    (0xc91, 0xc91, 0),
    (0xc92, 0xca8, 17),
    (0xca9, 0xca9, 0),
    (0xcaa, 0xcb3, 17),
    (0xcb4, 0xcb4, 0),
    (0xcb5, 0xcb9, 17),
    (0xcba, 0xcbb, 0),
    (0xcbc, 0xcc4, 17),
    (0xcc5, 0xcc5, 0),
    (0xcc6, 0xcc8, 17),
    (0xcc9, 0xcc9, 0),
    (0xcca, 0xccd, 17),
    (0xcce, 0xcd4, 0),
    (0xcd5, 0xcd6, 17),
    (0xcd7, 0xcdb, 0),
    (0xcdc, 0xcde, 17),
    (0xcdf, 0xcdf, 0),
    (0xce0, 0xce3, 17),
    (0xce4, 0xce5, 0),
    (0xce6, 0xcef, 17),
    (0xcf0, 0xcf0, 0),
    (0xcf1, 0xcf3, 17),
    (0xcf4, 0xcff, 0),
    (0xd00, 0xd0c, 18),
    (0xd0d, 0xd0d, 0),
    (0xd0e, 0xd10, 18),
    (0xd11, 0xd11, 0),
    (0xd12, 0xd44, 18),
    (0xd45, 0xd45, 0),
    (0xd46, 0xd48, 18),
    (0xd49, 0xd49, 0),
    (0xd4a, 0xd4f, 18),
    (0xd50, 0xd53, 0),
    (0xd54, 0xd63, 18),
    (0xd64, 0xd65, 0),
    (0xd66, 0xd7f, 18),
    (0xd80, 0xd80, 0),
    (0xd81, 0xd83, 19),
    (0xd84, 0xd84, 0),
    (0xd85, 0xd96, 19),
    (0xd97, 0xd99, 0),
    (0xd9a, 0xdb1, 19),
    (0xdb2, 0xdb2, 0),
    (0xdb3, 0xdbb, 19),
    (0xdbc, 0xdbc, 0),
    (0xdbd, 0xdbd, 19),
    (0xdbe, 0xdbf, 0),
    (0xdc0, 0xdc6, 19),
    (0xdc7, 0xdc9, 0),
    (0xdca, 0xdca, 19),
    (0xdcb, 0xdce, 0),
    (0xdcf, 0xdd4, 19),
    (0xdd5, 0xdd5, 0),
    (0xdd6, 0xdd6, 19),
    (0xdd7, 0xdd7, 0),
    (0xdd8, 0xddf, 19),
    (0xde0, 0xde5, 0),
    (0xde6, 0xdef, 19),
    (0xdf0, 0xdf1, 0),
    (0xdf2, 0xdf4, 19),
    (0xdf5, 0xe00, 0),
    (0xe01, 0xe3a, 20),
    (0xe3b, 0xe3e, 0),
    (0xe3f, 0xe3f, 1),
    (0xe40, 0xe5b, 20),
    (0xe5c, 0xe80, 0),
    (0xe81, 0xe82, 21),
    (0xe83, 0xe83, 0),
    (0xe84, 0xe84, 21),
    (0xe85, 0xe85, 0),
    (0xe86, 0xe8a, 21),
    (0xe8b, 0xe8b, 0),
    (0xe8c, 0xea3, 21),
    (0xea4, 0xea4, 0),
    (0xea5, 0xea5, 21),
    (0xea6, 0xea6, 0),
    (0xea7, 0xebd, 21),
    (0xebe, 0xebf, 0),
    (0xec0, 0xec4, 21),
    (0xec5, 0xec5, 0),
    (0xec6, 0xec6, 21),
    (0xec7, 0xec7, 0),
    (0xec8, 0xece, 21),
    (0xecf, 0xecf, 0),
    (0xed0, 0xed9, 21),
    (0xeda, 0xedb, 0),
    (0xedc, 0xedf, 21),
    (0xee0, 0xeff, 0),
    (0xf00, 0xf47, 22),
    (0xf48, 0xf48, 0),
    (0xf49, 0xf6c, 22),
    (0xf6d, 0xf70, 0),
    (0xf71, 0xf97, 22),
    (0xf98, 0xf98, 0),
    (0xf99, 0xfbc, 22),
    (0xfbd, 0xfbd, 0),
    (0xfbe, 0xfcc, 22),
    (0xfcd, 0xfcd, 0),
    (0xfce, 0xfd4, 22),
    (0xfd5, 0xfd8, 1),
    (0xfd9, 0xfda, 22),
    (0xfdb, 0xfff, 0),
    (0x1000, 0x109f, 23),
    (0x10a0, 0x10c5, 24),
    (0x10c6, 0x10c6, 0),
    (0x10c7, 0x10c7, 24),
    (0x10c8, 0x10cc, 0),
    (0x10cd, 0x10cd, 24),
    (0x10ce, 0x10cf, 0),
    (0x10d0, 0x10fa, 24),
    (0x10fb, 0x10fb, 1),
    (0x10fc, 0x10ff, 24),
    (0x1100, 0x11ff, 25),
    (0x1200, 0x1248, 26),
    (0x1249, 0x1249, 0),
    (0x124a, 0x124d, 26),
    (0x124e, 0x124f, 0),
    (0x1250, 0x1256, 26),
    (0x1257, 0x1257, 0),
    (0x1258, 0x1258, 26),
    (0x1259, 0x1259, 0),
    (0x125a, 0x125d, 26),
    (0x125e, 0x125f, 0),
    (0x1260, 0x1288, 26),
    (0x1289, 0x1289, 0),
    (0x128a, 0x128d, 26),
    (0x128e, 0x128f, 0),
    (0x1290, 0x12b0, 26),
    (0x12b1, 0x12b1, 0),
    (0x12b2, 0x12b5, 26),
    (0x12b6, 0x12b7, 0),
    (0x12b8, 0x12be, 26),
    (0x12bf, 0x12bf, 0),
    (0x12c0, 0x12c0, 26),
    (0x12c1, 0x12c1, 0),
    (0x12c2, 0x12c5, 26),
    (0x12c6, 0x12c7, 0),
    (0x12c8, 0x12d6, 26),
    (0x12d7, 0x12d7, 0),
    (0x12d8, 0x1310, 26),
    (0x1311, 0x1311, 0),
    (0x1312, 0x1315, 26),
    (0x1316, 0x1317, 0),
    (0x1318, 0x135a, 26),
    (0x135b, 0x135c, 0),
    (0x135d, 0x137c, 26),
    (0x137d, 0x137f, 0),
    (0x1380, 0x1399, 26),
    (0x139a, 0x139f, 0),
    (0x13a0, 0x13f5, 27),
    (0x13f6, 0x13f7, 0),
    (0x13f8, 0x13fd, 27),
    (0x13fe, 0x13ff, 0),
    (0x1400, 0x167f, 28),
    (0x1680, 0x169c, 29),
    (0x169d, 0x169f, 0),
    (0x16a0, 0x16ea, 30),
    (0x16eb, 0x16ed, 1),
    (0x16ee, 0x16f8, 30),
    (0x16f9, 0x16ff, 0),
    (0x1700, 0x1715, 42),
    (0x1716, 0x171e, 0),
    (0x171f, 0x171f, 42),
    (0x1720, 0x1734, 43),
    (0x1735, 0x1736, 1),
    (0x1737, 0x173f, 0),
    (0x1740, 0x1753, 44),
    (0x1754, 0x175f, 0),
    (0x1760, 0x176c, 45),
    (0x176d, 0x176d, 0),
    (0x176e, 0x1770, 45),
    (0x1771, 0x1771, 0),
    (0x1772, 0x1773, 45),
    (0x1774, 0x177f, 0),
    (0x1780, 0x17dd, 31),
    (0x17de, 0x17df, 0),
    (0x17e0, 0x17e9, 31),
    (0x17ea, 0x17ef, 0),
    (0x17f0, 0x17f9, 31),
    (0x17fa, 0x17ff, 0),
    (0x1800, 0x1801, 32),
    (0x1802, 0x1803, 1),
    (0x1804, 0x1804, 32),
    (0x1805, 0x1805, 1),
    (0x1806, 0x1819, 32),
    (0x181a, 0x181f, 0),
    (0x1820, 0x1878, 32),
    (0x1879, 0x187f, 0),
    (0x1880, 0x18aa, 32),
    (0x18ab, 0x18af, 0),
    (0x18b0, 0x18f5, 28),
    (0x18f6, 0x18ff, 0),
    (0x1900, 0x191e, 46),
    (0x191f, 0x191f, 0),
    (0x1920, 0x192b, 46),
    (0x192c, 0x192f, 0),
    (0x1930, 0x193b, 46),
    (0x193c, 0x193f, 0),
    (0x1940, 0x1940, 46),
    (0x1941, 0x1943, 0),
    (0x1944, 0x194f, 46),
    (0x1950, 0x196d, 47),
    (0x196e, 0x196f, 0),
    (0x1970, 0x1974, 47),
    (0x1975, 0x197f, 0),
    (0x1980, 0x19ab, 56),
    (0x19ac, 0x19af, 0),
    (0x19b0, 0x19c9, 56),
    (0x19ca, 0x19cf, 0),
    (0x19d0, 0x19da, 56),
    (0x19db, 0x19dd, 0),
    (0x19de, 0x19df, 56),
    (0x19e0, 0x19ff, 31),
    (0x1a00, 0x1a1b, 54),
    (0x1a1c, 0x1a1d, 0),
    (0x1a1e, 0x1a1f, 54),
    (0x1a20, 0x1a5e, 78),
    (0x1a5f, 0x1a5f, 0),
    (0x1a60, 0x1a7c, 78),
    (0x1a7d, 0x1a7e, 0),
    (0x1a7f, 0x1a89, 78),
    (0x1a8a, 0x1a8f, 0),
    (0x1a90, 0x1a99, 78),
    (0x1a9a, 0x1a9f, 0),
    (0x1aa0, 0x1aad, 78),
    (0x1aae, 0x1aaf, 0),
    (0x1ab0, 0x1add, 41),
    (0x1ade, 0x1adf, 0),
    (0x1ae0, 0x1aeb, 41),
    (0x1aec, 0x1aff, 0),
    (0x1b00, 0x1b4c, 62),
    (0x1b4d, 0x1b4d, 0),
    (0x1b4e, 0x1b7f, 62),
    (0x1b80, 0x1bbf, 67),
    (0x1bc0, 0x1bf3, 93),
    (0x1bf4, 0x1bfb, 0),
    (0x1bfc, 0x1bff, 93),
    (0x1c00, 0x1c37, 68),
    (0x1c38, 0x1c3a, 0),
    (0x1c3b, 0x1c49, 68),
    (0x1c4a, 0x1c4c, 0),
    (0x1c4d, 0x1c4f, 68),
    (0x1c50, 0x1c7f, 69),
    (0x1c80, 0x1c8a, 4),
    (0x1c8b, 0x1c8f, 0),
    (0x1c90, 0x1cba, 24),
    (0x1cbb, 0x1cbc, 0),
    (0x1cbd, 0x1cbf, 24),
    (0x1cc0, 0x1cc7, 67),
    (0x1cc8, 0x1ccf, 0),
    (0x1cd0, 0x1cd2, 41),
    (0x1cd3, 0x1cd3, 1),
    (0x1cd4, 0x1ce0, 41),
    (0x1ce1, 0x1ce1, 1),
    (0x1ce2, 0x1ce8, 41),
    (0x1ce9, 0x1cec, 1),
    (0x1ced, 0x1ced, 41),
    (0x1cee, 0x1cf3, 1),
    (0x1cf4, 0x1cf4, 41),
    (0x1cf5, 0x1cf7, 1),
    (0x1cf8, 0x1cf9, 41),
    (0x1cfa, 0x1cfa, 1),
    (0x1cfb, 0x1cff, 0),
    (0x1d00, 0x1d25, 2),
    (0x1d26, 0x1d2a, 3),
    (0x1d2b, 0x1d2b, 4),
    (0x1d2c, 0x1d5c, 2),
    (0x1d5d, 0x1d61, 3),
    (0x1d62, 0x1d65, 2),
    (0x1d66, 0x1d6a, 3),
    (0x1d6b, 0x1d77, 2),
    (0x1d78, 0x1d78, 4),
    (0x1d79, 0x1dbe, 2),
    (0x1dbf, 0x1dbf, 3),
    (0x1dc0, 0x1dff, 41),
    (0x1e00, 0x1eff, 2),
    (0x1f00, 0x1f15, 3),
    (0x1f16, 0x1f17, 0),
    (0x1f18, 0x1f1d, 3),
    (0x1f1e, 0x1f1f, 0),
    (0x1f20, 0x1f45, 3),
    (0x1f46, 0x1f47, 0),
    (0x1f48, 0x1f4d, 3),
    (0x1f4e, 0x1f4f, 0),
    (0x1f50, 0x1f57, 3),
    (0x1f58, 0x1f58, 0),
    (0x1f59, 0x1f59, 3),
    (0x1f5a, 0x1f5a, 0),
    (0x1f5b, 0x1f5b, 3),
    (0x1f5c, 0x1f5c, 0),
    (0x1f5d, 0x1f5d, 3),
    (0x1f5e, 0x1f5e, 0),
    (0x1f5f, 0x1f7d, 3),
    (0x1f7e, 0x1f7f, 0),
    (0x1f80, 0x1fb4, 3),
    (0x1fb5, 0x1fb5, 0),
    (0x1fb6, 0x1fc4, 3),
    (0x1fc5, 0x1fc5, 0),
    (0x1fc6, 0x1fd3, 3),
    (0x1fd4, 0x1fd5, 0),
    (0x1fd6, 0x1fdb, 3),
    (0x1fdc, 0x1fdc, 0),
    (0x1fdd, 0x1fef, 3),
    (0x1ff0, 0x1ff1, 0),
    (0x1ff2, 0x1ff4, 3),
    (0x1ff5, 0x1ff5, 0),
    (0x1ff6, 0x1ffe, 3),
    (0x1fff, 0x1fff, 0),
    (0x2000, 0x200b, 1),
    (0x200c, 0x200d, 41),
    (0x200e, 0x2064, 1),
    (0x2065, 0x2065, 0),
    (0x2066, 0x2070, 1),
    (0x2071, 0x2071, 2),
    (0x2072, 0x2073, 0),
    (0x2074, 0x207e, 1),
    (0x207f, 0x207f, 2),
    (0x2080, 0x208e, 1),
    (0x208f, 0x208f, 0),
    (0x2090, 0x209c, 2),
    (0x209d, 0x209f, 0),
    (0x20a0, 0x20c1, 1),
    (0x20c2, 0x20cf, 0),
    (0x20d0, 0x20f0, 41),
    (0x20f1, 0x20ff, 0),
    (0x2100, 0x2125, 1),
    (0x2126, 0x2126, 3),
    (0x2127, 0x2129, 1),
    (0x212a, 0x212b, 2),
    (0x212c, 0x2131, 1),
    (0x2132, 0x2132, 2),
    (0x2133, 0x214d, 1),
    (0x214e, 0x214e, 2),
    (0x214f, 0x215f, 1),
    (0x2160, 0x2188, 2),
    (0x2189, 0x218b, 1),
    (0x218c, 0x218f, 0),
    (0x2190, 0x2429, 1),
    (0x242a, 0x243f, 0),
    (0x2440, 0x244a, 1),
    (0x244b, 0x245f, 0),
    (0x2460, 0x27ff, 1),
    (0x2800, 0x28ff, 53),
    (0x2900, 0x2b73, 1),
    (0x2b74, 0x2b75, 0),
    (0x2b76, 0x2bff, 1),
    (0x2c00, 0x2c5f, 57),
    (0x2c60, 0x2c7f, 2),
    (0x2c80, 0x2cf3, 55),
    (0x2cf4, 0x2cf8, 0),
    (0x2cf9, 0x2cff, 55),
    (0x2d00, 0x2d25, 24),
    (0x2d26, 0x2d26, 0),
    (0x2d27, 0x2d27, 24),
    (0x2d28, 0x2d2c, 0),
    (0x2d2d, 0x2d2d, 24),
    (0x2d2e, 0x2d2f, 0),
    (0x2d30, 0x2d67, 58),
    (0x2d68, 0x2d6e, 0),
    (0x2d6f, 0x2d70, 58),
    (0x2d71, 0x2d7e, 0),
    (0x2d7f, 0x2d7f, 58),
    (0x2d80, 0x2d96, 26),
    (0x2d97, 0x2d9f, 0),
    (0x2da0, 0x2da6, 26),
    (0x2da7, 0x2da7, 0),
    (0x2da8, 0x2dae, 26),
    (0x2daf, 0x2daf, 0),
    (0x2db0, 0x2db6, 26),
    (0x2db7, 0x2db7, 0),
    (0x2db8, 0x2dbe, 26),
    (0x2dbf, 0x2dbf, 0),
    (0x2dc0, 0x2dc6, 26),
    (0x2dc7, 0x2dc7, 0),
    (0x2dc8, 0x2dce, 26),
    (0x2dcf, 0x2dcf, 0),
    (0x2dd0, 0x2dd6, 26),
    (0x2dd7, 0x2dd7, 0),
    (0x2dd8, 0x2dde, 26),
    (0x2ddf, 0x2ddf, 0),
    (0x2de0, 0x2dff, 4),
    (0x2e00, 0x2e5d, 1),
    (0x2e5e, 0x2e7f, 0),
    (0x2e80, 0x2e99, 36),
    (0x2e9a, 0x2e9a, 0),
    (0x2e9b, 0x2ef3, 36),
    (0x2ef4, 0x2eff, 0),
    (0x2f00, 0x2fd5, 36),
    (0x2fd6, 0x2fef, 0),
    (0x2ff0, 0x3004, 1),
    (0x3005, 0x3005, 36),
    (0x3006, 0x3006, 1),
    (0x3007, 0x3007, 36),
    (0x3008, 0x3020, 1),
    (0x3021, 0x3029, 36),
    (0x302a, 0x302d, 41),
    (0x302e, 0x302f, 25),
    (0x3030, 0x3037, 1),
    (0x3038, 0x303b, 36),
    (0x303c, 0x303f, 1),
    (0x3040, 0x3040, 0),
    (0x3041, 0x3096, 33),
    (0x3097, 0x3098, 0),
    (0x3099, 0x309a, 41),
    (0x309b, 0x309c, 1),
    (0x309d, 0x309f, 33),
    (0x30a0, 0x30a0, 1),
    (0x30a1, 0x30fa, 34),
    (0x30fb, 0x30fc, 1),
    (0x30fd, 0x30ff, 34),
    (0x3100, 0x3104, 0),
    (0x3105, 0x312f, 35),
    (0x3130, 0x3130, 0),
    (0x3131, 0x318e, 25),
    (0x318f, 0x318f, 0),
    (0x3190, 0x319f, 1),
    (0x31a0, 0x31bf, 35),
    (0x31c0, 0x31e5, 1),
    (0x31e6, 0x31ee, 0),
    (0x31ef, 0x31ef, 1),
    (0x31f0, 0x31ff, 34),
    (0x3200, 0x321e, 25),
    (0x321f, 0x321f, 0),
    (0x3220, 0x325f, 1),
    (0x3260, 0x327e, 25),
    (0x327f, 0x32cf, 1),
    (0x32d0, 0x32fe, 34),
    (0x32ff, 0x32ff, 1),
    (0x3300, 0x3357, 34),
    (0x3358, 0x33ff, 1),
    (0x3400, 0x4dbf, 36),
    (0x4dc0, 0x4dff, 1),
    (0x4e00, 0x9fff, 36),
    (0xa000, 0xa48c, 37),
    (0xa48d, 0xa48f, 0),
    (0xa490, 0xa4c6, 37),
    (0xa4c7, 0xa4cf, 0),
    (0xa4d0, 0xa4ff, 83),
    (0xa500, 0xa62b, 70),
    (0xa62c, 0xa63f, 0),
    (0xa640, 0xa69f, 4),
    (0xa6a0, 0xa6f7, 84),
    (0xa6f8, 0xa6ff, 0),
    (0xa700, 0xa721, 1),
    (0xa722, 0xa787, 2),
    (0xa788, 0xa78a, 1),
    (0xa78b, 0xa7dc, 2),
    (0xa7dd, 0xa7f0, 0),
    (0xa7f1, 0xa7ff, 2),
    (0xa800, 0xa82c, 59),
    (0xa82d, 0xa82f, 0),
    (0xa830, 0xa839, 1),
    (0xa83a, 0xa83f, 0),
    (0xa840, 0xa877, 65),
    (0xa878, 0xa87f, 0),
    (0xa880, 0xa8c5, 71),
    (0xa8c6, 0xa8cd, 0),
    (0xa8ce, 0xa8d9, 71),
    (0xa8da, 0xa8df, 0),
    (0xa8e0, 0xa8ff, 10),
    (0xa900, 0xa92d, 72),
    (0xa92e, 0xa92e, 1),
    (0xa92f, 0xa92f, 72),
    (0xa930, 0xa953, 73),
    (0xa954, 0xa95e, 0),
    (0xa95f, 0xa95f, 73),
    (0xa960, 0xa97c, 25),
    (0xa97d, 0xa97f, 0),
    (0xa980, 0xa9cd, 85),
    (0xa9ce, 0xa9ce, 0),
    (0xa9cf, 0xa9cf, 1),
    (0xa9d0, 0xa9d9, 85),
    (0xa9da, 0xa9dd, 0),
    (0xa9de, 0xa9df, 85),
    (0xa9e0, 0xa9fe, 23),
    (0xa9ff, 0xa9ff, 0),
    (0xaa00, 0xaa36, 77),
    (0xaa37, 0xaa3f, 0),
    (0xaa40, 0xaa4d, 77),
    (0xaa4e, 0xaa4f, 0),
    (0xaa50, 0xaa59, 77),
    (0xaa5a, 0xaa5b, 0),
    (0xaa5c, 0xaa5f, 77),
    (0xaa60, 0xaa7f, 23),
    (0xaa80, 0xaac2, 79),
    (0xaac3, 0xaada, 0),
    (0xaadb, 0xaadf, 79),
    (0xaae0, 0xaaf6, 86),
    (0xaaf7, 0xab00, 0),
    (0xab01, 0xab06, 26),
    (0xab07, 0xab08, 0),
    (0xab09, 0xab0e, 26),
    (0xab0f, 0xab10, 0),
    (0xab11, 0xab16, 26),
    (0xab17, 0xab1f, 0),
    (0xab20, 0xab26, 26),
    (0xab27, 0xab27, 0),
    (0xab28, 0xab2e, 26),
    (0xab2f, 0xab2f, 0),
    (0xab30, 0xab5a, 2),
    (0xab5b, 0xab5b, 1),
    (0xab5c, 0xab64, 2),
    (0xab65, 0xab65, 3),
    (0xab66, 0xab69, 2),
    (0xab6a, 0xab6b, 1),
    (0xab6c, 0xab6f, 0),
    (0xab70, 0xabbf, 27),
    (0xabc0, 0xabed, 86),
    (0xabee, 0xabef, 0),
    (0xabf0, 0xabf9, 86),
    (0xabfa, 0xabff, 0),
    (0xac00, 0xd7a3, 25),
    (0xd7a4, 0xd7af, 0),
    (0xd7b0, 0xd7c6, 25),
    (0xd7c7, 0xd7ca, 0),
    (0xd7cb, 0xd7fb, 25),
    (0xd7fc, 0xf8ff, 0),
    (0xf900, 0xfa6d, 36),
    (0xfa6e, 0xfa6f, 0),
    (0xfa70, 0xfad9, 36),
    (0xfada, 0xfaff, 0),
    (0xfb00, 0xfb06, 2),
    (0xfb07, 0xfb12, 0),
    (0xfb13, 0xfb17, 5),
    (0xfb18, 0xfb1c, 0),
    (0xfb1d, 0xfb36, 6),
    (0xfb37, 0xfb37, 0),
    (0xfb38, 0xfb3c, 6),
    (0xfb3d, 0xfb3d, 0),
    (0xfb3e, 0xfb3e, 6),
    (0xfb3f, 0xfb3f, 0),
    (0xfb40, 0xfb41, 6),
    (0xfb42, 0xfb42, 0),
    (0xfb43, 0xfb44, 6),
    (0xfb45, 0xfb45, 0),
    (0xfb46, 0xfb4f, 6),
    (0xfb50, 0xfd3d, 7),
    (0xfd3e, 0xfd3f, 1),
    (0xfd40, 0xfdcf, 7),
    (0xfdd0, 0xfdef, 0),
    (0xfdf0, 0xfdff, 7),
    (0xfe00, 0xfe0f, 41),
    (0xfe10, 0xfe19, 1),
    (0xfe1a, 0xfe1f, 0),
    (0xfe20, 0xfe2d, 41),
    (0xfe2e, 0xfe2f, 4),
    (0xfe30, 0xfe52, 1),
    (0xfe53, 0xfe53, 0),
    (0xfe54, 0xfe66, 1),
    (0xfe67, 0xfe67, 0),
    (0xfe68, 0xfe6b, 1),
    (0xfe6c, 0xfe6f, 0),
    (0xfe70, 0xfe74, 7),
    (0xfe75, 0xfe75, 0),
    (0xfe76, 0xfefc, 7),
    (0xfefd, 0xfefe, 0),
    (0xfeff, 0xfeff, 1),
    (0xff00, 0xff00, 0),
    (0xff01, 0xff20, 1),
    (0xff21, 0xff3a, 2),
    (0xff3b, 0xff40, 1),
    (0xff41, 0xff5a, 2),
    (0xff5b, 0xff65, 1),
    (0xff66, 0xff6f, 34),
    (0xff70, 0xff70, 1),
    (0xff71, 0xff9d, 34),
    (0xff9e, 0xff9f, 1),
    (0xffa0, 0xffbe, 25),
    (0xffbf, 0xffc1, 0),
    (0xffc2, 0xffc7, 25),
    (0xffc8, 0xffc9, 0),
    (0xffca, 0xffcf, 25),
    (0xffd0, 0xffd1, 0),
    (0xffd2, 0xffd7, 25),
    (0xffd8, 0xffd9, 0),
    (0xffda, 0xffdc, 25),
    (0xffdd, 0xffdf, 0),
    (0xffe0, 0xffe6, 1),
    (0xffe7, 0xffe7, 0),
    (0xffe8, 0xffee, 1),
    (0xffef, 0xfff8, 0),
    (0xfff9, 0xfffd, 1),
    (0xfffe, 0xffff, 0),
    (0x10000, 0x1000b, 48),
    (0x1000c, 0x1000c, 0),
    (0x1000d, 0x10026, 48),
    (0x10027, 0x10027, 0),
    (0x10028, 0x1003a, 48),
    (0x1003b, 0x1003b, 0),
    (0x1003c, 0x1003d, 48),
    (0x1003e, 0x1003e, 0),
    (0x1003f, 0x1004d, 48),
    (0x1004e, 0x1004f, 0),
    (0x10050, 0x1005d, 48),
    (0x1005e, 0x1007f, 0),
    (0x10080, 0x100fa, 48),
    (0x100fb, 0x100ff, 0),
    (0x10100, 0x10102, 1),
    (0x10103, 0x10106, 0),
    (0x10107, 0x10133, 1),
    (0x10134, 0x10136, 0),
    (0x10137, 0x1013f, 1),
    (0x10140, 0x1018e, 3),
    (0x1018f, 0x1018f, 0),
    (0x10190, 0x1019c, 1),
    (0x1019d, 0x1019f, 0),
    (0x101a0, 0x101a0, 3),
    (0x101a1, 0x101cf, 0),
    (0x101d0, 0x101fc, 1),
    (0x101fd, 0x101fd, 41),
    (0x101fe, 0x1027f, 0),
    (0x10280, 0x1029c, 74),
    (0x1029d, 0x1029f, 0),
    (0x102a0, 0x102d0, 75),
    (0x102d1, 0x102df, 0),
    (0x102e0, 0x102e0, 41),
    (0x102e1, 0x102fb, 1),
    (0x102fc, 0x102ff, 0),
    (0x10300, 0x10323, 38),
    (0x10324, 0x1032c, 0),
    (0x1032d, 0x1032f, 38),
    (0x10330, 0x1034a, 39),
    (0x1034b, 0x1034f, 0),
    (0x10350, 0x1037a, 120),
    (0x1037b, 0x1037f, 0),
    (0x10380, 0x1039d, 49),
    (0x1039e, 0x1039e, 0),
    (0x1039f, 0x1039f, 49),
    (0x103a0, 0x103c3, 60),
    (0x103c4, 0x103c7, 0),
    (0x103c8, 0x103d5, 60),
    (0x103d6, 0x103ff, 0),
    (0x10400, 0x1044f, 40),
    (0x10450, 0x1047f, 50),
    (0x10480, 0x1049d, 51),
    (0x1049e, 0x1049f, 0),
    (0x104a0, 0x104a9, 51),
    (0x104aa, 0x104af, 0),
    (0x104b0, 0x104d3, 136),
    (0x104d4, 0x104d7, 0),
    (0x104d8, 0x104fb, 136),
    (0x104fc, 0x104ff, 0),
    (0x10500, 0x10527, 106),
    (0x10528, 0x1052f, 0),
    (0x10530, 0x10563, 103),
    (0x10564, 0x1056e, 0),
    (0x1056f, 0x1056f, 103),
    (0x10570, 0x1057a, 161),
    (0x1057b, 0x1057b, 0),
    (0x1057c, 0x1058a, 161),
    (0x1058b, 0x1058b, 0),
    (0x1058c, 0x10592, 161),
    (0x10593, 0x10593, 0),
    (0x10594, 0x10595, 161),
    (0x10596, 0x10596, 0),
    (0x10597, 0x105a1, 161),
    (0x105a2, 0x105a2, 0),
    (0x105a3, 0x105b1, 161),
    (0x105b2, 0x105b2, 0),
    (0x105b3, 0x105b9, 161),
    (0x105ba, 0x105ba, 0),
    (0x105bb, 0x105bc, 161),
    (0x105bd, 0x105bf, 0),
    (0x105c0, 0x105f3, 169),
    (0x105f4, 0x105ff, 0),
    (0x10600, 0x10736, 110),
    (0x10737, 0x1073f, 0),
    (0x10740, 0x10755, 110),
    (0x10756, 0x1075f, 0),
    (0x10760, 0x10767, 110),
    (0x10768, 0x1077f, 0),
    (0x10780, 0x10785, 2),
    (0x10786, 0x10786, 0),
    (0x10787, 0x107b0, 2),
    (0x107b1, 0x107b1, 0),
    (0x107b2, 0x107ba, 2),
    (0x107bb, 0x107ff, 0),
    (0x10800, 0x10805, 52),
    (0x10806, 0x10807, 0),
    (0x10808, 0x10808, 52),
    (0x10809, 0x10809, 0),
    (0x1080a, 0x10835, 52),
    (0x10836, 0x10836, 0),
    (0x10837, 0x10838, 52),
    (0x10839, 0x1083b, 0),
    (0x1083c, 0x1083c, 52),
    (0x1083d, 0x1083e, 0),
    (0x1083f, 0x1083f, 52),
    (0x10840, 0x10855, 87),
    (0x10856, 0x10856, 0),
    (0x10857, 0x1085f, 87),
    (0x10860, 0x1087f, 118),
    (0x10880, 0x1089e, 117),
    (0x1089f, 0x108a6, 0),
    (0x108a7, 0x108af, 117),
    (0x108b0, 0x108df, 0),
    (0x108e0, 0x108f2, 128),
    (0x108f3, 0x108f3, 0),
    (0x108f4, 0x108f5, 128),
    (0x108f6, 0x108fa, 0),
    (0x108fb, 0x108ff, 128),
    (0x10900, 0x1091b, 64),
    (0x1091c, 0x1091e, 0),
    (0x1091f, 0x1091f, 64),
    (0x10920, 0x10939, 76),
    (0x1093a, 0x1093e, 0),
    (0x1093f, 0x1093f, 76),
    (0x10940, 0x10959, 171),
    (0x1095a, 0x1097f, 0),
    (0x10980, 0x1099f, 98),
    (0x109a0, 0x109b7, 97),
    (0x109b8, 0x109bb, 0),
    (0x109bc, 0x109cf, 97),
    (0x109d0, 0x109d1, 0),
    (0x109d2, 0x109ff, 97),
    (0x10a00, 0x10a03, 61),
    (0x10a04, 0x10a04, 0),
    (0x10a05, 0x10a06, 61),
    (0x10a07, 0x10a0b, 0),
    (0x10a0c, 0x10a13, 61),
    (0x10a14, 0x10a14, 0),
    (0x10a15, 0x10a17, 61),
    (0x10a18, 0x10a18, 0),
    (0x10a19, 0x10a35, 61),
    (0x10a36, 0x10a37, 0),
    (0x10a38, 0x10a3a, 61),
    (0x10a3b, 0x10a3e, 0),
    (0x10a3f, 0x10a48, 61),
    (0x10a49, 0x10a4f, 0),
    (0x10a50, 0x10a58, 61),
    (0x10a59, 0x10a5f, 0),
    (0x10a60, 0x10a7f, 88),
    (0x10a80, 0x10a9f, 116),
    (0x10aa0, 0x10abf, 0),
    (0x10ac0, 0x10ae6, 112),
    (0x10ae7, 0x10aea, 0),
    (0x10aeb, 0x10af6, 112),
    (0x10af7, 0x10aff, 0),
    (0x10b00, 0x10b35, 80),
    (0x10b36, 0x10b38, 0),
    (0x10b39, 0x10b3f, 80),
    (0x10b40, 0x10b55, 89),
    (0x10b56, 0x10b57, 0),
    (0x10b58, 0x10b5f, 89),
    (0x10b60, 0x10b72, 90),
    (0x10b73, 0x10b77, 0),
    (0x10b78, 0x10b7f, 90),
    (0x10b80, 0x10b91, 121),
    (0x10b92, 0x10b98, 0),
    (0x10b99, 0x10b9c, 121),
    (0x10b9d, 0x10ba8, 0),
    (0x10ba9, 0x10baf, 121),
    (0x10bb0, 0x10bff, 0),
    (0x10c00, 0x10c48, 91),
    (0x10c49, 0x10c7f, 0),
    (0x10c80, 0x10cb2, 130),
    (0x10cb3, 0x10cbf, 0),
    (0x10cc0, 0x10cf2, 130),
    (0x10cf3, 0x10cf9, 0),
    (0x10cfa, 0x10cff, 130),
    (0x10d00, 0x10d27, 146),
    (0x10d28, 0x10d2f, 0),
    (0x10d30, 0x10d39, 146),
    (0x10d3a, 0x10d3f, 0),
    (0x10d40, 0x10d65, 164),
    (0x10d66, 0x10d68, 0),
    (0x10d69, 0x10d85, 164),
    (0x10d86, 0x10d8d, 0),
    (0x10d8e, 0x10d8f, 164),
    (0x10d90, 0x10e5f, 0),
    (0x10e60, 0x10e7e, 7),
    (0x10e7f, 0x10e7f, 0),
    (0x10e80, 0x10ea9, 156),
    (0x10eaa, 0x10eaa, 0),
    (0x10eab, 0x10ead, 156),
    (0x10eae, 0x10eaf, 0),
    (0x10eb0, 0x10eb1, 156),
    (0x10eb2, 0x10ec1, 0),
    (0x10ec2, 0x10ec7, 7),
    (0x10ec8, 0x10ecf, 0),
    (0x10ed0, 0x10ed8, 7),
    (0x10ed9, 0x10ef9, 0),
    (0x10efa, 0x10eff, 7),
    (0x10f00, 0x10f27, 148),
    (0x10f28, 0x10f2f, 0),
    (0x10f30, 0x10f59, 147),
    (0x10f5a, 0x10f6f, 0),
    (0x10f70, 0x10f89, 158),
    (0x10f8a, 0x10faf, 0),
    (0x10fb0, 0x10fcb, 153),
    (0x10fcc, 0x10fdf, 0),
    (0x10fe0, 0x10ff6, 149),
    (0x10ff7, 0x10fff, 0),
    (0x11000, 0x1104d, 94),
    (0x1104e, 0x11051, 0),
    (0x11052, 0x11075, 94),
    (0x11076, 0x1107e, 0),
    (0x1107f, 0x1107f, 94),
    (0x11080, 0x110c2, 92),
    (0x110c3, 0x110cc, 0),
    (0x110cd, 0x110cd, 92),
    (0x110ce, 0x110cf, 0),
    (0x110d0, 0x110e8, 101),
    (0x110e9, 0x110ef, 0),
    (0x110f0, 0x110f9, 101),
    (0x110fa, 0x110ff, 0),
    (0x11100, 0x11134, 96),
    (0x11135, 0x11135, 0),
    (0x11136, 0x11147, 96),
    (0x11148, 0x1114f, 0),
    (0x11150, 0x11176, 111),
    (0x11177, 0x1117f, 0),
    (0x11180, 0x111df, 100),
    (0x111e0, 0x111e0, 0),
    (0x111e1, 0x111f4, 19),
    (0x111f5, 0x111ff, 0),
    (0x11200, 0x11211, 109),
    (0x11212, 0x11212, 0),
    (0x11213, 0x11241, 109),
    (0x11242, 0x1127f, 0),
    (0x11280, 0x11286, 129),
    (0x11287, 0x11287, 0),
    (0x11288, 0x11288, 129),
    (0x11289, 0x11289, 0),
    (0x1128a, 0x1128d, 129),
    (0x1128e, 0x1128e, 0),
    (0x1128f, 0x1129d, 129),
    (0x1129e, 0x1129e, 0),
    (0x1129f, 0x112a9, 129),
    (0x112aa, 0x112af, 0),
    (0x112b0, 0x112ea, 123),
    (0x112eb, 0x112ef, 0),
    (0x112f0, 0x112f9, 123),
    (0x112fa, 0x112ff, 0),
    (0x11300, 0x11303, 107),
    (0x11304, 0x11304, 0),
    (0x11305, 0x1130c, 107),
    (0x1130d, 0x1130e, 0),
    (0x1130f, 0x11310, 107),
    (0x11311, 0x11312, 0),
    (0x11313, 0x11328, 107),
    (0x11329, 0x11329, 0),
    (0x1132a, 0x11330, 107),
    (0x11331, 0x11331, 0),
    (0x11332, 0x11333, 107),
    (0x11334, 0x11334, 0),
    (0x11335, 0x11339, 107),
    (0x1133a, 0x1133a, 0),
    (0x1133b, 0x1133b, 41),
    (0x1133c, 0x11344, 107),
    (0x11345, 0x11346, 0),
    (0x11347, 0x11348, 107),
    (0x11349, 0x1134a, 0),
    (0x1134b, 0x1134d, 107),
    (0x1134e, 0x1134f, 0),
    (0x11350, 0x11350, 107),
    (0x11351, 0x11356, 0),
    (0x11357, 0x11357, 107),
    (0x11358, 0x1135c, 0),
    (0x1135d, 0x11363, 107),
    (0x11364, 0x11365, 0),
    (0x11366, 0x1136c, 107),
    (0x1136d, 0x1136f, 0),
    (0x11370, 0x11374, 107),
    (0x11375, 0x1137f, 0),
    (0x11380, 0x11389, 170),
    (0x1138a, 0x1138a, 0),
    (0x1138b, 0x1138b, 170),
    (0x1138c, 0x1138d, 0),
    (0x1138e, 0x1138e, 170),
    (0x1138f, 0x1138f, 0),
    (0x11390, 0x113b5, 170),
    (0x113b6, 0x113b6, 0),
    (0x113b7, 0x113c0, 170),
    (0x113c1, 0x113c1, 0),
    (0x113c2, 0x113c2, 170),
    (0x113c3, 0x113c4, 0),
    (0x113c5, 0x113c5, 170),
    (0x113c6, 0x113c6, 0),
    (0x113c7, 0x113ca, 170),
    (0x113cb, 0x113cb, 0),
    (0x113cc, 0x113d5, 170),
    (0x113d6, 0x113d6, 0),
    (0x113d7, 0x113d8, 170),
    (0x113d9, 0x113e0, 0),
    (0x113e1, 0x113e2, 170),
    (0x113e3, 0x113ff, 0),
    (0x11400, 0x1145b, 135),
    (0x1145c, 0x1145c, 0),
    (0x1145d, 0x11461, 135),
    (0x11462, 0x1147f, 0),
    (0x11480, 0x114c7, 124),
    (0x114c8, 0x114cf, 0),
    (0x114d0, 0x114d9, 124),
    (0x114da, 0x1157f, 0),
    (0x11580, 0x115b5, 122),
    (0x115b6, 0x115b7, 0),
    (0x115b8, 0x115dd, 122),
    (0x115de, 0x115ff, 0),
    (0x11600, 0x11644, 114),
    (0x11645, 0x1164f, 0),
    (0x11650, 0x11659, 114),
    (0x1165a, 0x1165f, 0),
    (0x11660, 0x1166c, 32),
    (0x1166d, 0x1167f, 0),
    (0x11680, 0x116b9, 102),
    (0x116ba, 0x116bf, 0),
    (0x116c0, 0x116c9, 102),
    (0x116ca, 0x116cf, 0),
    (0x116d0, 0x116e3, 23),
    (0x116e4, 0x116ff, 0),
    (0x11700, 0x1171a, 126),
    (0x1171b, 0x1171c, 0),
    (0x1171d, 0x1172b, 126),
    (0x1172c, 0x1172f, 0),
    (0x11730, 0x11746, 126),
    (0x11747, 0x117ff, 0),
    (0x11800, 0x1183b, 142),
    (0x1183c, 0x1189f, 0),
    (0x118a0, 0x118f2, 125),
    (0x118f3, 0x118fe, 0),
    (0x118ff, 0x118ff, 125),
    (0x11900, 0x11906, 154),
    (0x11907, 0x11908, 0),
    (0x11909, 0x11909, 154),
    (0x1190a, 0x1190b, 0),
    (0x1190c, 0x11913, 154),
    (0x11914, 0x11914, 0),
    (0x11915, 0x11916, 154),
    (0x11917, 0x11917, 0),
    (0x11918, 0x11935, 154),
    (0x11936, 0x11936, 0),
    (0x11937, 0x11938, 154),
    (0x11939, 0x1193a, 0),
    (0x1193b, 0x11946, 154),
    (0x11947, 0x1194f, 0),
    (0x11950, 0x11959, 154),
    (0x1195a, 0x1199f, 0),
    (0x119a0, 0x119a7, 150),
    (0x119a8, 0x119a9, 0),
    (0x119aa, 0x119d7, 150),
    (0x119d8, 0x119d9, 0),
    (0x119da, 0x119e4, 150),
    (0x119e5, 0x119ff, 0),
    (0x11a00, 0x11a47, 141),
    (0x11a48, 0x11a4f, 0),
    (0x11a50, 0x11aa2, 140),
    (0x11aa3, 0x11aaf, 0),
    (0x11ab0, 0x11abf, 28),
    (0x11ac0, 0x11af8, 119),
    (0x11af9, 0x11aff, 0),
    (0x11b00, 0x11b09, 10),
    (0x11b0a, 0x11b5f, 0),
    (0x11b60, 0x11b67, 100),
    (0x11b68, 0x11bbf, 0),
    (0x11bc0, 0x11be1, 168),
    (0x11be2, 0x11bef, 0),
    (0x11bf0, 0x11bf9, 168),
    (0x11bfa, 0x11bff, 0),
    (0x11c00, 0x11c08, 133),
    (0x11c09, 0x11c09, 0),
    (0x11c0a, 0x11c36, 133),
    (0x11c37, 0x11c37, 0),
    (0x11c38, 0x11c45, 133),
    (0x11c46, 0x11c4f, 0),
    (0x11c50, 0x11c6c, 133),
    (0x11c6d, 0x11c6f, 0),
    (0x11c70, 0x11c8f, 134),
    (0x11c90, 0x11c91, 0),
    (0x11c92, 0x11ca7, 134),
    (0x11ca8, 0x11ca8, 0),
    (0x11ca9, 0x11cb6, 134),
    (0x11cb7, 0x11cff, 0),
    (0x11d00, 0x11d06, 138),
    (0x11d07, 0x11d07, 0),
    (0x11d08, 0x11d09, 138),
    (0x11d0a, 0x11d0a, 0),
    (0x11d0b, 0x11d36, 138),
    (0x11d37, 0x11d39, 0),
    (0x11d3a, 0x11d3a, 138),
    (0x11d3b, 0x11d3b, 0),
    (0x11d3c, 0x11d3d, 138),
    (0x11d3e, 0x11d3e, 0),
    (0x11d3f, 0x11d47, 138),
    (0x11d48, 0x11d4f, 0),
    (0x11d50, 0x11d59, 138),
    (0x11d5a, 0x11d5f, 0),
    (0x11d60, 0x11d65, 143),
    (0x11d66, 0x11d66, 0),
    (0x11d67, 0x11d68, 143),
    (0x11d69, 0x11d69, 0),
    (0x11d6a, 0x11d8e, 143),
    (0x11d8f, 0x11d8f, 0),
    (0x11d90, 0x11d91, 143),
    (0x11d92, 0x11d92, 0),
    (0x11d93, 0x11d98, 143),
    (0x11d99, 0x11d9f, 0),
    (0x11da0, 0x11da9, 143),
    (0x11daa, 0x11daf, 0),
    (0x11db0, 0x11ddb, 173),
    (0x11ddc, 0x11ddf, 0),
    (0x11de0, 0x11de9, 173),
    (0x11dea, 0x11edf, 0),
    (0x11ee0, 0x11ef8, 144),
    (0x11ef9, 0x11eff, 0),
    (0x11f00, 0x11f10, 162),
    (0x11f11, 0x11f11, 0),
    (0x11f12, 0x11f3a, 162),
    (0x11f3b, 0x11f3d, 0),
    (0x11f3e, 0x11f5a, 162),
    (0x11f5b, 0x11faf, 0),
    (0x11fb0, 0x11fb0, 83),
    (0x11fb1, 0x11fbf, 0),
    (0x11fc0, 0x11ff1, 15),
    (0x11ff2, 0x11ffe, 0),
    (0x11fff, 0x11fff, 15),
    (0x12000, 0x12399, 63),
    (0x1239a, 0x123ff, 0),
    (0x12400, 0x1246e, 63),
    (0x1246f, 0x1246f, 0),
    (0x12470, 0x12474, 63),
    (0x12475, 0x1247f, 0),
    (0x12480, 0x12543, 63),
    (0x12544, 0x12f8f, 0),
    (0x12f90, 0x12ff2, 157),
    (0x12ff3, 0x12fff, 0),
    (0x13000, 0x13455, 81),
    (0x13456, 0x1345f, 0),
    (0x13460, 0x143fa, 81),
    (0x143fb, 0x143ff, 0),
    (0x14400, 0x14646, 127),
    (0x14647, 0x160ff, 0),
    (0x16100, 0x16139, 165),
    (0x1613a, 0x167ff, 0),
    (0x16800, 0x16a38, 84),
    (0x16a39, 0x16a3f, 0),
    (0x16a40, 0x16a5e, 115),
    (0x16a5f, 0x16a5f, 0),
    (0x16a60, 0x16a69, 115),
    (0x16a6a, 0x16a6d, 0),
    (0x16a6e, 0x16a6f, 115),
    (0x16a70, 0x16abe, 159),
    (0x16abf, 0x16abf, 0),
    (0x16ac0, 0x16ac9, 159),
    (0x16aca, 0x16acf, 0),
    (0x16ad0, 0x16aed, 104),
    (0x16aee, 0x16aef, 0),
    (0x16af0, 0x16af5, 104),
    (0x16af6, 0x16aff, 0),
    (0x16b00, 0x16b45, 108),
    (0x16b46, 0x16b4f, 0),
    (0x16b50, 0x16b59, 108),
    (0x16b5a, 0x16b5a, 0),
    (0x16b5b, 0x16b61, 108),
    (0x16b62, 0x16b62, 0),
    (0x16b63, 0x16b77, 108),
    (0x16b78, 0x16b7c, 0),
    (0x16b7d, 0x16b8f, 108),
    (0x16b90, 0x16d3f, 0),
    (0x16d40, 0x16d79, 166),
    (0x16d7a, 0x16e3f, 0),
    (0x16e40, 0x16e9a, 145),
    (0x16e9b, 0x16e9f, 0),
    (0x16ea0, 0x16eb8, 174),
    (0x16eb9, 0x16eba, 0),
    (0x16ebb, 0x16ed3, 174),
    (0x16ed4, 0x16eff, 0),
    (0x16f00, 0x16f4a, 99),
    (0x16f4b, 0x16f4e, 0),
    (0x16f4f, 0x16f87, 99),
    (0x16f88, 0x16f8e, 0),
    (0x16f8f, 0x16f9f, 99),
    (0x16fa0, 0x16fdf, 0),
    (0x16fe0, 0x16fe0, 137),
    (0x16fe1, 0x16fe1, 139),
    (0x16fe2, 0x16fe3, 36),
    (0x16fe4, 0x16fe4, 155),
    (0x16fe5, 0x16fef, 0),
    (0x16ff0, 0x16ff6, 36),
    (0x16ff7, 0x16fff, 0),
    (0x17000, 0x18aff, 137),
    (0x18b00, 0x18cd5, 155),
    (0x18cd6, 0x18cfe, 0),
    (0x18cff, 0x18cff, 155),
    (0x18d00, 0x18d1e, 137),
    (0x18d1f, 0x18d7f, 0),
    (0x18d80, 0x18df2, 137),
    (0x18df3, 0x1afef, 0),
    (0x1aff0, 0x1aff3, 34),
    (0x1aff4, 0x1aff4, 0),
    (0x1aff5, 0x1affb, 34),
    (0x1affc, 0x1affc, 0),
    (0x1affd, 0x1affe, 34),
    (0x1afff, 0x1afff, 0),
    (0x1b000, 0x1b000, 34),
    (0x1b001, 0x1b11f, 33),
    (0x1b120, 0x1b122, 34),
    (0x1b123, 0x1b131, 0),
    (0x1b132, 0x1b132, 33),
    (0x1b133, 0x1b14f, 0),
    (0x1b150, 0x1b152, 33),
    (0x1b153, 0x1b154, 0),
    (0x1b155, 0x1b155, 34),
    (0x1b156, 0x1b163, 0),
    (0x1b164, 0x1b167, 34),
    (0x1b168, 0x1b16f, 0),
    (0x1b170, 0x1b2fb, 139),
    (0x1b2fc, 0x1bbff, 0),
    (0x1bc00, 0x1bc6a, 105),
    (0x1bc6b, 0x1bc6f, 0),
    (0x1bc70, 0x1bc7c, 105),
    (0x1bc7d, 0x1bc7f, 0),
    (0x1bc80, 0x1bc88, 105),
    (0x1bc89, 0x1bc8f, 0),
    (0x1bc90, 0x1bc99, 105),
    (0x1bc9a, 0x1bc9b, 0),
    (0x1bc9c, 0x1bc9f, 105),
    (0x1bca0, 0x1bca3, 1),
    (0x1bca4, 0x1cbff, 0),
    (0x1cc00, 0x1ccfc, 1),
    (0x1ccfd, 0x1ccff, 0),
    (0x1cd00, 0x1ceb3, 1),
    (0x1ceb4, 0x1ceb9, 0),
    (0x1ceba, 0x1ced0, 1),
    (0x1ced1, 0x1cedf, 0),
    (0x1cee0, 0x1cef0, 1),
    (0x1cef1, 0x1ceff, 0),
    (0x1cf00, 0x1cf2d, 41),
    (0x1cf2e, 0x1cf2f, 0),
    (0x1cf30, 0x1cf46, 41),
    (0x1cf47, 0x1cf4f, 0),
    (0x1cf50, 0x1cfc3, 1),
    (0x1cfc4, 0x1cfff, 0),
    (0x1d000, 0x1d0f5, 1),
    (0x1d0f6, 0x1d0ff, 0),
    (0x1d100, 0x1d126, 1),
    (0x1d127, 0x1d128, 0),
    (0x1d129, 0x1d166, 1),
    (0x1d167, 0x1d169, 41),
    (0x1d16a, 0x1d17a, 1),
    (0x1d17b, 0x1d182, 41),
    (0x1d183, 0x1d184, 1),
    (0x1d185, 0x1d18b, 41),
    (0x1d18c, 0x1d1a9, 1),
    (0x1d1aa, 0x1d1ad, 41),
    (0x1d1ae, 0x1d1ea, 1),
    (0x1d1eb, 0x1d1ff, 0),
    (0x1d200, 0x1d245, 3),
    (0x1d246, 0x1d2bf, 0),
    (0x1d2c0, 0x1d2d3, 1),
    (0x1d2d4, 0x1d2df, 0),
    (0x1d2e0, 0x1d2f3, 1),
    (0x1d2f4, 0x1d2ff, 0),
    (0x1d300, 0x1d356, 1),
    (0x1d357, 0x1d35f, 0),
    (0x1d360, 0x1d378, 1),
    (0x1d379, 0x1d3ff, 0),
    (0x1d400, 0x1d454, 1),
    (0x1d455, 0x1d455, 0),
    (0x1d456, 0x1d49c, 1),
    (0x1d49d, 0x1d49d, 0),
    (0x1d49e, 0x1d49f, 1),
    (0x1d4a0, 0x1d4a1, 0),
    (0x1d4a2, 0x1d4a2, 1),
    (0x1d4a3, 0x1d4a4, 0),
    (0x1d4a5, 0x1d4a6, 1),
    (0x1d4a7, 0x1d4a8, 0),
    (0x1d4a9, 0x1d4ac, 1),
    (0x1d4ad, 0x1d4ad, 0),
    (0x1d4ae, 0x1d4b9, 1),
    (0x1d4ba, 0x1d4ba, 0),
    (0x1d4bb, 0x1d4bb, 1),
    (0x1d4bc, 0x1d4bc, 0),
    (0x1d4bd, 0x1d4c3, 1),
    (0x1d4c4, 0x1d4c4, 0),
    (0x1d4c5, 0x1d505, 1),
    (0x1d506, 0x1d506, 0),
    (0x1d507, 0x1d50a, 1),
    (0x1d50b, 0x1d50c, 0),
    (0x1d50d, 0x1d514, 1),
    (0x1d515, 0x1d515, 0),
    (0x1d516, 0x1d51c, 1),
    (0x1d51d, 0x1d51d, 0),
    (0x1d51e, 0x1d539, 1),
    (0x1d53a, 0x1d53a, 0),
    (0x1d53b, 0x1d53e, 1),
    (0x1d53f, 0x1d53f, 0),
    (0x1d540, 0x1d544, 1),
    (0x1d545, 0x1d545, 0),
    (0x1d546, 0x1d546, 1),
    (0x1d547, 0x1d549, 0),
    (0x1d54a, 0x1d550, 1),
    (0x1d551, 0x1d551, 0),
    (0x1d552, 0x1d6a5, 1),
    (0x1d6a6, 0x1d6a7, 0),
    (0x1d6a8, 0x1d7cb, 1),
    (0x1d7cc, 0x1d7cd, 0),
    (0x1d7ce, 0x1d7ff, 1),
    (0x1d800, 0x1da8b, 131),
    (0x1da8c, 0x1da9a, 0),
    (0x1da9b, 0x1da9f, 131),
    (0x1daa0, 0x1daa0, 0),
    (0x1daa1, 0x1daaf, 131),
    (0x1dab0, 0x1deff, 0),
    (0x1df00, 0x1df1e, 2),
    (0x1df1f, 0x1df24, 0),
    (0x1df25, 0x1df2a, 2),
    (0x1df2b, 0x1dfff, 0),
    (0x1e000, 0x1e006, 57),
    (0x1e007, 0x1e007, 0),
    (0x1e008, 0x1e018, 57),
    (0x1e019, 0x1e01a, 0),
    (0x1e01b, 0x1e021, 57),
    (0x1e022, 0x1e022, 0),
    (0x1e023, 0x1e024, 57),
    (0x1e025, 0x1e025, 0),
    (0x1e026, 0x1e02a, 57),
    (0x1e02b, 0x1e02f, 0),
    (0x1e030, 0x1e06d, 4),
    (0x1e06e, 0x1e08e, 0),
    (0x1e08f, 0x1e08f, 4),
    (0x1e090, 0x1e0ff, 0),
    (0x1e100, 0x1e12c, 151),
    (0x1e12d, 0x1e12f, 0),
    (0x1e130, 0x1e13d, 151),
    (0x1e13e, 0x1e13f, 0),
    (0x1e140, 0x1e149, 151),
    (0x1e14a, 0x1e14d, 0),
    (0x1e14e, 0x1e14f, 151),
    (0x1e150, 0x1e28f, 0),
    (0x1e290, 0x1e2ae, 160),
    (0x1e2af, 0x1e2bf, 0),
    (0x1e2c0, 0x1e2f9, 152),
    (0x1e2fa, 0x1e2fe, 0),
    (0x1e2ff, 0x1e2ff, 152),
    (0x1e300, 0x1e4cf, 0),
    (0x1e4d0, 0x1e4f9, 163),
    (0x1e4fa, 0x1e5cf, 0),
    (0x1e5d0, 0x1e5fa, 167),
    (0x1e5fb, 0x1e5fe, 0),
    (0x1e5ff, 0x1e5ff, 167),
    (0x1e600, 0x1e6bf, 0),
    (0x1e6c0, 0x1e6de, 172),
    (0x1e6df, 0x1e6df, 0),
    (0x1e6e0, 0x1e6f5, 172),
    (0x1e6f6, 0x1e6fd, 0),
    (0x1e6fe, 0x1e6ff, 172),
    (0x1e700, 0x1e7df, 0),
    (0x1e7e0, 0x1e7e6, 26),
    (0x1e7e7, 0x1e7e7, 0),
    (0x1e7e8, 0x1e7eb, 26),
    (0x1e7ec, 0x1e7ec, 0),
    (0x1e7ed, 0x1e7ee, 26),
    (0x1e7ef, 0x1e7ef, 0),
    (0x1e7f0, 0x1e7fe, 26),
    (0x1e7ff, 0x1e7ff, 0),
    (0x1e800, 0x1e8c4, 113),
    (0x1e8c5, 0x1e8c6, 0),
    (0x1e8c7, 0x1e8d6, 113),
    (0x1e8d7, 0x1e8ff, 0),
    (0x1e900, 0x1e94b, 132),
    (0x1e94c, 0x1e94f, 0),
    (0x1e950, 0x1e959, 132),
    (0x1e95a, 0x1e95d, 0),
    (0x1e95e, 0x1e95f, 132),
    (0x1e960, 0x1ec70, 0),
    (0x1ec71, 0x1ecb4, 1),
    (0x1ecb5, 0x1ed00, 0),
    (0x1ed01, 0x1ed3d, 1),
    (0x1ed3e, 0x1edff, 0),
    (0x1ee00, 0x1ee03, 7),
    (0x1ee04, 0x1ee04, 0),
    (0x1ee05, 0x1ee1f, 7),
    (0x1ee20, 0x1ee20, 0),
    (0x1ee21, 0x1ee22, 7),
    (0x1ee23, 0x1ee23, 0),
    (0x1ee24, 0x1ee24, 7),
    (0x1ee25, 0x1ee26, 0),
    (0x1ee27, 0x1ee27, 7),
    (0x1ee28, 0x1ee28, 0),
    (0x1ee29, 0x1ee32, 7),
    (0x1ee33, 0x1ee33, 0),
    (0x1ee34, 0x1ee37, 7),
    (0x1ee38, 0x1ee38, 0),
    (0x1ee39, 0x1ee39, 7),
    (0x1ee3a, 0x1ee3a, 0),
    (0x1ee3b, 0x1ee3b, 7),
    (0x1ee3c, 0x1ee41, 0),
    (0x1ee42, 0x1ee42, 7),
    (0x1ee43, 0x1ee46, 0),
    (0x1ee47, 0x1ee47, 7),
    (0x1ee48, 0x1ee48, 0),
    (0x1ee49, 0x1ee49, 7),
    (0x1ee4a, 0x1ee4a, 0),
    (0x1ee4b, 0x1ee4b, 7),
    (0x1ee4c, 0x1ee4c, 0),
    (0x1ee4d, 0x1ee4f, 7),
    (0x1ee50, 0x1ee50, 0),
    (0x1ee51, 0x1ee52, 7),
    (0x1ee53, 0x1ee53, 0),
    (0x1ee54, 0x1ee54, 7),
    (0x1ee55, 0x1ee56, 0),
    (0x1ee57, 0x1ee57, 7),
    (0x1ee58, 0x1ee58, 0),
    (0x1ee59, 0x1ee59, 7),
    (0x1ee5a, 0x1ee5a, 0),
    (0x1ee5b, 0x1ee5b, 7),
    (0x1ee5c, 0x1ee5c, 0),
    (0x1ee5d, 0x1ee5d, 7),
    (0x1ee5e, 0x1ee5e, 0),
    (0x1ee5f, 0x1ee5f, 7),
    (0x1ee60, 0x1ee60, 0),
    (0x1ee61, 0x1ee62, 7),
    (0x1ee63, 0x1ee63, 0),
    (0x1ee64, 0x1ee64, 7),
    (0x1ee65, 0x1ee66, 0),
    (0x1ee67, 0x1ee6a, 7),
    (0x1ee6b, 0x1ee6b, 0),
    (0x1ee6c, 0x1ee72, 7),
    (0x1ee73, 0x1ee73, 0),
    (0x1ee74, 0x1ee77, 7),
    (0x1ee78, 0x1ee78, 0),
    (0x1ee79, 0x1ee7c, 7),
    (0x1ee7d, 0x1ee7d, 0),
    (0x1ee7e, 0x1ee7e, 7),
    (0x1ee7f, 0x1ee7f, 0),
    (0x1ee80, 0x1ee89, 7),
    (0x1ee8a, 0x1ee8a, 0),
    (0x1ee8b, 0x1ee9b, 7),
    (0x1ee9c, 0x1eea0, 0),
    (0x1eea1, 0x1eea3, 7),
    (0x1eea4, 0x1eea4, 0),
    (0x1eea5, 0x1eea9, 7),
    (0x1eeaa, 0x1eeaa, 0),
    (0x1eeab, 0x1eebb, 7),
    (0x1eebc, 0x1eeef, 0),
    (0x1eef0, 0x1eef1, 7),
    (0x1eef2, 0x1efff, 0),
    (0x1f000, 0x1f02b, 1),
    (0x1f02c, 0x1f02f, 0),
    (0x1f030, 0x1f093, 1),
    (0x1f094, 0x1f09f, 0),
    (0x1f0a0, 0x1f0ae, 1),
    (0x1f0af, 0x1f0b0, 0),
    (0x1f0b1, 0x1f0bf, 1),
    (0x1f0c0, 0x1f0c0, 0),
    (0x1f0c1, 0x1f0cf, 1),
    (0x1f0d0, 0x1f0d0, 0),
    (0x1f0d1, 0x1f0f5, 1),
    (0x1f0f6, 0x1f0ff, 0),
    (0x1f100, 0x1f1ad, 1),
    (0x1f1ae, 0x1f1e5, 0),
    (0x1f1e6, 0x1f1ff, 1),
    (0x1f200, 0x1f200, 33),
    (0x1f201, 0x1f202, 1),
    (0x1f203, 0x1f20f, 0),
    (0x1f210, 0x1f23b, 1),
    (0x1f23c, 0x1f23f, 0),
    (0x1f240, 0x1f248, 1),
    (0x1f249, 0x1f24f, 0),
    (0x1f250, 0x1f251, 1),
    (0x1f252, 0x1f25f, 0),
    (0x1f260, 0x1f265, 1),
    (0x1f266, 0x1f2ff, 0),
    (0x1f300, 0x1f6d8, 1),
    (0x1f6d9, 0x1f6db, 0),
    (0x1f6dc, 0x1f6ec, 1),
    (0x1f6ed, 0x1f6ef, 0),
    (0x1f6f0, 0x1f6fc, 1),
    (0x1f6fd, 0x1f6ff, 0),
    (0x1f700, 0x1f7d9, 1),
    (0x1f7da, 0x1f7df, 0),
    (0x1f7e0, 0x1f7eb, 1),
    (0x1f7ec, 0x1f7ef, 0),
    (0x1f7f0, 0x1f7f0, 1),
    (0x1f7f1, 0x1f7ff, 0),
    (0x1f800, 0x1f80b, 1),
    (0x1f80c, 0x1f80f, 0),
    (0x1f810, 0x1f847, 1),
    (0x1f848, 0x1f84f, 0),
    (0x1f850, 0x1f859, 1),
    (0x1f85a, 0x1f85f, 0),
    (0x1f860, 0x1f887, 1),
    (0x1f888, 0x1f88f, 0),
    (0x1f890, 0x1f8ad, 1),
    (0x1f8ae, 0x1f8af, 0),
    (0x1f8b0, 0x1f8bb, 1),
    (0x1f8bc, 0x1f8bf, 0),
    (0x1f8c0, 0x1f8c1, 1),
    (0x1f8c2, 0x1f8cf, 0),
    (0x1f8d0, 0x1f8d8, 1),
    (0x1f8d9, 0x1f8ff, 0),
    (0x1f900, 0x1fa57, 1),
    (0x1fa58, 0x1fa5f, 0),
    (0x1fa60, 0x1fa6d, 1),
    (0x1fa6e, 0x1fa6f, 0),
    (0x1fa70, 0x1fa7c, 1),
    (0x1fa7d, 0x1fa7f, 0),
    (0x1fa80, 0x1fa8a, 1),
    (0x1fa8b, 0x1fa8d, 0),
    (0x1fa8e, 0x1fac6, 1),
    (0x1fac7, 0x1fac7, 0),
    (0x1fac8, 0x1fac8, 1),
    (0x1fac9, 0x1facc, 0),
    (0x1facd, 0x1fadc, 1),
    (0x1fadd, 0x1fade, 0),
    (0x1fadf, 0x1faea, 1),
    (0x1faeb, 0x1faee, 0),
    (0x1faef, 0x1faf8, 1),
    (0x1faf9, 0x1faff, 0),
    (0x1fb00, 0x1fb92, 1),
    (0x1fb93, 0x1fb93, 0),
    (0x1fb94, 0x1fbfa, 1),
    (0x1fbfb, 0x1ffff, 0),
    (0x20000, 0x2a6df, 36),
    (0x2a6e0, 0x2a6ff, 0),
    (0x2a700, 0x2b81d, 36),
    (0x2b81e, 0x2b81f, 0),
    (0x2b820, 0x2cead, 36),
    (0x2ceae, 0x2ceaf, 0),
    (0x2ceb0, 0x2ebe0, 36),
    (0x2ebe1, 0x2ebef, 0),
    (0x2ebf0, 0x2ee5d, 36),
    (0x2ee5e, 0x2f7ff, 0),
    (0x2f800, 0x2fa1d, 36),
    (0x2fa1e, 0x2ffff, 0),
    (0x30000, 0x3134a, 36),
    (0x3134b, 0x3134f, 0),
    (0x31350, 0x33479, 36),
    (0x3347a, 0xe0000, 0),
    (0xe0001, 0xe0001, 1),
    (0xe0002, 0xe001f, 0),
    (0xe0020, 0xe007f, 1),
    (0xe0080, 0xe00ff, 0),
    (0xe0100, 0xe01ef, 41),
    (0xe01f0, 0x0010_ffff, 0),
];

pub static GRAPHEME_BREAK: &[(u32, u32, u8)] = &[
    (0x0, 0x9, 2),
    (0xa, 0xa, 1),
    (0xb, 0xc, 2),
    (0xd, 0xd, 0),
    (0xe, 0x1f, 2),
    (0x20, 0x7e, 12),
    (0x7f, 0x9f, 2),
    (0xa0, 0xa8, 12),
    (0xa9, 0xa9, 14),
    (0xaa, 0xac, 12),
    (0xad, 0xad, 2),
    (0xae, 0xae, 14),
    (0xaf, 0x2ff, 12),
    (0x300, 0x36f, 3),
    (0x370, 0x482, 12),
    (0x483, 0x489, 3),
    (0x48a, 0x590, 12),
    (0x591, 0x5bd, 3),
    (0x5be, 0x5be, 12),
    (0x5bf, 0x5bf, 3),
    (0x5c0, 0x5c0, 12),
    (0x5c1, 0x5c2, 3),
    (0x5c3, 0x5c3, 12),
    (0x5c4, 0x5c5, 3),
    (0x5c6, 0x5c6, 12),
    (0x5c7, 0x5c7, 3),
    (0x5c8, 0x5ff, 12),
    (0x600, 0x605, 4),
    (0x606, 0x60f, 12),
    (0x610, 0x61a, 3),
    (0x61b, 0x61b, 12),
    (0x61c, 0x61c, 2),
    (0x61d, 0x64a, 12),
    (0x64b, 0x65f, 3),
    (0x660, 0x66f, 12),
    (0x670, 0x670, 3),
    (0x671, 0x6d5, 12),
    (0x6d6, 0x6dc, 3),
    (0x6dd, 0x6dd, 4),
    (0x6de, 0x6de, 12),
    (0x6df, 0x6e4, 3),
    (0x6e5, 0x6e6, 12),
    (0x6e7, 0x6e8, 3),
    (0x6e9, 0x6e9, 12),
    (0x6ea, 0x6ed, 3),
    (0x6ee, 0x70e, 12),
    (0x70f, 0x70f, 4),
    (0x710, 0x710, 12),
    (0x711, 0x711, 3),
    (0x712, 0x72f, 12),
    (0x730, 0x74a, 3),
    (0x74b, 0x7a5, 12),
    (0x7a6, 0x7b0, 3),
    (0x7b1, 0x7ea, 12),
    (0x7eb, 0x7f3, 3),
    (0x7f4, 0x7fc, 12),
    (0x7fd, 0x7fd, 3),
    (0x7fe, 0x815, 12),
    (0x816, 0x819, 3),
    (0x81a, 0x81a, 12),
    (0x81b, 0x823, 3),
    (0x824, 0x824, 12),
    (0x825, 0x827, 3),
    (0x828, 0x828, 12),
    (0x829, 0x82d, 3),
    (0x82e, 0x858, 12),
    (0x859, 0x85b, 3),
    (0x85c, 0x88f, 12),
    (0x890, 0x891, 4),
    (0x892, 0x896, 12),
    (0x897, 0x89f, 3),
    (0x8a0, 0x8c9, 12),
    (0x8ca, 0x8e1, 3),
    (0x8e2, 0x8e2, 4),
    (0x8e3, 0x902, 3),
    (0x903, 0x903, 5),
    (0x904, 0x939, 12),
    (0x93a, 0x93a, 3),
    (0x93b, 0x93b, 5),
    (0x93c, 0x93c, 3),
    (0x93d, 0x93d, 12),
    (0x93e, 0x940, 5),
    (0x941, 0x948, 3),
    (0x949, 0x94c, 5),
    (0x94d, 0x94d, 3),
    (0x94e, 0x94f, 5),
    (0x950, 0x950, 12),
    (0x951, 0x957, 3),
    (0x958, 0x961, 12),
    (0x962, 0x963, 3),
    (0x964, 0x980, 12),
    (0x981, 0x981, 3),
    (0x982, 0x983, 5),
    (0x984, 0x9bb, 12),
    (0x9bc, 0x9bc, 3),
    (0x9bd, 0x9bd, 12),
    (0x9be, 0x9be, 3),
    (0x9bf, 0x9c0, 5),
    (0x9c1, 0x9c4, 3),
    (0x9c5, 0x9c6, 12),
    (0x9c7, 0x9c8, 5),
    (0x9c9, 0x9ca, 12),
    (0x9cb, 0x9cc, 5),
    (0x9cd, 0x9cd, 3),
    (0x9ce, 0x9d6, 12),
    (0x9d7, 0x9d7, 3),
    (0x9d8, 0x9e1, 12),
    (0x9e2, 0x9e3, 3),
    (0x9e4, 0x9fd, 12),
    (0x9fe, 0x9fe, 3),
    (0x9ff, 0xa00, 12),
    (0xa01, 0xa02, 3),
    (0xa03, 0xa03, 5),
    (0xa04, 0xa3b, 12),
    (0xa3c, 0xa3c, 3),
    (0xa3d, 0xa3d, 12),
    (0xa3e, 0xa40, 5),
    (0xa41, 0xa42, 3),
    (0xa43, 0xa46, 12),
    (0xa47, 0xa48, 3),
    (0xa49, 0xa4a, 12),
    (0xa4b, 0xa4d, 3),
    (0xa4e, 0xa50, 12),
    (0xa51, 0xa51, 3),
    (0xa52, 0xa6f, 12),
    (0xa70, 0xa71, 3),
    (0xa72, 0xa74, 12),
    (0xa75, 0xa75, 3),
    (0xa76, 0xa80, 12),
    (0xa81, 0xa82, 3),
    (0xa83, 0xa83, 5),
    (0xa84, 0xabb, 12),
    (0xabc, 0xabc, 3),
    (0xabd, 0xabd, 12),
    (0xabe, 0xac0, 5),
    (0xac1, 0xac5, 3),
    (0xac6, 0xac6, 12),
    (0xac7, 0xac8, 3),
    (0xac9, 0xac9, 5),
    (0xaca, 0xaca, 12),
    (0xacb, 0xacc, 5),
    (0xacd, 0xacd, 3),
    (0xace, 0xae1, 12),
    (0xae2, 0xae3, 3),
    (0xae4, 0xaf9, 12),
    (0xafa, 0xaff, 3),
    (0xb00, 0xb00, 12),
    (0xb01, 0xb01, 3),
    (0xb02, 0xb03, 5),
    (0xb04, 0xb3b, 12),
    (0xb3c, 0xb3c, 3),
    (0xb3d, 0xb3d, 12),
    (0xb3e, 0xb3f, 3),
    (0xb40, 0xb40, 5),
    (0xb41, 0xb44, 3),
    (0xb45, 0xb46, 12),
    (0xb47, 0xb48, 5),
    (0xb49, 0xb4a, 12),
    (0xb4b, 0xb4c, 5),
    (0xb4d, 0xb4d, 3),
    (0xb4e, 0xb54, 12),
    (0xb55, 0xb57, 3),
    (0xb58, 0xb61, 12),
    (0xb62, 0xb63, 3),
    (0xb64, 0xb81, 12),
    (0xb82, 0xb82, 3),
    (0xb83, 0xbbd, 12),
    (0xbbe, 0xbbe, 3),
    (0xbbf, 0xbbf, 5),
    (0xbc0, 0xbc0, 3),
    (0xbc1, 0xbc2, 5),
    (0xbc3, 0xbc5, 12),
    (0xbc6, 0xbc8, 5),
    (0xbc9, 0xbc9, 12),
    (0xbca, 0xbcc, 5),
    (0xbcd, 0xbcd, 3),
    (0xbce, 0xbd6, 12),
    (0xbd7, 0xbd7, 3),
    (0xbd8, 0xbff, 12),
    (0xc00, 0xc00, 3),
    (0xc01, 0xc03, 5),
    (0xc04, 0xc04, 3),
    (0xc05, 0xc3b, 12),
    (0xc3c, 0xc3c, 3),
    (0xc3d, 0xc3d, 12),
    (0xc3e, 0xc40, 3),
    (0xc41, 0xc44, 5),
    (0xc45, 0xc45, 12),
    (0xc46, 0xc48, 3),
    (0xc49, 0xc49, 12),
    (0xc4a, 0xc4d, 3),
    (0xc4e, 0xc54, 12),
    (0xc55, 0xc56, 3),
    (0xc57, 0xc61, 12),
    (0xc62, 0xc63, 3),
    (0xc64, 0xc80, 12),
    (0xc81, 0xc81, 3),
    (0xc82, 0xc83, 5),
    (0xc84, 0xcbb, 12),
    (0xcbc, 0xcbc, 3),
    (0xcbd, 0xcbd, 12),
    (0xcbe, 0xcbe, 5),
    (0xcbf, 0xcc0, 3),
    (0xcc1, 0xcc1, 5),
    (0xcc2, 0xcc2, 3),
    (0xcc3, 0xcc4, 5),
    (0xcc5, 0xcc5, 12),
    (0xcc6, 0xcc8, 3),
    (0xcc9, 0xcc9, 12),
    (0xcca, 0xccd, 3),
    (0xcce, 0xcd4, 12),
    (0xcd5, 0xcd6, 3),
    (0xcd7, 0xce1, 12),
    (0xce2, 0xce3, 3),
    (0xce4, 0xcf2, 12),
    (0xcf3, 0xcf3, 5),
    (0xcf4, 0xcff, 12),
    (0xd00, 0xd01, 3),
    (0xd02, 0xd03, 5),
    (0xd04, 0xd3a, 12),
    (0xd3b, 0xd3c, 3),
    (0xd3d, 0xd3d, 12),
    (0xd3e, 0xd3e, 3),
    (0xd3f, 0xd40, 5),
    (0xd41, 0xd44, 3),
    (0xd45, 0xd45, 12),
    (0xd46, 0xd48, 5),
    (0xd49, 0xd49, 12),
    (0xd4a, 0xd4c, 5),
    (0xd4d, 0xd4d, 3),
    (0xd4e, 0xd4e, 4),
    (0xd4f, 0xd56, 12),
    (0xd57, 0xd57, 3),
    (0xd58, 0xd61, 12),
    (0xd62, 0xd63, 3),
    (0xd64, 0xd80, 12),
    (0xd81, 0xd81, 3),
    (0xd82, 0xd83, 5),
    (0xd84, 0xdc9, 12),
    (0xdca, 0xdca, 3),
    (0xdcb, 0xdce, 12),
    (0xdcf, 0xdcf, 3),
    (0xdd0, 0xdd1, 5),
    (0xdd2, 0xdd4, 3),
    (0xdd5, 0xdd5, 12),
    (0xdd6, 0xdd6, 3),
    (0xdd7, 0xdd7, 12),
    (0xdd8, 0xdde, 5),
    (0xddf, 0xddf, 3),
    (0xde0, 0xdf1, 12),
    (0xdf2, 0xdf3, 5),
    (0xdf4, 0xe30, 12),
    (0xe31, 0xe31, 3),
    (0xe32, 0xe32, 12),
    (0xe33, 0xe33, 5),
    (0xe34, 0xe3a, 3),
    (0xe3b, 0xe46, 12),
    (0xe47, 0xe4e, 3),
    (0xe4f, 0xeb0, 12),
    (0xeb1, 0xeb1, 3),
    (0xeb2, 0xeb2, 12),
    (0xeb3, 0xeb3, 5),
    (0xeb4, 0xebc, 3),
    (0xebd, 0xec7, 12),
    (0xec8, 0xece, 3),
    (0xecf, 0xf17, 12),
    (0xf18, 0xf19, 3),
    (0xf1a, 0xf34, 12),
    (0xf35, 0xf35, 3),
    (0xf36, 0xf36, 12),
    (0xf37, 0xf37, 3),
    (0xf38, 0xf38, 12),
    (0xf39, 0xf39, 3),
    (0xf3a, 0xf3d, 12),
    (0xf3e, 0xf3f, 5),
    (0xf40, 0xf70, 12),
    (0xf71, 0xf7e, 3),
    (0xf7f, 0xf7f, 5),
    (0xf80, 0xf84, 3),
    (0xf85, 0xf85, 12),
    (0xf86, 0xf87, 3),
    (0xf88, 0xf8c, 12),
    (0xf8d, 0xf97, 3),
    (0xf98, 0xf98, 12),
    (0xf99, 0xfbc, 3),
    (0xfbd, 0xfc5, 12),
    (0xfc6, 0xfc6, 3),
    (0xfc7, 0x102c, 12),
    (0x102d, 0x1030, 3),
    (0x1031, 0x1031, 5),
    (0x1032, 0x1037, 3),
    (0x1038, 0x1038, 12),
    (0x1039, 0x103a, 3),
    (0x103b, 0x103c, 5),
    (0x103d, 0x103e, 3),
    (0x103f, 0x1055, 12),
    (0x1056, 0x1057, 5),
    (0x1058, 0x1059, 3),
    (0x105a, 0x105d, 12),
    (0x105e, 0x1060, 3),
    (0x1061, 0x1070, 12),
    (0x1071, 0x1074, 3),
    (0x1075, 0x1081, 12),
    (0x1082, 0x1082, 3),
    (0x1083, 0x1083, 12),
    (0x1084, 0x1084, 5),
    (0x1085, 0x1086, 3),
    (0x1087, 0x108c, 12),
    (0x108d, 0x108d, 3),
    (0x108e, 0x109c, 12),
    (0x109d, 0x109d, 3),
    (0x109e, 0x10ff, 12),
    (0x1100, 0x115f, 6),
    (0x1160, 0x11a7, 7),
    (0x11a8, 0x11ff, 8),
    (0x1200, 0x135c, 12),
    (0x135d, 0x135f, 3),
    (0x1360, 0x1711, 12),
    (0x1712, 0x1715, 3),
    (0x1716, 0x1731, 12),
    (0x1732, 0x1734, 3),
    (0x1735, 0x1751, 12),
    (0x1752, 0x1753, 3),
    (0x1754, 0x1771, 12),
    (0x1772, 0x1773, 3),
    (0x1774, 0x17b3, 12),
    (0x17b4, 0x17b5, 3),
    (0x17b6, 0x17b6, 5),
    (0x17b7, 0x17bd, 3),
    (0x17be, 0x17c5, 5),
    (0x17c6, 0x17c6, 3),
    (0x17c7, 0x17c8, 5),
    (0x17c9, 0x17d3, 3),
    (0x17d4, 0x17dc, 12),
    (0x17dd, 0x17dd, 3),
    (0x17de, 0x180a, 12),
    (0x180b, 0x180d, 3),
    (0x180e, 0x180e, 2),
    (0x180f, 0x180f, 3),
    (0x1810, 0x1884, 12),
    (0x1885, 0x1886, 3),
    (0x1887, 0x18a8, 12),
    (0x18a9, 0x18a9, 3),
    (0x18aa, 0x191f, 12),
    (0x1920, 0x1922, 3),
    (0x1923, 0x1926, 5),
    (0x1927, 0x1928, 3),
    (0x1929, 0x192b, 5),
    (0x192c, 0x192f, 12),
    (0x1930, 0x1931, 5),
    (0x1932, 0x1932, 3),
    (0x1933, 0x1938, 5),
    (0x1939, 0x193b, 3),
    (0x193c, 0x1a16, 12),
    (0x1a17, 0x1a18, 3),
    (0x1a19, 0x1a1a, 5),
    (0x1a1b, 0x1a1b, 3),
    (0x1a1c, 0x1a54, 12),
    (0x1a55, 0x1a55, 5),
    (0x1a56, 0x1a56, 3),
    (0x1a57, 0x1a57, 5),
    (0x1a58, 0x1a5e, 3),
    (0x1a5f, 0x1a5f, 12),
    (0x1a60, 0x1a60, 3),
    (0x1a61, 0x1a61, 12),
    (0x1a62, 0x1a62, 3),
    (0x1a63, 0x1a64, 12),
    (0x1a65, 0x1a6c, 3),
    (0x1a6d, 0x1a72, 5),
    (0x1a73, 0x1a7c, 3),
    (0x1a7d, 0x1a7e, 12),
    (0x1a7f, 0x1a7f, 3),
    (0x1a80, 0x1aaf, 12),
    (0x1ab0, 0x1add, 3),
    (0x1ade, 0x1adf, 12),
    (0x1ae0, 0x1aeb, 3),
    (0x1aec, 0x1aff, 12),
    (0x1b00, 0x1b03, 3),
    (0x1b04, 0x1b04, 5),
    (0x1b05, 0x1b33, 12),
    (0x1b34, 0x1b3d, 3),
    (0x1b3e, 0x1b41, 5),
    (0x1b42, 0x1b44, 3),
    (0x1b45, 0x1b6a, 12),
    (0x1b6b, 0x1b73, 3),
    (0x1b74, 0x1b7f, 12),
    (0x1b80, 0x1b81, 3),
    (0x1b82, 0x1b82, 5),
    (0x1b83, 0x1ba0, 12),
    (0x1ba1, 0x1ba1, 5),
    (0x1ba2, 0x1ba5, 3),
    (0x1ba6, 0x1ba7, 5),
    (0x1ba8, 0x1bad, 3),
    (0x1bae, 0x1be5, 12),
    (0x1be6, 0x1be6, 3),
    (0x1be7, 0x1be7, 5),
    (0x1be8, 0x1be9, 3),
    (0x1bea, 0x1bec, 5),
    (0x1bed, 0x1bed, 3),
    (0x1bee, 0x1bee, 5),
    (0x1bef, 0x1bf3, 3),
    (0x1bf4, 0x1c23, 12),
    (0x1c24, 0x1c2b, 5),
    (0x1c2c, 0x1c33, 3),
    (0x1c34, 0x1c35, 5),
    (0x1c36, 0x1c37, 3),
    (0x1c38, 0x1ccf, 12),
    (0x1cd0, 0x1cd2, 3),
    (0x1cd3, 0x1cd3, 12),
    (0x1cd4, 0x1ce0, 3),
    (0x1ce1, 0x1ce1, 5),
    (0x1ce2, 0x1ce8, 3),
    (0x1ce9, 0x1cec, 12),
    (0x1ced, 0x1ced, 3),
    (0x1cee, 0x1cf3, 12),
    (0x1cf4, 0x1cf4, 3),
    (0x1cf5, 0x1cf6, 12),
    (0x1cf7, 0x1cf7, 5),
    (0x1cf8, 0x1cf9, 3),
    (0x1cfa, 0x1dbf, 12),
    (0x1dc0, 0x1dff, 3),
    (0x1e00, 0x200a, 12),
    (0x200b, 0x200b, 2),
    (0x200c, 0x200c, 3),
    (0x200d, 0x200d, 13),
    (0x200e, 0x200f, 2),
    (0x2010, 0x2027, 12),
    (0x2028, 0x202e, 2),
    (0x202f, 0x203b, 12),
    (0x203c, 0x203c, 14),
    (0x203d, 0x2048, 12),
    (0x2049, 0x2049, 14),
    (0x204a, 0x205f, 12),
    (0x2060, 0x206f, 2),
    (0x2070, 0x20cf, 12),
    (0x20d0, 0x20f0, 3),
    (0x20f1, 0x2121, 12),
    (0x2122, 0x2122, 14),
    (0x2123, 0x2138, 12),
    (0x2139, 0x2139, 14),
    (0x213a, 0x2193, 12),
    (0x2194, 0x2199, 14),
    (0x219a, 0x21a8, 12),
    (0x21a9, 0x21aa, 14),
    (0x21ab, 0x2319, 12),
    (0x231a, 0x231b, 14),
    (0x231c, 0x2327, 12),
    (0x2328, 0x2328, 14),
    (0x2329, 0x23ce, 12),
    (0x23cf, 0x23cf, 14),
    (0x23d0, 0x23e8, 12),
    (0x23e9, 0x23f3, 14),
    (0x23f4, 0x23f7, 12),
    (0x23f8, 0x23fa, 14),
    (0x23fb, 0x24c1, 12),
    (0x24c2, 0x24c2, 14),
    (0x24c3, 0x25a9, 12),
    (0x25aa, 0x25ab, 14),
    (0x25ac, 0x25b5, 12),
    (0x25b6, 0x25b6, 14),
    (0x25b7, 0x25bf, 12),
    (0x25c0, 0x25c0, 14),
    (0x25c1, 0x25fa, 12),
    (0x25fb, 0x25fe, 14),
    (0x25ff, 0x25ff, 12),
    (0x2600, 0x2604, 14),
    (0x2605, 0x260d, 12),
    (0x260e, 0x260e, 14),
    (0x260f, 0x2610, 12),
    (0x2611, 0x2611, 14),
    (0x2612, 0x2613, 12),
    (0x2614, 0x2615, 14),
    (0x2616, 0x2617, 12),
    (0x2618, 0x2618, 14),
    (0x2619, 0x261c, 12),
    (0x261d, 0x261d, 14),
    (0x261e, 0x261f, 12),
    (0x2620, 0x2620, 14),
    (0x2621, 0x2621, 12),
    (0x2622, 0x2623, 14),
    (0x2624, 0x2625, 12),
    (0x2626, 0x2626, 14),
    (0x2627, 0x2629, 12),
    (0x262a, 0x262a, 14),
    (0x262b, 0x262d, 12),
    (0x262e, 0x262f, 14),
    (0x2630, 0x2637, 12),
    (0x2638, 0x263a, 14),
    (0x263b, 0x263f, 12),
    (0x2640, 0x2640, 14),
    (0x2641, 0x2641, 12),
    (0x2642, 0x2642, 14),
    (0x2643, 0x2647, 12),
    (0x2648, 0x2653, 14),
    (0x2654, 0x265e, 12),
    (0x265f, 0x2660, 14),
    (0x2661, 0x2662, 12),
    (0x2663, 0x2663, 14),
    (0x2664, 0x2664, 12),
    (0x2665, 0x2666, 14),
    (0x2667, 0x2667, 12),
    (0x2668, 0x2668, 14),
    (0x2669, 0x267a, 12),
    (0x267b, 0x267b, 14),
    (0x267c, 0x267d, 12),
    (0x267e, 0x267f, 14),
    (0x2680, 0x2691, 12),
    (0x2692, 0x2697, 14),
    (0x2698, 0x2698, 12),
    (0x2699, 0x2699, 14),
    (0x269a, 0x269a, 12),
    (0x269b, 0x269c, 14),
    (0x269d, 0x269f, 12),
    (0x26a0, 0x26a1, 14),
    (0x26a2, 0x26a6, 12),
    (0x26a7, 0x26a7, 14),
    (0x26a8, 0x26a9, 12),
    (0x26aa, 0x26ab, 14),
    (0x26ac, 0x26af, 12),
    (0x26b0, 0x26b1, 14),
    (0x26b2, 0x26bc, 12),
    (0x26bd, 0x26be, 14),
    (0x26bf, 0x26c3, 12),
    (0x26c4, 0x26c5, 14),
    (0x26c6, 0x26c7, 12),
    (0x26c8, 0x26c8, 14),
    (0x26c9, 0x26cd, 12),
    (0x26ce, 0x26cf, 14),
    (0x26d0, 0x26d0, 12),
    (0x26d1, 0x26d1, 14),
    (0x26d2, 0x26d2, 12),
    (0x26d3, 0x26d4, 14),
    (0x26d5, 0x26e8, 12),
    (0x26e9, 0x26ea, 14),
    (0x26eb, 0x26ef, 12),
    (0x26f0, 0x26f5, 14),
    (0x26f6, 0x26f6, 12),
    (0x26f7, 0x26fa, 14),
    (0x26fb, 0x26fc, 12),
    (0x26fd, 0x26fd, 14),
    (0x26fe, 0x2701, 12),
    (0x2702, 0x2702, 14),
    (0x2703, 0x2704, 12),
    (0x2705, 0x2705, 14),
    (0x2706, 0x2707, 12),
    (0x2708, 0x270d, 14),
    (0x270e, 0x270e, 12),
    (0x270f, 0x270f, 14),
    (0x2710, 0x2711, 12),
    (0x2712, 0x2712, 14),
    (0x2713, 0x2713, 12),
    (0x2714, 0x2714, 14),
    (0x2715, 0x2715, 12),
    (0x2716, 0x2716, 14),
    (0x2717, 0x271c, 12),
    (0x271d, 0x271d, 14),
    (0x271e, 0x2720, 12),
    (0x2721, 0x2721, 14),
    (0x2722, 0x2727, 12),
    (0x2728, 0x2728, 14),
    (0x2729, 0x2732, 12),
    (0x2733, 0x2734, 14),
    (0x2735, 0x2743, 12),
    (0x2744, 0x2744, 14),
    (0x2745, 0x2746, 12),
    (0x2747, 0x2747, 14),
    (0x2748, 0x274b, 12),
    (0x274c, 0x274c, 14),
    (0x274d, 0x274d, 12),
    (0x274e, 0x274e, 14),
    (0x274f, 0x2752, 12),
    (0x2753, 0x2755, 14),
    (0x2756, 0x2756, 12),
    (0x2757, 0x2757, 14),
    (0x2758, 0x2762, 12),
    (0x2763, 0x2764, 14),
    (0x2765, 0x2794, 12),
    (0x2795, 0x2797, 14),
    (0x2798, 0x27a0, 12),
    (0x27a1, 0x27a1, 14),
    (0x27a2, 0x27af, 12),
    (0x27b0, 0x27b0, 14),
    (0x27b1, 0x27be, 12),
    (0x27bf, 0x27bf, 14),
    (0x27c0, 0x2933, 12),
    (0x2934, 0x2935, 14),
    (0x2936, 0x2b04, 12),
    (0x2b05, 0x2b07, 14),
    (0x2b08, 0x2b1a, 12),
    (0x2b1b, 0x2b1c, 14),
    (0x2b1d, 0x2b4f, 12),
    (0x2b50, 0x2b50, 14),
    (0x2b51, 0x2b54, 12),
    (0x2b55, 0x2b55, 14),
    (0x2b56, 0x2cee, 12),
    (0x2cef, 0x2cf1, 3),
    (0x2cf2, 0x2d7e, 12),
    (0x2d7f, 0x2d7f, 3),
    (0x2d80, 0x2ddf, 12),
    (0x2de0, 0x2dff, 3),
    (0x2e00, 0x3029, 12),
    (0x302a, 0x302f, 3),
    (0x3030, 0x3030, 14),
    (0x3031, 0x303c, 12),
    (0x303d, 0x303d, 14),
    (0x303e, 0x3098, 12),
    (0x3099, 0x309a, 3),
    (0x309b, 0x3296, 12),
    (0x3297, 0x3297, 14),
    (0x3298, 0x3298, 12),
    (0x3299, 0x3299, 14),
    (0x329a, 0xa66e, 12),
    (0xa66f, 0xa672, 3),
    (0xa673, 0xa673, 12),
    (0xa674, 0xa67d, 3),
    (0xa67e, 0xa69d, 12),
    (0xa69e, 0xa69f, 3),
    (0xa6a0, 0xa6ef, 12),
    (0xa6f0, 0xa6f1, 3),
    (0xa6f2, 0xa801, 12),
    (0xa802, 0xa802, 3),
    (0xa803, 0xa805, 12),
    (0xa806, 0xa806, 3),
    (0xa807, 0xa80a, 12),
    (0xa80b, 0xa80b, 3),
    (0xa80c, 0xa822, 12),
    (0xa823, 0xa824, 5),
    (0xa825, 0xa826, 3),
    (0xa827, 0xa827, 5),
    (0xa828, 0xa82b, 12),
    (0xa82c, 0xa82c, 3),
    (0xa82d, 0xa87f, 12),
    (0xa880, 0xa881, 5),
    (0xa882, 0xa8b3, 12),
    (0xa8b4, 0xa8c3, 5),
    (0xa8c4, 0xa8c5, 3),
    (0xa8c6, 0xa8df, 12),
    (0xa8e0, 0xa8f1, 3),
    (0xa8f2, 0xa8fe, 12),
    (0xa8ff, 0xa8ff, 3),
    (0xa900, 0xa925, 12),
    (0xa926, 0xa92d, 3),
    (0xa92e, 0xa946, 12),
    (0xa947, 0xa951, 3),
    (0xa952, 0xa952, 5),
    (0xa953, 0xa953, 3),
    (0xa954, 0xa95f, 12),
    (0xa960, 0xa97c, 6),
    (0xa97d, 0xa97f, 12),
    (0xa980, 0xa982, 3),
    (0xa983, 0xa983, 5),
    (0xa984, 0xa9b2, 12),
    (0xa9b3, 0xa9b3, 3),
    (0xa9b4, 0xa9b5, 5),
    (0xa9b6, 0xa9b9, 3),
    (0xa9ba, 0xa9bb, 5),
    (0xa9bc, 0xa9bd, 3),
    (0xa9be, 0xa9bf, 5),
    (0xa9c0, 0xa9c0, 3),
    (0xa9c1, 0xa9e4, 12),
    (0xa9e5, 0xa9e5, 3),
    (0xa9e6, 0xaa28, 12),
    (0xaa29, 0xaa2e, 3),
    (0xaa2f, 0xaa30, 5),
    (0xaa31, 0xaa32, 3),
    (0xaa33, 0xaa34, 5),
    (0xaa35, 0xaa36, 3),
    (0xaa37, 0xaa42, 12),
    (0xaa43, 0xaa43, 3),
    (0xaa44, 0xaa4b, 12),
    (0xaa4c, 0xaa4c, 3),
    (0xaa4d, 0xaa4d, 5),
    (0xaa4e, 0xaa7b, 12),
    (0xaa7c, 0xaa7c, 3),
    (0xaa7d, 0xaaaf, 12),
    (0xaab0, 0xaab0, 3),
    (0xaab1, 0xaab1, 12),
    (0xaab2, 0xaab4, 3),
    (0xaab5, 0xaab6, 12),
    (0xaab7, 0xaab8, 3),
    (0xaab9, 0xaabd, 12),
    (0xaabe, 0xaabf, 3),
    (0xaac0, 0xaac0, 12),
    (0xaac1, 0xaac1, 3),
    (0xaac2, 0xaaea, 12),
    (0xaaeb, 0xaaeb, 5),
    (0xaaec, 0xaaed, 3),
    (0xaaee, 0xaaef, 5),
    (0xaaf0, 0xaaf4, 12),
    (0xaaf5, 0xaaf5, 5),
    (0xaaf6, 0xaaf6, 3),
    (0xaaf7, 0xabe2, 12),
    (0xabe3, 0xabe4, 5),
    (0xabe5, 0xabe5, 3),
    (0xabe6, 0xabe7, 5),
    (0xabe8, 0xabe8, 3),
    (0xabe9, 0xabea, 5),
    (0xabeb, 0xabeb, 12),
    (0xabec, 0xabec, 5),
    (0xabed, 0xabed, 3),
    (0xabee, 0xabff, 12),
    (0xac00, 0xac00, 9),
    (0xac01, 0xac1b, 10),
    (0xac1c, 0xac1c, 9),
    (0xac1d, 0xac37, 10),
    (0xac38, 0xac38, 9),
    (0xac39, 0xac53, 10),
    (0xac54, 0xac54, 9),
    (0xac55, 0xac6f, 10),
    (0xac70, 0xac70, 9),
    (0xac71, 0xac8b, 10),
    (0xac8c, 0xac8c, 9),
    (0xac8d, 0xaca7, 10),
    (0xaca8, 0xaca8, 9),
    (0xaca9, 0xacc3, 10),
    (0xacc4, 0xacc4, 9),
    (0xacc5, 0xacdf, 10),
    (0xace0, 0xace0, 9),
    (0xace1, 0xacfb, 10),
    (0xacfc, 0xacfc, 9),
    (0xacfd, 0xad17, 10),
    (0xad18, 0xad18, 9),
    (0xad19, 0xad33, 10),
    (0xad34, 0xad34, 9),
    (0xad35, 0xad4f, 10),
    (0xad50, 0xad50, 9),
    (0xad51, 0xad6b, 10),
    (0xad6c, 0xad6c, 9),
    (0xad6d, 0xad87, 10),
    (0xad88, 0xad88, 9),
    (0xad89, 0xada3, 10),
    (0xada4, 0xada4, 9),
    (0xada5, 0xadbf, 10),
    (0xadc0, 0xadc0, 9),
    (0xadc1, 0xaddb, 10),
    (0xaddc, 0xaddc, 9),
    (0xaddd, 0xadf7, 10),
    (0xadf8, 0xadf8, 9),
    (0xadf9, 0xae13, 10),
    (0xae14, 0xae14, 9),
    (0xae15, 0xae2f, 10),
    (0xae30, 0xae30, 9),
    (0xae31, 0xae4b, 10),
    (0xae4c, 0xae4c, 9),
    (0xae4d, 0xae67, 10),
    (0xae68, 0xae68, 9),
    (0xae69, 0xae83, 10),
    (0xae84, 0xae84, 9),
    (0xae85, 0xae9f, 10),
    (0xaea0, 0xaea0, 9),
    (0xaea1, 0xaebb, 10),
    (0xaebc, 0xaebc, 9),
    (0xaebd, 0xaed7, 10),
    (0xaed8, 0xaed8, 9),
    (0xaed9, 0xaef3, 10),
    (0xaef4, 0xaef4, 9),
    (0xaef5, 0xaf0f, 10),
    (0xaf10, 0xaf10, 9),
    (0xaf11, 0xaf2b, 10),
    (0xaf2c, 0xaf2c, 9),
    (0xaf2d, 0xaf47, 10),
    (0xaf48, 0xaf48, 9),
    (0xaf49, 0xaf63, 10),
    (0xaf64, 0xaf64, 9),
    (0xaf65, 0xaf7f, 10),
    (0xaf80, 0xaf80, 9),
    (0xaf81, 0xaf9b, 10),
    (0xaf9c, 0xaf9c, 9),
    (0xaf9d, 0xafb7, 10),
    (0xafb8, 0xafb8, 9),
    (0xafb9, 0xafd3, 10),
    (0xafd4, 0xafd4, 9),
    (0xafd5, 0xafef, 10),
    (0xaff0, 0xaff0, 9),
    (0xaff1, 0xb00b, 10),
    (0xb00c, 0xb00c, 9),
    (0xb00d, 0xb027, 10),
    (0xb028, 0xb028, 9),
    (0xb029, 0xb043, 10),
    (0xb044, 0xb044, 9),
    (0xb045, 0xb05f, 10),
    (0xb060, 0xb060, 9),
    (0xb061, 0xb07b, 10),
    (0xb07c, 0xb07c, 9),
    (0xb07d, 0xb097, 10),
    (0xb098, 0xb098, 9),
    (0xb099, 0xb0b3, 10),
    (0xb0b4, 0xb0b4, 9),
    (0xb0b5, 0xb0cf, 10),
    (0xb0d0, 0xb0d0, 9),
    (0xb0d1, 0xb0eb, 10),
    (0xb0ec, 0xb0ec, 9),
    (0xb0ed, 0xb107, 10),
    (0xb108, 0xb108, 9),
    (0xb109, 0xb123, 10),
    (0xb124, 0xb124, 9),
    (0xb125, 0xb13f, 10),
    (0xb140, 0xb140, 9),
    (0xb141, 0xb15b, 10),
    (0xb15c, 0xb15c, 9),
    (0xb15d, 0xb177, 10),
    (0xb178, 0xb178, 9),
    (0xb179, 0xb193, 10),
    (0xb194, 0xb194, 9),
    (0xb195, 0xb1af, 10),
    (0xb1b0, 0xb1b0, 9),
    (0xb1b1, 0xb1cb, 10),
    (0xb1cc, 0xb1cc, 9),
    (0xb1cd, 0xb1e7, 10),
    (0xb1e8, 0xb1e8, 9),
    (0xb1e9, 0xb203, 10),
    (0xb204, 0xb204, 9),
    (0xb205, 0xb21f, 10),
    (0xb220, 0xb220, 9),
    (0xb221, 0xb23b, 10),
    (0xb23c, 0xb23c, 9),
    (0xb23d, 0xb257, 10),
    (0xb258, 0xb258, 9),
    (0xb259, 0xb273, 10),
    (0xb274, 0xb274, 9),
    (0xb275, 0xb28f, 10),
    (0xb290, 0xb290, 9),
    (0xb291, 0xb2ab, 10),
    (0xb2ac, 0xb2ac, 9),
    (0xb2ad, 0xb2c7, 10),
    (0xb2c8, 0xb2c8, 9),
    (0xb2c9, 0xb2e3, 10),
    (0xb2e4, 0xb2e4, 9),
    (0xb2e5, 0xb2ff, 10),
    (0xb300, 0xb300, 9),
    (0xb301, 0xb31b, 10),
    (0xb31c, 0xb31c, 9),
    (0xb31d, 0xb337, 10),
    (0xb338, 0xb338, 9),
    (0xb339, 0xb353, 10),
    (0xb354, 0xb354, 9),
    (0xb355, 0xb36f, 10),
    (0xb370, 0xb370, 9),
    (0xb371, 0xb38b, 10),
    (0xb38c, 0xb38c, 9),
    (0xb38d, 0xb3a7, 10),
    (0xb3a8, 0xb3a8, 9),
    (0xb3a9, 0xb3c3, 10),
    (0xb3c4, 0xb3c4, 9),
    (0xb3c5, 0xb3df, 10),
    (0xb3e0, 0xb3e0, 9),
    (0xb3e1, 0xb3fb, 10),
    (0xb3fc, 0xb3fc, 9),
    (0xb3fd, 0xb417, 10),
    (0xb418, 0xb418, 9),
    (0xb419, 0xb433, 10),
    (0xb434, 0xb434, 9),
    (0xb435, 0xb44f, 10),
    (0xb450, 0xb450, 9),
    (0xb451, 0xb46b, 10),
    (0xb46c, 0xb46c, 9),
    (0xb46d, 0xb487, 10),
    (0xb488, 0xb488, 9),
    (0xb489, 0xb4a3, 10),
    (0xb4a4, 0xb4a4, 9),
    (0xb4a5, 0xb4bf, 10),
    (0xb4c0, 0xb4c0, 9),
    (0xb4c1, 0xb4db, 10),
    (0xb4dc, 0xb4dc, 9),
    (0xb4dd, 0xb4f7, 10),
    (0xb4f8, 0xb4f8, 9),
    (0xb4f9, 0xb513, 10),
    (0xb514, 0xb514, 9),
    (0xb515, 0xb52f, 10),
    (0xb530, 0xb530, 9),
    (0xb531, 0xb54b, 10),
    (0xb54c, 0xb54c, 9),
    (0xb54d, 0xb567, 10),
    (0xb568, 0xb568, 9),
    (0xb569, 0xb583, 10),
    (0xb584, 0xb584, 9),
    (0xb585, 0xb59f, 10),
    (0xb5a0, 0xb5a0, 9),
    (0xb5a1, 0xb5bb, 10),
    (0xb5bc, 0xb5bc, 9),
    (0xb5bd, 0xb5d7, 10),
    (0xb5d8, 0xb5d8, 9),
    (0xb5d9, 0xb5f3, 10),
    (0xb5f4, 0xb5f4, 9),
    (0xb5f5, 0xb60f, 10),
    (0xb610, 0xb610, 9),
    (0xb611, 0xb62b, 10),
    (0xb62c, 0xb62c, 9),
    (0xb62d, 0xb647, 10),
    (0xb648, 0xb648, 9),
    (0xb649, 0xb663, 10),
    (0xb664, 0xb664, 9),
    (0xb665, 0xb67f, 10),
    (0xb680, 0xb680, 9),
    (0xb681, 0xb69b, 10),
    (0xb69c, 0xb69c, 9),
    (0xb69d, 0xb6b7, 10),
    (0xb6b8, 0xb6b8, 9),
    (0xb6b9, 0xb6d3, 10),
    (0xb6d4, 0xb6d4, 9),
    (0xb6d5, 0xb6ef, 10),
    (0xb6f0, 0xb6f0, 9),
    (0xb6f1, 0xb70b, 10),
    (0xb70c, 0xb70c, 9),
    (0xb70d, 0xb727, 10),
    (0xb728, 0xb728, 9),
    (0xb729, 0xb743, 10),
    (0xb744, 0xb744, 9),
    (0xb745, 0xb75f, 10),
    (0xb760, 0xb760, 9),
    (0xb761, 0xb77b, 10),
    (0xb77c, 0xb77c, 9),
    (0xb77d, 0xb797, 10),
    (0xb798, 0xb798, 9),
    (0xb799, 0xb7b3, 10),
    (0xb7b4, 0xb7b4, 9),
    (0xb7b5, 0xb7cf, 10),
    (0xb7d0, 0xb7d0, 9),
    (0xb7d1, 0xb7eb, 10),
    (0xb7ec, 0xb7ec, 9),
    (0xb7ed, 0xb807, 10),
    (0xb808, 0xb808, 9),
    (0xb809, 0xb823, 10),
    (0xb824, 0xb824, 9),
    (0xb825, 0xb83f, 10),
    (0xb840, 0xb840, 9),
    (0xb841, 0xb85b, 10),
    (0xb85c, 0xb85c, 9),
    (0xb85d, 0xb877, 10),
    (0xb878, 0xb878, 9),
    (0xb879, 0xb893, 10),
    (0xb894, 0xb894, 9),
    (0xb895, 0xb8af, 10),
    (0xb8b0, 0xb8b0, 9),
    (0xb8b1, 0xb8cb, 10),
    (0xb8cc, 0xb8cc, 9),
    (0xb8cd, 0xb8e7, 10),
    (0xb8e8, 0xb8e8, 9),
    (0xb8e9, 0xb903, 10),
    (0xb904, 0xb904, 9),
    (0xb905, 0xb91f, 10),
    (0xb920, 0xb920, 9),
    (0xb921, 0xb93b, 10),
    (0xb93c, 0xb93c, 9),
    (0xb93d, 0xb957, 10),
    (0xb958, 0xb958, 9),
    (0xb959, 0xb973, 10),
    (0xb974, 0xb974, 9),
    (0xb975, 0xb98f, 10),
    (0xb990, 0xb990, 9),
    (0xb991, 0xb9ab, 10),
    (0xb9ac, 0xb9ac, 9),
    (0xb9ad, 0xb9c7, 10),
    (0xb9c8, 0xb9c8, 9),
    (0xb9c9, 0xb9e3, 10),
    (0xb9e4, 0xb9e4, 9),
    (0xb9e5, 0xb9ff, 10),
    (0xba00, 0xba00, 9),
    (0xba01, 0xba1b, 10),
    (0xba1c, 0xba1c, 9),
    (0xba1d, 0xba37, 10),
    (0xba38, 0xba38, 9),
    (0xba39, 0xba53, 10),
    (0xba54, 0xba54, 9),
    (0xba55, 0xba6f, 10),
    (0xba70, 0xba70, 9),
    (0xba71, 0xba8b, 10),
    (0xba8c, 0xba8c, 9),
    (0xba8d, 0xbaa7, 10),
    (0xbaa8, 0xbaa8, 9),
    (0xbaa9, 0xbac3, 10),
    (0xbac4, 0xbac4, 9),
    (0xbac5, 0xbadf, 10),
    (0xbae0, 0xbae0, 9),
    (0xbae1, 0xbafb, 10),
    (0xbafc, 0xbafc, 9),
    (0xbafd, 0xbb17, 10),
    (0xbb18, 0xbb18, 9),
    (0xbb19, 0xbb33, 10),
    (0xbb34, 0xbb34, 9),
    (0xbb35, 0xbb4f, 10),
    (0xbb50, 0xbb50, 9),
    (0xbb51, 0xbb6b, 10),
    (0xbb6c, 0xbb6c, 9),
    (0xbb6d, 0xbb87, 10),
    (0xbb88, 0xbb88, 9),
    (0xbb89, 0xbba3, 10),
    (0xbba4, 0xbba4, 9),
    (0xbba5, 0xbbbf, 10),
    (0xbbc0, 0xbbc0, 9),
    (0xbbc1, 0xbbdb, 10),
    (0xbbdc, 0xbbdc, 9),
    (0xbbdd, 0xbbf7, 10),
    (0xbbf8, 0xbbf8, 9),
    (0xbbf9, 0xbc13, 10),
    (0xbc14, 0xbc14, 9),
    (0xbc15, 0xbc2f, 10),
    (0xbc30, 0xbc30, 9),
    (0xbc31, 0xbc4b, 10),
    (0xbc4c, 0xbc4c, 9),
    (0xbc4d, 0xbc67, 10),
    (0xbc68, 0xbc68, 9),
    (0xbc69, 0xbc83, 10),
    (0xbc84, 0xbc84, 9),
    (0xbc85, 0xbc9f, 10),
    (0xbca0, 0xbca0, 9),
    (0xbca1, 0xbcbb, 10),
    (0xbcbc, 0xbcbc, 9),
    (0xbcbd, 0xbcd7, 10),
    (0xbcd8, 0xbcd8, 9),
    (0xbcd9, 0xbcf3, 10),
    (0xbcf4, 0xbcf4, 9),
    (0xbcf5, 0xbd0f, 10),
    (0xbd10, 0xbd10, 9),
    (0xbd11, 0xbd2b, 10),
    (0xbd2c, 0xbd2c, 9),
    (0xbd2d, 0xbd47, 10),
    (0xbd48, 0xbd48, 9),
    (0xbd49, 0xbd63, 10),
    (0xbd64, 0xbd64, 9),
    (0xbd65, 0xbd7f, 10),
    (0xbd80, 0xbd80, 9),
    (0xbd81, 0xbd9b, 10),
    (0xbd9c, 0xbd9c, 9),
    (0xbd9d, 0xbdb7, 10),
    (0xbdb8, 0xbdb8, 9),
    (0xbdb9, 0xbdd3, 10),
    (0xbdd4, 0xbdd4, 9),
    (0xbdd5, 0xbdef, 10),
    (0xbdf0, 0xbdf0, 9),
    (0xbdf1, 0xbe0b, 10),
    (0xbe0c, 0xbe0c, 9),
    (0xbe0d, 0xbe27, 10),
    (0xbe28, 0xbe28, 9),
    (0xbe29, 0xbe43, 10),
    (0xbe44, 0xbe44, 9),
    (0xbe45, 0xbe5f, 10),
    (0xbe60, 0xbe60, 9),
    (0xbe61, 0xbe7b, 10),
    (0xbe7c, 0xbe7c, 9),
    (0xbe7d, 0xbe97, 10),
    (0xbe98, 0xbe98, 9),
    (0xbe99, 0xbeb3, 10),
    (0xbeb4, 0xbeb4, 9),
    (0xbeb5, 0xbecf, 10),
    (0xbed0, 0xbed0, 9),
    (0xbed1, 0xbeeb, 10),
    (0xbeec, 0xbeec, 9),
    (0xbeed, 0xbf07, 10),
    (0xbf08, 0xbf08, 9),
    (0xbf09, 0xbf23, 10),
    (0xbf24, 0xbf24, 9),
    (0xbf25, 0xbf3f, 10),
    (0xbf40, 0xbf40, 9),
    (0xbf41, 0xbf5b, 10),
    (0xbf5c, 0xbf5c, 9),
    (0xbf5d, 0xbf77, 10),
    (0xbf78, 0xbf78, 9),
    (0xbf79, 0xbf93, 10),
    (0xbf94, 0xbf94, 9),
    (0xbf95, 0xbfaf, 10),
    (0xbfb0, 0xbfb0, 9),
    (0xbfb1, 0xbfcb, 10),
    (0xbfcc, 0xbfcc, 9),
    (0xbfcd, 0xbfe7, 10),
    (0xbfe8, 0xbfe8, 9),
    (0xbfe9, 0xc003, 10),
    (0xc004, 0xc004, 9),
    (0xc005, 0xc01f, 10),
    (0xc020, 0xc020, 9),
    (0xc021, 0xc03b, 10),
    (0xc03c, 0xc03c, 9),
    (0xc03d, 0xc057, 10),
    (0xc058, 0xc058, 9),
    (0xc059, 0xc073, 10),
    (0xc074, 0xc074, 9),
    (0xc075, 0xc08f, 10),
    (0xc090, 0xc090, 9),
    (0xc091, 0xc0ab, 10),
    (0xc0ac, 0xc0ac, 9),
    (0xc0ad, 0xc0c7, 10),
    (0xc0c8, 0xc0c8, 9),
    (0xc0c9, 0xc0e3, 10),
    (0xc0e4, 0xc0e4, 9),
    (0xc0e5, 0xc0ff, 10),
    (0xc100, 0xc100, 9),
    (0xc101, 0xc11b, 10),
    (0xc11c, 0xc11c, 9),
    (0xc11d, 0xc137, 10),
    (0xc138, 0xc138, 9),
    (0xc139, 0xc153, 10),
    (0xc154, 0xc154, 9),
    (0xc155, 0xc16f, 10),
    (0xc170, 0xc170, 9),
    (0xc171, 0xc18b, 10),
    (0xc18c, 0xc18c, 9),
    (0xc18d, 0xc1a7, 10),
    (0xc1a8, 0xc1a8, 9),
    (0xc1a9, 0xc1c3, 10),
    (0xc1c4, 0xc1c4, 9),
    (0xc1c5, 0xc1df, 10),
    (0xc1e0, 0xc1e0, 9),
    (0xc1e1, 0xc1fb, 10),
    (0xc1fc, 0xc1fc, 9),
    (0xc1fd, 0xc217, 10),
    (0xc218, 0xc218, 9),
    (0xc219, 0xc233, 10),
    (0xc234, 0xc234, 9),
    (0xc235, 0xc24f, 10),
    (0xc250, 0xc250, 9),
    (0xc251, 0xc26b, 10),
    (0xc26c, 0xc26c, 9),
    (0xc26d, 0xc287, 10),
    (0xc288, 0xc288, 9),
    (0xc289, 0xc2a3, 10),
    (0xc2a4, 0xc2a4, 9),
    (0xc2a5, 0xc2bf, 10),
    (0xc2c0, 0xc2c0, 9),
    (0xc2c1, 0xc2db, 10),
    (0xc2dc, 0xc2dc, 9),
    (0xc2dd, 0xc2f7, 10),
    (0xc2f8, 0xc2f8, 9),
    (0xc2f9, 0xc313, 10),
    (0xc314, 0xc314, 9),
    (0xc315, 0xc32f, 10),
    (0xc330, 0xc330, 9),
    (0xc331, 0xc34b, 10),
    (0xc34c, 0xc34c, 9),
    (0xc34d, 0xc367, 10),
    (0xc368, 0xc368, 9),
    (0xc369, 0xc383, 10),
    (0xc384, 0xc384, 9),
    (0xc385, 0xc39f, 10),
    (0xc3a0, 0xc3a0, 9),
    (0xc3a1, 0xc3bb, 10),
    (0xc3bc, 0xc3bc, 9),
    (0xc3bd, 0xc3d7, 10),
    (0xc3d8, 0xc3d8, 9),
    (0xc3d9, 0xc3f3, 10),
    (0xc3f4, 0xc3f4, 9),
    (0xc3f5, 0xc40f, 10),
    (0xc410, 0xc410, 9),
    (0xc411, 0xc42b, 10),
    (0xc42c, 0xc42c, 9),
    (0xc42d, 0xc447, 10),
    (0xc448, 0xc448, 9),
    (0xc449, 0xc463, 10),
    (0xc464, 0xc464, 9),
    (0xc465, 0xc47f, 10),
    (0xc480, 0xc480, 9),
    (0xc481, 0xc49b, 10),
    (0xc49c, 0xc49c, 9),
    (0xc49d, 0xc4b7, 10),
    (0xc4b8, 0xc4b8, 9),
    (0xc4b9, 0xc4d3, 10),
    (0xc4d4, 0xc4d4, 9),
    (0xc4d5, 0xc4ef, 10),
    (0xc4f0, 0xc4f0, 9),
    (0xc4f1, 0xc50b, 10),
    (0xc50c, 0xc50c, 9),
    (0xc50d, 0xc527, 10),
    (0xc528, 0xc528, 9),
    (0xc529, 0xc543, 10),
    (0xc544, 0xc544, 9),
    (0xc545, 0xc55f, 10),
    (0xc560, 0xc560, 9),
    (0xc561, 0xc57b, 10),
    (0xc57c, 0xc57c, 9),
    (0xc57d, 0xc597, 10),
    (0xc598, 0xc598, 9),
    (0xc599, 0xc5b3, 10),
    (0xc5b4, 0xc5b4, 9),
    (0xc5b5, 0xc5cf, 10),
    (0xc5d0, 0xc5d0, 9),
    (0xc5d1, 0xc5eb, 10),
    (0xc5ec, 0xc5ec, 9),
    (0xc5ed, 0xc607, 10),
    (0xc608, 0xc608, 9),
    (0xc609, 0xc623, 10),
    (0xc624, 0xc624, 9),
    (0xc625, 0xc63f, 10),
    (0xc640, 0xc640, 9),
    (0xc641, 0xc65b, 10),
    (0xc65c, 0xc65c, 9),
    (0xc65d, 0xc677, 10),
    (0xc678, 0xc678, 9),
    (0xc679, 0xc693, 10),
    (0xc694, 0xc694, 9),
    (0xc695, 0xc6af, 10),
    (0xc6b0, 0xc6b0, 9),
    (0xc6b1, 0xc6cb, 10),
    (0xc6cc, 0xc6cc, 9),
    (0xc6cd, 0xc6e7, 10),
    (0xc6e8, 0xc6e8, 9),
    (0xc6e9, 0xc703, 10),
    (0xc704, 0xc704, 9),
    (0xc705, 0xc71f, 10),
    (0xc720, 0xc720, 9),
    (0xc721, 0xc73b, 10),
    (0xc73c, 0xc73c, 9),
    (0xc73d, 0xc757, 10),
    (0xc758, 0xc758, 9),
    (0xc759, 0xc773, 10),
    (0xc774, 0xc774, 9),
    (0xc775, 0xc78f, 10),
    (0xc790, 0xc790, 9),
    (0xc791, 0xc7ab, 10),
    (0xc7ac, 0xc7ac, 9),
    (0xc7ad, 0xc7c7, 10),
    (0xc7c8, 0xc7c8, 9),
    (0xc7c9, 0xc7e3, 10),
    (0xc7e4, 0xc7e4, 9),
    (0xc7e5, 0xc7ff, 10),
    (0xc800, 0xc800, 9),
    (0xc801, 0xc81b, 10),
    (0xc81c, 0xc81c, 9),
    (0xc81d, 0xc837, 10),
    (0xc838, 0xc838, 9),
    (0xc839, 0xc853, 10),
    (0xc854, 0xc854, 9),
    (0xc855, 0xc86f, 10),
    (0xc870, 0xc870, 9),
    (0xc871, 0xc88b, 10),
    (0xc88c, 0xc88c, 9),
    (0xc88d, 0xc8a7, 10),
    (0xc8a8, 0xc8a8, 9),
    (0xc8a9, 0xc8c3, 10),
    (0xc8c4, 0xc8c4, 9),
    (0xc8c5, 0xc8df, 10),
    (0xc8e0, 0xc8e0, 9),
    (0xc8e1, 0xc8fb, 10),
    (0xc8fc, 0xc8fc, 9),
    (0xc8fd, 0xc917, 10),
    (0xc918, 0xc918, 9),
    (0xc919, 0xc933, 10),
    (0xc934, 0xc934, 9),
    (0xc935, 0xc94f, 10),
    (0xc950, 0xc950, 9),
    (0xc951, 0xc96b, 10),
    (0xc96c, 0xc96c, 9),
    (0xc96d, 0xc987, 10),
    (0xc988, 0xc988, 9),
    (0xc989, 0xc9a3, 10),
    (0xc9a4, 0xc9a4, 9),
    (0xc9a5, 0xc9bf, 10),
    (0xc9c0, 0xc9c0, 9),
    (0xc9c1, 0xc9db, 10),
    (0xc9dc, 0xc9dc, 9),
    (0xc9dd, 0xc9f7, 10),
    (0xc9f8, 0xc9f8, 9),
    (0xc9f9, 0xca13, 10),
    (0xca14, 0xca14, 9),
    (0xca15, 0xca2f, 10),
    (0xca30, 0xca30, 9),
    (0xca31, 0xca4b, 10),
    (0xca4c, 0xca4c, 9),
    (0xca4d, 0xca67, 10),
    (0xca68, 0xca68, 9),
    (0xca69, 0xca83, 10),
    (0xca84, 0xca84, 9),
    (0xca85, 0xca9f, 10),
    (0xcaa0, 0xcaa0, 9),
    (0xcaa1, 0xcabb, 10),
    (0xcabc, 0xcabc, 9),
    (0xcabd, 0xcad7, 10),
    (0xcad8, 0xcad8, 9),
    (0xcad9, 0xcaf3, 10),
    (0xcaf4, 0xcaf4, 9),
    (0xcaf5, 0xcb0f, 10),
    (0xcb10, 0xcb10, 9),
    (0xcb11, 0xcb2b, 10),
    (0xcb2c, 0xcb2c, 9),
    (0xcb2d, 0xcb47, 10),
    (0xcb48, 0xcb48, 9),
    (0xcb49, 0xcb63, 10),
    (0xcb64, 0xcb64, 9),
    (0xcb65, 0xcb7f, 10),
    (0xcb80, 0xcb80, 9),
    (0xcb81, 0xcb9b, 10),
    (0xcb9c, 0xcb9c, 9),
    (0xcb9d, 0xcbb7, 10),
    (0xcbb8, 0xcbb8, 9),
    (0xcbb9, 0xcbd3, 10),
    (0xcbd4, 0xcbd4, 9),
    (0xcbd5, 0xcbef, 10),
    (0xcbf0, 0xcbf0, 9),
    (0xcbf1, 0xcc0b, 10),
    (0xcc0c, 0xcc0c, 9),
    (0xcc0d, 0xcc27, 10),
    (0xcc28, 0xcc28, 9),
    (0xcc29, 0xcc43, 10),
    (0xcc44, 0xcc44, 9),
    (0xcc45, 0xcc5f, 10),
    (0xcc60, 0xcc60, 9),
    (0xcc61, 0xcc7b, 10),
    (0xcc7c, 0xcc7c, 9),
    (0xcc7d, 0xcc97, 10),
    (0xcc98, 0xcc98, 9),
    (0xcc99, 0xccb3, 10),
    (0xccb4, 0xccb4, 9),
    (0xccb5, 0xcccf, 10),
    (0xccd0, 0xccd0, 9),
    (0xccd1, 0xcceb, 10),
    (0xccec, 0xccec, 9),
    (0xcced, 0xcd07, 10),
    (0xcd08, 0xcd08, 9),
    (0xcd09, 0xcd23, 10),
    (0xcd24, 0xcd24, 9),
    (0xcd25, 0xcd3f, 10),
    (0xcd40, 0xcd40, 9),
    (0xcd41, 0xcd5b, 10),
    (0xcd5c, 0xcd5c, 9),
    (0xcd5d, 0xcd77, 10),
    (0xcd78, 0xcd78, 9),
    (0xcd79, 0xcd93, 10),
    (0xcd94, 0xcd94, 9),
    (0xcd95, 0xcdaf, 10),
    (0xcdb0, 0xcdb0, 9),
    (0xcdb1, 0xcdcb, 10),
    (0xcdcc, 0xcdcc, 9),
    (0xcdcd, 0xcde7, 10),
    (0xcde8, 0xcde8, 9),
    (0xcde9, 0xce03, 10),
    (0xce04, 0xce04, 9),
    (0xce05, 0xce1f, 10),
    (0xce20, 0xce20, 9),
    (0xce21, 0xce3b, 10),
    (0xce3c, 0xce3c, 9),
    (0xce3d, 0xce57, 10),
    (0xce58, 0xce58, 9),
    (0xce59, 0xce73, 10),
    (0xce74, 0xce74, 9),
    (0xce75, 0xce8f, 10),
    (0xce90, 0xce90, 9),
    (0xce91, 0xceab, 10),
    (0xceac, 0xceac, 9),
    (0xcead, 0xcec7, 10),
    (0xcec8, 0xcec8, 9),
    (0xcec9, 0xcee3, 10),
    (0xcee4, 0xcee4, 9),
    (0xcee5, 0xceff, 10),
    (0xcf00, 0xcf00, 9),
    (0xcf01, 0xcf1b, 10),
    (0xcf1c, 0xcf1c, 9),
    (0xcf1d, 0xcf37, 10),
    (0xcf38, 0xcf38, 9),
    (0xcf39, 0xcf53, 10),
    (0xcf54, 0xcf54, 9),
    (0xcf55, 0xcf6f, 10),
    (0xcf70, 0xcf70, 9),
    (0xcf71, 0xcf8b, 10),
    (0xcf8c, 0xcf8c, 9),
    (0xcf8d, 0xcfa7, 10),
    (0xcfa8, 0xcfa8, 9),
    (0xcfa9, 0xcfc3, 10),
    (0xcfc4, 0xcfc4, 9),
    (0xcfc5, 0xcfdf, 10),
    (0xcfe0, 0xcfe0, 9),
    (0xcfe1, 0xcffb, 10),
    (0xcffc, 0xcffc, 9),
    (0xcffd, 0xd017, 10),
    (0xd018, 0xd018, 9),
    (0xd019, 0xd033, 10),
    (0xd034, 0xd034, 9),
    (0xd035, 0xd04f, 10),
    (0xd050, 0xd050, 9),
    (0xd051, 0xd06b, 10),
    (0xd06c, 0xd06c, 9),
    (0xd06d, 0xd087, 10),
    (0xd088, 0xd088, 9),
    (0xd089, 0xd0a3, 10),
    (0xd0a4, 0xd0a4, 9),
    (0xd0a5, 0xd0bf, 10),
    (0xd0c0, 0xd0c0, 9),
    (0xd0c1, 0xd0db, 10),
    (0xd0dc, 0xd0dc, 9),
    (0xd0dd, 0xd0f7, 10),
    (0xd0f8, 0xd0f8, 9),
    (0xd0f9, 0xd113, 10),
    (0xd114, 0xd114, 9),
    (0xd115, 0xd12f, 10),
    (0xd130, 0xd130, 9),
    (0xd131, 0xd14b, 10),
    (0xd14c, 0xd14c, 9),
    (0xd14d, 0xd167, 10),
    (0xd168, 0xd168, 9),
    (0xd169, 0xd183, 10),
    (0xd184, 0xd184, 9),
    (0xd185, 0xd19f, 10),
    (0xd1a0, 0xd1a0, 9),
    (0xd1a1, 0xd1bb, 10),
    (0xd1bc, 0xd1bc, 9),
    (0xd1bd, 0xd1d7, 10),
    (0xd1d8, 0xd1d8, 9),
    (0xd1d9, 0xd1f3, 10),
    (0xd1f4, 0xd1f4, 9),
    (0xd1f5, 0xd20f, 10),
    (0xd210, 0xd210, 9),
    (0xd211, 0xd22b, 10),
    (0xd22c, 0xd22c, 9),
    (0xd22d, 0xd247, 10),
    (0xd248, 0xd248, 9),
    (0xd249, 0xd263, 10),
    (0xd264, 0xd264, 9),
    (0xd265, 0xd27f, 10),
    (0xd280, 0xd280, 9),
    (0xd281, 0xd29b, 10),
    (0xd29c, 0xd29c, 9),
    (0xd29d, 0xd2b7, 10),
    (0xd2b8, 0xd2b8, 9),
    (0xd2b9, 0xd2d3, 10),
    (0xd2d4, 0xd2d4, 9),
    (0xd2d5, 0xd2ef, 10),
    (0xd2f0, 0xd2f0, 9),
    (0xd2f1, 0xd30b, 10),
    (0xd30c, 0xd30c, 9),
    (0xd30d, 0xd327, 10),
    (0xd328, 0xd328, 9),
    (0xd329, 0xd343, 10),
    (0xd344, 0xd344, 9),
    (0xd345, 0xd35f, 10),
    (0xd360, 0xd360, 9),
    (0xd361, 0xd37b, 10),
    (0xd37c, 0xd37c, 9),
    (0xd37d, 0xd397, 10),
    (0xd398, 0xd398, 9),
    (0xd399, 0xd3b3, 10),
    (0xd3b4, 0xd3b4, 9),
    (0xd3b5, 0xd3cf, 10),
    (0xd3d0, 0xd3d0, 9),
    (0xd3d1, 0xd3eb, 10),
    (0xd3ec, 0xd3ec, 9),
    (0xd3ed, 0xd407, 10),
    (0xd408, 0xd408, 9),
    (0xd409, 0xd423, 10),
    (0xd424, 0xd424, 9),
    (0xd425, 0xd43f, 10),
    (0xd440, 0xd440, 9),
    (0xd441, 0xd45b, 10),
    (0xd45c, 0xd45c, 9),
    (0xd45d, 0xd477, 10),
    (0xd478, 0xd478, 9),
    (0xd479, 0xd493, 10),
    (0xd494, 0xd494, 9),
    (0xd495, 0xd4af, 10),
    (0xd4b0, 0xd4b0, 9),
    (0xd4b1, 0xd4cb, 10),
    (0xd4cc, 0xd4cc, 9),
    (0xd4cd, 0xd4e7, 10),
    (0xd4e8, 0xd4e8, 9),
    (0xd4e9, 0xd503, 10),
    (0xd504, 0xd504, 9),
    (0xd505, 0xd51f, 10),
    (0xd520, 0xd520, 9),
    (0xd521, 0xd53b, 10),
    (0xd53c, 0xd53c, 9),
    (0xd53d, 0xd557, 10),
    (0xd558, 0xd558, 9),
    (0xd559, 0xd573, 10),
    (0xd574, 0xd574, 9),
    (0xd575, 0xd58f, 10),
    (0xd590, 0xd590, 9),
    (0xd591, 0xd5ab, 10),
    (0xd5ac, 0xd5ac, 9),
    (0xd5ad, 0xd5c7, 10),
    (0xd5c8, 0xd5c8, 9),
    (0xd5c9, 0xd5e3, 10),
    (0xd5e4, 0xd5e4, 9),
    (0xd5e5, 0xd5ff, 10),
    (0xd600, 0xd600, 9),
    (0xd601, 0xd61b, 10),
    (0xd61c, 0xd61c, 9),
    (0xd61d, 0xd637, 10),
    (0xd638, 0xd638, 9),
    (0xd639, 0xd653, 10),
    (0xd654, 0xd654, 9),
    (0xd655, 0xd66f, 10),
    (0xd670, 0xd670, 9),
    (0xd671, 0xd68b, 10),
    (0xd68c, 0xd68c, 9),
    (0xd68d, 0xd6a7, 10),
    (0xd6a8, 0xd6a8, 9),
    (0xd6a9, 0xd6c3, 10),
    (0xd6c4, 0xd6c4, 9),
    (0xd6c5, 0xd6df, 10),
    (0xd6e0, 0xd6e0, 9),
    (0xd6e1, 0xd6fb, 10),
    (0xd6fc, 0xd6fc, 9),
    (0xd6fd, 0xd717, 10),
    (0xd718, 0xd718, 9),
    (0xd719, 0xd733, 10),
    (0xd734, 0xd734, 9),
    (0xd735, 0xd74f, 10),
    (0xd750, 0xd750, 9),
    (0xd751, 0xd76b, 10),
    (0xd76c, 0xd76c, 9),
    (0xd76d, 0xd787, 10),
    (0xd788, 0xd788, 9),
    (0xd789, 0xd7a3, 10),
    (0xd7a4, 0xd7af, 12),
    (0xd7b0, 0xd7c6, 7),
    (0xd7c7, 0xd7ca, 12),
    (0xd7cb, 0xd7fb, 8),
    (0xd7fc, 0xfb1d, 12),
    (0xfb1e, 0xfb1e, 3),
    (0xfb1f, 0xfdff, 12),
    (0xfe00, 0xfe0f, 3),
    (0xfe10, 0xfe1f, 12),
    (0xfe20, 0xfe2f, 3),
    (0xfe30, 0xfefe, 12),
    (0xfeff, 0xfeff, 2),
    (0xff00, 0xff9d, 12),
    (0xff9e, 0xff9f, 3),
    (0xffa0, 0xffef, 12),
    (0xfff0, 0xfffb, 2),
    (0xfffc, 0x101fc, 12),
    (0x101fd, 0x101fd, 3),
    (0x101fe, 0x102df, 12),
    (0x102e0, 0x102e0, 3),
    (0x102e1, 0x10375, 12),
    (0x10376, 0x1037a, 3),
    (0x1037b, 0x10a00, 12),
    (0x10a01, 0x10a03, 3),
    (0x10a04, 0x10a04, 12),
    (0x10a05, 0x10a06, 3),
    (0x10a07, 0x10a0b, 12),
    (0x10a0c, 0x10a0f, 3),
    (0x10a10, 0x10a37, 12),
    (0x10a38, 0x10a3a, 3),
    (0x10a3b, 0x10a3e, 12),
    (0x10a3f, 0x10a3f, 3),
    (0x10a40, 0x10ae4, 12),
    (0x10ae5, 0x10ae6, 3),
    (0x10ae7, 0x10d23, 12),
    (0x10d24, 0x10d27, 3),
    (0x10d28, 0x10d68, 12),
    (0x10d69, 0x10d6d, 3),
    (0x10d6e, 0x10eaa, 12),
    (0x10eab, 0x10eac, 3),
    (0x10ead, 0x10ef9, 12),
    (0x10efa, 0x10eff, 3),
    (0x10f00, 0x10f45, 12),
    (0x10f46, 0x10f50, 3),
    (0x10f51, 0x10f81, 12),
    (0x10f82, 0x10f85, 3),
    (0x10f86, 0x10fff, 12),
    (0x11000, 0x11000, 5),
    (0x11001, 0x11001, 3),
    (0x11002, 0x11002, 5),
    (0x11003, 0x11037, 12),
    (0x11038, 0x11046, 3),
    (0x11047, 0x1106f, 12),
    (0x11070, 0x11070, 3),
    (0x11071, 0x11072, 12),
    (0x11073, 0x11074, 3),
    (0x11075, 0x1107e, 12),
    (0x1107f, 0x11081, 3),
    (0x11082, 0x11082, 5),
    (0x11083, 0x110af, 12),
    (0x110b0, 0x110b2, 5),
    (0x110b3, 0x110b6, 3),
    (0x110b7, 0x110b8, 5),
    (0x110b9, 0x110ba, 3),
    (0x110bb, 0x110bc, 12),
    (0x110bd, 0x110bd, 4),
    (0x110be, 0x110c1, 12),
    (0x110c2, 0x110c2, 3),
    (0x110c3, 0x110cc, 12),
    (0x110cd, 0x110cd, 4),
    (0x110ce, 0x110ff, 12),
    (0x11100, 0x11102, 3),
    (0x11103, 0x11126, 12),
    (0x11127, 0x1112b, 3),
    (0x1112c, 0x1112c, 5),
    (0x1112d, 0x11134, 3),
    (0x11135, 0x11144, 12),
    (0x11145, 0x11146, 5),
    (0x11147, 0x11172, 12),
    (0x11173, 0x11173, 3),
    (0x11174, 0x1117f, 12),
    (0x11180, 0x11181, 3),
    (0x11182, 0x11182, 5),
    (0x11183, 0x111b2, 12),
    (0x111b3, 0x111b5, 5),
    (0x111b6, 0x111be, 3),
    (0x111bf, 0x111bf, 5),
    (0x111c0, 0x111c0, 3),
    (0x111c1, 0x111c1, 12),
    (0x111c2, 0x111c3, 4),
    (0x111c4, 0x111c8, 12),
    (0x111c9, 0x111cc, 3),
    (0x111cd, 0x111cd, 12),
    (0x111ce, 0x111ce, 5),
    (0x111cf, 0x111cf, 3),
    (0x111d0, 0x1122b, 12),
    (0x1122c, 0x1122e, 5),
    (0x1122f, 0x11231, 3),
    (0x11232, 0x11233, 5),
    (0x11234, 0x11237, 3),
    (0x11238, 0x1123d, 12),
    (0x1123e, 0x1123e, 3),
    (0x1123f, 0x11240, 12),
    (0x11241, 0x11241, 3),
    (0x11242, 0x112de, 12),
    (0x112df, 0x112df, 3),
    (0x112e0, 0x112e2, 5),
    (0x112e3, 0x112ea, 3),
    (0x112eb, 0x112ff, 12),
    (0x11300, 0x11301, 3),
    (0x11302, 0x11303, 5),
    (0x11304, 0x1133a, 12),
    (0x1133b, 0x1133c, 3),
    (0x1133d, 0x1133d, 12),
    (0x1133e, 0x1133e, 3),
    (0x1133f, 0x1133f, 5),
    (0x11340, 0x11340, 3),
    (0x11341, 0x11344, 5),
    (0x11345, 0x11346, 12),
    (0x11347, 0x11348, 5),
    (0x11349, 0x1134a, 12),
    (0x1134b, 0x1134c, 5),
    (0x1134d, 0x1134d, 3),
    (0x1134e, 0x11356, 12),
    (0x11357, 0x11357, 3),
    (0x11358, 0x11361, 12),
    (0x11362, 0x11363, 5),
    (0x11364, 0x11365, 12),
    (0x11366, 0x1136c, 3),
    (0x1136d, 0x1136f, 12),
    (0x11370, 0x11374, 3),
    (0x11375, 0x113b7, 12),
    (0x113b8, 0x113b8, 3),
    (0x113b9, 0x113ba, 5),
    (0x113bb, 0x113c0, 3),
    (0x113c1, 0x113c1, 12),
    (0x113c2, 0x113c2, 3),
    (0x113c3, 0x113c4, 12),
    (0x113c5, 0x113c5, 3),
    (0x113c6, 0x113c6, 12),
    (0x113c7, 0x113c9, 3),
    (0x113ca, 0x113ca, 5),
    (0x113cb, 0x113cb, 12),
    (0x113cc, 0x113cd, 5),
    (0x113ce, 0x113d0, 3),
    (0x113d1, 0x113d1, 4),
    (0x113d2, 0x113d2, 3),
    (0x113d3, 0x113e0, 12),
    (0x113e1, 0x113e2, 3),
    (0x113e3, 0x11434, 12),
    (0x11435, 0x11437, 5),
    (0x11438, 0x1143f, 3),
    (0x11440, 0x11441, 5),
    (0x11442, 0x11444, 3),
    (0x11445, 0x11445, 5),
    (0x11446, 0x11446, 3),
    (0x11447, 0x1145d, 12),
    (0x1145e, 0x1145e, 3),
    (0x1145f, 0x114af, 12),
    (0x114b0, 0x114b0, 3),
    (0x114b1, 0x114b2, 5),
    (0x114b3, 0x114b8, 3),
    (0x114b9, 0x114b9, 5),
    (0x114ba, 0x114ba, 3),
    (0x114bb, 0x114bc, 5),
    (0x114bd, 0x114bd, 3),
    (0x114be, 0x114be, 5),
    (0x114bf, 0x114c0, 3),
    (0x114c1, 0x114c1, 5),
    (0x114c2, 0x114c3, 3),
    (0x114c4, 0x115ae, 12),
    (0x115af, 0x115af, 3),
    (0x115b0, 0x115b1, 5),
    (0x115b2, 0x115b5, 3),
    (0x115b6, 0x115b7, 12),
    (0x115b8, 0x115bb, 5),
    (0x115bc, 0x115bd, 3),
    (0x115be, 0x115be, 5),
    (0x115bf, 0x115c0, 3),
    (0x115c1, 0x115db, 12),
    (0x115dc, 0x115dd, 3),
    (0x115de, 0x1162f, 12),
    (0x11630, 0x11632, 5),
    (0x11633, 0x1163a, 3),
    (0x1163b, 0x1163c, 5),
    (0x1163d, 0x1163d, 3),
    (0x1163e, 0x1163e, 5),
    (0x1163f, 0x11640, 3),
    (0x11641, 0x116aa, 12),
    (0x116ab, 0x116ab, 3),
    (0x116ac, 0x116ac, 5),
    (0x116ad, 0x116ad, 3),
    (0x116ae, 0x116af, 5),
    (0x116b0, 0x116b7, 3),
    (0x116b8, 0x1171c, 12),
    (0x1171d, 0x1171d, 3),
    (0x1171e, 0x1171e, 5),
    (0x1171f, 0x1171f, 3),
    (0x11720, 0x11721, 12),
    (0x11722, 0x11725, 3),
    (0x11726, 0x11726, 5),
    (0x11727, 0x1172b, 3),
    (0x1172c, 0x1182b, 12),
    (0x1182c, 0x1182e, 5),
    (0x1182f, 0x11837, 3),
    (0x11838, 0x11838, 5),
    (0x11839, 0x1183a, 3),
    (0x1183b, 0x1192f, 12),
    (0x11930, 0x11930, 3),
    (0x11931, 0x11935, 5),
    (0x11936, 0x11936, 12),
    (0x11937, 0x11938, 5),
    (0x11939, 0x1193a, 12),
    (0x1193b, 0x1193e, 3),
    (0x1193f, 0x1193f, 4),
    (0x11940, 0x11940, 5),
    (0x11941, 0x11941, 4),
    (0x11942, 0x11942, 5),
    (0x11943, 0x11943, 3),
    (0x11944, 0x119d0, 12),
    (0x119d1, 0x119d3, 5),
    (0x119d4, 0x119d7, 3),
    (0x119d8, 0x119d9, 12),
    (0x119da, 0x119db, 3),
    (0x119dc, 0x119df, 5),
    (0x119e0, 0x119e0, 3),
    (0x119e1, 0x119e3, 12),
    (0x119e4, 0x119e4, 5),
    (0x119e5, 0x11a00, 12),
    (0x11a01, 0x11a0a, 3),
    (0x11a0b, 0x11a32, 12),
    (0x11a33, 0x11a38, 3),
    (0x11a39, 0x11a39, 5),
    (0x11a3a, 0x11a3a, 12),
    (0x11a3b, 0x11a3e, 3),
    (0x11a3f, 0x11a46, 12),
    (0x11a47, 0x11a47, 3),
    (0x11a48, 0x11a50, 12),
    (0x11a51, 0x11a56, 3),
    (0x11a57, 0x11a58, 5),
    (0x11a59, 0x11a5b, 3),
    (0x11a5c, 0x11a83, 12),
    (0x11a84, 0x11a89, 4),
    (0x11a8a, 0x11a96, 3),
    (0x11a97, 0x11a97, 5),
    (0x11a98, 0x11a99, 3),
    (0x11a9a, 0x11b5f, 12),
    (0x11b60, 0x11b60, 3),
    (0x11b61, 0x11b61, 5),
    (0x11b62, 0x11b64, 3),
    (0x11b65, 0x11b65, 5),
    (0x11b66, 0x11b66, 3),
    (0x11b67, 0x11b67, 5),
    (0x11b68, 0x11c2e, 12),
    (0x11c2f, 0x11c2f, 5),
    (0x11c30, 0x11c36, 3),
    (0x11c37, 0x11c37, 12),
    (0x11c38, 0x11c3d, 3),
    (0x11c3e, 0x11c3e, 5),
    (0x11c3f, 0x11c3f, 3),
    (0x11c40, 0x11c91, 12),
    (0x11c92, 0x11ca7, 3),
    (0x11ca8, 0x11ca8, 12),
    (0x11ca9, 0x11ca9, 5),
    (0x11caa, 0x11cb0, 3),
    (0x11cb1, 0x11cb1, 5),
    (0x11cb2, 0x11cb3, 3),
    (0x11cb4, 0x11cb4, 5),
    (0x11cb5, 0x11cb6, 3),
    (0x11cb7, 0x11d30, 12),
    (0x11d31, 0x11d36, 3),
    (0x11d37, 0x11d39, 12),
    (0x11d3a, 0x11d3a, 3),
    (0x11d3b, 0x11d3b, 12),
    (0x11d3c, 0x11d3d, 3),
    (0x11d3e, 0x11d3e, 12),
    (0x11d3f, 0x11d45, 3),
    (0x11d46, 0x11d46, 4),
    (0x11d47, 0x11d47, 3),
    (0x11d48, 0x11d89, 12),
    (0x11d8a, 0x11d8e, 5),
    (0x11d8f, 0x11d8f, 12),
    (0x11d90, 0x11d91, 3),
    (0x11d92, 0x11d92, 12),
    (0x11d93, 0x11d94, 5),
    (0x11d95, 0x11d95, 3),
    (0x11d96, 0x11d96, 5),
    (0x11d97, 0x11d97, 3),
    (0x11d98, 0x11ef2, 12),
    (0x11ef3, 0x11ef4, 3),
    (0x11ef5, 0x11ef6, 5),
    (0x11ef7, 0x11eff, 12),
    (0x11f00, 0x11f01, 3),
    (0x11f02, 0x11f02, 4),
    (0x11f03, 0x11f03, 5),
    (0x11f04, 0x11f33, 12),
    (0x11f34, 0x11f35, 5),
    (0x11f36, 0x11f3a, 3),
    (0x11f3b, 0x11f3d, 12),
    (0x11f3e, 0x11f3f, 5),
    (0x11f40, 0x11f42, 3),
    (0x11f43, 0x11f59, 12),
    (0x11f5a, 0x11f5a, 3),
    (0x11f5b, 0x1342f, 12),
    (0x13430, 0x1343f, 2),
    (0x13440, 0x13440, 3),
    (0x13441, 0x13446, 12),
    (0x13447, 0x13455, 3),
    (0x13456, 0x1611d, 12),
    (0x1611e, 0x16129, 3),
    (0x1612a, 0x1612c, 5),
    (0x1612d, 0x1612f, 3),
    (0x16130, 0x16aef, 12),
    (0x16af0, 0x16af4, 3),
    (0x16af5, 0x16b2f, 12),
    (0x16b30, 0x16b36, 3),
    (0x16b37, 0x16d62, 12),
    (0x16d63, 0x16d63, 7),
    (0x16d64, 0x16d66, 12),
    (0x16d67, 0x16d6a, 7),
    (0x16d6b, 0x16f4e, 12),
    (0x16f4f, 0x16f4f, 3),
    (0x16f50, 0x16f50, 12),
    (0x16f51, 0x16f87, 5),
    (0x16f88, 0x16f8e, 12),
    (0x16f8f, 0x16f92, 3),
    (0x16f93, 0x16fe3, 12),
    (0x16fe4, 0x16fe4, 3),
    (0x16fe5, 0x16fef, 12),
    (0x16ff0, 0x16ff1, 3),
    (0x16ff2, 0x1bc9c, 12),
    (0x1bc9d, 0x1bc9e, 3),
    (0x1bc9f, 0x1bc9f, 12),
    (0x1bca0, 0x1bca3, 2),
    (0x1bca4, 0x1ceff, 12),
    (0x1cf00, 0x1cf2d, 3),
    (0x1cf2e, 0x1cf2f, 12),
    (0x1cf30, 0x1cf46, 3),
    (0x1cf47, 0x1d164, 12),
    (0x1d165, 0x1d169, 3),
    (0x1d16a, 0x1d16c, 12),
    (0x1d16d, 0x1d172, 3),
    (0x1d173, 0x1d17a, 2),
    (0x1d17b, 0x1d182, 3),
    (0x1d183, 0x1d184, 12),
    (0x1d185, 0x1d18b, 3),
    (0x1d18c, 0x1d1a9, 12),
    (0x1d1aa, 0x1d1ad, 3),
    (0x1d1ae, 0x1d241, 12),
    (0x1d242, 0x1d244, 3),
    (0x1d245, 0x1d9ff, 12),
    (0x1da00, 0x1da36, 3),
    (0x1da37, 0x1da3a, 12),
    (0x1da3b, 0x1da6c, 3),
    (0x1da6d, 0x1da74, 12),
    (0x1da75, 0x1da75, 3),
    (0x1da76, 0x1da83, 12),
    (0x1da84, 0x1da84, 3),
    (0x1da85, 0x1da9a, 12),
    (0x1da9b, 0x1da9f, 3),
    (0x1daa0, 0x1daa0, 12),
    (0x1daa1, 0x1daaf, 3),
    (0x1dab0, 0x1dfff, 12),
    (0x1e000, 0x1e006, 3),
    (0x1e007, 0x1e007, 12),
    (0x1e008, 0x1e018, 3),
    (0x1e019, 0x1e01a, 12),
    (0x1e01b, 0x1e021, 3),
    (0x1e022, 0x1e022, 12),
    (0x1e023, 0x1e024, 3),
    (0x1e025, 0x1e025, 12),
    (0x1e026, 0x1e02a, 3),
    (0x1e02b, 0x1e08e, 12),
    (0x1e08f, 0x1e08f, 3),
    (0x1e090, 0x1e12f, 12),
    (0x1e130, 0x1e136, 3),
    (0x1e137, 0x1e2ad, 12),
    (0x1e2ae, 0x1e2ae, 3),
    (0x1e2af, 0x1e2eb, 12),
    (0x1e2ec, 0x1e2ef, 3),
    (0x1e2f0, 0x1e4eb, 12),
    (0x1e4ec, 0x1e4ef, 3),
    (0x1e4f0, 0x1e5ed, 12),
    (0x1e5ee, 0x1e5ef, 3),
    (0x1e5f0, 0x1e6e2, 12),
    (0x1e6e3, 0x1e6e3, 3),
    (0x1e6e4, 0x1e6e5, 12),
    (0x1e6e6, 0x1e6e6, 3),
    (0x1e6e7, 0x1e6ed, 12),
    (0x1e6ee, 0x1e6ef, 3),
    (0x1e6f0, 0x1e6f4, 12),
    (0x1e6f5, 0x1e6f5, 3),
    (0x1e6f6, 0x1e8cf, 12),
    (0x1e8d0, 0x1e8d6, 3),
    (0x1e8d7, 0x1e943, 12),
    (0x1e944, 0x1e94a, 3),
    (0x1e94b, 0x1f003, 12),
    (0x1f004, 0x1f004, 14),
    (0x1f005, 0x1f02b, 12),
    (0x1f02c, 0x1f02f, 14),
    (0x1f030, 0x1f093, 12),
    (0x1f094, 0x1f09f, 14),
    (0x1f0a0, 0x1f0ae, 12),
    (0x1f0af, 0x1f0b0, 14),
    (0x1f0b1, 0x1f0bf, 12),
    (0x1f0c0, 0x1f0c0, 14),
    (0x1f0c1, 0x1f0ce, 12),
    (0x1f0cf, 0x1f0d0, 14),
    (0x1f0d1, 0x1f0f5, 12),
    (0x1f0f6, 0x1f0ff, 14),
    (0x1f100, 0x1f16f, 12),
    (0x1f170, 0x1f171, 14),
    (0x1f172, 0x1f17d, 12),
    (0x1f17e, 0x1f17f, 14),
    (0x1f180, 0x1f18d, 12),
    (0x1f18e, 0x1f18e, 14),
    (0x1f18f, 0x1f190, 12),
    (0x1f191, 0x1f19a, 14),
    (0x1f19b, 0x1f1ad, 12),
    (0x1f1ae, 0x1f1e5, 14),
    (0x1f1e6, 0x1f1ff, 11),
    (0x1f200, 0x1f200, 12),
    (0x1f201, 0x1f20f, 14),
    (0x1f210, 0x1f219, 12),
    (0x1f21a, 0x1f21a, 14),
    (0x1f21b, 0x1f22e, 12),
    (0x1f22f, 0x1f22f, 14),
    (0x1f230, 0x1f231, 12),
    (0x1f232, 0x1f23a, 14),
    (0x1f23b, 0x1f23b, 12),
    (0x1f23c, 0x1f23f, 14),
    (0x1f240, 0x1f248, 12),
    (0x1f249, 0x1f25f, 14),
    (0x1f260, 0x1f265, 12),
    (0x1f266, 0x1f321, 14),
    (0x1f322, 0x1f323, 12),
    (0x1f324, 0x1f393, 14),
    (0x1f394, 0x1f395, 12),
    (0x1f396, 0x1f397, 14),
    (0x1f398, 0x1f398, 12),
    (0x1f399, 0x1f39b, 14),
    (0x1f39c, 0x1f39d, 12),
    (0x1f39e, 0x1f3f0, 14),
    (0x1f3f1, 0x1f3f2, 12),
    (0x1f3f3, 0x1f3f5, 14),
    (0x1f3f6, 0x1f3f6, 12),
    (0x1f3f7, 0x1f3fa, 14),
    (0x1f3fb, 0x1f3ff, 3),
    (0x1f400, 0x1f4fd, 14),
    (0x1f4fe, 0x1f4fe, 12),
    (0x1f4ff, 0x1f53d, 14),
    (0x1f53e, 0x1f548, 12),
    (0x1f549, 0x1f54e, 14),
    (0x1f54f, 0x1f54f, 12),
    (0x1f550, 0x1f567, 14),
    (0x1f568, 0x1f56e, 12),
    (0x1f56f, 0x1f570, 14),
    (0x1f571, 0x1f572, 12),
    (0x1f573, 0x1f57a, 14),
    (0x1f57b, 0x1f586, 12),
    (0x1f587, 0x1f587, 14),
    (0x1f588, 0x1f589, 12),
    (0x1f58a, 0x1f58d, 14),
    (0x1f58e, 0x1f58f, 12),
    (0x1f590, 0x1f590, 14),
    (0x1f591, 0x1f594, 12),
    (0x1f595, 0x1f596, 14),
    (0x1f597, 0x1f5a3, 12),
    (0x1f5a4, 0x1f5a5, 14),
    (0x1f5a6, 0x1f5a7, 12),
    (0x1f5a8, 0x1f5a8, 14),
    (0x1f5a9, 0x1f5b0, 12),
    (0x1f5b1, 0x1f5b2, 14),
    (0x1f5b3, 0x1f5bb, 12),
    (0x1f5bc, 0x1f5bc, 14),
    (0x1f5bd, 0x1f5c1, 12),
    (0x1f5c2, 0x1f5c4, 14),
    (0x1f5c5, 0x1f5d0, 12),
    (0x1f5d1, 0x1f5d3, 14),
    (0x1f5d4, 0x1f5db, 12),
    (0x1f5dc, 0x1f5de, 14),
    (0x1f5df, 0x1f5e0, 12),
    (0x1f5e1, 0x1f5e1, 14),
    (0x1f5e2, 0x1f5e2, 12),
    (0x1f5e3, 0x1f5e3, 14),
    (0x1f5e4, 0x1f5e7, 12),
    (0x1f5e8, 0x1f5e8, 14),
    (0x1f5e9, 0x1f5ee, 12),
    (0x1f5ef, 0x1f5ef, 14),
    (0x1f5f0, 0x1f5f2, 12),
    (0x1f5f3, 0x1f5f3, 14),
    (0x1f5f4, 0x1f5f9, 12),
    (0x1f5fa, 0x1f64f, 14),
    (0x1f650, 0x1f67f, 12),
    (0x1f680, 0x1f6c5, 14),
    (0x1f6c6, 0x1f6ca, 12),
    (0x1f6cb, 0x1f6d2, 14),
    (0x1f6d3, 0x1f6d4, 12),
    (0x1f6d5, 0x1f6e5, 14),
    (0x1f6e6, 0x1f6e8, 12),
    (0x1f6e9, 0x1f6e9, 14),
    (0x1f6ea, 0x1f6ea, 12),
    (0x1f6eb, 0x1f6f0, 14),
    (0x1f6f1, 0x1f6f2, 12),
    (0x1f6f3, 0x1f6ff, 14),
    (0x1f700, 0x1f7d9, 12),
    (0x1f7da, 0x1f7ff, 14),
    (0x1f800, 0x1f80b, 12),
    (0x1f80c, 0x1f80f, 14),
    (0x1f810, 0x1f847, 12),
    (0x1f848, 0x1f84f, 14),
    (0x1f850, 0x1f859, 12),
    (0x1f85a, 0x1f85f, 14),
    (0x1f860, 0x1f887, 12),
    (0x1f888, 0x1f88f, 14),
    (0x1f890, 0x1f8ad, 12),
    (0x1f8ae, 0x1f8af, 14),
    (0x1f8b0, 0x1f8bb, 12),
    (0x1f8bc, 0x1f8bf, 14),
    (0x1f8c0, 0x1f8c1, 12),
    (0x1f8c2, 0x1f8cf, 14),
    (0x1f8d0, 0x1f8d8, 12),
    (0x1f8d9, 0x1f8ff, 14),
    (0x1f900, 0x1f90b, 12),
    (0x1f90c, 0x1f93a, 14),
    (0x1f93b, 0x1f93b, 12),
    (0x1f93c, 0x1f945, 14),
    (0x1f946, 0x1f946, 12),
    (0x1f947, 0x1f9ff, 14),
    (0x1fa00, 0x1fa57, 12),
    (0x1fa58, 0x1fa5f, 14),
    (0x1fa60, 0x1fa6d, 12),
    (0x1fa6e, 0x1faff, 14),
    (0x1fb00, 0x1fbff, 12),
    (0x1fc00, 0x1fffd, 14),
    (0x1fffe, 0xdffff, 12),
    (0xe0000, 0xe001f, 2),
    (0xe0020, 0xe007f, 3),
    (0xe0080, 0xe00ff, 2),
    (0xe0100, 0xe01ef, 3),
    (0xe01f0, 0xe0fff, 2),
    (0xe1000, 0x0010_ffff, 12),
];

pub static BIDI_CLASS: &[(u32, u32, u8)] = &[
    (0x0, 0x8, 3),
    (0x9, 0x9, 21),
    (0xa, 0xa, 2),
    (0xb, 0xb, 21),
    (0xc, 0xc, 22),
    (0xd, 0xd, 2),
    (0xe, 0x1b, 3),
    (0x1c, 0x1e, 2),
    (0x1f, 0x1f, 21),
    (0x20, 0x20, 22),
    (0x21, 0x22, 14),
    (0x23, 0x25, 7),
    (0x26, 0x2a, 14),
    (0x2b, 0x2b, 6),
    (0x2c, 0x2c, 4),
    (0x2d, 0x2d, 6),
    (0x2e, 0x2f, 4),
    (0x30, 0x39, 5),
    (0x3a, 0x3a, 4),
    (0x3b, 0x40, 14),
    (0x41, 0x5a, 9),
    (0x5b, 0x60, 14),
    (0x61, 0x7a, 9),
    (0x7b, 0x7e, 14),
    (0x7f, 0x84, 3),
    (0x85, 0x85, 2),
    (0x86, 0x9f, 3),
    (0xa0, 0xa0, 4),
    (0xa1, 0xa1, 14),
    (0xa2, 0xa5, 7),
    (0xa6, 0xa9, 14),
    (0xaa, 0xaa, 9),
    (0xab, 0xac, 14),
    (0xad, 0xad, 3),
    (0xae, 0xaf, 14),
    (0xb0, 0xb1, 7),
    (0xb2, 0xb3, 5),
    (0xb4, 0xb4, 14),
    (0xb5, 0xb5, 9),
    (0xb6, 0xb8, 14),
    (0xb9, 0xb9, 5),
    (0xba, 0xba, 9),
    (0xbb, 0xbf, 14),
    (0xc0, 0xd6, 9),
    (0xd7, 0xd7, 14),
    (0xd8, 0xf6, 9),
    (0xf7, 0xf7, 14),
    (0xf8, 0x2b8, 9),
    (0x2b9, 0x2ba, 14),
    (0x2bb, 0x2c1, 9),
    (0x2c2, 0x2cf, 14),
    (0x2d0, 0x2d1, 9),
    (0x2d2, 0x2df, 14),
    (0x2e0, 0x2e4, 9),
    (0x2e5, 0x2ed, 14),
    (0x2ee, 0x2ee, 9),
    (0x2ef, 0x2ff, 14),
    (0x300, 0x36f, 13),
    (0x370, 0x373, 9),
    (0x374, 0x375, 14),
    (0x376, 0x37d, 9),
    (0x37e, 0x37e, 14),
    (0x37f, 0x383, 9),
    (0x384, 0x385, 14),
    (0x386, 0x386, 9),
    (0x387, 0x387, 14),
    (0x388, 0x3f5, 9),
    (0x3f6, 0x3f6, 14),
    (0x3f7, 0x482, 9),
    (0x483, 0x489, 13),
    (0x48a, 0x589, 9),
    (0x58a, 0x58a, 14),
    (0x58b, 0x58c, 9),
    (0x58d, 0x58e, 14),
    (0x58f, 0x58f, 7),
    (0x590, 0x590, 17),
    (0x591, 0x5bd, 13),
    (0x5be, 0x5be, 17),
    (0x5bf, 0x5bf, 13),
    (0x5c0, 0x5c0, 17),
    (0x5c1, 0x5c2, 13),
    (0x5c3, 0x5c3, 17),
    (0x5c4, 0x5c5, 13),
    (0x5c6, 0x5c6, 17),
    (0x5c7, 0x5c7, 13),
    (0x5c8, 0x5ff, 17),
    (0x600, 0x605, 1),
    (0x606, 0x607, 14),
    (0x608, 0x608, 0),
    (0x609, 0x60a, 7),
    (0x60b, 0x60b, 0),
    (0x60c, 0x60c, 4),
    (0x60d, 0x60d, 0),
    (0x60e, 0x60f, 14),
    (0x610, 0x61a, 13),
    (0x61b, 0x64a, 0),
    (0x64b, 0x65f, 13),
    (0x660, 0x669, 1),
    (0x66a, 0x66a, 7),
    (0x66b, 0x66c, 1),
    (0x66d, 0x66f, 0),
    (0x670, 0x670, 13),
    (0x671, 0x6d5, 0),
    (0x6d6, 0x6dc, 13),
    (0x6dd, 0x6dd, 1),
    (0x6de, 0x6de, 14),
    (0x6df, 0x6e4, 13),
    (0x6e5, 0x6e6, 0),
    (0x6e7, 0x6e8, 13),
    (0x6e9, 0x6e9, 14),
    (0x6ea, 0x6ed, 13),
    (0x6ee, 0x6ef, 0),
    (0x6f0, 0x6f9, 5),
    (0x6fa, 0x710, 0),
    (0x711, 0x711, 13),
    (0x712, 0x72f, 0),
    (0x730, 0x74a, 13),
    (0x74b, 0x7a5, 0),
    (0x7a6, 0x7b0, 13),
    (0x7b1, 0x7bf, 0),
    (0x7c0, 0x7ea, 17),
    (0x7eb, 0x7f3, 13),
    (0x7f4, 0x7f5, 17),
    (0x7f6, 0x7f9, 14),
    (0x7fa, 0x7fc, 17),
    (0x7fd, 0x7fd, 13),
    (0x7fe, 0x815, 17),
    (0x816, 0x819, 13),
    (0x81a, 0x81a, 17),
    (0x81b, 0x823, 13),
    (0x824, 0x824, 17),
    (0x825, 0x827, 13),
    (0x828, 0x828, 17),
    (0x829, 0x82d, 13),
    (0x82e, 0x858, 17),
    (0x859, 0x85b, 13),
    (0x85c, 0x85f, 17),
    (0x860, 0x88f, 0),
    (0x890, 0x891, 1),
    (0x892, 0x896, 0),
    (0x897, 0x89f, 13),
    (0x8a0, 0x8c9, 0),
    (0x8ca, 0x8e1, 13),
    (0x8e2, 0x8e2, 1),
    (0x8e3, 0x902, 13),
    (0x903, 0x939, 9),
    (0x93a, 0x93a, 13),
    (0x93b, 0x93b, 9),
    (0x93c, 0x93c, 13),
    (0x93d, 0x940, 9),
    (0x941, 0x948, 13),
    (0x949, 0x94c, 9),
    (0x94d, 0x94d, 13),
    (0x94e, 0x950, 9),
    (0x951, 0x957, 13),
    (0x958, 0x961, 9),
    (0x962, 0x963, 13),
    (0x964, 0x980, 9),
    (0x981, 0x981, 13),
    (0x982, 0x9bb, 9),
    (0x9bc, 0x9bc, 13),
    (0x9bd, 0x9c0, 9),
    (0x9c1, 0x9c4, 13),
    (0x9c5, 0x9cc, 9),
    (0x9cd, 0x9cd, 13),
    (0x9ce, 0x9e1, 9),
    (0x9e2, 0x9e3, 13),
    (0x9e4, 0x9f1, 9),
    (0x9f2, 0x9f3, 7),
    (0x9f4, 0x9fa, 9),
    (0x9fb, 0x9fb, 7),
    (0x9fc, 0x9fd, 9),
    (0x9fe, 0x9fe, 13),
    (0x9ff, 0xa00, 9),
    (0xa01, 0xa02, 13),
    (0xa03, 0xa3b, 9),
    (0xa3c, 0xa3c, 13),
    (0xa3d, 0xa40, 9),
    (0xa41, 0xa42, 13),
    (0xa43, 0xa46, 9),
    (0xa47, 0xa48, 13),
    (0xa49, 0xa4a, 9),
    (0xa4b, 0xa4d, 13),
    (0xa4e, 0xa50, 9),
    (0xa51, 0xa51, 13),
    (0xa52, 0xa6f, 9),
    (0xa70, 0xa71, 13),
    (0xa72, 0xa74, 9),
    (0xa75, 0xa75, 13),
    (0xa76, 0xa80, 9),
    (0xa81, 0xa82, 13),
    (0xa83, 0xabb, 9),
    (0xabc, 0xabc, 13),
    (0xabd, 0xac0, 9),
    (0xac1, 0xac5, 13),
    (0xac6, 0xac6, 9),
    (0xac7, 0xac8, 13),
    (0xac9, 0xacc, 9),
    (0xacd, 0xacd, 13),
    (0xace, 0xae1, 9),
    (0xae2, 0xae3, 13),
    (0xae4, 0xaf0, 9),
    (0xaf1, 0xaf1, 7),
    (0xaf2, 0xaf9, 9),
    (0xafa, 0xaff, 13),
    (0xb00, 0xb00, 9),
    (0xb01, 0xb01, 13),
    (0xb02, 0xb3b, 9),
    (0xb3c, 0xb3c, 13),
    (0xb3d, 0xb3e, 9),
    (0xb3f, 0xb3f, 13),
    (0xb40, 0xb40, 9),
    (0xb41, 0xb44, 13),
    (0xb45, 0xb4c, 9),
    (0xb4d, 0xb4d, 13),
    (0xb4e, 0xb54, 9),
    (0xb55, 0xb56, 13),
    (0xb57, 0xb61, 9),
    (0xb62, 0xb63, 13),
    (0xb64, 0xb81, 9),
    (0xb82, 0xb82, 13),
    (0xb83, 0xbbf, 9),
    (0xbc0, 0xbc0, 13),
    (0xbc1, 0xbcc, 9),
    (0xbcd, 0xbcd, 13),
    (0xbce, 0xbf2, 9),
    (0xbf3, 0xbf8, 14),
    (0xbf9, 0xbf9, 7),
    (0xbfa, 0xbfa, 14),
    (0xbfb, 0xbff, 9),
    (0xc00, 0xc00, 13),
    (0xc01, 0xc03, 9),
    (0xc04, 0xc04, 13),
    (0xc05, 0xc3b, 9),
    (0xc3c, 0xc3c, 13),
    (0xc3d, 0xc3d, 9),
    (0xc3e, 0xc40, 13),
    (0xc41, 0xc45, 9),
    (0xc46, 0xc48, 13),
    (0xc49, 0xc49, 9),
    (0xc4a, 0xc4d, 13),
    (0xc4e, 0xc54, 9),
    (0xc55, 0xc56, 13),
    (0xc57, 0xc61, 9),
    (0xc62, 0xc63, 13),
    (0xc64, 0xc77, 9),
    (0xc78, 0xc7e, 14),
    (0xc7f, 0xc80, 9),
    (0xc81, 0xc81, 13),
    (0xc82, 0xcbb, 9),
    (0xcbc, 0xcbc, 13),
    (0xcbd, 0xccb, 9),
    (0xccc, 0xccd, 13),
    (0xcce, 0xce1, 9),
    (0xce2, 0xce3, 13),
    (0xce4, 0xcff, 9),
    (0xd00, 0xd01, 13),
    (0xd02, 0xd3a, 9),
    (0xd3b, 0xd3c, 13),
    (0xd3d, 0xd40, 9),
    (0xd41, 0xd44, 13),
    (0xd45, 0xd4c, 9),
    (0xd4d, 0xd4d, 13),
    (0xd4e, 0xd61, 9),
    (0xd62, 0xd63, 13),
    (0xd64, 0xd80, 9),
    (0xd81, 0xd81, 13),
    (0xd82, 0xdc9, 9),
    (0xdca, 0xdca, 13),
    (0xdcb, 0xdd1, 9),
    (0xdd2, 0xdd4, 13),
    (0xdd5, 0xdd5, 9),
    (0xdd6, 0xdd6, 13),
    (0xdd7, 0xe30, 9),
    (0xe31, 0xe31, 13),
    (0xe32, 0xe33, 9),
    (0xe34, 0xe3a, 13),
    (0xe3b, 0xe3e, 9),
    (0xe3f, 0xe3f, 7),
    (0xe40, 0xe46, 9),
    (0xe47, 0xe4e, 13),
    (0xe4f, 0xeb0, 9),
    (0xeb1, 0xeb1, 13),
    (0xeb2, 0xeb3, 9),
    (0xeb4, 0xebc, 13),
    (0xebd, 0xec7, 9),
    (0xec8, 0xece, 13),
    (0xecf, 0xf17, 9),
    (0xf18, 0xf19, 13),
    (0xf1a, 0xf34, 9),
    (0xf35, 0xf35, 13),
    (0xf36, 0xf36, 9),
    (0xf37, 0xf37, 13),
    (0xf38, 0xf38, 9),
    (0xf39, 0xf39, 13),
    (0xf3a, 0xf3d, 14),
    (0xf3e, 0xf70, 9),
    (0xf71, 0xf7e, 13),
    (0xf7f, 0xf7f, 9),
    (0xf80, 0xf84, 13),
    (0xf85, 0xf85, 9),
    (0xf86, 0xf87, 13),
    (0xf88, 0xf8c, 9),
    (0xf8d, 0xf97, 13),
    (0xf98, 0xf98, 9),
    (0xf99, 0xfbc, 13),
    (0xfbd, 0xfc5, 9),
    (0xfc6, 0xfc6, 13),
    (0xfc7, 0x102c, 9),
    (0x102d, 0x1030, 13),
    (0x1031, 0x1031, 9),
    (0x1032, 0x1037, 13),
    (0x1038, 0x1038, 9),
    (0x1039, 0x103a, 13),
    (0x103b, 0x103c, 9),
    (0x103d, 0x103e, 13),
    (0x103f, 0x1057, 9),
    (0x1058, 0x1059, 13),
    (0x105a, 0x105d, 9),
    (0x105e, 0x1060, 13),
    (0x1061, 0x1070, 9),
    (0x1071, 0x1074, 13),
    (0x1075, 0x1081, 9),
    (0x1082, 0x1082, 13),
    (0x1083, 0x1084, 9),
    (0x1085, 0x1086, 13),
    (0x1087, 0x108c, 9),
    (0x108d, 0x108d, 13),
    (0x108e, 0x109c, 9),
    (0x109d, 0x109d, 13),
    (0x109e, 0x135c, 9),
    (0x135d, 0x135f, 13),
    (0x1360, 0x138f, 9),
    (0x1390, 0x1399, 14),
    (0x139a, 0x13ff, 9),
    (0x1400, 0x1400, 14),
    (0x1401, 0x167f, 9),
    (0x1680, 0x1680, 22),
    (0x1681, 0x169a, 9),
    (0x169b, 0x169c, 14),
    (0x169d, 0x1711, 9),
    (0x1712, 0x1714, 13),
    (0x1715, 0x1731, 9),
    (0x1732, 0x1733, 13),
    (0x1734, 0x1751, 9),
    (0x1752, 0x1753, 13),
    (0x1754, 0x1771, 9),
    (0x1772, 0x1773, 13),
    (0x1774, 0x17b3, 9),
    (0x17b4, 0x17b5, 13),
    (0x17b6, 0x17b6, 9),
    (0x17b7, 0x17bd, 13),
    (0x17be, 0x17c5, 9),
    (0x17c6, 0x17c6, 13),
    (0x17c7, 0x17c8, 9),
    (0x17c9, 0x17d3, 13),
    (0x17d4, 0x17da, 9),
    (0x17db, 0x17db, 7),
    (0x17dc, 0x17dc, 9),
    (0x17dd, 0x17dd, 13),
    (0x17de, 0x17ef, 9),
    (0x17f0, 0x17f9, 14),
    (0x17fa, 0x17ff, 9),
    (0x1800, 0x180a, 14),
    (0x180b, 0x180d, 13),
    (0x180e, 0x180e, 3),
    (0x180f, 0x180f, 13),
    (0x1810, 0x1884, 9),
    (0x1885, 0x1886, 13),
    (0x1887, 0x18a8, 9),
    (0x18a9, 0x18a9, 13),
    (0x18aa, 0x191f, 9),
    (0x1920, 0x1922, 13),
    (0x1923, 0x1926, 9),
    (0x1927, 0x1928, 13),
    (0x1929, 0x1931, 9),
    (0x1932, 0x1932, 13),
    (0x1933, 0x1938, 9),
    (0x1939, 0x193b, 13),
    (0x193c, 0x193f, 9),
    (0x1940, 0x1940, 14),
    (0x1941, 0x1943, 9),
    (0x1944, 0x1945, 14),
    (0x1946, 0x19dd, 9),
    (0x19de, 0x19ff, 14),
    (0x1a00, 0x1a16, 9),
    (0x1a17, 0x1a18, 13),
    (0x1a19, 0x1a1a, 9),
    (0x1a1b, 0x1a1b, 13),
    (0x1a1c, 0x1a55, 9),
    (0x1a56, 0x1a56, 13),
    (0x1a57, 0x1a57, 9),
    (0x1a58, 0x1a5e, 13),
    (0x1a5f, 0x1a5f, 9),
    (0x1a60, 0x1a60, 13),
    (0x1a61, 0x1a61, 9),
    (0x1a62, 0x1a62, 13),
    (0x1a63, 0x1a64, 9),
    (0x1a65, 0x1a6c, 13),
    (0x1a6d, 0x1a72, 9),
    (0x1a73, 0x1a7c, 13),
    (0x1a7d, 0x1a7e, 9),
    (0x1a7f, 0x1a7f, 13),
    (0x1a80, 0x1aaf, 9),
    (0x1ab0, 0x1add, 13),
    (0x1ade, 0x1adf, 9),
    (0x1ae0, 0x1aeb, 13),
    (0x1aec, 0x1aff, 9),
    (0x1b00, 0x1b03, 13),
    (0x1b04, 0x1b33, 9),
    (0x1b34, 0x1b34, 13),
    (0x1b35, 0x1b35, 9),
    (0x1b36, 0x1b3a, 13),
    (0x1b3b, 0x1b3b, 9),
    (0x1b3c, 0x1b3c, 13),
    (0x1b3d, 0x1b41, 9),
    (0x1b42, 0x1b42, 13),
    (0x1b43, 0x1b6a, 9),
    (0x1b6b, 0x1b73, 13),
    (0x1b74, 0x1b7f, 9),
    (0x1b80, 0x1b81, 13),
    (0x1b82, 0x1ba1, 9),
    (0x1ba2, 0x1ba5, 13),
    (0x1ba6, 0x1ba7, 9),
    (0x1ba8, 0x1ba9, 13),
    (0x1baa, 0x1baa, 9),
    (0x1bab, 0x1bad, 13),
    (0x1bae, 0x1be5, 9),
    (0x1be6, 0x1be6, 13),
    (0x1be7, 0x1be7, 9),
    (0x1be8, 0x1be9, 13),
    (0x1bea, 0x1bec, 9),
    (0x1bed, 0x1bed, 13),
    (0x1bee, 0x1bee, 9),
    (0x1bef, 0x1bf1, 13),
    (0x1bf2, 0x1c2b, 9),
    (0x1c2c, 0x1c33, 13),
    (0x1c34, 0x1c35, 9),
    (0x1c36, 0x1c37, 13),
    (0x1c38, 0x1ccf, 9),
    (0x1cd0, 0x1cd2, 13),
    (0x1cd3, 0x1cd3, 9),
    (0x1cd4, 0x1ce0, 13),
    (0x1ce1, 0x1ce1, 9),
    (0x1ce2, 0x1ce8, 13),
    (0x1ce9, 0x1cec, 9),
    (0x1ced, 0x1ced, 13),
    (0x1cee, 0x1cf3, 9),
    (0x1cf4, 0x1cf4, 13),
    (0x1cf5, 0x1cf7, 9),
    (0x1cf8, 0x1cf9, 13),
    (0x1cfa, 0x1dbf, 9),
    (0x1dc0, 0x1dff, 13),
    (0x1e00, 0x1fbc, 9),
    (0x1fbd, 0x1fbd, 14),
    (0x1fbe, 0x1fbe, 9),
    (0x1fbf, 0x1fc1, 14),
    (0x1fc2, 0x1fcc, 9),
    (0x1fcd, 0x1fcf, 14),
    (0x1fd0, 0x1fdc, 9),
    (0x1fdd, 0x1fdf, 14),
    (0x1fe0, 0x1fec, 9),
    (0x1fed, 0x1fef, 14),
    (0x1ff0, 0x1ffc, 9),
    (0x1ffd, 0x1ffe, 14),
    (0x1fff, 0x1fff, 9),
    (0x2000, 0x200a, 22),
    (0x200b, 0x200d, 3),
    (0x200e, 0x200e, 9),
    (0x200f, 0x200f, 17),
    (0x2010, 0x2027, 14),
    (0x2028, 0x2028, 22),
    (0x2029, 0x2029, 2),
    (0x202a, 0x202a, 10),
    (0x202b, 0x202b, 18),
    (0x202c, 0x202c, 15),
    (0x202d, 0x202d, 12),
    (0x202e, 0x202e, 20),
    (0x202f, 0x202f, 4),
    (0x2030, 0x2034, 7),
    (0x2035, 0x2043, 14),
    (0x2044, 0x2044, 4),
    (0x2045, 0x205e, 14),
    (0x205f, 0x205f, 22),
    (0x2060, 0x2065, 3),
    (0x2066, 0x2066, 11),
    (0x2067, 0x2067, 19),
    (0x2068, 0x2068, 8),
    (0x2069, 0x2069, 16),
    (0x206a, 0x206f, 3),
    (0x2070, 0x2070, 5),
    (0x2071, 0x2073, 9),
    (0x2074, 0x2079, 5),
    (0x207a, 0x207b, 6),
    (0x207c, 0x207e, 14),
    (0x207f, 0x207f, 9),
    (0x2080, 0x2089, 5),
    (0x208a, 0x208b, 6),
    (0x208c, 0x208e, 14),
    (0x208f, 0x209f, 9),
    (0x20a0, 0x20cf, 7),
    (0x20d0, 0x20f0, 13),
    (0x20f1, 0x20ff, 9),
    (0x2100, 0x2101, 14),
    (0x2102, 0x2102, 9),
    (0x2103, 0x2106, 14),
    (0x2107, 0x2107, 9),
    (0x2108, 0x2109, 14),
    (0x210a, 0x2113, 9),
    (0x2114, 0x2114, 14),
    (0x2115, 0x2115, 9),
    (0x2116, 0x2118, 14),
    (0x2119, 0x211d, 9),
    (0x211e, 0x2123, 14),
    (0x2124, 0x2124, 9),
    (0x2125, 0x2125, 14),
    (0x2126, 0x2126, 9),
    (0x2127, 0x2127, 14),
    (0x2128, 0x2128, 9),
    (0x2129, 0x2129, 14),
    (0x212a, 0x212d, 9),
    (0x212e, 0x212e, 7),
    (0x212f, 0x2139, 9),
    (0x213a, 0x213b, 14),
    (0x213c, 0x213f, 9),
    (0x2140, 0x2144, 14),
    (0x2145, 0x2149, 9),
    (0x214a, 0x214d, 14),
    (0x214e, 0x214f, 9),
    (0x2150, 0x215f, 14),
    (0x2160, 0x2188, 9),
    (0x2189, 0x218b, 14),
    (0x218c, 0x218f, 9),
    (0x2190, 0x2211, 14),
    (0x2212, 0x2212, 6),
    (0x2213, 0x2213, 7),
    (0x2214, 0x2335, 14),
    (0x2336, 0x237a, 9),
    (0x237b, 0x2394, 14),
    (0x2395, 0x2395, 9),
    (0x2396, 0x2429, 14),
    (0x242a, 0x243f, 9),
    (0x2440, 0x244a, 14),
    (0x244b, 0x245f, 9),
    (0x2460, 0x2487, 14),
    (0x2488, 0x249b, 5),
    (0x249c, 0x24e9, 9),
    (0x24ea, 0x26ab, 14),
    (0x26ac, 0x26ac, 9),
    (0x26ad, 0x27ff, 14),
    (0x2800, 0x28ff, 9),
    (0x2900, 0x2b73, 14),
    (0x2b74, 0x2b75, 9),
    (0x2b76, 0x2bff, 14),
    (0x2c00, 0x2ce4, 9),
    (0x2ce5, 0x2cea, 14),
    (0x2ceb, 0x2cee, 9),
    (0x2cef, 0x2cf1, 13),
    (0x2cf2, 0x2cf8, 9),
    (0x2cf9, 0x2cff, 14),
    (0x2d00, 0x2d7e, 9),
    (0x2d7f, 0x2d7f, 13),
    (0x2d80, 0x2ddf, 9),
    (0x2de0, 0x2dff, 13),
    (0x2e00, 0x2e5d, 14),
    (0x2e5e, 0x2e7f, 9),
    (0x2e80, 0x2e99, 14),
    (0x2e9a, 0x2e9a, 9),
    (0x2e9b, 0x2ef3, 14),
    (0x2ef4, 0x2eff, 9),
    (0x2f00, 0x2fd5, 14),
    (0x2fd6, 0x2fef, 9),
    (0x2ff0, 0x2fff, 14),
    (0x3000, 0x3000, 22),
    (0x3001, 0x3004, 14),
    (0x3005, 0x3007, 9),
    (0x3008, 0x3020, 14),
    (0x3021, 0x3029, 9),
    (0x302a, 0x302d, 13),
    (0x302e, 0x302f, 9),
    (0x3030, 0x3030, 14),
    (0x3031, 0x3035, 9),
    (0x3036, 0x3037, 14),
    (0x3038, 0x303c, 9),
    (0x303d, 0x303f, 14),
    (0x3040, 0x3098, 9),
    (0x3099, 0x309a, 13),
    (0x309b, 0x309c, 14),
    (0x309d, 0x309f, 9),
    (0x30a0, 0x30a0, 14),
    (0x30a1, 0x30fa, 9),
    (0x30fb, 0x30fb, 14),
    (0x30fc, 0x31bf, 9),
    (0x31c0, 0x31e5, 14),
    (0x31e6, 0x31ee, 9),
    (0x31ef, 0x31ef, 14),
    (0x31f0, 0x321c, 9),
    (0x321d, 0x321e, 14),
    (0x321f, 0x324f, 9),
    (0x3250, 0x325f, 14),
    (0x3260, 0x327b, 9),
    (0x327c, 0x327e, 14),
    (0x327f, 0x32b0, 9),
    (0x32b1, 0x32bf, 14),
    (0x32c0, 0x32cb, 9),
    (0x32cc, 0x32cf, 14),
    (0x32d0, 0x3376, 9),
    (0x3377, 0x337a, 14),
    (0x337b, 0x33dd, 9),
    (0x33de, 0x33df, 14),
    (0x33e0, 0x33fe, 9),
    (0x33ff, 0x33ff, 14),
    (0x3400, 0x4dbf, 9),
    (0x4dc0, 0x4dff, 14),
    (0x4e00, 0xa48f, 9),
    (0xa490, 0xa4c6, 14),
    (0xa4c7, 0xa60c, 9),
    (0xa60d, 0xa60f, 14),
    (0xa610, 0xa66e, 9),
    (0xa66f, 0xa672, 13),
    (0xa673, 0xa673, 14),
    (0xa674, 0xa67d, 13),
    (0xa67e, 0xa67f, 14),
    (0xa680, 0xa69d, 9),
    (0xa69e, 0xa69f, 13),
    (0xa6a0, 0xa6ef, 9),
    (0xa6f0, 0xa6f1, 13),
    (0xa6f2, 0xa6ff, 9),
    (0xa700, 0xa721, 14),
    (0xa722, 0xa787, 9),
    (0xa788, 0xa788, 14),
    (0xa789, 0xa801, 9),
    (0xa802, 0xa802, 13),
    (0xa803, 0xa805, 9),
    (0xa806, 0xa806, 13),
    (0xa807, 0xa80a, 9),
    (0xa80b, 0xa80b, 13),
    (0xa80c, 0xa824, 9),
    (0xa825, 0xa826, 13),
    (0xa827, 0xa827, 9),
    (0xa828, 0xa82b, 14),
    (0xa82c, 0xa82c, 13),
    (0xa82d, 0xa837, 9),
    (0xa838, 0xa839, 7),
    (0xa83a, 0xa873, 9),
    (0xa874, 0xa877, 14),
    (0xa878, 0xa8c3, 9),
    (0xa8c4, 0xa8c5, 13),
    (0xa8c6, 0xa8df, 9),
    (0xa8e0, 0xa8f1, 13),
    (0xa8f2, 0xa8fe, 9),
    (0xa8ff, 0xa8ff, 13),
    (0xa900, 0xa925, 9),
    (0xa926, 0xa92d, 13),
    (0xa92e, 0xa946, 9),
    (0xa947, 0xa951, 13),
    (0xa952, 0xa97f, 9),
    (0xa980, 0xa982, 13),
    (0xa983, 0xa9b2, 9),
    (0xa9b3, 0xa9b3, 13),
    (0xa9b4, 0xa9b5, 9),
    (0xa9b6, 0xa9b9, 13),
    (0xa9ba, 0xa9bb, 9),
    (0xa9bc, 0xa9bd, 13),
    (0xa9be, 0xa9e4, 9),
    (0xa9e5, 0xa9e5, 13),
    (0xa9e6, 0xaa28, 9),
    (0xaa29, 0xaa2e, 13),
    (0xaa2f, 0xaa30, 9),
    (0xaa31, 0xaa32, 13),
    (0xaa33, 0xaa34, 9),
    (0xaa35, 0xaa36, 13),
    (0xaa37, 0xaa42, 9),
    (0xaa43, 0xaa43, 13),
    (0xaa44, 0xaa4b, 9),
    (0xaa4c, 0xaa4c, 13),
    (0xaa4d, 0xaa7b, 9),
    (0xaa7c, 0xaa7c, 13),
    (0xaa7d, 0xaaaf, 9),
    (0xaab0, 0xaab0, 13),
    (0xaab1, 0xaab1, 9),
    (0xaab2, 0xaab4, 13),
    (0xaab5, 0xaab6, 9),
    (0xaab7, 0xaab8, 13),
    (0xaab9, 0xaabd, 9),
    (0xaabe, 0xaabf, 13),
    (0xaac0, 0xaac0, 9),
    (0xaac1, 0xaac1, 13),
    (0xaac2, 0xaaeb, 9),
    (0xaaec, 0xaaed, 13),
    (0xaaee, 0xaaf5, 9),
    (0xaaf6, 0xaaf6, 13),
    (0xaaf7, 0xab69, 9),
    (0xab6a, 0xab6b, 14),
    (0xab6c, 0xabe4, 9),
    (0xabe5, 0xabe5, 13),
    (0xabe6, 0xabe7, 9),
    (0xabe8, 0xabe8, 13),
    (0xabe9, 0xabec, 9),
    (0xabed, 0xabed, 13),
    (0xabee, 0xfb1c, 9),
    (0xfb1d, 0xfb1d, 17),
    (0xfb1e, 0xfb1e, 13),
    (0xfb1f, 0xfb28, 17),
    (0xfb29, 0xfb29, 6),
    (0xfb2a, 0xfb4f, 17),
    (0xfb50, 0xfbc2, 0),
    (0xfbc3, 0xfbd2, 14),
    (0xfbd3, 0xfd3d, 0),
    (0xfd3e, 0xfd4f, 14),
    (0xfd50, 0xfd8f, 0),
    (0xfd90, 0xfd91, 14),
    (0xfd92, 0xfdc7, 0),
    (0xfdc8, 0xfdcf, 14),
    (0xfdd0, 0xfdef, 3),
    (0xfdf0, 0xfdfc, 0),
    (0xfdfd, 0xfdff, 14),
    (0xfe00, 0xfe0f, 13),
    (0xfe10, 0xfe19, 14),
    (0xfe1a, 0xfe1f, 9),
    (0xfe20, 0xfe2f, 13),
    (0xfe30, 0xfe4f, 14),
    (0xfe50, 0xfe50, 4),
    (0xfe51, 0xfe51, 14),
    (0xfe52, 0xfe52, 4),
    (0xfe53, 0xfe53, 9),
    (0xfe54, 0xfe54, 14),
    (0xfe55, 0xfe55, 4),
    (0xfe56, 0xfe5e, 14),
    (0xfe5f, 0xfe5f, 7),
    (0xfe60, 0xfe61, 14),
    (0xfe62, 0xfe63, 6),
    (0xfe64, 0xfe66, 14),
    (0xfe67, 0xfe67, 9),
    (0xfe68, 0xfe68, 14),
    (0xfe69, 0xfe6a, 7),
    (0xfe6b, 0xfe6b, 14),
    (0xfe6c, 0xfe6f, 9),
    (0xfe70, 0xfefe, 0),
    (0xfeff, 0xfeff, 3),
    (0xff00, 0xff00, 9),
    (0xff01, 0xff02, 14),
    (0xff03, 0xff05, 7),
    (0xff06, 0xff0a, 14),
    (0xff0b, 0xff0b, 6),
    (0xff0c, 0xff0c, 4),
    (0xff0d, 0xff0d, 6),
    (0xff0e, 0xff0f, 4),
    (0xff10, 0xff19, 5),
    (0xff1a, 0xff1a, 4),
    (0xff1b, 0xff20, 14),
    (0xff21, 0xff3a, 9),
    (0xff3b, 0xff40, 14),
    (0xff41, 0xff5a, 9),
    (0xff5b, 0xff65, 14),
    (0xff66, 0xffdf, 9),
    (0xffe0, 0xffe1, 7),
    (0xffe2, 0xffe4, 14),
    (0xffe5, 0xffe6, 7),
    (0xffe7, 0xffe7, 9),
    (0xffe8, 0xffee, 14),
    (0xffef, 0xffef, 9),
    (0xfff0, 0xfff8, 3),
    (0xfff9, 0xfffd, 14),
    (0xfffe, 0xffff, 3),
    (0x10000, 0x10100, 9),
    (0x10101, 0x10101, 14),
    (0x10102, 0x1013f, 9),
    (0x10140, 0x1018c, 14),
    (0x1018d, 0x1018f, 9),
    (0x10190, 0x1019c, 14),
    (0x1019d, 0x1019f, 9),
    (0x101a0, 0x101a0, 14),
    (0x101a1, 0x101fc, 9),
    (0x101fd, 0x101fd, 13),
    (0x101fe, 0x102df, 9),
    (0x102e0, 0x102e0, 13),
    (0x102e1, 0x102fb, 5),
    (0x102fc, 0x10375, 9),
    (0x10376, 0x1037a, 13),
    (0x1037b, 0x107ff, 9),
    (0x10800, 0x1091e, 17),
    (0x1091f, 0x1091f, 14),
    (0x10920, 0x10a00, 17),
    (0x10a01, 0x10a03, 13),
    (0x10a04, 0x10a04, 17),
    (0x10a05, 0x10a06, 13),
    (0x10a07, 0x10a0b, 17),
    (0x10a0c, 0x10a0f, 13),
    (0x10a10, 0x10a37, 17),
    (0x10a38, 0x10a3a, 13),
    (0x10a3b, 0x10a3e, 17),
    (0x10a3f, 0x10a3f, 13),
    (0x10a40, 0x10ae4, 17),
    (0x10ae5, 0x10ae6, 13),
    (0x10ae7, 0x10b38, 17),
    (0x10b39, 0x10b3f, 14),
    (0x10b40, 0x10cff, 17),
    (0x10d00, 0x10d23, 0),
    (0x10d24, 0x10d27, 13),
    (0x10d28, 0x10d2f, 0),
    (0x10d30, 0x10d39, 1),
    (0x10d3a, 0x10d3f, 0),
    (0x10d40, 0x10d49, 1),
    (0x10d4a, 0x10d68, 17),
    (0x10d69, 0x10d6d, 13),
    (0x10d6e, 0x10d6e, 14),
    (0x10d6f, 0x10e5f, 17),
    (0x10e60, 0x10e7e, 1),
    (0x10e7f, 0x10eaa, 17),
    (0x10eab, 0x10eac, 13),
    (0x10ead, 0x10ebf, 17),
    (0x10ec0, 0x10ecf, 0),
    (0x10ed0, 0x10ed8, 14),
    (0x10ed9, 0x10ef9, 0),
    (0x10efa, 0x10eff, 13),
    (0x10f00, 0x10f2f, 17),
    (0x10f30, 0x10f45, 0),
    (0x10f46, 0x10f50, 13),
    (0x10f51, 0x10f6f, 0),
    (0x10f70, 0x10f81, 17),
    (0x10f82, 0x10f85, 13),
    (0x10f86, 0x10fff, 17),
    (0x11000, 0x11000, 9),
    (0x11001, 0x11001, 13),
    (0x11002, 0x11037, 9),
    (0x11038, 0x11046, 13),
    (0x11047, 0x11051, 9),
    (0x11052, 0x11065, 14),
    (0x11066, 0x1106f, 9),
    (0x11070, 0x11070, 13),
    (0x11071, 0x11072, 9),
    (0x11073, 0x11074, 13),
    (0x11075, 0x1107e, 9),
    (0x1107f, 0x11081, 13),
    (0x11082, 0x110b2, 9),
    (0x110b3, 0x110b6, 13),
    (0x110b7, 0x110b8, 9),
    (0x110b9, 0x110ba, 13),
    (0x110bb, 0x110c1, 9),
    (0x110c2, 0x110c2, 13),
    (0x110c3, 0x110ff, 9),
    (0x11100, 0x11102, 13),
    (0x11103, 0x11126, 9),
    (0x11127, 0x1112b, 13),
    (0x1112c, 0x1112c, 9),
    (0x1112d, 0x11134, 13),
    (0x11135, 0x11172, 9),
    (0x11173, 0x11173, 13),
    (0x11174, 0x1117f, 9),
    (0x11180, 0x11181, 13),
    (0x11182, 0x111b5, 9),
    (0x111b6, 0x111be, 13),
    (0x111bf, 0x111c8, 9),
    (0x111c9, 0x111cc, 13),
    (0x111cd, 0x111ce, 9),
    (0x111cf, 0x111cf, 13),
    (0x111d0, 0x1122e, 9),
    (0x1122f, 0x11231, 13),
    (0x11232, 0x11233, 9),
    (0x11234, 0x11234, 13),
    (0x11235, 0x11235, 9),
    (0x11236, 0x11237, 13),
    (0x11238, 0x1123d, 9),
    (0x1123e, 0x1123e, 13),
    (0x1123f, 0x11240, 9),
    (0x11241, 0x11241, 13),
    (0x11242, 0x112de, 9),
    (0x112df, 0x112df, 13),
    (0x112e0, 0x112e2, 9),
    (0x112e3, 0x112ea, 13),
    (0x112eb, 0x112ff, 9),
    (0x11300, 0x11301, 13),
    (0x11302, 0x1133a, 9),
    (0x1133b, 0x1133c, 13),
    (0x1133d, 0x1133f, 9),
    (0x11340, 0x11340, 13),
    (0x11341, 0x11365, 9),
    (0x11366, 0x1136c, 13),
    (0x1136d, 0x1136f, 9),
    (0x11370, 0x11374, 13),
    (0x11375, 0x113ba, 9),
    (0x113bb, 0x113c0, 13),
    (0x113c1, 0x113cd, 9),
    (0x113ce, 0x113ce, 13),
    (0x113cf, 0x113cf, 9),
    (0x113d0, 0x113d0, 13),
    (0x113d1, 0x113d1, 9),
    (0x113d2, 0x113d2, 13),
    (0x113d3, 0x113e0, 9),
    (0x113e1, 0x113e2, 13),
    (0x113e3, 0x11437, 9),
    (0x11438, 0x1143f, 13),
    (0x11440, 0x11441, 9),
    (0x11442, 0x11444, 13),
    (0x11445, 0x11445, 9),
    (0x11446, 0x11446, 13),
    (0x11447, 0x1145d, 9),
    (0x1145e, 0x1145e, 13),
    (0x1145f, 0x114b2, 9),
    (0x114b3, 0x114b8, 13),
    (0x114b9, 0x114b9, 9),
    (0x114ba, 0x114ba, 13),
    (0x114bb, 0x114be, 9),
    (0x114bf, 0x114c0, 13),
    (0x114c1, 0x114c1, 9),
    (0x114c2, 0x114c3, 13),
    (0x114c4, 0x115b1, 9),
    (0x115b2, 0x115b5, 13),
    (0x115b6, 0x115bb, 9),
    (0x115bc, 0x115bd, 13),
    (0x115be, 0x115be, 9),
    (0x115bf, 0x115c0, 13),
    (0x115c1, 0x115db, 9),
    (0x115dc, 0x115dd, 13),
    (0x115de, 0x11632, 9),
    (0x11633, 0x1163a, 13),
    (0x1163b, 0x1163c, 9),
    (0x1163d, 0x1163d, 13),
    (0x1163e, 0x1163e, 9),
    (0x1163f, 0x11640, 13),
    (0x11641, 0x1165f, 9),
    (0x11660, 0x1166c, 14),
    (0x1166d, 0x116aa, 9),
    (0x116ab, 0x116ab, 13),
    (0x116ac, 0x116ac, 9),
    (0x116ad, 0x116ad, 13),
    (0x116ae, 0x116af, 9),
    (0x116b0, 0x116b5, 13),
    (0x116b6, 0x116b6, 9),
    (0x116b7, 0x116b7, 13),
    (0x116b8, 0x1171c, 9),
    (0x1171d, 0x1171d, 13),
    (0x1171e, 0x1171e, 9),
    (0x1171f, 0x1171f, 13),
    (0x11720, 0x11721, 9),
    (0x11722, 0x11725, 13),
    (0x11726, 0x11726, 9),
    (0x11727, 0x1172b, 13),
    (0x1172c, 0x1182e, 9),
    (0x1182f, 0x11837, 13),
    (0x11838, 0x11838, 9),
    (0x11839, 0x1183a, 13),
    (0x1183b, 0x1193a, 9),
    (0x1193b, 0x1193c, 13),
    (0x1193d, 0x1193d, 9),
    (0x1193e, 0x1193e, 13),
    (0x1193f, 0x11942, 9),
    (0x11943, 0x11943, 13),
    (0x11944, 0x119d3, 9),
    (0x119d4, 0x119d7, 13),
    (0x119d8, 0x119d9, 9),
    (0x119da, 0x119db, 13),
    (0x119dc, 0x119df, 9),
    (0x119e0, 0x119e0, 13),
    (0x119e1, 0x11a00, 9),
    (0x11a01, 0x11a06, 13),
    (0x11a07, 0x11a08, 9),
    (0x11a09, 0x11a0a, 13),
    (0x11a0b, 0x11a32, 9),
    (0x11a33, 0x11a38, 13),
    (0x11a39, 0x11a3a, 9),
    (0x11a3b, 0x11a3e, 13),
    (0x11a3f, 0x11a46, 9),
    (0x11a47, 0x11a47, 13),
    (0x11a48, 0x11a50, 9),
    (0x11a51, 0x11a56, 13),
    (0x11a57, 0x11a58, 9),
    (0x11a59, 0x11a5b, 13),
    (0x11a5c, 0x11a89, 9),
    (0x11a8a, 0x11a96, 13),
    (0x11a97, 0x11a97, 9),
    (0x11a98, 0x11a99, 13),
    (0x11a9a, 0x11b5f, 9),
    (0x11b60, 0x11b60, 13),
    (0x11b61, 0x11b61, 9),
    (0x11b62, 0x11b64, 13),
    (0x11b65, 0x11b65, 9),
    (0x11b66, 0x11b66, 13),
    (0x11b67, 0x11c2f, 9),
    (0x11c30, 0x11c36, 13),
    (0x11c37, 0x11c37, 9),
    (0x11c38, 0x11c3d, 13),
    (0x11c3e, 0x11c91, 9),
    (0x11c92, 0x11ca7, 13),
    (0x11ca8, 0x11ca9, 9),
    (0x11caa, 0x11cb0, 13),
    (0x11cb1, 0x11cb1, 9),
    (0x11cb2, 0x11cb3, 13),
    (0x11cb4, 0x11cb4, 9),
    (0x11cb5, 0x11cb6, 13),
    (0x11cb7, 0x11d30, 9),
    (0x11d31, 0x11d36, 13),
    (0x11d37, 0x11d39, 9),
    (0x11d3a, 0x11d3a, 13),
    (0x11d3b, 0x11d3b, 9),
    (0x11d3c, 0x11d3d, 13),
    (0x11d3e, 0x11d3e, 9),
    (0x11d3f, 0x11d45, 13),
    (0x11d46, 0x11d46, 9),
    (0x11d47, 0x11d47, 13),
    (0x11d48, 0x11d8f, 9),
    (0x11d90, 0x11d91, 13),
    (0x11d92, 0x11d94, 9),
    (0x11d95, 0x11d95, 13),
    (0x11d96, 0x11d96, 9),
    (0x11d97, 0x11d97, 13),
    (0x11d98, 0x11ef2, 9),
    (0x11ef3, 0x11ef4, 13),
    (0x11ef5, 0x11eff, 9),
    (0x11f00, 0x11f01, 13),
    (0x11f02, 0x11f35, 9),
    (0x11f36, 0x11f3a, 13),
    (0x11f3b, 0x11f3f, 9),
    (0x11f40, 0x11f40, 13),
    (0x11f41, 0x11f41, 9),
    (0x11f42, 0x11f42, 13),
    (0x11f43, 0x11f59, 9),
    (0x11f5a, 0x11f5a, 13),
    (0x11f5b, 0x11fd4, 9),
    (0x11fd5, 0x11fdc, 14),
    (0x11fdd, 0x11fe0, 7),
    (0x11fe1, 0x11ff1, 14),
    (0x11ff2, 0x1343f, 9),
    (0x13440, 0x13440, 13),
    (0x13441, 0x13446, 9),
    (0x13447, 0x13455, 13),
    (0x13456, 0x1611d, 9),
    (0x1611e, 0x16129, 13),
    (0x1612a, 0x1612c, 9),
    (0x1612d, 0x1612f, 13),
    (0x16130, 0x16aef, 9),
    (0x16af0, 0x16af4, 13),
    (0x16af5, 0x16b2f, 9),
    (0x16b30, 0x16b36, 13),
    (0x16b37, 0x16f4e, 9),
    (0x16f4f, 0x16f4f, 13),
    (0x16f50, 0x16f8e, 9),
    (0x16f8f, 0x16f92, 13),
    (0x16f93, 0x16fe1, 9),
    (0x16fe2, 0x16fe2, 14),
    (0x16fe3, 0x16fe3, 9),
    (0x16fe4, 0x16fe4, 13),
    (0x16fe5, 0x1bc9c, 9),
    (0x1bc9d, 0x1bc9e, 13),
    (0x1bc9f, 0x1bc9f, 9),
    (0x1bca0, 0x1bca3, 3),
    (0x1bca4, 0x1cbff, 9),
    (0x1cc00, 0x1ccd5, 14),
    (0x1ccd6, 0x1ccef, 9),
    (0x1ccf0, 0x1ccf9, 5),
    (0x1ccfa, 0x1ccfc, 14),
    (0x1ccfd, 0x1ccff, 9),
    (0x1cd00, 0x1ceb3, 14),
    (0x1ceb4, 0x1ceb9, 9),
    (0x1ceba, 0x1ced0, 14),
    (0x1ced1, 0x1cedf, 9),
    (0x1cee0, 0x1cef0, 14),
    (0x1cef1, 0x1ceff, 9),
    (0x1cf00, 0x1cf2d, 13),
    (0x1cf2e, 0x1cf2f, 9),
    (0x1cf30, 0x1cf46, 13),
    (0x1cf47, 0x1d166, 9),
    (0x1d167, 0x1d169, 13),
    (0x1d16a, 0x1d172, 9),
    (0x1d173, 0x1d17a, 3),
    (0x1d17b, 0x1d182, 13),
    (0x1d183, 0x1d184, 9),
    (0x1d185, 0x1d18b, 13),
    (0x1d18c, 0x1d1a9, 9),
    (0x1d1aa, 0x1d1ad, 13),
    (0x1d1ae, 0x1d1e8, 9),
    (0x1d1e9, 0x1d1ea, 14),
    (0x1d1eb, 0x1d1ff, 9),
    (0x1d200, 0x1d241, 14),
    (0x1d242, 0x1d244, 13),
    (0x1d245, 0x1d245, 14),
    (0x1d246, 0x1d2ff, 9),
    (0x1d300, 0x1d356, 14),
    (0x1d357, 0x1d6c0, 9),
    (0x1d6c1, 0x1d6c1, 14),
    (0x1d6c2, 0x1d6da, 9),
    (0x1d6db, 0x1d6db, 14),
    (0x1d6dc, 0x1d6fa, 9),
    (0x1d6fb, 0x1d6fb, 14),
    (0x1d6fc, 0x1d714, 9),
    (0x1d715, 0x1d715, 14),
    (0x1d716, 0x1d734, 9),
    (0x1d735, 0x1d735, 14),
    (0x1d736, 0x1d74e, 9),
    (0x1d74f, 0x1d74f, 14),
    (0x1d750, 0x1d76e, 9),
    (0x1d76f, 0x1d76f, 14),
    (0x1d770, 0x1d788, 9),
    (0x1d789, 0x1d789, 14),
    (0x1d78a, 0x1d7a8, 9),
    (0x1d7a9, 0x1d7a9, 14),
    (0x1d7aa, 0x1d7c2, 9),
    (0x1d7c3, 0x1d7c3, 14),
    (0x1d7c4, 0x1d7cd, 9),
    (0x1d7ce, 0x1d7ff, 5),
    (0x1d800, 0x1d9ff, 9),
    (0x1da00, 0x1da36, 13),
    (0x1da37, 0x1da3a, 9),
    (0x1da3b, 0x1da6c, 13),
    (0x1da6d, 0x1da74, 9),
    (0x1da75, 0x1da75, 13),
    (0x1da76, 0x1da83, 9),
    (0x1da84, 0x1da84, 13),
    (0x1da85, 0x1da9a, 9),
    (0x1da9b, 0x1da9f, 13),
    (0x1daa0, 0x1daa0, 9),
    (0x1daa1, 0x1daaf, 13),
    (0x1dab0, 0x1dfff, 9),
    (0x1e000, 0x1e006, 13),
    (0x1e007, 0x1e007, 9),
    (0x1e008, 0x1e018, 13),
    (0x1e019, 0x1e01a, 9),
    (0x1e01b, 0x1e021, 13),
    (0x1e022, 0x1e022, 9),
    (0x1e023, 0x1e024, 13),
    (0x1e025, 0x1e025, 9),
    (0x1e026, 0x1e02a, 13),
    (0x1e02b, 0x1e08e, 9),
    (0x1e08f, 0x1e08f, 13),
    (0x1e090, 0x1e12f, 9),
    (0x1e130, 0x1e136, 13),
    (0x1e137, 0x1e2ad, 9),
    (0x1e2ae, 0x1e2ae, 13),
    (0x1e2af, 0x1e2eb, 9),
    (0x1e2ec, 0x1e2ef, 13),
    (0x1e2f0, 0x1e2fe, 9),
    (0x1e2ff, 0x1e2ff, 7),
    (0x1e300, 0x1e4eb, 9),
    (0x1e4ec, 0x1e4ef, 13),
    (0x1e4f0, 0x1e5ed, 9),
    (0x1e5ee, 0x1e5ef, 13),
    (0x1e5f0, 0x1e6e2, 9),
    (0x1e6e3, 0x1e6e3, 13),
    (0x1e6e4, 0x1e6e5, 9),
    (0x1e6e6, 0x1e6e6, 13),
    (0x1e6e7, 0x1e6ed, 9),
    (0x1e6ee, 0x1e6ef, 13),
    (0x1e6f0, 0x1e6f4, 9),
    (0x1e6f5, 0x1e6f5, 13),
    (0x1e6f6, 0x1e7ff, 9),
    (0x1e800, 0x1e8cf, 17),
    (0x1e8d0, 0x1e8d6, 13),
    (0x1e8d7, 0x1e943, 17),
    (0x1e944, 0x1e94a, 13),
    (0x1e94b, 0x1ec6f, 17),
    (0x1ec70, 0x1ecbf, 0),
    (0x1ecc0, 0x1ecff, 17),
    (0x1ed00, 0x1ed4f, 0),
    (0x1ed50, 0x1edff, 17),
    (0x1ee00, 0x1eeef, 0),
    (0x1eef0, 0x1eef1, 14),
    (0x1eef2, 0x1eeff, 0),
    (0x1ef00, 0x1efff, 17),
    (0x1f000, 0x1f02b, 14),
    (0x1f02c, 0x1f02f, 9),
    (0x1f030, 0x1f093, 14),
    (0x1f094, 0x1f09f, 9),
    (0x1f0a0, 0x1f0ae, 14),
    (0x1f0af, 0x1f0b0, 9),
    (0x1f0b1, 0x1f0bf, 14),
    (0x1f0c0, 0x1f0c0, 9),
    (0x1f0c1, 0x1f0cf, 14),
    (0x1f0d0, 0x1f0d0, 9),
    (0x1f0d1, 0x1f0f5, 14),
    (0x1f0f6, 0x1f0ff, 9),
    (0x1f100, 0x1f10a, 5),
    (0x1f10b, 0x1f10f, 14),
    (0x1f110, 0x1f12e, 9),
    (0x1f12f, 0x1f12f, 14),
    (0x1f130, 0x1f169, 9),
    (0x1f16a, 0x1f16f, 14),
    (0x1f170, 0x1f1ac, 9),
    (0x1f1ad, 0x1f1ad, 14),
    (0x1f1ae, 0x1f25f, 9),
    (0x1f260, 0x1f265, 14),
    (0x1f266, 0x1f2ff, 9),
    (0x1f300, 0x1f6d8, 14),
    (0x1f6d9, 0x1f6db, 9),
    (0x1f6dc, 0x1f6ec, 14),
    (0x1f6ed, 0x1f6ef, 9),
    (0x1f6f0, 0x1f6fc, 14),
    (0x1f6fd, 0x1f6ff, 9),
    (0x1f700, 0x1f7d9, 14),
    (0x1f7da, 0x1f7df, 9),
    (0x1f7e0, 0x1f7eb, 14),
    (0x1f7ec, 0x1f7ef, 9),
    (0x1f7f0, 0x1f7f0, 14),
    (0x1f7f1, 0x1f7ff, 9),
    (0x1f800, 0x1f80b, 14),
    (0x1f80c, 0x1f80f, 9),
    (0x1f810, 0x1f847, 14),
    (0x1f848, 0x1f84f, 9),
    (0x1f850, 0x1f859, 14),
    (0x1f85a, 0x1f85f, 9),
    (0x1f860, 0x1f887, 14),
    (0x1f888, 0x1f88f, 9),
    (0x1f890, 0x1f8ad, 14),
    (0x1f8ae, 0x1f8af, 9),
    (0x1f8b0, 0x1f8bb, 14),
    (0x1f8bc, 0x1f8bf, 9),
    (0x1f8c0, 0x1f8c1, 14),
    (0x1f8c2, 0x1f8cf, 9),
    (0x1f8d0, 0x1f8d8, 14),
    (0x1f8d9, 0x1f8ff, 9),
    (0x1f900, 0x1fa57, 14),
    (0x1fa58, 0x1fa5f, 9),
    (0x1fa60, 0x1fa6d, 14),
    (0x1fa6e, 0x1fa6f, 9),
    (0x1fa70, 0x1fa7c, 14),
    (0x1fa7d, 0x1fa7f, 9),
    (0x1fa80, 0x1fa8a, 14),
    (0x1fa8b, 0x1fa8d, 9),
    (0x1fa8e, 0x1fac6, 14),
    (0x1fac7, 0x1fac7, 9),
    (0x1fac8, 0x1fac8, 14),
    (0x1fac9, 0x1facc, 9),
    (0x1facd, 0x1fadc, 14),
    (0x1fadd, 0x1fade, 9),
    (0x1fadf, 0x1faea, 14),
    (0x1faeb, 0x1faee, 9),
    (0x1faef, 0x1faf8, 14),
    (0x1faf9, 0x1faff, 9),
    (0x1fb00, 0x1fb92, 14),
    (0x1fb93, 0x1fb93, 9),
    (0x1fb94, 0x1fbef, 14),
    (0x1fbf0, 0x1fbf9, 5),
    (0x1fbfa, 0x1fbfa, 14),
    (0x1fbfb, 0x1fffd, 9),
    (0x1fffe, 0x1ffff, 3),
    (0x20000, 0x2fffd, 9),
    (0x2fffe, 0x2ffff, 3),
    (0x30000, 0x3fffd, 9),
    (0x3fffe, 0x3ffff, 3),
    (0x40000, 0x4fffd, 9),
    (0x4fffe, 0x4ffff, 3),
    (0x50000, 0x5fffd, 9),
    (0x5fffe, 0x5ffff, 3),
    (0x60000, 0x6fffd, 9),
    (0x6fffe, 0x6ffff, 3),
    (0x70000, 0x7fffd, 9),
    (0x7fffe, 0x7ffff, 3),
    (0x80000, 0x8fffd, 9),
    (0x8fffe, 0x8ffff, 3),
    (0x90000, 0x9fffd, 9),
    (0x9fffe, 0x9ffff, 3),
    (0xa0000, 0xafffd, 9),
    (0xafffe, 0xaffff, 3),
    (0xb0000, 0xbfffd, 9),
    (0xbfffe, 0xbffff, 3),
    (0xc0000, 0xcfffd, 9),
    (0xcfffe, 0xcffff, 3),
    (0xd0000, 0xdfffd, 9),
    (0xdfffe, 0xe00ff, 3),
    (0xe0100, 0xe01ef, 13),
    (0xe01f0, 0xe0fff, 3),
    (0xe1000, 0xefffd, 9),
    (0xefffe, 0xeffff, 3),
    (0xf0000, 0xffffd, 9),
    (0xffffe, 0xfffff, 3),
    (0x0010_0000, 0x0010_fffd, 9),
    (0x0010_fffe, 0x0010_ffff, 3),
];

pub static SCRIPT_EXTENSIONS: &[(u32, u32, u16)] = &[
    (0xb7, 0xb7, 1),
    (0x2bc, 0x2bc, 2),
    (0x2c7, 0x2c7, 3),
    (0x2c9, 0x2cb, 3),
    (0x2cd, 0x2cd, 4),
    (0x2d7, 0x2d7, 5),
    (0x2d9, 0x2d9, 3),
    (0x300, 0x300, 6),
    (0x301, 0x301, 7),
    (0x302, 0x302, 8),
    (0x303, 0x303, 9),
    (0x304, 0x304, 10),
    (0x305, 0x305, 11),
    (0x306, 0x306, 12),
    (0x307, 0x307, 13),
    (0x308, 0x308, 14),
    (0x309, 0x309, 15),
    (0x30a, 0x30a, 16),
    (0x30b, 0x30b, 17),
    (0x30c, 0x30c, 18),
    (0x30d, 0x30d, 19),
    (0x30e, 0x30e, 20),
    (0x310, 0x310, 19),
    (0x311, 0x311, 21),
    (0x313, 0x313, 22),
    (0x323, 0x323, 23),
    (0x324, 0x324, 24),
    (0x325, 0x325, 25),
    (0x32d, 0x32d, 26),
    (0x32e, 0x32e, 25),
    (0x330, 0x330, 27),
    (0x331, 0x331, 28),
    (0x342, 0x342, 29),
    (0x345, 0x345, 29),
    (0x358, 0x358, 30),
    (0x35e, 0x35e, 31),
    (0x363, 0x36f, 32),
    (0x374, 0x375, 33),
    (0x483, 0x483, 34),
    (0x484, 0x484, 35),
    (0x485, 0x486, 36),
    (0x487, 0x487, 35),
    (0x589, 0x589, 37),
    (0x60c, 0x60c, 38),
    (0x61b, 0x61b, 38),
    (0x61c, 0x61c, 39),
    (0x61f, 0x61f, 40),
    (0x640, 0x640, 41),
    (0x64b, 0x655, 42),
    (0x660, 0x669, 43),
    (0x670, 0x670, 42),
    (0x6d4, 0x6d4, 44),
    (0x951, 0x951, 45),
    (0x952, 0x952, 46),
    (0x964, 0x964, 47),
    (0x965, 0x965, 48),
    (0x966, 0x96f, 49),
    (0x9e6, 0x9ef, 50),
    (0xa66, 0xa6f, 51),
    (0xae6, 0xaef, 52),
    (0xbe6, 0xbf3, 53),
    (0xce6, 0xcef, 54),
    (0x1040, 0x1049, 55),
    (0x10fb, 0x10fb, 56),
    (0x16eb, 0x16ed, 57),
    (0x1735, 0x1736, 58),
    (0x1802, 0x1803, 59),
    (0x1805, 0x1805, 59),
    (0x1cd0, 0x1cd0, 60),
    (0x1cd1, 0x1cd1, 61),
    (0x1cd2, 0x1cd2, 60),
    (0x1cd3, 0x1cd3, 62),
    (0x1cd4, 0x1cd4, 61),
    (0x1cd5, 0x1cd5, 63),
    (0x1cd6, 0x1cd6, 64),
    (0x1cd7, 0x1cd7, 65),
    (0x1cd8, 0x1cd8, 66),
    (0x1cd9, 0x1cd9, 67),
    (0x1cda, 0x1cda, 68),
    (0x1cdb, 0x1cdb, 61),
    (0x1cdc, 0x1cdd, 67),
    (0x1cde, 0x1cdf, 61),
    (0x1ce0, 0x1ce0, 67),
    (0x1ce1, 0x1ce1, 69),
    (0x1ce2, 0x1ce2, 70),
    (0x1ce3, 0x1ce8, 61),
    (0x1ce9, 0x1ce9, 71),
    (0x1cea, 0x1cea, 72),
    (0x1ceb, 0x1ceb, 73),
    (0x1cec, 0x1cec, 61),
    (0x1ced, 0x1ced, 74),
    (0x1cee, 0x1cf1, 61),
    (0x1cf2, 0x1cf2, 75),
    (0x1cf3, 0x1cf3, 76),
    (0x1cf4, 0x1cf4, 77),
    (0x1cf5, 0x1cf6, 69),
    (0x1cf7, 0x1cf7, 78),
    (0x1cf8, 0x1cf9, 76),
    (0x1cfa, 0x1cfa, 79),
    (0x1dc0, 0x1dc1, 29),
    (0x1df8, 0x1df8, 80),
    (0x1dfa, 0x1dfa, 81),
    (0x202f, 0x202f, 82),
    (0x204f, 0x204f, 83),
    (0x205a, 0x205a, 84),
    (0x205d, 0x205d, 85),
    (0x20f0, 0x20f0, 86),
    (0x2e17, 0x2e17, 87),
    (0x2e30, 0x2e30, 88),
    (0x2e31, 0x2e31, 89),
    (0x2e3c, 0x2e3c, 90),
    (0x2e41, 0x2e41, 91),
    (0x2e43, 0x2e43, 35),
    (0x2ff0, 0x2fff, 92),
    (0x3001, 0x3001, 93),
    (0x3002, 0x3002, 94),
    (0x3003, 0x3003, 95),
    (0x3006, 0x3006, 96),
    (0x3008, 0x3009, 97),
    (0x300a, 0x300b, 98),
    (0x300c, 0x3011, 99),
    (0x3013, 0x3013, 95),
    (0x3014, 0x301b, 99),
    (0x301c, 0x301f, 95),
    (0x302a, 0x302d, 100),
    (0x3030, 0x3030, 95),
    (0x3031, 0x3035, 101),
    (0x3037, 0x3037, 95),
    (0x303c, 0x303d, 102),
    (0x303e, 0x303f, 96),
    (0x3099, 0x309c, 101),
    (0x30a0, 0x30a0, 101),
    (0x30fb, 0x30fb, 99),
    (0x30fc, 0x30fc, 101),
    (0x3190, 0x319f, 96),
    (0x31c0, 0x31e5, 96),
    (0x31ef, 0x31ef, 92),
    (0x3220, 0x3247, 96),
    (0x3280, 0x32b0, 96),
    (0x32c0, 0x32cb, 96),
    (0x32ff, 0x32ff, 96),
    (0x3358, 0x3370, 96),
    (0x337b, 0x337f, 96),
    (0x33e0, 0x33fe, 96),
    (0xa66f, 0xa66f, 35),
    (0xa700, 0xa707, 103),
    (0xa830, 0xa832, 104),
    (0xa833, 0xa835, 105),
    (0xa836, 0xa837, 106),
    (0xa838, 0xa838, 107),
    (0xa839, 0xa839, 106),
    (0xa8f1, 0xa8f1, 108),
    (0xa8f3, 0xa8f3, 109),
    (0xa92e, 0xa92e, 110),
    (0xa9cf, 0xa9cf, 111),
    (0xfd3e, 0xfd3f, 112),
    (0xfdf2, 0xfdf2, 113),
    (0xfdfd, 0xfdfd, 113),
    (0xfe45, 0xfe46, 95),
    (0xff61, 0xff65, 99),
    (0xff70, 0xff70, 101),
    (0xff9e, 0xff9f, 101),
    (0x10100, 0x10101, 114),
    (0x10102, 0x10102, 115),
    (0x10107, 0x10133, 116),
    (0x10137, 0x1013f, 115),
    (0x102e0, 0x102fb, 117),
    (0x10af2, 0x10af2, 118),
    (0x11301, 0x11301, 53),
    (0x11303, 0x11303, 53),
    (0x1133b, 0x1133c, 53),
    (0x11fd0, 0x11fd1, 53),
    (0x11fd3, 0x11fd3, 53),
    (0x1bca0, 0x1bca3, 90),
    (0x1d360, 0x1d371, 96),
    (0x1f250, 0x1f251, 96),
];

pub static SCRIPT_EXTENSION_LISTS: &[&[u8]] = &[
    &[],
    &[
        2, 3, 24, 36, 39, 50, 55, 57, 75, 76, 80, 105, 106, 111, 120, 143,
    ],
    &[2, 4, 10, 11, 20, 83, 160],
    &[2, 35],
    &[2, 83],
    &[2, 20],
    &[2, 3, 4, 27, 47, 55, 120, 168],
    &[2, 3, 4, 27, 47, 136, 168, 169],
    &[2, 4, 27, 58],
    &[2, 8, 20, 57, 168],
    &[2, 3, 4, 8, 27, 39, 55, 58, 103, 136, 169],
    &[2, 34, 39, 55, 57, 106],
    &[2, 3, 4, 58, 120],
    &[2, 6, 8, 47, 55, 58, 105, 120, 169],
    &[2, 3, 4, 5, 6, 8, 39, 47, 58, 105, 120],
    &[2, 58],
    &[2, 8, 105],
    &[2, 4, 27, 136],
    &[2, 27, 47],
    &[2, 168],
    &[2, 26],
    &[2, 4, 169],
    &[2, 3, 120, 169],
    &[2, 8, 27, 34, 58, 105],
    &[2, 8, 27, 105],
    &[2, 8],
    &[2, 8, 168],
    &[2, 8, 27],
    &[2, 8, 20, 27, 39, 103, 168],
    &[3],
    &[2, 136],
    &[2, 103, 169],
    &[2],
    &[3, 55],
    &[4, 120],
    &[4, 57],
    &[2, 4],
    &[5, 24, 57],
    &[7, 8, 9, 66, 146, 156, 164],
    &[7, 8, 9],
    &[7, 8, 9, 66, 132, 146, 156, 164],
    &[7, 8, 95, 112, 121, 132, 146, 147, 158],
    &[7, 8],
    &[7, 9, 156],
    &[7, 146],
    &[
        2, 10, 11, 12, 13, 14, 15, 16, 17, 18, 100, 107, 124, 135, 150,
    ],
    &[2, 10, 11, 12, 13, 14, 15, 16, 17, 18, 107, 124, 135],
    &[
        10, 11, 12, 13, 14, 15, 16, 17, 18, 19, 59, 102, 107, 111, 123, 124, 138, 142, 143, 150,
        167,
    ],
    &[
        10, 11, 12, 13, 14, 15, 16, 17, 18, 19, 46, 59, 102, 107, 111, 123, 124, 138, 142, 143,
        150, 165, 167,
    ],
    &[10, 92, 111, 142],
    &[11, 59, 96],
    &[12, 129],
    &[13, 109],
    &[15, 107],
    &[17, 150, 170],
    &[23, 47, 96],
    &[2, 24, 57],
    &[30],
    &[42, 43, 44, 45],
    &[32, 65],
    &[10, 11, 17, 107],
    &[10],
    &[10, 17, 107],
    &[10, 11, 16, 124, 135],
    &[10, 11, 16],
    &[10, 100, 135],
    &[10, 11, 16, 135],
    &[10, 100],
    &[10, 14, 15, 16, 17, 18],
    &[10, 11],
    &[10, 124, 135],
    &[10, 135, 150],
    &[10, 11, 100],
    &[10, 135],
    &[10, 11, 100, 135],
    &[10, 11, 14, 16, 17, 18, 19, 107, 124, 150, 170],
    &[10, 107],
    &[10, 17, 107, 170],
    &[11],
    &[150],
    &[2, 4, 8],
    &[8],
    &[2, 32, 65],
    &[7, 132],
    &[24, 57, 74, 75, 91, 130],
    &[3, 75, 98, 130],
    &[2, 10, 107],
    &[2, 55],
    &[80, 91],
    &[24, 75, 76, 80, 82, 92, 130],
    &[105],
    &[7, 130, 132],
    &[36, 137],
    &[25, 32, 33, 34, 35, 36, 37],
    &[25, 32, 33, 34, 35, 36, 37, 65],
    &[25, 33, 34, 35, 36],
    &[36],
    &[22, 25, 32, 33, 34, 35, 36, 37],
    &[22, 25, 32, 33, 34, 35, 36, 37, 83],
    &[25, 33, 34, 35, 36, 37],
    &[35, 36],
    &[33, 34],
    &[33, 34, 36],
    &[2, 36],
    &[
        10, 12, 13, 17, 18, 92, 100, 102, 109, 111, 114, 123, 124, 142, 150, 170,
    ],
    &[
        10, 12, 13, 17, 92, 100, 102, 109, 111, 114, 123, 124, 142, 150, 170,
    ],
    &[10, 12, 13, 92, 102, 109, 111, 114, 123, 124, 142],
    &[10, 12, 13, 92, 100, 102, 109, 111, 114, 123, 124, 142],
    &[10, 11, 170],
    &[10, 15],
    &[2, 23, 72],
    &[54, 85],
    &[7, 66],
    &[7, 9],
    &[48, 52, 157],
    &[48, 52],
    &[48, 52, 110],
    &[7, 55],
    &[112, 158],
];

pub const SCRIPT_UNKNOWN: u8 = 0;

pub const SCRIPT_COUNT: usize = 175;

pub const SCRIPT_COMMON: u8 = 1;
pub const SCRIPT_INHERITED: u8 = 41;
pub const SCRIPT_HAN: u8 = 36;
pub const SCRIPT_HANGUL: u8 = 25;
pub const SCRIPT_HIRAGANA: u8 = 33;
pub const SCRIPT_KATAKANA: u8 = 34;
pub const SCRIPT_BOPOMOFO: u8 = 35;

pub static BOOL_PROPERTIES: &[&[(u32, u32)]] = &[
    &[(0x0, 0x7f)],
    &[(0x30, 0x39), (0x41, 0x46), (0x61, 0x66)],
    &[
        (0x41, 0x5a),
        (0x61, 0x7a),
        (0xaa, 0xaa),
        (0xb5, 0xb5),
        (0xba, 0xba),
        (0xc0, 0xd6),
        (0xd8, 0xf6),
        (0xf8, 0x2c1),
        (0x2c6, 0x2d1),
        (0x2e0, 0x2e4),
        (0x2ec, 0x2ec),
        (0x2ee, 0x2ee),
        (0x345, 0x345),
        (0x363, 0x374),
        (0x376, 0x377),
        (0x37a, 0x37d),
        (0x37f, 0x37f),
        (0x386, 0x386),
        (0x388, 0x38a),
        (0x38c, 0x38c),
        (0x38e, 0x3a1),
        (0x3a3, 0x3f5),
        (0x3f7, 0x481),
        (0x48a, 0x52f),
        (0x531, 0x556),
        (0x559, 0x559),
        (0x560, 0x588),
        (0x5b0, 0x5bd),
        (0x5bf, 0x5bf),
        (0x5c1, 0x5c2),
        (0x5c4, 0x5c5),
        (0x5c7, 0x5c7),
        (0x5d0, 0x5ea),
        (0x5ef, 0x5f2),
        (0x610, 0x61a),
        (0x620, 0x657),
        (0x659, 0x65f),
        (0x66e, 0x6d3),
        (0x6d5, 0x6dc),
        (0x6e1, 0x6e8),
        (0x6ed, 0x6ef),
        (0x6fa, 0x6fc),
        (0x6ff, 0x6ff),
        (0x710, 0x73f),
        (0x74d, 0x7b1),
        (0x7ca, 0x7ea),
        (0x7f4, 0x7f5),
        (0x7fa, 0x7fa),
        (0x800, 0x817),
        (0x81a, 0x82c),
        (0x840, 0x858),
        (0x860, 0x86a),
        (0x870, 0x887),
        (0x889, 0x88f),
        (0x897, 0x897),
        (0x8a0, 0x8c9),
        (0x8d4, 0x8df),
        (0x8e3, 0x8e9),
        (0x8f0, 0x93b),
        (0x93d, 0x94c),
        (0x94e, 0x950),
        (0x955, 0x963),
        (0x971, 0x983),
        (0x985, 0x98c),
        (0x98f, 0x990),
        (0x993, 0x9a8),
        (0x9aa, 0x9b0),
        (0x9b2, 0x9b2),
        (0x9b6, 0x9b9),
        (0x9bd, 0x9c4),
        (0x9c7, 0x9c8),
        (0x9cb, 0x9cc),
        (0x9ce, 0x9ce),
        (0x9d7, 0x9d7),
        (0x9dc, 0x9dd),
        (0x9df, 0x9e3),
        (0x9f0, 0x9f1),
        (0x9fc, 0x9fc),
        (0xa01, 0xa03),
        (0xa05, 0xa0a),
        (0xa0f, 0xa10),
        (0xa13, 0xa28),
        (0xa2a, 0xa30),
        (0xa32, 0xa33),
        (0xa35, 0xa36),
        (0xa38, 0xa39),
        (0xa3e, 0xa42),
        (0xa47, 0xa48),
        (0xa4b, 0xa4c),
        (0xa51, 0xa51),
        (0xa59, 0xa5c),
        (0xa5e, 0xa5e),
        (0xa70, 0xa75),
        (0xa81, 0xa83),
        (0xa85, 0xa8d),
        (0xa8f, 0xa91),
        (0xa93, 0xaa8),
        (0xaaa, 0xab0),
        (0xab2, 0xab3),
        (0xab5, 0xab9),
        (0xabd, 0xac5),
        (0xac7, 0xac9),
        (0xacb, 0xacc),
        (0xad0, 0xad0),
        (0xae0, 0xae3),
        (0xaf9, 0xafc),
        (0xb01, 0xb03),
        (0xb05, 0xb0c),
        (0xb0f, 0xb10),
        (0xb13, 0xb28),
        (0xb2a, 0xb30),
        (0xb32, 0xb33),
        (0xb35, 0xb39),
        (0xb3d, 0xb44),
        (0xb47, 0xb48),
        (0xb4b, 0xb4c),
        (0xb56, 0xb57),
        (0xb5c, 0xb5d),
        (0xb5f, 0xb63),
        (0xb71, 0xb71),
        (0xb82, 0xb83),
        (0xb85, 0xb8a),
        (0xb8e, 0xb90),
        (0xb92, 0xb95),
        (0xb99, 0xb9a),
        (0xb9c, 0xb9c),
        (0xb9e, 0xb9f),
        (0xba3, 0xba4),
        (0xba8, 0xbaa),
        (0xbae, 0xbb9),
        (0xbbe, 0xbc2),
        (0xbc6, 0xbc8),
        (0xbca, 0xbcc),
        (0xbd0, 0xbd0),
        (0xbd7, 0xbd7),
        (0xc00, 0xc0c),
        (0xc0e, 0xc10),
        (0xc12, 0xc28),
        (0xc2a, 0xc39),
        (0xc3d, 0xc44),
        (0xc46, 0xc48),
        (0xc4a, 0xc4c),
        (0xc55, 0xc56),
        (0xc58, 0xc5a),
        (0xc5c, 0xc5d),
        (0xc60, 0xc63),
        (0xc80, 0xc83),
        (0xc85, 0xc8c),
        (0xc8e, 0xc90),
        (0xc92, 0xca8),
        (0xcaa, 0xcb3),
        (0xcb5, 0xcb9),
        (0xcbd, 0xcc4),
        (0xcc6, 0xcc8),
        (0xcca, 0xccc),
        (0xcd5, 0xcd6),
        (0xcdc, 0xcde),
        (0xce0, 0xce3),
        (0xcf1, 0xcf3),
        (0xd00, 0xd0c),
        (0xd0e, 0xd10),
        (0xd12, 0xd3a),
        (0xd3d, 0xd44),
        (0xd46, 0xd48),
        (0xd4a, 0xd4c),
        (0xd4e, 0xd4e),
        (0xd54, 0xd57),
        (0xd5f, 0xd63),
        (0xd7a, 0xd7f),
        (0xd81, 0xd83),
        (0xd85, 0xd96),
        (0xd9a, 0xdb1),
        (0xdb3, 0xdbb),
        (0xdbd, 0xdbd),
        (0xdc0, 0xdc6),
        (0xdcf, 0xdd4),
        (0xdd6, 0xdd6),
        (0xdd8, 0xddf),
        (0xdf2, 0xdf3),
        (0xe01, 0xe3a),
        (0xe40, 0xe46),
        (0xe4d, 0xe4d),
        (0xe81, 0xe82),
        (0xe84, 0xe84),
        (0xe86, 0xe8a),
        (0xe8c, 0xea3),
        (0xea5, 0xea5),
        (0xea7, 0xeb9),
        (0xebb, 0xebd),
        (0xec0, 0xec4),
        (0xec6, 0xec6),
        (0xecd, 0xecd),
        (0xedc, 0xedf),
        (0xf00, 0xf00),
        (0xf40, 0xf47),
        (0xf49, 0xf6c),
        (0xf71, 0xf83),
        (0xf88, 0xf97),
        (0xf99, 0xfbc),
        (0x1000, 0x1036),
        (0x1038, 0x1038),
        (0x103b, 0x103f),
        (0x1050, 0x108f),
        (0x109a, 0x109d),
        (0x10a0, 0x10c5),
        (0x10c7, 0x10c7),
        (0x10cd, 0x10cd),
        (0x10d0, 0x10fa),
        (0x10fc, 0x1248),
        (0x124a, 0x124d),
        (0x1250, 0x1256),
        (0x1258, 0x1258),
        (0x125a, 0x125d),
        (0x1260, 0x1288),
        (0x128a, 0x128d),
        (0x1290, 0x12b0),
        (0x12b2, 0x12b5),
        (0x12b8, 0x12be),
        (0x12c0, 0x12c0),
        (0x12c2, 0x12c5),
        (0x12c8, 0x12d6),
        (0x12d8, 0x1310),
        (0x1312, 0x1315),
        (0x1318, 0x135a),
        (0x1380, 0x138f),
        (0x13a0, 0x13f5),
        (0x13f8, 0x13fd),
        (0x1401, 0x166c),
        (0x166f, 0x167f),
        (0x1681, 0x169a),
        (0x16a0, 0x16ea),
        (0x16ee, 0x16f8),
        (0x1700, 0x1713),
        (0x171f, 0x1733),
        (0x1740, 0x1753),
        (0x1760, 0x176c),
        (0x176e, 0x1770),
        (0x1772, 0x1773),
        (0x1780, 0x17b3),
        (0x17b6, 0x17c8),
        (0x17d7, 0x17d7),
        (0x17dc, 0x17dc),
        (0x1820, 0x1878),
        (0x1880, 0x18aa),
        (0x18b0, 0x18f5),
        (0x1900, 0x191e),
        (0x1920, 0x192b),
        (0x1930, 0x1938),
        (0x1950, 0x196d),
        (0x1970, 0x1974),
        (0x1980, 0x19ab),
        (0x19b0, 0x19c9),
        (0x1a00, 0x1a1b),
        (0x1a20, 0x1a5e),
        (0x1a61, 0x1a74),
        (0x1aa7, 0x1aa7),
        (0x1abf, 0x1ac0),
        (0x1acc, 0x1ace),
        (0x1b00, 0x1b33),
        (0x1b35, 0x1b43),
        (0x1b45, 0x1b4c),
        (0x1b80, 0x1ba9),
        (0x1bac, 0x1baf),
        (0x1bba, 0x1be5),
        (0x1be7, 0x1bf1),
        (0x1c00, 0x1c36),
        (0x1c4d, 0x1c4f),
        (0x1c5a, 0x1c7d),
        (0x1c80, 0x1c8a),
        (0x1c90, 0x1cba),
        (0x1cbd, 0x1cbf),
        (0x1ce9, 0x1cec),
        (0x1cee, 0x1cf3),
        (0x1cf5, 0x1cf6),
        (0x1cfa, 0x1cfa),
        (0x1d00, 0x1dbf),
        (0x1dd3, 0x1df4),
        (0x1e00, 0x1f15),
        (0x1f18, 0x1f1d),
        (0x1f20, 0x1f45),
        (0x1f48, 0x1f4d),
        (0x1f50, 0x1f57),
        (0x1f59, 0x1f59),
        (0x1f5b, 0x1f5b),
        (0x1f5d, 0x1f5d),
        (0x1f5f, 0x1f7d),
        (0x1f80, 0x1fb4),
        (0x1fb6, 0x1fbc),
        (0x1fbe, 0x1fbe),
        (0x1fc2, 0x1fc4),
        (0x1fc6, 0x1fcc),
        (0x1fd0, 0x1fd3),
        (0x1fd6, 0x1fdb),
        (0x1fe0, 0x1fec),
        (0x1ff2, 0x1ff4),
        (0x1ff6, 0x1ffc),
        (0x2071, 0x2071),
        (0x207f, 0x207f),
        (0x2090, 0x209c),
        (0x2102, 0x2102),
        (0x2107, 0x2107),
        (0x210a, 0x2113),
        (0x2115, 0x2115),
        (0x2119, 0x211d),
        (0x2124, 0x2124),
        (0x2126, 0x2126),
        (0x2128, 0x2128),
        (0x212a, 0x212d),
        (0x212f, 0x2139),
        (0x213c, 0x213f),
        (0x2145, 0x2149),
        (0x214e, 0x214e),
        (0x2160, 0x2188),
        (0x24b6, 0x24e9),
        (0x2c00, 0x2ce4),
        (0x2ceb, 0x2cee),
        (0x2cf2, 0x2cf3),
        (0x2d00, 0x2d25),
        (0x2d27, 0x2d27),
        (0x2d2d, 0x2d2d),
        (0x2d30, 0x2d67),
        (0x2d6f, 0x2d6f),
        (0x2d80, 0x2d96),
        (0x2da0, 0x2da6),
        (0x2da8, 0x2dae),
        (0x2db0, 0x2db6),
        (0x2db8, 0x2dbe),
        (0x2dc0, 0x2dc6),
        (0x2dc8, 0x2dce),
        (0x2dd0, 0x2dd6),
        (0x2dd8, 0x2dde),
        (0x2de0, 0x2dff),
        (0x2e2f, 0x2e2f),
        (0x3005, 0x3007),
        (0x3021, 0x3029),
        (0x3031, 0x3035),
        (0x3038, 0x303c),
        (0x3041, 0x3096),
        (0x309d, 0x309f),
        (0x30a1, 0x30fa),
        (0x30fc, 0x30ff),
        (0x3105, 0x312f),
        (0x3131, 0x318e),
        (0x31a0, 0x31bf),
        (0x31f0, 0x31ff),
        (0x3400, 0x4dbf),
        (0x4e00, 0xa48c),
        (0xa4d0, 0xa4fd),
        (0xa500, 0xa60c),
        (0xa610, 0xa61f),
        (0xa62a, 0xa62b),
        (0xa640, 0xa66e),
        (0xa674, 0xa67b),
        (0xa67f, 0xa6ef),
        (0xa717, 0xa71f),
        (0xa722, 0xa788),
        (0xa78b, 0xa7dc),
        (0xa7f1, 0xa805),
        (0xa807, 0xa827),
        (0xa840, 0xa873),
        (0xa880, 0xa8c3),
        (0xa8c5, 0xa8c5),
        (0xa8f2, 0xa8f7),
        (0xa8fb, 0xa8fb),
        (0xa8fd, 0xa8ff),
        (0xa90a, 0xa92a),
        (0xa930, 0xa952),
        (0xa960, 0xa97c),
        (0xa980, 0xa9b2),
        (0xa9b4, 0xa9bf),
        (0xa9cf, 0xa9cf),
        (0xa9e0, 0xa9ef),
        (0xa9fa, 0xa9fe),
        (0xaa00, 0xaa36),
        (0xaa40, 0xaa4d),
        (0xaa60, 0xaa76),
        (0xaa7a, 0xaabe),
        (0xaac0, 0xaac0),
        (0xaac2, 0xaac2),
        (0xaadb, 0xaadd),
        (0xaae0, 0xaaef),
        (0xaaf2, 0xaaf5),
        (0xab01, 0xab06),
        (0xab09, 0xab0e),
        (0xab11, 0xab16),
        (0xab20, 0xab26),
        (0xab28, 0xab2e),
        (0xab30, 0xab5a),
        (0xab5c, 0xab69),
        (0xab70, 0xabea),
        (0xac00, 0xd7a3),
        (0xd7b0, 0xd7c6),
        (0xd7cb, 0xd7fb),
        (0xf900, 0xfa6d),
        (0xfa70, 0xfad9),
        (0xfb00, 0xfb06),
        (0xfb13, 0xfb17),
        (0xfb1d, 0xfb28),
        (0xfb2a, 0xfb36),
        (0xfb38, 0xfb3c),
        (0xfb3e, 0xfb3e),
        (0xfb40, 0xfb41),
        (0xfb43, 0xfb44),
        (0xfb46, 0xfbb1),
        (0xfbd3, 0xfd3d),
        (0xfd50, 0xfd8f),
        (0xfd92, 0xfdc7),
        (0xfdf0, 0xfdfb),
        (0xfe70, 0xfe74),
        (0xfe76, 0xfefc),
        (0xff21, 0xff3a),
        (0xff41, 0xff5a),
        (0xff66, 0xffbe),
        (0xffc2, 0xffc7),
        (0xffca, 0xffcf),
        (0xffd2, 0xffd7),
        (0xffda, 0xffdc),
        (0x10000, 0x1000b),
        (0x1000d, 0x10026),
        (0x10028, 0x1003a),
        (0x1003c, 0x1003d),
        (0x1003f, 0x1004d),
        (0x10050, 0x1005d),
        (0x10080, 0x100fa),
        (0x10140, 0x10174),
        (0x10280, 0x1029c),
        (0x102a0, 0x102d0),
        (0x10300, 0x1031f),
        (0x1032d, 0x1034a),
        (0x10350, 0x1037a),
        (0x10380, 0x1039d),
        (0x103a0, 0x103c3),
        (0x103c8, 0x103cf),
        (0x103d1, 0x103d5),
        (0x10400, 0x1049d),
        (0x104b0, 0x104d3),
        (0x104d8, 0x104fb),
        (0x10500, 0x10527),
        (0x10530, 0x10563),
        (0x10570, 0x1057a),
        (0x1057c, 0x1058a),
        (0x1058c, 0x10592),
        (0x10594, 0x10595),
        (0x10597, 0x105a1),
        (0x105a3, 0x105b1),
        (0x105b3, 0x105b9),
        (0x105bb, 0x105bc),
        (0x105c0, 0x105f3),
        (0x10600, 0x10736),
        (0x10740, 0x10755),
        (0x10760, 0x10767),
        (0x10780, 0x10785),
        (0x10787, 0x107b0),
        (0x107b2, 0x107ba),
        (0x10800, 0x10805),
        (0x10808, 0x10808),
        (0x1080a, 0x10835),
        (0x10837, 0x10838),
        (0x1083c, 0x1083c),
        (0x1083f, 0x10855),
        (0x10860, 0x10876),
        (0x10880, 0x1089e),
        (0x108e0, 0x108f2),
        (0x108f4, 0x108f5),
        (0x10900, 0x10915),
        (0x10920, 0x10939),
        (0x10940, 0x10959),
        (0x10980, 0x109b7),
        (0x109be, 0x109bf),
        (0x10a00, 0x10a03),
        (0x10a05, 0x10a06),
        (0x10a0c, 0x10a13),
        (0x10a15, 0x10a17),
        (0x10a19, 0x10a35),
        (0x10a60, 0x10a7c),
        (0x10a80, 0x10a9c),
        (0x10ac0, 0x10ac7),
        (0x10ac9, 0x10ae4),
        (0x10b00, 0x10b35),
        (0x10b40, 0x10b55),
        (0x10b60, 0x10b72),
        (0x10b80, 0x10b91),
        (0x10c00, 0x10c48),
        (0x10c80, 0x10cb2),
        (0x10cc0, 0x10cf2),
        (0x10d00, 0x10d27),
        (0x10d4a, 0x10d65),
        (0x10d69, 0x10d69),
        (0x10d6f, 0x10d85),
        (0x10e80, 0x10ea9),
        (0x10eab, 0x10eac),
        (0x10eb0, 0x10eb1),
        (0x10ec2, 0x10ec7),
        (0x10efa, 0x10efc),
        (0x10f00, 0x10f1c),
        (0x10f27, 0x10f27),
        (0x10f30, 0x10f45),
        (0x10f70, 0x10f81),
        (0x10fb0, 0x10fc4),
        (0x10fe0, 0x10ff6),
        (0x11000, 0x11045),
        (0x11071, 0x11075),
        (0x11080, 0x110b8),
        (0x110c2, 0x110c2),
        (0x110d0, 0x110e8),
        (0x11100, 0x11132),
        (0x11144, 0x11147),
        (0x11150, 0x11172),
        (0x11176, 0x11176),
        (0x11180, 0x111bf),
        (0x111c1, 0x111c4),
        (0x111ce, 0x111cf),
        (0x111da, 0x111da),
        (0x111dc, 0x111dc),
        (0x11200, 0x11211),
        (0x11213, 0x11234),
        (0x11237, 0x11237),
        (0x1123e, 0x11241),
        (0x11280, 0x11286),
        (0x11288, 0x11288),
        (0x1128a, 0x1128d),
        (0x1128f, 0x1129d),
        (0x1129f, 0x112a8),
        (0x112b0, 0x112e8),
        (0x11300, 0x11303),
        (0x11305, 0x1130c),
        (0x1130f, 0x11310),
        (0x11313, 0x11328),
        (0x1132a, 0x11330),
        (0x11332, 0x11333),
        (0x11335, 0x11339),
        (0x1133d, 0x11344),
        (0x11347, 0x11348),
        (0x1134b, 0x1134c),
        (0x11350, 0x11350),
        (0x11357, 0x11357),
        (0x1135d, 0x11363),
        (0x11380, 0x11389),
        (0x1138b, 0x1138b),
        (0x1138e, 0x1138e),
        (0x11390, 0x113b5),
        (0x113b7, 0x113c0),
        (0x113c2, 0x113c2),
        (0x113c5, 0x113c5),
        (0x113c7, 0x113ca),
        (0x113cc, 0x113cd),
        (0x113d1, 0x113d1),
        (0x113d3, 0x113d3),
        (0x11400, 0x11441),
        (0x11443, 0x11445),
        (0x11447, 0x1144a),
        (0x1145f, 0x11461),
        (0x11480, 0x114c1),
        (0x114c4, 0x114c5),
        (0x114c7, 0x114c7),
        (0x11580, 0x115b5),
        (0x115b8, 0x115be),
        (0x115d8, 0x115dd),
        (0x11600, 0x1163e),
        (0x11640, 0x11640),
        (0x11644, 0x11644),
        (0x11680, 0x116b5),
        (0x116b8, 0x116b8),
        (0x11700, 0x1171a),
        (0x1171d, 0x1172a),
        (0x11740, 0x11746),
        (0x11800, 0x11838),
        (0x118a0, 0x118df),
        (0x118ff, 0x11906),
        (0x11909, 0x11909),
        (0x1190c, 0x11913),
        (0x11915, 0x11916),
        (0x11918, 0x11935),
        (0x11937, 0x11938),
        (0x1193b, 0x1193c),
        (0x1193f, 0x11942),
        (0x119a0, 0x119a7),
        (0x119aa, 0x119d7),
        (0x119da, 0x119df),
        (0x119e1, 0x119e1),
        (0x119e3, 0x119e4),
        (0x11a00, 0x11a32),
        (0x11a35, 0x11a3e),
        (0x11a50, 0x11a97),
        (0x11a9d, 0x11a9d),
        (0x11ab0, 0x11af8),
        (0x11b60, 0x11b67),
        (0x11bc0, 0x11be0),
        (0x11c00, 0x11c08),
        (0x11c0a, 0x11c36),
        (0x11c38, 0x11c3e),
        (0x11c40, 0x11c40),
        (0x11c72, 0x11c8f),
        (0x11c92, 0x11ca7),
        (0x11ca9, 0x11cb6),
        (0x11d00, 0x11d06),
        (0x11d08, 0x11d09),
        (0x11d0b, 0x11d36),
        (0x11d3a, 0x11d3a),
        (0x11d3c, 0x11d3d),
        (0x11d3f, 0x11d41),
        (0x11d43, 0x11d43),
        (0x11d46, 0x11d47),
        (0x11d60, 0x11d65),
        (0x11d67, 0x11d68),
        (0x11d6a, 0x11d8e),
        (0x11d90, 0x11d91),
        (0x11d93, 0x11d96),
        (0x11d98, 0x11d98),
        (0x11db0, 0x11ddb),
        (0x11ee0, 0x11ef6),
        (0x11f00, 0x11f10),
        (0x11f12, 0x11f3a),
        (0x11f3e, 0x11f40),
        (0x11fb0, 0x11fb0),
        (0x12000, 0x12399),
        (0x12400, 0x1246e),
        (0x12480, 0x12543),
        (0x12f90, 0x12ff0),
        (0x13000, 0x1342f),
        (0x13441, 0x13446),
        (0x13460, 0x143fa),
        (0x14400, 0x14646),
        (0x16100, 0x1612e),
        (0x16800, 0x16a38),
        (0x16a40, 0x16a5e),
        (0x16a70, 0x16abe),
        (0x16ad0, 0x16aed),
        (0x16b00, 0x16b2f),
        (0x16b40, 0x16b43),
        (0x16b63, 0x16b77),
        (0x16b7d, 0x16b8f),
        (0x16d40, 0x16d6c),
        (0x16e40, 0x16e7f),
        (0x16ea0, 0x16eb8),
        (0x16ebb, 0x16ed3),
        (0x16f00, 0x16f4a),
        (0x16f4f, 0x16f87),
        (0x16f8f, 0x16f9f),
        (0x16fe0, 0x16fe1),
        (0x16fe3, 0x16fe3),
        (0x16ff0, 0x16ff6),
        (0x17000, 0x18cd5),
        (0x18cff, 0x18d1e),
        (0x18d80, 0x18df2),
        (0x1aff0, 0x1aff3),
        (0x1aff5, 0x1affb),
        (0x1affd, 0x1affe),
        (0x1b000, 0x1b122),
        (0x1b132, 0x1b132),
        (0x1b150, 0x1b152),
        (0x1b155, 0x1b155),
        (0x1b164, 0x1b167),
        (0x1b170, 0x1b2fb),
        (0x1bc00, 0x1bc6a),
        (0x1bc70, 0x1bc7c),
        (0x1bc80, 0x1bc88),
        (0x1bc90, 0x1bc99),
        (0x1bc9e, 0x1bc9e),
        (0x1d400, 0x1d454),
        (0x1d456, 0x1d49c),
        (0x1d49e, 0x1d49f),
        (0x1d4a2, 0x1d4a2),
        (0x1d4a5, 0x1d4a6),
        (0x1d4a9, 0x1d4ac),
        (0x1d4ae, 0x1d4b9),
        (0x1d4bb, 0x1d4bb),
        (0x1d4bd, 0x1d4c3),
        (0x1d4c5, 0x1d505),
        (0x1d507, 0x1d50a),
        (0x1d50d, 0x1d514),
        (0x1d516, 0x1d51c),
        (0x1d51e, 0x1d539),
        (0x1d53b, 0x1d53e),
        (0x1d540, 0x1d544),
        (0x1d546, 0x1d546),
        (0x1d54a, 0x1d550),
        (0x1d552, 0x1d6a5),
        (0x1d6a8, 0x1d6c0),
        (0x1d6c2, 0x1d6da),
        (0x1d6dc, 0x1d6fa),
        (0x1d6fc, 0x1d714),
        (0x1d716, 0x1d734),
        (0x1d736, 0x1d74e),
        (0x1d750, 0x1d76e),
        (0x1d770, 0x1d788),
        (0x1d78a, 0x1d7a8),
        (0x1d7aa, 0x1d7c2),
        (0x1d7c4, 0x1d7cb),
        (0x1df00, 0x1df1e),
        (0x1df25, 0x1df2a),
        (0x1e000, 0x1e006),
        (0x1e008, 0x1e018),
        (0x1e01b, 0x1e021),
        (0x1e023, 0x1e024),
        (0x1e026, 0x1e02a),
        (0x1e030, 0x1e06d),
        (0x1e08f, 0x1e08f),
        (0x1e100, 0x1e12c),
        (0x1e137, 0x1e13d),
        (0x1e14e, 0x1e14e),
        (0x1e290, 0x1e2ad),
        (0x1e2c0, 0x1e2eb),
        (0x1e4d0, 0x1e4eb),
        (0x1e5d0, 0x1e5ed),
        (0x1e5f0, 0x1e5f0),
        (0x1e6c0, 0x1e6de),
        (0x1e6e0, 0x1e6f5),
        (0x1e6fe, 0x1e6ff),
        (0x1e7e0, 0x1e7e6),
        (0x1e7e8, 0x1e7eb),
        (0x1e7ed, 0x1e7ee),
        (0x1e7f0, 0x1e7fe),
        (0x1e800, 0x1e8c4),
        (0x1e900, 0x1e943),
        (0x1e947, 0x1e947),
        (0x1e94b, 0x1e94b),
        (0x1ee00, 0x1ee03),
        (0x1ee05, 0x1ee1f),
        (0x1ee21, 0x1ee22),
        (0x1ee24, 0x1ee24),
        (0x1ee27, 0x1ee27),
        (0x1ee29, 0x1ee32),
        (0x1ee34, 0x1ee37),
        (0x1ee39, 0x1ee39),
        (0x1ee3b, 0x1ee3b),
        (0x1ee42, 0x1ee42),
        (0x1ee47, 0x1ee47),
        (0x1ee49, 0x1ee49),
        (0x1ee4b, 0x1ee4b),
        (0x1ee4d, 0x1ee4f),
        (0x1ee51, 0x1ee52),
        (0x1ee54, 0x1ee54),
        (0x1ee57, 0x1ee57),
        (0x1ee59, 0x1ee59),
        (0x1ee5b, 0x1ee5b),
        (0x1ee5d, 0x1ee5d),
        (0x1ee5f, 0x1ee5f),
        (0x1ee61, 0x1ee62),
        (0x1ee64, 0x1ee64),
        (0x1ee67, 0x1ee6a),
        (0x1ee6c, 0x1ee72),
        (0x1ee74, 0x1ee77),
        (0x1ee79, 0x1ee7c),
        (0x1ee7e, 0x1ee7e),
        (0x1ee80, 0x1ee89),
        (0x1ee8b, 0x1ee9b),
        (0x1eea1, 0x1eea3),
        (0x1eea5, 0x1eea9),
        (0x1eeab, 0x1eebb),
        (0x1f130, 0x1f149),
        (0x1f150, 0x1f169),
        (0x1f170, 0x1f189),
        (0x20000, 0x2a6df),
        (0x2a700, 0x2b81d),
        (0x2b820, 0x2cead),
        (0x2ceb0, 0x2ebe0),
        (0x2ebf0, 0x2ee5d),
        (0x2f800, 0x2fa1d),
        (0x30000, 0x3134a),
        (0x31350, 0x33479),
    ],
    &[
        (0x61c, 0x61c),
        (0x200e, 0x200f),
        (0x202a, 0x202e),
        (0x2066, 0x2069),
    ],
    &[
        (0x28, 0x29),
        (0x3c, 0x3c),
        (0x3e, 0x3e),
        (0x5b, 0x5b),
        (0x5d, 0x5d),
        (0x7b, 0x7b),
        (0x7d, 0x7d),
        (0xab, 0xab),
        (0xbb, 0xbb),
        (0xf3a, 0xf3d),
        (0x169b, 0x169c),
        (0x2039, 0x203a),
        (0x2045, 0x2046),
        (0x207d, 0x207e),
        (0x208d, 0x208e),
        (0x2208, 0x220d),
        (0x2215, 0x2215),
        (0x221f, 0x2222),
        (0x2224, 0x2224),
        (0x223c, 0x223d),
        (0x2243, 0x2243),
        (0x2245, 0x2245),
        (0x224c, 0x224c),
        (0x2252, 0x2255),
        (0x2264, 0x226b),
        (0x226e, 0x228b),
        (0x228f, 0x2292),
        (0x2298, 0x2298),
        (0x22a2, 0x22a3),
        (0x22a6, 0x22a6),
        (0x22a8, 0x22a9),
        (0x22ab, 0x22ab),
        (0x22b0, 0x22b8),
        (0x22c9, 0x22cd),
        (0x22d0, 0x22d1),
        (0x22d6, 0x22ed),
        (0x22f0, 0x22f4),
        (0x22f6, 0x22f7),
        (0x22fa, 0x22fe),
        (0x2308, 0x230b),
        (0x2329, 0x232a),
        (0x2768, 0x2775),
        (0x27c3, 0x27c6),
        (0x27c8, 0x27c9),
        (0x27cb, 0x27cb),
        (0x27cd, 0x27cd),
        (0x27d5, 0x27d6),
        (0x27dc, 0x27de),
        (0x27e2, 0x27ef),
        (0x2983, 0x2998),
        (0x299b, 0x299b),
        (0x29a0, 0x29a0),
        (0x29a3, 0x29a5),
        (0x29a8, 0x29af),
        (0x29b8, 0x29b8),
        (0x29c0, 0x29c1),
        (0x29c4, 0x29c5),
        (0x29cf, 0x29d2),
        (0x29d4, 0x29d5),
        (0x29d8, 0x29db),
        (0x29e8, 0x29e9),
        (0x29f5, 0x29f5),
        (0x29f8, 0x29f9),
        (0x29fc, 0x29fd),
        (0x2a2b, 0x2a2e),
        (0x2a34, 0x2a35),
        (0x2a3c, 0x2a3d),
        (0x2a64, 0x2a65),
        (0x2a79, 0x2aa2),
        (0x2aa6, 0x2aad),
        (0x2aaf, 0x2ad6),
        (0x2ade, 0x2ade),
        (0x2ae3, 0x2ae5),
        (0x2aec, 0x2aee),
        (0x2af7, 0x2afa),
        (0x2bfe, 0x2bfe),
        (0x2e02, 0x2e05),
        (0x2e09, 0x2e0a),
        (0x2e0c, 0x2e0d),
        (0x2e1c, 0x2e1d),
        (0x2e20, 0x2e29),
        (0x2e55, 0x2e5c),
        (0x3008, 0x3011),
        (0x3014, 0x301b),
        (0xfe59, 0xfe5e),
        (0xfe64, 0xfe65),
        (0xff08, 0xff09),
        (0xff1c, 0xff1c),
        (0xff1e, 0xff1e),
        (0xff3b, 0xff3b),
        (0xff3d, 0xff3d),
        (0xff5b, 0xff5b),
        (0xff5d, 0xff5d),
        (0xff5f, 0xff60),
        (0xff62, 0xff63),
    ],
    &[
        (0x27, 0x27),
        (0x2e, 0x2e),
        (0x3a, 0x3a),
        (0x5e, 0x5e),
        (0x60, 0x60),
        (0xa8, 0xa8),
        (0xad, 0xad),
        (0xaf, 0xaf),
        (0xb4, 0xb4),
        (0xb7, 0xb8),
        (0x2b0, 0x36f),
        (0x374, 0x375),
        (0x37a, 0x37a),
        (0x384, 0x385),
        (0x387, 0x387),
        (0x483, 0x489),
        (0x559, 0x559),
        (0x55f, 0x55f),
        (0x591, 0x5bd),
        (0x5bf, 0x5bf),
        (0x5c1, 0x5c2),
        (0x5c4, 0x5c5),
        (0x5c7, 0x5c7),
        (0x5f4, 0x5f4),
        (0x600, 0x605),
        (0x610, 0x61a),
        (0x61c, 0x61c),
        (0x640, 0x640),
        (0x64b, 0x65f),
        (0x670, 0x670),
        (0x6d6, 0x6dd),
        (0x6df, 0x6e8),
        (0x6ea, 0x6ed),
        (0x70f, 0x70f),
        (0x711, 0x711),
        (0x730, 0x74a),
        (0x7a6, 0x7b0),
        (0x7eb, 0x7f5),
        (0x7fa, 0x7fa),
        (0x7fd, 0x7fd),
        (0x816, 0x82d),
        (0x859, 0x85b),
        (0x888, 0x888),
        (0x890, 0x891),
        (0x897, 0x89f),
        (0x8c9, 0x902),
        (0x93a, 0x93a),
        (0x93c, 0x93c),
        (0x941, 0x948),
        (0x94d, 0x94d),
        (0x951, 0x957),
        (0x962, 0x963),
        (0x971, 0x971),
        (0x981, 0x981),
        (0x9bc, 0x9bc),
        (0x9c1, 0x9c4),
        (0x9cd, 0x9cd),
        (0x9e2, 0x9e3),
        (0x9fe, 0x9fe),
        (0xa01, 0xa02),
        (0xa3c, 0xa3c),
        (0xa41, 0xa42),
        (0xa47, 0xa48),
        (0xa4b, 0xa4d),
        (0xa51, 0xa51),
        (0xa70, 0xa71),
        (0xa75, 0xa75),
        (0xa81, 0xa82),
        (0xabc, 0xabc),
        (0xac1, 0xac5),
        (0xac7, 0xac8),
        (0xacd, 0xacd),
        (0xae2, 0xae3),
        (0xafa, 0xaff),
        (0xb01, 0xb01),
        (0xb3c, 0xb3c),
        (0xb3f, 0xb3f),
        (0xb41, 0xb44),
        (0xb4d, 0xb4d),
        (0xb55, 0xb56),
        (0xb62, 0xb63),
        (0xb82, 0xb82),
        (0xbc0, 0xbc0),
        (0xbcd, 0xbcd),
        (0xc00, 0xc00),
        (0xc04, 0xc04),
        (0xc3c, 0xc3c),
        (0xc3e, 0xc40),
        (0xc46, 0xc48),
        (0xc4a, 0xc4d),
        (0xc55, 0xc56),
        (0xc62, 0xc63),
        (0xc81, 0xc81),
        (0xcbc, 0xcbc),
        (0xcbf, 0xcbf),
        (0xcc6, 0xcc6),
        (0xccc, 0xccd),
        (0xce2, 0xce3),
        (0xd00, 0xd01),
        (0xd3b, 0xd3c),
        (0xd41, 0xd44),
        (0xd4d, 0xd4d),
        (0xd62, 0xd63),
        (0xd81, 0xd81),
        (0xdca, 0xdca),
        (0xdd2, 0xdd4),
        (0xdd6, 0xdd6),
        (0xe31, 0xe31),
        (0xe34, 0xe3a),
        (0xe46, 0xe4e),
        (0xeb1, 0xeb1),
        (0xeb4, 0xebc),
        (0xec6, 0xec6),
        (0xec8, 0xece),
        (0xf18, 0xf19),
        (0xf35, 0xf35),
        (0xf37, 0xf37),
        (0xf39, 0xf39),
        (0xf71, 0xf7e),
        (0xf80, 0xf84),
        (0xf86, 0xf87),
        (0xf8d, 0xf97),
        (0xf99, 0xfbc),
        (0xfc6, 0xfc6),
        (0x102d, 0x1030),
        (0x1032, 0x1037),
        (0x1039, 0x103a),
        (0x103d, 0x103e),
        (0x1058, 0x1059),
        (0x105e, 0x1060),
        (0x1071, 0x1074),
        (0x1082, 0x1082),
        (0x1085, 0x1086),
        (0x108d, 0x108d),
        (0x109d, 0x109d),
        (0x10fc, 0x10fc),
        (0x135d, 0x135f),
        (0x1712, 0x1714),
        (0x1732, 0x1733),
        (0x1752, 0x1753),
        (0x1772, 0x1773),
        (0x17b4, 0x17b5),
        (0x17b7, 0x17bd),
        (0x17c6, 0x17c6),
        (0x17c9, 0x17d3),
        (0x17d7, 0x17d7),
        (0x17dd, 0x17dd),
        (0x180b, 0x180f),
        (0x1843, 0x1843),
        (0x1885, 0x1886),
        (0x18a9, 0x18a9),
        (0x1920, 0x1922),
        (0x1927, 0x1928),
        (0x1932, 0x1932),
        (0x1939, 0x193b),
        (0x1a17, 0x1a18),
        (0x1a1b, 0x1a1b),
        (0x1a56, 0x1a56),
        (0x1a58, 0x1a5e),
        (0x1a60, 0x1a60),
        (0x1a62, 0x1a62),
        (0x1a65, 0x1a6c),
        (0x1a73, 0x1a7c),
        (0x1a7f, 0x1a7f),
        (0x1aa7, 0x1aa7),
        (0x1ab0, 0x1add),
        (0x1ae0, 0x1aeb),
        (0x1b00, 0x1b03),
        (0x1b34, 0x1b34),
        (0x1b36, 0x1b3a),
        (0x1b3c, 0x1b3c),
        (0x1b42, 0x1b42),
        (0x1b6b, 0x1b73),
        (0x1b80, 0x1b81),
        (0x1ba2, 0x1ba5),
        (0x1ba8, 0x1ba9),
        (0x1bab, 0x1bad),
        (0x1be6, 0x1be6),
        (0x1be8, 0x1be9),
        (0x1bed, 0x1bed),
        (0x1bef, 0x1bf1),
        (0x1c2c, 0x1c33),
        (0x1c36, 0x1c37),
        (0x1c78, 0x1c7d),
        (0x1cd0, 0x1cd2),
        (0x1cd4, 0x1ce0),
        (0x1ce2, 0x1ce8),
        (0x1ced, 0x1ced),
        (0x1cf4, 0x1cf4),
        (0x1cf8, 0x1cf9),
        (0x1d2c, 0x1d6a),
        (0x1d78, 0x1d78),
        (0x1d9b, 0x1dff),
        (0x1fbd, 0x1fbd),
        (0x1fbf, 0x1fc1),
        (0x1fcd, 0x1fcf),
        (0x1fdd, 0x1fdf),
        (0x1fed, 0x1fef),
        (0x1ffd, 0x1ffe),
        (0x200b, 0x200f),
        (0x2018, 0x2019),
        (0x2024, 0x2024),
        (0x2027, 0x2027),
        (0x202a, 0x202e),
        (0x2060, 0x2064),
        (0x2066, 0x206f),
        (0x2071, 0x2071),
        (0x207f, 0x207f),
        (0x2090, 0x209c),
        (0x20d0, 0x20f0),
        (0x2c7c, 0x2c7d),
        (0x2cef, 0x2cf1),
        (0x2d6f, 0x2d6f),
        (0x2d7f, 0x2d7f),
        (0x2de0, 0x2dff),
        (0x2e2f, 0x2e2f),
        (0x3005, 0x3005),
        (0x302a, 0x302d),
        (0x3031, 0x3035),
        (0x303b, 0x303b),
        (0x3099, 0x309e),
        (0x30fc, 0x30fe),
        (0xa015, 0xa015),
        (0xa4f8, 0xa4fd),
        (0xa60c, 0xa60c),
        (0xa66f, 0xa672),
        (0xa674, 0xa67d),
        (0xa67f, 0xa67f),
        (0xa69c, 0xa69f),
        (0xa6f0, 0xa6f1),
        (0xa700, 0xa721),
        (0xa770, 0xa770),
        (0xa788, 0xa78a),
        (0xa7f1, 0xa7f4),
        (0xa7f8, 0xa7f9),
        (0xa802, 0xa802),
        (0xa806, 0xa806),
        (0xa80b, 0xa80b),
        (0xa825, 0xa826),
        (0xa82c, 0xa82c),
        (0xa8c4, 0xa8c5),
        (0xa8e0, 0xa8f1),
        (0xa8ff, 0xa8ff),
        (0xa926, 0xa92d),
        (0xa947, 0xa951),
        (0xa980, 0xa982),
        (0xa9b3, 0xa9b3),
        (0xa9b6, 0xa9b9),
        (0xa9bc, 0xa9bd),
        (0xa9cf, 0xa9cf),
        (0xa9e5, 0xa9e6),
        (0xaa29, 0xaa2e),
        (0xaa31, 0xaa32),
        (0xaa35, 0xaa36),
        (0xaa43, 0xaa43),
        (0xaa4c, 0xaa4c),
        (0xaa70, 0xaa70),
        (0xaa7c, 0xaa7c),
        (0xaab0, 0xaab0),
        (0xaab2, 0xaab4),
        (0xaab7, 0xaab8),
        (0xaabe, 0xaabf),
        (0xaac1, 0xaac1),
        (0xaadd, 0xaadd),
        (0xaaec, 0xaaed),
        (0xaaf3, 0xaaf4),
        (0xaaf6, 0xaaf6),
        (0xab5b, 0xab5f),
        (0xab69, 0xab6b),
        (0xabe5, 0xabe5),
        (0xabe8, 0xabe8),
        (0xabed, 0xabed),
        (0xfb1e, 0xfb1e),
        (0xfbb2, 0xfbc2),
        (0xfe00, 0xfe0f),
        (0xfe13, 0xfe13),
        (0xfe20, 0xfe2f),
        (0xfe52, 0xfe52),
        (0xfe55, 0xfe55),
        (0xfeff, 0xfeff),
        (0xff07, 0xff07),
        (0xff0e, 0xff0e),
        (0xff1a, 0xff1a),
        (0xff3e, 0xff3e),
        (0xff40, 0xff40),
        (0xff70, 0xff70),
        (0xff9e, 0xff9f),
        (0xffe3, 0xffe3),
        (0xfff9, 0xfffb),
        (0x101fd, 0x101fd),
        (0x102e0, 0x102e0),
        (0x10376, 0x1037a),
        (0x10780, 0x10785),
        (0x10787, 0x107b0),
        (0x107b2, 0x107ba),
        (0x10a01, 0x10a03),
        (0x10a05, 0x10a06),
        (0x10a0c, 0x10a0f),
        (0x10a38, 0x10a3a),
        (0x10a3f, 0x10a3f),
        (0x10ae5, 0x10ae6),
        (0x10d24, 0x10d27),
        (0x10d4e, 0x10d4e),
        (0x10d69, 0x10d6d),
        (0x10d6f, 0x10d6f),
        (0x10eab, 0x10eac),
        (0x10ec5, 0x10ec5),
        (0x10efa, 0x10eff),
        (0x10f46, 0x10f50),
        (0x10f82, 0x10f85),
        (0x11001, 0x11001),
        (0x11038, 0x11046),
        (0x11070, 0x11070),
        (0x11073, 0x11074),
        (0x1107f, 0x11081),
        (0x110b3, 0x110b6),
        (0x110b9, 0x110ba),
        (0x110bd, 0x110bd),
        (0x110c2, 0x110c2),
        (0x110cd, 0x110cd),
        (0x11100, 0x11102),
        (0x11127, 0x1112b),
        (0x1112d, 0x11134),
        (0x11173, 0x11173),
        (0x11180, 0x11181),
        (0x111b6, 0x111be),
        (0x111c9, 0x111cc),
        (0x111cf, 0x111cf),
        (0x1122f, 0x11231),
        (0x11234, 0x11234),
        (0x11236, 0x11237),
        (0x1123e, 0x1123e),
        (0x11241, 0x11241),
        (0x112df, 0x112df),
        (0x112e3, 0x112ea),
        (0x11300, 0x11301),
        (0x1133b, 0x1133c),
        (0x11340, 0x11340),
        (0x11366, 0x1136c),
        (0x11370, 0x11374),
        (0x113bb, 0x113c0),
        (0x113ce, 0x113ce),
        (0x113d0, 0x113d0),
        (0x113d2, 0x113d2),
        (0x113e1, 0x113e2),
        (0x11438, 0x1143f),
        (0x11442, 0x11444),
        (0x11446, 0x11446),
        (0x1145e, 0x1145e),
        (0x114b3, 0x114b8),
        (0x114ba, 0x114ba),
        (0x114bf, 0x114c0),
        (0x114c2, 0x114c3),
        (0x115b2, 0x115b5),
        (0x115bc, 0x115bd),
        (0x115bf, 0x115c0),
        (0x115dc, 0x115dd),
        (0x11633, 0x1163a),
        (0x1163d, 0x1163d),
        (0x1163f, 0x11640),
        (0x116ab, 0x116ab),
        (0x116ad, 0x116ad),
        (0x116b0, 0x116b5),
        (0x116b7, 0x116b7),
        (0x1171d, 0x1171d),
        (0x1171f, 0x1171f),
        (0x11722, 0x11725),
        (0x11727, 0x1172b),
        (0x1182f, 0x11837),
        (0x11839, 0x1183a),
        (0x1193b, 0x1193c),
        (0x1193e, 0x1193e),
        (0x11943, 0x11943),
        (0x119d4, 0x119d7),
        (0x119da, 0x119db),
        (0x119e0, 0x119e0),
        (0x11a01, 0x11a0a),
        (0x11a33, 0x11a38),
        (0x11a3b, 0x11a3e),
        (0x11a47, 0x11a47),
        (0x11a51, 0x11a56),
        (0x11a59, 0x11a5b),
        (0x11a8a, 0x11a96),
        (0x11a98, 0x11a99),
        (0x11b60, 0x11b60),
        (0x11b62, 0x11b64),
        (0x11b66, 0x11b66),
        (0x11c30, 0x11c36),
        (0x11c38, 0x11c3d),
        (0x11c3f, 0x11c3f),
        (0x11c92, 0x11ca7),
        (0x11caa, 0x11cb0),
        (0x11cb2, 0x11cb3),
        (0x11cb5, 0x11cb6),
        (0x11d31, 0x11d36),
        (0x11d3a, 0x11d3a),
        (0x11d3c, 0x11d3d),
        (0x11d3f, 0x11d45),
        (0x11d47, 0x11d47),
        (0x11d90, 0x11d91),
        (0x11d95, 0x11d95),
        (0x11d97, 0x11d97),
        (0x11dd9, 0x11dd9),
        (0x11ef3, 0x11ef4),
        (0x11f00, 0x11f01),
        (0x11f36, 0x11f3a),
        (0x11f40, 0x11f40),
        (0x11f42, 0x11f42),
        (0x11f5a, 0x11f5a),
        (0x13430, 0x13440),
        (0x13447, 0x13455),
        (0x1611e, 0x16129),
        (0x1612d, 0x1612f),
        (0x16af0, 0x16af4),
        (0x16b30, 0x16b36),
        (0x16b40, 0x16b43),
        (0x16d40, 0x16d42),
        (0x16d6b, 0x16d6c),
        (0x16f4f, 0x16f4f),
        (0x16f8f, 0x16f9f),
        (0x16fe0, 0x16fe1),
        (0x16fe3, 0x16fe4),
        (0x16ff2, 0x16ff3),
        (0x1aff0, 0x1aff3),
        (0x1aff5, 0x1affb),
        (0x1affd, 0x1affe),
        (0x1bc9d, 0x1bc9e),
        (0x1bca0, 0x1bca3),
        (0x1cf00, 0x1cf2d),
        (0x1cf30, 0x1cf46),
        (0x1d167, 0x1d169),
        (0x1d173, 0x1d182),
        (0x1d185, 0x1d18b),
        (0x1d1aa, 0x1d1ad),
        (0x1d242, 0x1d244),
        (0x1da00, 0x1da36),
        (0x1da3b, 0x1da6c),
        (0x1da75, 0x1da75),
        (0x1da84, 0x1da84),
        (0x1da9b, 0x1da9f),
        (0x1daa1, 0x1daaf),
        (0x1e000, 0x1e006),
        (0x1e008, 0x1e018),
        (0x1e01b, 0x1e021),
        (0x1e023, 0x1e024),
        (0x1e026, 0x1e02a),
        (0x1e030, 0x1e06d),
        (0x1e08f, 0x1e08f),
        (0x1e130, 0x1e13d),
        (0x1e2ae, 0x1e2ae),
        (0x1e2ec, 0x1e2ef),
        (0x1e4eb, 0x1e4ef),
        (0x1e5ee, 0x1e5ef),
        (0x1e6e3, 0x1e6e3),
        (0x1e6e6, 0x1e6e6),
        (0x1e6ee, 0x1e6ef),
        (0x1e6f5, 0x1e6f5),
        (0x1e6ff, 0x1e6ff),
        (0x1e8d0, 0x1e8d6),
        (0x1e944, 0x1e94b),
        (0x1f3fb, 0x1f3ff),
        (0xe0001, 0xe0001),
        (0xe0020, 0xe007f),
        (0xe0100, 0xe01ef),
    ],
    &[
        (0x41, 0x5a),
        (0x61, 0x7a),
        (0xaa, 0xaa),
        (0xb5, 0xb5),
        (0xba, 0xba),
        (0xc0, 0xd6),
        (0xd8, 0xf6),
        (0xf8, 0x1ba),
        (0x1bc, 0x1bf),
        (0x1c4, 0x293),
        (0x296, 0x2b8),
        (0x2c0, 0x2c1),
        (0x2e0, 0x2e4),
        (0x345, 0x345),
        (0x370, 0x373),
        (0x376, 0x377),
        (0x37a, 0x37d),
        (0x37f, 0x37f),
        (0x386, 0x386),
        (0x388, 0x38a),
        (0x38c, 0x38c),
        (0x38e, 0x3a1),
        (0x3a3, 0x3f5),
        (0x3f7, 0x481),
        (0x48a, 0x52f),
        (0x531, 0x556),
        (0x560, 0x588),
        (0x10a0, 0x10c5),
        (0x10c7, 0x10c7),
        (0x10cd, 0x10cd),
        (0x10d0, 0x10fa),
        (0x10fc, 0x10ff),
        (0x13a0, 0x13f5),
        (0x13f8, 0x13fd),
        (0x1c80, 0x1c8a),
        (0x1c90, 0x1cba),
        (0x1cbd, 0x1cbf),
        (0x1d00, 0x1dbf),
        (0x1e00, 0x1f15),
        (0x1f18, 0x1f1d),
        (0x1f20, 0x1f45),
        (0x1f48, 0x1f4d),
        (0x1f50, 0x1f57),
        (0x1f59, 0x1f59),
        (0x1f5b, 0x1f5b),
        (0x1f5d, 0x1f5d),
        (0x1f5f, 0x1f7d),
        (0x1f80, 0x1fb4),
        (0x1fb6, 0x1fbc),
        (0x1fbe, 0x1fbe),
        (0x1fc2, 0x1fc4),
        (0x1fc6, 0x1fcc),
        (0x1fd0, 0x1fd3),
        (0x1fd6, 0x1fdb),
        (0x1fe0, 0x1fec),
        (0x1ff2, 0x1ff4),
        (0x1ff6, 0x1ffc),
        (0x2071, 0x2071),
        (0x207f, 0x207f),
        (0x2090, 0x209c),
        (0x2102, 0x2102),
        (0x2107, 0x2107),
        (0x210a, 0x2113),
        (0x2115, 0x2115),
        (0x2119, 0x211d),
        (0x2124, 0x2124),
        (0x2126, 0x2126),
        (0x2128, 0x2128),
        (0x212a, 0x212d),
        (0x212f, 0x2134),
        (0x2139, 0x2139),
        (0x213c, 0x213f),
        (0x2145, 0x2149),
        (0x214e, 0x214e),
        (0x2160, 0x217f),
        (0x2183, 0x2184),
        (0x24b6, 0x24e9),
        (0x2c00, 0x2ce4),
        (0x2ceb, 0x2cee),
        (0x2cf2, 0x2cf3),
        (0x2d00, 0x2d25),
        (0x2d27, 0x2d27),
        (0x2d2d, 0x2d2d),
        (0xa640, 0xa66d),
        (0xa680, 0xa69d),
        (0xa722, 0xa787),
        (0xa78b, 0xa78e),
        (0xa790, 0xa7dc),
        (0xa7f1, 0xa7f6),
        (0xa7f8, 0xa7fa),
        (0xab30, 0xab5a),
        (0xab5c, 0xab69),
        (0xab70, 0xabbf),
        (0xfb00, 0xfb06),
        (0xfb13, 0xfb17),
        (0xff21, 0xff3a),
        (0xff41, 0xff5a),
        (0x10400, 0x1044f),
        (0x104b0, 0x104d3),
        (0x104d8, 0x104fb),
        (0x10570, 0x1057a),
        (0x1057c, 0x1058a),
        (0x1058c, 0x10592),
        (0x10594, 0x10595),
        (0x10597, 0x105a1),
        (0x105a3, 0x105b1),
        (0x105b3, 0x105b9),
        (0x105bb, 0x105bc),
        (0x10780, 0x10780),
        (0x10783, 0x10785),
        (0x10787, 0x107b0),
        (0x107b2, 0x107ba),
        (0x10c80, 0x10cb2),
        (0x10cc0, 0x10cf2),
        (0x10d50, 0x10d65),
        (0x10d70, 0x10d85),
        (0x118a0, 0x118df),
        (0x16e40, 0x16e7f),
        (0x16ea0, 0x16eb8),
        (0x16ebb, 0x16ed3),
        (0x1d400, 0x1d454),
        (0x1d456, 0x1d49c),
        (0x1d49e, 0x1d49f),
        (0x1d4a2, 0x1d4a2),
        (0x1d4a5, 0x1d4a6),
        (0x1d4a9, 0x1d4ac),
        (0x1d4ae, 0x1d4b9),
        (0x1d4bb, 0x1d4bb),
        (0x1d4bd, 0x1d4c3),
        (0x1d4c5, 0x1d505),
        (0x1d507, 0x1d50a),
        (0x1d50d, 0x1d514),
        (0x1d516, 0x1d51c),
        (0x1d51e, 0x1d539),
        (0x1d53b, 0x1d53e),
        (0x1d540, 0x1d544),
        (0x1d546, 0x1d546),
        (0x1d54a, 0x1d550),
        (0x1d552, 0x1d6a5),
        (0x1d6a8, 0x1d6c0),
        (0x1d6c2, 0x1d6da),
        (0x1d6dc, 0x1d6fa),
        (0x1d6fc, 0x1d714),
        (0x1d716, 0x1d734),
        (0x1d736, 0x1d74e),
        (0x1d750, 0x1d76e),
        (0x1d770, 0x1d788),
        (0x1d78a, 0x1d7a8),
        (0x1d7aa, 0x1d7c2),
        (0x1d7c4, 0x1d7cb),
        (0x1df00, 0x1df09),
        (0x1df0b, 0x1df1e),
        (0x1df25, 0x1df2a),
        (0x1e030, 0x1e06d),
        (0x1e900, 0x1e943),
        (0x1f130, 0x1f149),
        (0x1f150, 0x1f169),
        (0x1f170, 0x1f189),
    ],
    &[
        (0x41, 0x5a),
        (0xb5, 0xb5),
        (0xc0, 0xd6),
        (0xd8, 0xdf),
        (0x100, 0x100),
        (0x102, 0x102),
        (0x104, 0x104),
        (0x106, 0x106),
        (0x108, 0x108),
        (0x10a, 0x10a),
        (0x10c, 0x10c),
        (0x10e, 0x10e),
        (0x110, 0x110),
        (0x112, 0x112),
        (0x114, 0x114),
        (0x116, 0x116),
        (0x118, 0x118),
        (0x11a, 0x11a),
        (0x11c, 0x11c),
        (0x11e, 0x11e),
        (0x120, 0x120),
        (0x122, 0x122),
        (0x124, 0x124),
        (0x126, 0x126),
        (0x128, 0x128),
        (0x12a, 0x12a),
        (0x12c, 0x12c),
        (0x12e, 0x12e),
        (0x130, 0x130),
        (0x132, 0x132),
        (0x134, 0x134),
        (0x136, 0x136),
        (0x139, 0x139),
        (0x13b, 0x13b),
        (0x13d, 0x13d),
        (0x13f, 0x13f),
        (0x141, 0x141),
        (0x143, 0x143),
        (0x145, 0x145),
        (0x147, 0x147),
        (0x149, 0x14a),
        (0x14c, 0x14c),
        (0x14e, 0x14e),
        (0x150, 0x150),
        (0x152, 0x152),
        (0x154, 0x154),
        (0x156, 0x156),
        (0x158, 0x158),
        (0x15a, 0x15a),
        (0x15c, 0x15c),
        (0x15e, 0x15e),
        (0x160, 0x160),
        (0x162, 0x162),
        (0x164, 0x164),
        (0x166, 0x166),
        (0x168, 0x168),
        (0x16a, 0x16a),
        (0x16c, 0x16c),
        (0x16e, 0x16e),
        (0x170, 0x170),
        (0x172, 0x172),
        (0x174, 0x174),
        (0x176, 0x176),
        (0x178, 0x179),
        (0x17b, 0x17b),
        (0x17d, 0x17d),
        (0x17f, 0x17f),
        (0x181, 0x182),
        (0x184, 0x184),
        (0x186, 0x187),
        (0x189, 0x18b),
        (0x18e, 0x191),
        (0x193, 0x194),
        (0x196, 0x198),
        (0x19c, 0x19d),
        (0x19f, 0x1a0),
        (0x1a2, 0x1a2),
        (0x1a4, 0x1a4),
        (0x1a6, 0x1a7),
        (0x1a9, 0x1a9),
        (0x1ac, 0x1ac),
        (0x1ae, 0x1af),
        (0x1b1, 0x1b3),
        (0x1b5, 0x1b5),
        (0x1b7, 0x1b8),
        (0x1bc, 0x1bc),
        (0x1c4, 0x1c5),
        (0x1c7, 0x1c8),
        (0x1ca, 0x1cb),
        (0x1cd, 0x1cd),
        (0x1cf, 0x1cf),
        (0x1d1, 0x1d1),
        (0x1d3, 0x1d3),
        (0x1d5, 0x1d5),
        (0x1d7, 0x1d7),
        (0x1d9, 0x1d9),
        (0x1db, 0x1db),
        (0x1de, 0x1de),
        (0x1e0, 0x1e0),
        (0x1e2, 0x1e2),
        (0x1e4, 0x1e4),
        (0x1e6, 0x1e6),
        (0x1e8, 0x1e8),
        (0x1ea, 0x1ea),
        (0x1ec, 0x1ec),
        (0x1ee, 0x1ee),
        (0x1f1, 0x1f2),
        (0x1f4, 0x1f4),
        (0x1f6, 0x1f8),
        (0x1fa, 0x1fa),
        (0x1fc, 0x1fc),
        (0x1fe, 0x1fe),
        (0x200, 0x200),
        (0x202, 0x202),
        (0x204, 0x204),
        (0x206, 0x206),
        (0x208, 0x208),
        (0x20a, 0x20a),
        (0x20c, 0x20c),
        (0x20e, 0x20e),
        (0x210, 0x210),
        (0x212, 0x212),
        (0x214, 0x214),
        (0x216, 0x216),
        (0x218, 0x218),
        (0x21a, 0x21a),
        (0x21c, 0x21c),
        (0x21e, 0x21e),
        (0x220, 0x220),
        (0x222, 0x222),
        (0x224, 0x224),
        (0x226, 0x226),
        (0x228, 0x228),
        (0x22a, 0x22a),
        (0x22c, 0x22c),
        (0x22e, 0x22e),
        (0x230, 0x230),
        (0x232, 0x232),
        (0x23a, 0x23b),
        (0x23d, 0x23e),
        (0x241, 0x241),
        (0x243, 0x246),
        (0x248, 0x248),
        (0x24a, 0x24a),
        (0x24c, 0x24c),
        (0x24e, 0x24e),
        (0x345, 0x345),
        (0x370, 0x370),
        (0x372, 0x372),
        (0x376, 0x376),
        (0x37f, 0x37f),
        (0x386, 0x386),
        (0x388, 0x38a),
        (0x38c, 0x38c),
        (0x38e, 0x38f),
        (0x391, 0x3a1),
        (0x3a3, 0x3ab),
        (0x3c2, 0x3c2),
        (0x3cf, 0x3d1),
        (0x3d5, 0x3d6),
        (0x3d8, 0x3d8),
        (0x3da, 0x3da),
        (0x3dc, 0x3dc),
        (0x3de, 0x3de),
        (0x3e0, 0x3e0),
        (0x3e2, 0x3e2),
        (0x3e4, 0x3e4),
        (0x3e6, 0x3e6),
        (0x3e8, 0x3e8),
        (0x3ea, 0x3ea),
        (0x3ec, 0x3ec),
        (0x3ee, 0x3ee),
        (0x3f0, 0x3f1),
        (0x3f4, 0x3f5),
        (0x3f7, 0x3f7),
        (0x3f9, 0x3fa),
        (0x3fd, 0x42f),
        (0x460, 0x460),
        (0x462, 0x462),
        (0x464, 0x464),
        (0x466, 0x466),
        (0x468, 0x468),
        (0x46a, 0x46a),
        (0x46c, 0x46c),
        (0x46e, 0x46e),
        (0x470, 0x470),
        (0x472, 0x472),
        (0x474, 0x474),
        (0x476, 0x476),
        (0x478, 0x478),
        (0x47a, 0x47a),
        (0x47c, 0x47c),
        (0x47e, 0x47e),
        (0x480, 0x480),
        (0x48a, 0x48a),
        (0x48c, 0x48c),
        (0x48e, 0x48e),
        (0x490, 0x490),
        (0x492, 0x492),
        (0x494, 0x494),
        (0x496, 0x496),
        (0x498, 0x498),
        (0x49a, 0x49a),
        (0x49c, 0x49c),
        (0x49e, 0x49e),
        (0x4a0, 0x4a0),
        (0x4a2, 0x4a2),
        (0x4a4, 0x4a4),
        (0x4a6, 0x4a6),
        (0x4a8, 0x4a8),
        (0x4aa, 0x4aa),
        (0x4ac, 0x4ac),
        (0x4ae, 0x4ae),
        (0x4b0, 0x4b0),
        (0x4b2, 0x4b2),
        (0x4b4, 0x4b4),
        (0x4b6, 0x4b6),
        (0x4b8, 0x4b8),
        (0x4ba, 0x4ba),
        (0x4bc, 0x4bc),
        (0x4be, 0x4be),
        (0x4c0, 0x4c1),
        (0x4c3, 0x4c3),
        (0x4c5, 0x4c5),
        (0x4c7, 0x4c7),
        (0x4c9, 0x4c9),
        (0x4cb, 0x4cb),
        (0x4cd, 0x4cd),
        (0x4d0, 0x4d0),
        (0x4d2, 0x4d2),
        (0x4d4, 0x4d4),
        (0x4d6, 0x4d6),
        (0x4d8, 0x4d8),
        (0x4da, 0x4da),
        (0x4dc, 0x4dc),
        (0x4de, 0x4de),
        (0x4e0, 0x4e0),
        (0x4e2, 0x4e2),
        (0x4e4, 0x4e4),
        (0x4e6, 0x4e6),
        (0x4e8, 0x4e8),
        (0x4ea, 0x4ea),
        (0x4ec, 0x4ec),
        (0x4ee, 0x4ee),
        (0x4f0, 0x4f0),
        (0x4f2, 0x4f2),
        (0x4f4, 0x4f4),
        (0x4f6, 0x4f6),
        (0x4f8, 0x4f8),
        (0x4fa, 0x4fa),
        (0x4fc, 0x4fc),
        (0x4fe, 0x4fe),
        (0x500, 0x500),
        (0x502, 0x502),
        (0x504, 0x504),
        (0x506, 0x506),
        (0x508, 0x508),
        (0x50a, 0x50a),
        (0x50c, 0x50c),
        (0x50e, 0x50e),
        (0x510, 0x510),
        (0x512, 0x512),
        (0x514, 0x514),
        (0x516, 0x516),
        (0x518, 0x518),
        (0x51a, 0x51a),
        (0x51c, 0x51c),
        (0x51e, 0x51e),
        (0x520, 0x520),
        (0x522, 0x522),
        (0x524, 0x524),
        (0x526, 0x526),
        (0x528, 0x528),
        (0x52a, 0x52a),
        (0x52c, 0x52c),
        (0x52e, 0x52e),
        (0x531, 0x556),
        (0x587, 0x587),
        (0x10a0, 0x10c5),
        (0x10c7, 0x10c7),
        (0x10cd, 0x10cd),
        (0x13f8, 0x13fd),
        (0x1c80, 0x1c89),
        (0x1c90, 0x1cba),
        (0x1cbd, 0x1cbf),
        (0x1e00, 0x1e00),
        (0x1e02, 0x1e02),
        (0x1e04, 0x1e04),
        (0x1e06, 0x1e06),
        (0x1e08, 0x1e08),
        (0x1e0a, 0x1e0a),
        (0x1e0c, 0x1e0c),
        (0x1e0e, 0x1e0e),
        (0x1e10, 0x1e10),
        (0x1e12, 0x1e12),
        (0x1e14, 0x1e14),
        (0x1e16, 0x1e16),
        (0x1e18, 0x1e18),
        (0x1e1a, 0x1e1a),
        (0x1e1c, 0x1e1c),
        (0x1e1e, 0x1e1e),
        (0x1e20, 0x1e20),
        (0x1e22, 0x1e22),
        (0x1e24, 0x1e24),
        (0x1e26, 0x1e26),
        (0x1e28, 0x1e28),
        (0x1e2a, 0x1e2a),
        (0x1e2c, 0x1e2c),
        (0x1e2e, 0x1e2e),
        (0x1e30, 0x1e30),
        (0x1e32, 0x1e32),
        (0x1e34, 0x1e34),
        (0x1e36, 0x1e36),
        (0x1e38, 0x1e38),
        (0x1e3a, 0x1e3a),
        (0x1e3c, 0x1e3c),
        (0x1e3e, 0x1e3e),
        (0x1e40, 0x1e40),
        (0x1e42, 0x1e42),
        (0x1e44, 0x1e44),
        (0x1e46, 0x1e46),
        (0x1e48, 0x1e48),
        (0x1e4a, 0x1e4a),
        (0x1e4c, 0x1e4c),
        (0x1e4e, 0x1e4e),
        (0x1e50, 0x1e50),
        (0x1e52, 0x1e52),
        (0x1e54, 0x1e54),
        (0x1e56, 0x1e56),
        (0x1e58, 0x1e58),
        (0x1e5a, 0x1e5a),
        (0x1e5c, 0x1e5c),
        (0x1e5e, 0x1e5e),
        (0x1e60, 0x1e60),
        (0x1e62, 0x1e62),
        (0x1e64, 0x1e64),
        (0x1e66, 0x1e66),
        (0x1e68, 0x1e68),
        (0x1e6a, 0x1e6a),
        (0x1e6c, 0x1e6c),
        (0x1e6e, 0x1e6e),
        (0x1e70, 0x1e70),
        (0x1e72, 0x1e72),
        (0x1e74, 0x1e74),
        (0x1e76, 0x1e76),
        (0x1e78, 0x1e78),
        (0x1e7a, 0x1e7a),
        (0x1e7c, 0x1e7c),
        (0x1e7e, 0x1e7e),
        (0x1e80, 0x1e80),
        (0x1e82, 0x1e82),
        (0x1e84, 0x1e84),
        (0x1e86, 0x1e86),
        (0x1e88, 0x1e88),
        (0x1e8a, 0x1e8a),
        (0x1e8c, 0x1e8c),
        (0x1e8e, 0x1e8e),
        (0x1e90, 0x1e90),
        (0x1e92, 0x1e92),
        (0x1e94, 0x1e94),
        (0x1e9a, 0x1e9b),
        (0x1e9e, 0x1e9e),
        (0x1ea0, 0x1ea0),
        (0x1ea2, 0x1ea2),
        (0x1ea4, 0x1ea4),
        (0x1ea6, 0x1ea6),
        (0x1ea8, 0x1ea8),
        (0x1eaa, 0x1eaa),
        (0x1eac, 0x1eac),
        (0x1eae, 0x1eae),
        (0x1eb0, 0x1eb0),
        (0x1eb2, 0x1eb2),
        (0x1eb4, 0x1eb4),
        (0x1eb6, 0x1eb6),
        (0x1eb8, 0x1eb8),
        (0x1eba, 0x1eba),
        (0x1ebc, 0x1ebc),
        (0x1ebe, 0x1ebe),
        (0x1ec0, 0x1ec0),
        (0x1ec2, 0x1ec2),
        (0x1ec4, 0x1ec4),
        (0x1ec6, 0x1ec6),
        (0x1ec8, 0x1ec8),
        (0x1eca, 0x1eca),
        (0x1ecc, 0x1ecc),
        (0x1ece, 0x1ece),
        (0x1ed0, 0x1ed0),
        (0x1ed2, 0x1ed2),
        (0x1ed4, 0x1ed4),
        (0x1ed6, 0x1ed6),
        (0x1ed8, 0x1ed8),
        (0x1eda, 0x1eda),
        (0x1edc, 0x1edc),
        (0x1ede, 0x1ede),
        (0x1ee0, 0x1ee0),
        (0x1ee2, 0x1ee2),
        (0x1ee4, 0x1ee4),
        (0x1ee6, 0x1ee6),
        (0x1ee8, 0x1ee8),
        (0x1eea, 0x1eea),
        (0x1eec, 0x1eec),
        (0x1eee, 0x1eee),
        (0x1ef0, 0x1ef0),
        (0x1ef2, 0x1ef2),
        (0x1ef4, 0x1ef4),
        (0x1ef6, 0x1ef6),
        (0x1ef8, 0x1ef8),
        (0x1efa, 0x1efa),
        (0x1efc, 0x1efc),
        (0x1efe, 0x1efe),
        (0x1f08, 0x1f0f),
        (0x1f18, 0x1f1d),
        (0x1f28, 0x1f2f),
        (0x1f38, 0x1f3f),
        (0x1f48, 0x1f4d),
        (0x1f59, 0x1f59),
        (0x1f5b, 0x1f5b),
        (0x1f5d, 0x1f5d),
        (0x1f5f, 0x1f5f),
        (0x1f68, 0x1f6f),
        (0x1f80, 0x1faf),
        (0x1fb2, 0x1fb4),
        (0x1fb7, 0x1fbc),
        (0x1fc2, 0x1fc4),
        (0x1fc7, 0x1fcc),
        (0x1fd8, 0x1fdb),
        (0x1fe8, 0x1fec),
        (0x1ff2, 0x1ff4),
        (0x1ff7, 0x1ffc),
        (0x2126, 0x2126),
        (0x212a, 0x212b),
        (0x2132, 0x2132),
        (0x2160, 0x216f),
        (0x2183, 0x2183),
        (0x24b6, 0x24cf),
        (0x2c00, 0x2c2f),
        (0x2c60, 0x2c60),
        (0x2c62, 0x2c64),
        (0x2c67, 0x2c67),
        (0x2c69, 0x2c69),
        (0x2c6b, 0x2c6b),
        (0x2c6d, 0x2c70),
        (0x2c72, 0x2c72),
        (0x2c75, 0x2c75),
        (0x2c7e, 0x2c80),
        (0x2c82, 0x2c82),
        (0x2c84, 0x2c84),
        (0x2c86, 0x2c86),
        (0x2c88, 0x2c88),
        (0x2c8a, 0x2c8a),
        (0x2c8c, 0x2c8c),
        (0x2c8e, 0x2c8e),
        (0x2c90, 0x2c90),
        (0x2c92, 0x2c92),
        (0x2c94, 0x2c94),
        (0x2c96, 0x2c96),
        (0x2c98, 0x2c98),
        (0x2c9a, 0x2c9a),
        (0x2c9c, 0x2c9c),
        (0x2c9e, 0x2c9e),
        (0x2ca0, 0x2ca0),
        (0x2ca2, 0x2ca2),
        (0x2ca4, 0x2ca4),
        (0x2ca6, 0x2ca6),
        (0x2ca8, 0x2ca8),
        (0x2caa, 0x2caa),
        (0x2cac, 0x2cac),
        (0x2cae, 0x2cae),
        (0x2cb0, 0x2cb0),
        (0x2cb2, 0x2cb2),
        (0x2cb4, 0x2cb4),
        (0x2cb6, 0x2cb6),
        (0x2cb8, 0x2cb8),
        (0x2cba, 0x2cba),
        (0x2cbc, 0x2cbc),
        (0x2cbe, 0x2cbe),
        (0x2cc0, 0x2cc0),
        (0x2cc2, 0x2cc2),
        (0x2cc4, 0x2cc4),
        (0x2cc6, 0x2cc6),
        (0x2cc8, 0x2cc8),
        (0x2cca, 0x2cca),
        (0x2ccc, 0x2ccc),
        (0x2cce, 0x2cce),
        (0x2cd0, 0x2cd0),
        (0x2cd2, 0x2cd2),
        (0x2cd4, 0x2cd4),
        (0x2cd6, 0x2cd6),
        (0x2cd8, 0x2cd8),
        (0x2cda, 0x2cda),
        (0x2cdc, 0x2cdc),
        (0x2cde, 0x2cde),
        (0x2ce0, 0x2ce0),
        (0x2ce2, 0x2ce2),
        (0x2ceb, 0x2ceb),
        (0x2ced, 0x2ced),
        (0x2cf2, 0x2cf2),
        (0xa640, 0xa640),
        (0xa642, 0xa642),
        (0xa644, 0xa644),
        (0xa646, 0xa646),
        (0xa648, 0xa648),
        (0xa64a, 0xa64a),
        (0xa64c, 0xa64c),
        (0xa64e, 0xa64e),
        (0xa650, 0xa650),
        (0xa652, 0xa652),
        (0xa654, 0xa654),
        (0xa656, 0xa656),
        (0xa658, 0xa658),
        (0xa65a, 0xa65a),
        (0xa65c, 0xa65c),
        (0xa65e, 0xa65e),
        (0xa660, 0xa660),
        (0xa662, 0xa662),
        (0xa664, 0xa664),
        (0xa666, 0xa666),
        (0xa668, 0xa668),
        (0xa66a, 0xa66a),
        (0xa66c, 0xa66c),
        (0xa680, 0xa680),
        (0xa682, 0xa682),
        (0xa684, 0xa684),
        (0xa686, 0xa686),
        (0xa688, 0xa688),
        (0xa68a, 0xa68a),
        (0xa68c, 0xa68c),
        (0xa68e, 0xa68e),
        (0xa690, 0xa690),
        (0xa692, 0xa692),
        (0xa694, 0xa694),
        (0xa696, 0xa696),
        (0xa698, 0xa698),
        (0xa69a, 0xa69a),
        (0xa722, 0xa722),
        (0xa724, 0xa724),
        (0xa726, 0xa726),
        (0xa728, 0xa728),
        (0xa72a, 0xa72a),
        (0xa72c, 0xa72c),
        (0xa72e, 0xa72e),
        (0xa732, 0xa732),
        (0xa734, 0xa734),
        (0xa736, 0xa736),
        (0xa738, 0xa738),
        (0xa73a, 0xa73a),
        (0xa73c, 0xa73c),
        (0xa73e, 0xa73e),
        (0xa740, 0xa740),
        (0xa742, 0xa742),
        (0xa744, 0xa744),
        (0xa746, 0xa746),
        (0xa748, 0xa748),
        (0xa74a, 0xa74a),
        (0xa74c, 0xa74c),
        (0xa74e, 0xa74e),
        (0xa750, 0xa750),
        (0xa752, 0xa752),
        (0xa754, 0xa754),
        (0xa756, 0xa756),
        (0xa758, 0xa758),
        (0xa75a, 0xa75a),
        (0xa75c, 0xa75c),
        (0xa75e, 0xa75e),
        (0xa760, 0xa760),
        (0xa762, 0xa762),
        (0xa764, 0xa764),
        (0xa766, 0xa766),
        (0xa768, 0xa768),
        (0xa76a, 0xa76a),
        (0xa76c, 0xa76c),
        (0xa76e, 0xa76e),
        (0xa779, 0xa779),
        (0xa77b, 0xa77b),
        (0xa77d, 0xa77e),
        (0xa780, 0xa780),
        (0xa782, 0xa782),
        (0xa784, 0xa784),
        (0xa786, 0xa786),
        (0xa78b, 0xa78b),
        (0xa78d, 0xa78d),
        (0xa790, 0xa790),
        (0xa792, 0xa792),
        (0xa796, 0xa796),
        (0xa798, 0xa798),
        (0xa79a, 0xa79a),
        (0xa79c, 0xa79c),
        (0xa79e, 0xa79e),
        (0xa7a0, 0xa7a0),
        (0xa7a2, 0xa7a2),
        (0xa7a4, 0xa7a4),
        (0xa7a6, 0xa7a6),
        (0xa7a8, 0xa7a8),
        (0xa7aa, 0xa7ae),
        (0xa7b0, 0xa7b4),
        (0xa7b6, 0xa7b6),
        (0xa7b8, 0xa7b8),
        (0xa7ba, 0xa7ba),
        (0xa7bc, 0xa7bc),
        (0xa7be, 0xa7be),
        (0xa7c0, 0xa7c0),
        (0xa7c2, 0xa7c2),
        (0xa7c4, 0xa7c7),
        (0xa7c9, 0xa7c9),
        (0xa7cb, 0xa7cc),
        (0xa7ce, 0xa7ce),
        (0xa7d0, 0xa7d0),
        (0xa7d2, 0xa7d2),
        (0xa7d4, 0xa7d4),
        (0xa7d6, 0xa7d6),
        (0xa7d8, 0xa7d8),
        (0xa7da, 0xa7da),
        (0xa7dc, 0xa7dc),
        (0xa7f5, 0xa7f5),
        (0xab70, 0xabbf),
        (0xfb00, 0xfb06),
        (0xfb13, 0xfb17),
        (0xff21, 0xff3a),
        (0x10400, 0x10427),
        (0x104b0, 0x104d3),
        (0x10570, 0x1057a),
        (0x1057c, 0x1058a),
        (0x1058c, 0x10592),
        (0x10594, 0x10595),
        (0x10c80, 0x10cb2),
        (0x10d50, 0x10d65),
        (0x118a0, 0x118bf),
        (0x16e40, 0x16e5f),
        (0x16ea0, 0x16eb8),
        (0x1e900, 0x1e921),
    ],
    &[
        (0x41, 0x5a),
        (0x61, 0x7a),
        (0xb5, 0xb5),
        (0xc0, 0xd6),
        (0xd8, 0xf6),
        (0xf8, 0x137),
        (0x139, 0x18c),
        (0x18e, 0x1a9),
        (0x1ac, 0x1b9),
        (0x1bc, 0x1bd),
        (0x1bf, 0x1bf),
        (0x1c4, 0x220),
        (0x222, 0x233),
        (0x23a, 0x254),
        (0x256, 0x257),
        (0x259, 0x259),
        (0x25b, 0x25c),
        (0x260, 0x261),
        (0x263, 0x266),
        (0x268, 0x26c),
        (0x26f, 0x26f),
        (0x271, 0x272),
        (0x275, 0x275),
        (0x27d, 0x27d),
        (0x280, 0x280),
        (0x282, 0x283),
        (0x287, 0x28c),
        (0x292, 0x292),
        (0x29d, 0x29e),
        (0x345, 0x345),
        (0x370, 0x373),
        (0x376, 0x377),
        (0x37b, 0x37d),
        (0x37f, 0x37f),
        (0x386, 0x386),
        (0x388, 0x38a),
        (0x38c, 0x38c),
        (0x38e, 0x3a1),
        (0x3a3, 0x3d1),
        (0x3d5, 0x3f5),
        (0x3f7, 0x3fb),
        (0x3fd, 0x481),
        (0x48a, 0x52f),
        (0x531, 0x556),
        (0x561, 0x587),
        (0x10a0, 0x10c5),
        (0x10c7, 0x10c7),
        (0x10cd, 0x10cd),
        (0x10d0, 0x10fa),
        (0x10fd, 0x10ff),
        (0x13a0, 0x13f5),
        (0x13f8, 0x13fd),
        (0x1c80, 0x1c8a),
        (0x1c90, 0x1cba),
        (0x1cbd, 0x1cbf),
        (0x1d79, 0x1d79),
        (0x1d7d, 0x1d7d),
        (0x1d8e, 0x1d8e),
        (0x1e00, 0x1e9b),
        (0x1e9e, 0x1e9e),
        (0x1ea0, 0x1f15),
        (0x1f18, 0x1f1d),
        (0x1f20, 0x1f45),
        (0x1f48, 0x1f4d),
        (0x1f50, 0x1f57),
        (0x1f59, 0x1f59),
        (0x1f5b, 0x1f5b),
        (0x1f5d, 0x1f5d),
        (0x1f5f, 0x1f7d),
        (0x1f80, 0x1fb4),
        (0x1fb6, 0x1fbc),
        (0x1fbe, 0x1fbe),
        (0x1fc2, 0x1fc4),
        (0x1fc6, 0x1fcc),
        (0x1fd0, 0x1fd3),
        (0x1fd6, 0x1fdb),
        (0x1fe0, 0x1fec),
        (0x1ff2, 0x1ff4),
        (0x1ff6, 0x1ffc),
        (0x2126, 0x2126),
        (0x212a, 0x212b),
        (0x2132, 0x2132),
        (0x214e, 0x214e),
        (0x2160, 0x217f),
        (0x2183, 0x2184),
        (0x24b6, 0x24e9),
        (0x2c00, 0x2c70),
        (0x2c72, 0x2c73),
        (0x2c75, 0x2c76),
        (0x2c7e, 0x2ce3),
        (0x2ceb, 0x2cee),
        (0x2cf2, 0x2cf3),
        (0x2d00, 0x2d25),
        (0x2d27, 0x2d27),
        (0x2d2d, 0x2d2d),
        (0xa640, 0xa66d),
        (0xa680, 0xa69b),
        (0xa722, 0xa72f),
        (0xa732, 0xa76f),
        (0xa779, 0xa787),
        (0xa78b, 0xa78d),
        (0xa790, 0xa794),
        (0xa796, 0xa7ae),
        (0xa7b0, 0xa7dc),
        (0xa7f5, 0xa7f6),
        (0xab53, 0xab53),
        (0xab70, 0xabbf),
        (0xfb00, 0xfb06),
        (0xfb13, 0xfb17),
        (0xff21, 0xff3a),
        (0xff41, 0xff5a),
        (0x10400, 0x1044f),
        (0x104b0, 0x104d3),
        (0x104d8, 0x104fb),
        (0x10570, 0x1057a),
        (0x1057c, 0x1058a),
        (0x1058c, 0x10592),
        (0x10594, 0x10595),
        (0x10597, 0x105a1),
        (0x105a3, 0x105b1),
        (0x105b3, 0x105b9),
        (0x105bb, 0x105bc),
        (0x10c80, 0x10cb2),
        (0x10cc0, 0x10cf2),
        (0x10d50, 0x10d65),
        (0x10d70, 0x10d85),
        (0x118a0, 0x118df),
        (0x16e40, 0x16e7f),
        (0x16ea0, 0x16eb8),
        (0x16ebb, 0x16ed3),
        (0x1e900, 0x1e943),
    ],
    &[
        (0x41, 0x5a),
        (0xc0, 0xd6),
        (0xd8, 0xde),
        (0x100, 0x100),
        (0x102, 0x102),
        (0x104, 0x104),
        (0x106, 0x106),
        (0x108, 0x108),
        (0x10a, 0x10a),
        (0x10c, 0x10c),
        (0x10e, 0x10e),
        (0x110, 0x110),
        (0x112, 0x112),
        (0x114, 0x114),
        (0x116, 0x116),
        (0x118, 0x118),
        (0x11a, 0x11a),
        (0x11c, 0x11c),
        (0x11e, 0x11e),
        (0x120, 0x120),
        (0x122, 0x122),
        (0x124, 0x124),
        (0x126, 0x126),
        (0x128, 0x128),
        (0x12a, 0x12a),
        (0x12c, 0x12c),
        (0x12e, 0x12e),
        (0x130, 0x130),
        (0x132, 0x132),
        (0x134, 0x134),
        (0x136, 0x136),
        (0x139, 0x139),
        (0x13b, 0x13b),
        (0x13d, 0x13d),
        (0x13f, 0x13f),
        (0x141, 0x141),
        (0x143, 0x143),
        (0x145, 0x145),
        (0x147, 0x147),
        (0x14a, 0x14a),
        (0x14c, 0x14c),
        (0x14e, 0x14e),
        (0x150, 0x150),
        (0x152, 0x152),
        (0x154, 0x154),
        (0x156, 0x156),
        (0x158, 0x158),
        (0x15a, 0x15a),
        (0x15c, 0x15c),
        (0x15e, 0x15e),
        (0x160, 0x160),
        (0x162, 0x162),
        (0x164, 0x164),
        (0x166, 0x166),
        (0x168, 0x168),
        (0x16a, 0x16a),
        (0x16c, 0x16c),
        (0x16e, 0x16e),
        (0x170, 0x170),
        (0x172, 0x172),
        (0x174, 0x174),
        (0x176, 0x176),
        (0x178, 0x179),
        (0x17b, 0x17b),
        (0x17d, 0x17d),
        (0x181, 0x182),
        (0x184, 0x184),
        (0x186, 0x187),
        (0x189, 0x18b),
        (0x18e, 0x191),
        (0x193, 0x194),
        (0x196, 0x198),
        (0x19c, 0x19d),
        (0x19f, 0x1a0),
        (0x1a2, 0x1a2),
        (0x1a4, 0x1a4),
        (0x1a6, 0x1a7),
        (0x1a9, 0x1a9),
        (0x1ac, 0x1ac),
        (0x1ae, 0x1af),
        (0x1b1, 0x1b3),
        (0x1b5, 0x1b5),
        (0x1b7, 0x1b8),
        (0x1bc, 0x1bc),
        (0x1c4, 0x1c5),
        (0x1c7, 0x1c8),
        (0x1ca, 0x1cb),
        (0x1cd, 0x1cd),
        (0x1cf, 0x1cf),
        (0x1d1, 0x1d1),
        (0x1d3, 0x1d3),
        (0x1d5, 0x1d5),
        (0x1d7, 0x1d7),
        (0x1d9, 0x1d9),
        (0x1db, 0x1db),
        (0x1de, 0x1de),
        (0x1e0, 0x1e0),
        (0x1e2, 0x1e2),
        (0x1e4, 0x1e4),
        (0x1e6, 0x1e6),
        (0x1e8, 0x1e8),
        (0x1ea, 0x1ea),
        (0x1ec, 0x1ec),
        (0x1ee, 0x1ee),
        (0x1f1, 0x1f2),
        (0x1f4, 0x1f4),
        (0x1f6, 0x1f8),
        (0x1fa, 0x1fa),
        (0x1fc, 0x1fc),
        (0x1fe, 0x1fe),
        (0x200, 0x200),
        (0x202, 0x202),
        (0x204, 0x204),
        (0x206, 0x206),
        (0x208, 0x208),
        (0x20a, 0x20a),
        (0x20c, 0x20c),
        (0x20e, 0x20e),
        (0x210, 0x210),
        (0x212, 0x212),
        (0x214, 0x214),
        (0x216, 0x216),
        (0x218, 0x218),
        (0x21a, 0x21a),
        (0x21c, 0x21c),
        (0x21e, 0x21e),
        (0x220, 0x220),
        (0x222, 0x222),
        (0x224, 0x224),
        (0x226, 0x226),
        (0x228, 0x228),
        (0x22a, 0x22a),
        (0x22c, 0x22c),
        (0x22e, 0x22e),
        (0x230, 0x230),
        (0x232, 0x232),
        (0x23a, 0x23b),
        (0x23d, 0x23e),
        (0x241, 0x241),
        (0x243, 0x246),
        (0x248, 0x248),
        (0x24a, 0x24a),
        (0x24c, 0x24c),
        (0x24e, 0x24e),
        (0x370, 0x370),
        (0x372, 0x372),
        (0x376, 0x376),
        (0x37f, 0x37f),
        (0x386, 0x386),
        (0x388, 0x38a),
        (0x38c, 0x38c),
        (0x38e, 0x38f),
        (0x391, 0x3a1),
        (0x3a3, 0x3ab),
        (0x3cf, 0x3cf),
        (0x3d8, 0x3d8),
        (0x3da, 0x3da),
        (0x3dc, 0x3dc),
        (0x3de, 0x3de),
        (0x3e0, 0x3e0),
        (0x3e2, 0x3e2),
        (0x3e4, 0x3e4),
        (0x3e6, 0x3e6),
        (0x3e8, 0x3e8),
        (0x3ea, 0x3ea),
        (0x3ec, 0x3ec),
        (0x3ee, 0x3ee),
        (0x3f4, 0x3f4),
        (0x3f7, 0x3f7),
        (0x3f9, 0x3fa),
        (0x3fd, 0x42f),
        (0x460, 0x460),
        (0x462, 0x462),
        (0x464, 0x464),
        (0x466, 0x466),
        (0x468, 0x468),
        (0x46a, 0x46a),
        (0x46c, 0x46c),
        (0x46e, 0x46e),
        (0x470, 0x470),
        (0x472, 0x472),
        (0x474, 0x474),
        (0x476, 0x476),
        (0x478, 0x478),
        (0x47a, 0x47a),
        (0x47c, 0x47c),
        (0x47e, 0x47e),
        (0x480, 0x480),
        (0x48a, 0x48a),
        (0x48c, 0x48c),
        (0x48e, 0x48e),
        (0x490, 0x490),
        (0x492, 0x492),
        (0x494, 0x494),
        (0x496, 0x496),
        (0x498, 0x498),
        (0x49a, 0x49a),
        (0x49c, 0x49c),
        (0x49e, 0x49e),
        (0x4a0, 0x4a0),
        (0x4a2, 0x4a2),
        (0x4a4, 0x4a4),
        (0x4a6, 0x4a6),
        (0x4a8, 0x4a8),
        (0x4aa, 0x4aa),
        (0x4ac, 0x4ac),
        (0x4ae, 0x4ae),
        (0x4b0, 0x4b0),
        (0x4b2, 0x4b2),
        (0x4b4, 0x4b4),
        (0x4b6, 0x4b6),
        (0x4b8, 0x4b8),
        (0x4ba, 0x4ba),
        (0x4bc, 0x4bc),
        (0x4be, 0x4be),
        (0x4c0, 0x4c1),
        (0x4c3, 0x4c3),
        (0x4c5, 0x4c5),
        (0x4c7, 0x4c7),
        (0x4c9, 0x4c9),
        (0x4cb, 0x4cb),
        (0x4cd, 0x4cd),
        (0x4d0, 0x4d0),
        (0x4d2, 0x4d2),
        (0x4d4, 0x4d4),
        (0x4d6, 0x4d6),
        (0x4d8, 0x4d8),
        (0x4da, 0x4da),
        (0x4dc, 0x4dc),
        (0x4de, 0x4de),
        (0x4e0, 0x4e0),
        (0x4e2, 0x4e2),
        (0x4e4, 0x4e4),
        (0x4e6, 0x4e6),
        (0x4e8, 0x4e8),
        (0x4ea, 0x4ea),
        (0x4ec, 0x4ec),
        (0x4ee, 0x4ee),
        (0x4f0, 0x4f0),
        (0x4f2, 0x4f2),
        (0x4f4, 0x4f4),
        (0x4f6, 0x4f6),
        (0x4f8, 0x4f8),
        (0x4fa, 0x4fa),
        (0x4fc, 0x4fc),
        (0x4fe, 0x4fe),
        (0x500, 0x500),
        (0x502, 0x502),
        (0x504, 0x504),
        (0x506, 0x506),
        (0x508, 0x508),
        (0x50a, 0x50a),
        (0x50c, 0x50c),
        (0x50e, 0x50e),
        (0x510, 0x510),
        (0x512, 0x512),
        (0x514, 0x514),
        (0x516, 0x516),
        (0x518, 0x518),
        (0x51a, 0x51a),
        (0x51c, 0x51c),
        (0x51e, 0x51e),
        (0x520, 0x520),
        (0x522, 0x522),
        (0x524, 0x524),
        (0x526, 0x526),
        (0x528, 0x528),
        (0x52a, 0x52a),
        (0x52c, 0x52c),
        (0x52e, 0x52e),
        (0x531, 0x556),
        (0x10a0, 0x10c5),
        (0x10c7, 0x10c7),
        (0x10cd, 0x10cd),
        (0x13a0, 0x13f5),
        (0x1c89, 0x1c89),
        (0x1c90, 0x1cba),
        (0x1cbd, 0x1cbf),
        (0x1e00, 0x1e00),
        (0x1e02, 0x1e02),
        (0x1e04, 0x1e04),
        (0x1e06, 0x1e06),
        (0x1e08, 0x1e08),
        (0x1e0a, 0x1e0a),
        (0x1e0c, 0x1e0c),
        (0x1e0e, 0x1e0e),
        (0x1e10, 0x1e10),
        (0x1e12, 0x1e12),
        (0x1e14, 0x1e14),
        (0x1e16, 0x1e16),
        (0x1e18, 0x1e18),
        (0x1e1a, 0x1e1a),
        (0x1e1c, 0x1e1c),
        (0x1e1e, 0x1e1e),
        (0x1e20, 0x1e20),
        (0x1e22, 0x1e22),
        (0x1e24, 0x1e24),
        (0x1e26, 0x1e26),
        (0x1e28, 0x1e28),
        (0x1e2a, 0x1e2a),
        (0x1e2c, 0x1e2c),
        (0x1e2e, 0x1e2e),
        (0x1e30, 0x1e30),
        (0x1e32, 0x1e32),
        (0x1e34, 0x1e34),
        (0x1e36, 0x1e36),
        (0x1e38, 0x1e38),
        (0x1e3a, 0x1e3a),
        (0x1e3c, 0x1e3c),
        (0x1e3e, 0x1e3e),
        (0x1e40, 0x1e40),
        (0x1e42, 0x1e42),
        (0x1e44, 0x1e44),
        (0x1e46, 0x1e46),
        (0x1e48, 0x1e48),
        (0x1e4a, 0x1e4a),
        (0x1e4c, 0x1e4c),
        (0x1e4e, 0x1e4e),
        (0x1e50, 0x1e50),
        (0x1e52, 0x1e52),
        (0x1e54, 0x1e54),
        (0x1e56, 0x1e56),
        (0x1e58, 0x1e58),
        (0x1e5a, 0x1e5a),
        (0x1e5c, 0x1e5c),
        (0x1e5e, 0x1e5e),
        (0x1e60, 0x1e60),
        (0x1e62, 0x1e62),
        (0x1e64, 0x1e64),
        (0x1e66, 0x1e66),
        (0x1e68, 0x1e68),
        (0x1e6a, 0x1e6a),
        (0x1e6c, 0x1e6c),
        (0x1e6e, 0x1e6e),
        (0x1e70, 0x1e70),
        (0x1e72, 0x1e72),
        (0x1e74, 0x1e74),
        (0x1e76, 0x1e76),
        (0x1e78, 0x1e78),
        (0x1e7a, 0x1e7a),
        (0x1e7c, 0x1e7c),
        (0x1e7e, 0x1e7e),
        (0x1e80, 0x1e80),
        (0x1e82, 0x1e82),
        (0x1e84, 0x1e84),
        (0x1e86, 0x1e86),
        (0x1e88, 0x1e88),
        (0x1e8a, 0x1e8a),
        (0x1e8c, 0x1e8c),
        (0x1e8e, 0x1e8e),
        (0x1e90, 0x1e90),
        (0x1e92, 0x1e92),
        (0x1e94, 0x1e94),
        (0x1e9e, 0x1e9e),
        (0x1ea0, 0x1ea0),
        (0x1ea2, 0x1ea2),
        (0x1ea4, 0x1ea4),
        (0x1ea6, 0x1ea6),
        (0x1ea8, 0x1ea8),
        (0x1eaa, 0x1eaa),
        (0x1eac, 0x1eac),
        (0x1eae, 0x1eae),
        (0x1eb0, 0x1eb0),
        (0x1eb2, 0x1eb2),
        (0x1eb4, 0x1eb4),
        (0x1eb6, 0x1eb6),
        (0x1eb8, 0x1eb8),
        (0x1eba, 0x1eba),
        (0x1ebc, 0x1ebc),
        (0x1ebe, 0x1ebe),
        (0x1ec0, 0x1ec0),
        (0x1ec2, 0x1ec2),
        (0x1ec4, 0x1ec4),
        (0x1ec6, 0x1ec6),
        (0x1ec8, 0x1ec8),
        (0x1eca, 0x1eca),
        (0x1ecc, 0x1ecc),
        (0x1ece, 0x1ece),
        (0x1ed0, 0x1ed0),
        (0x1ed2, 0x1ed2),
        (0x1ed4, 0x1ed4),
        (0x1ed6, 0x1ed6),
        (0x1ed8, 0x1ed8),
        (0x1eda, 0x1eda),
        (0x1edc, 0x1edc),
        (0x1ede, 0x1ede),
        (0x1ee0, 0x1ee0),
        (0x1ee2, 0x1ee2),
        (0x1ee4, 0x1ee4),
        (0x1ee6, 0x1ee6),
        (0x1ee8, 0x1ee8),
        (0x1eea, 0x1eea),
        (0x1eec, 0x1eec),
        (0x1eee, 0x1eee),
        (0x1ef0, 0x1ef0),
        (0x1ef2, 0x1ef2),
        (0x1ef4, 0x1ef4),
        (0x1ef6, 0x1ef6),
        (0x1ef8, 0x1ef8),
        (0x1efa, 0x1efa),
        (0x1efc, 0x1efc),
        (0x1efe, 0x1efe),
        (0x1f08, 0x1f0f),
        (0x1f18, 0x1f1d),
        (0x1f28, 0x1f2f),
        (0x1f38, 0x1f3f),
        (0x1f48, 0x1f4d),
        (0x1f59, 0x1f59),
        (0x1f5b, 0x1f5b),
        (0x1f5d, 0x1f5d),
        (0x1f5f, 0x1f5f),
        (0x1f68, 0x1f6f),
        (0x1f88, 0x1f8f),
        (0x1f98, 0x1f9f),
        (0x1fa8, 0x1faf),
        (0x1fb8, 0x1fbc),
        (0x1fc8, 0x1fcc),
        (0x1fd8, 0x1fdb),
        (0x1fe8, 0x1fec),
        (0x1ff8, 0x1ffc),
        (0x2126, 0x2126),
        (0x212a, 0x212b),
        (0x2132, 0x2132),
        (0x2160, 0x216f),
        (0x2183, 0x2183),
        (0x24b6, 0x24cf),
        (0x2c00, 0x2c2f),
        (0x2c60, 0x2c60),
        (0x2c62, 0x2c64),
        (0x2c67, 0x2c67),
        (0x2c69, 0x2c69),
        (0x2c6b, 0x2c6b),
        (0x2c6d, 0x2c70),
        (0x2c72, 0x2c72),
        (0x2c75, 0x2c75),
        (0x2c7e, 0x2c80),
        (0x2c82, 0x2c82),
        (0x2c84, 0x2c84),
        (0x2c86, 0x2c86),
        (0x2c88, 0x2c88),
        (0x2c8a, 0x2c8a),
        (0x2c8c, 0x2c8c),
        (0x2c8e, 0x2c8e),
        (0x2c90, 0x2c90),
        (0x2c92, 0x2c92),
        (0x2c94, 0x2c94),
        (0x2c96, 0x2c96),
        (0x2c98, 0x2c98),
        (0x2c9a, 0x2c9a),
        (0x2c9c, 0x2c9c),
        (0x2c9e, 0x2c9e),
        (0x2ca0, 0x2ca0),
        (0x2ca2, 0x2ca2),
        (0x2ca4, 0x2ca4),
        (0x2ca6, 0x2ca6),
        (0x2ca8, 0x2ca8),
        (0x2caa, 0x2caa),
        (0x2cac, 0x2cac),
        (0x2cae, 0x2cae),
        (0x2cb0, 0x2cb0),
        (0x2cb2, 0x2cb2),
        (0x2cb4, 0x2cb4),
        (0x2cb6, 0x2cb6),
        (0x2cb8, 0x2cb8),
        (0x2cba, 0x2cba),
        (0x2cbc, 0x2cbc),
        (0x2cbe, 0x2cbe),
        (0x2cc0, 0x2cc0),
        (0x2cc2, 0x2cc2),
        (0x2cc4, 0x2cc4),
        (0x2cc6, 0x2cc6),
        (0x2cc8, 0x2cc8),
        (0x2cca, 0x2cca),
        (0x2ccc, 0x2ccc),
        (0x2cce, 0x2cce),
        (0x2cd0, 0x2cd0),
        (0x2cd2, 0x2cd2),
        (0x2cd4, 0x2cd4),
        (0x2cd6, 0x2cd6),
        (0x2cd8, 0x2cd8),
        (0x2cda, 0x2cda),
        (0x2cdc, 0x2cdc),
        (0x2cde, 0x2cde),
        (0x2ce0, 0x2ce0),
        (0x2ce2, 0x2ce2),
        (0x2ceb, 0x2ceb),
        (0x2ced, 0x2ced),
        (0x2cf2, 0x2cf2),
        (0xa640, 0xa640),
        (0xa642, 0xa642),
        (0xa644, 0xa644),
        (0xa646, 0xa646),
        (0xa648, 0xa648),
        (0xa64a, 0xa64a),
        (0xa64c, 0xa64c),
        (0xa64e, 0xa64e),
        (0xa650, 0xa650),
        (0xa652, 0xa652),
        (0xa654, 0xa654),
        (0xa656, 0xa656),
        (0xa658, 0xa658),
        (0xa65a, 0xa65a),
        (0xa65c, 0xa65c),
        (0xa65e, 0xa65e),
        (0xa660, 0xa660),
        (0xa662, 0xa662),
        (0xa664, 0xa664),
        (0xa666, 0xa666),
        (0xa668, 0xa668),
        (0xa66a, 0xa66a),
        (0xa66c, 0xa66c),
        (0xa680, 0xa680),
        (0xa682, 0xa682),
        (0xa684, 0xa684),
        (0xa686, 0xa686),
        (0xa688, 0xa688),
        (0xa68a, 0xa68a),
        (0xa68c, 0xa68c),
        (0xa68e, 0xa68e),
        (0xa690, 0xa690),
        (0xa692, 0xa692),
        (0xa694, 0xa694),
        (0xa696, 0xa696),
        (0xa698, 0xa698),
        (0xa69a, 0xa69a),
        (0xa722, 0xa722),
        (0xa724, 0xa724),
        (0xa726, 0xa726),
        (0xa728, 0xa728),
        (0xa72a, 0xa72a),
        (0xa72c, 0xa72c),
        (0xa72e, 0xa72e),
        (0xa732, 0xa732),
        (0xa734, 0xa734),
        (0xa736, 0xa736),
        (0xa738, 0xa738),
        (0xa73a, 0xa73a),
        (0xa73c, 0xa73c),
        (0xa73e, 0xa73e),
        (0xa740, 0xa740),
        (0xa742, 0xa742),
        (0xa744, 0xa744),
        (0xa746, 0xa746),
        (0xa748, 0xa748),
        (0xa74a, 0xa74a),
        (0xa74c, 0xa74c),
        (0xa74e, 0xa74e),
        (0xa750, 0xa750),
        (0xa752, 0xa752),
        (0xa754, 0xa754),
        (0xa756, 0xa756),
        (0xa758, 0xa758),
        (0xa75a, 0xa75a),
        (0xa75c, 0xa75c),
        (0xa75e, 0xa75e),
        (0xa760, 0xa760),
        (0xa762, 0xa762),
        (0xa764, 0xa764),
        (0xa766, 0xa766),
        (0xa768, 0xa768),
        (0xa76a, 0xa76a),
        (0xa76c, 0xa76c),
        (0xa76e, 0xa76e),
        (0xa779, 0xa779),
        (0xa77b, 0xa77b),
        (0xa77d, 0xa77e),
        (0xa780, 0xa780),
        (0xa782, 0xa782),
        (0xa784, 0xa784),
        (0xa786, 0xa786),
        (0xa78b, 0xa78b),
        (0xa78d, 0xa78d),
        (0xa790, 0xa790),
        (0xa792, 0xa792),
        (0xa796, 0xa796),
        (0xa798, 0xa798),
        (0xa79a, 0xa79a),
        (0xa79c, 0xa79c),
        (0xa79e, 0xa79e),
        (0xa7a0, 0xa7a0),
        (0xa7a2, 0xa7a2),
        (0xa7a4, 0xa7a4),
        (0xa7a6, 0xa7a6),
        (0xa7a8, 0xa7a8),
        (0xa7aa, 0xa7ae),
        (0xa7b0, 0xa7b4),
        (0xa7b6, 0xa7b6),
        (0xa7b8, 0xa7b8),
        (0xa7ba, 0xa7ba),
        (0xa7bc, 0xa7bc),
        (0xa7be, 0xa7be),
        (0xa7c0, 0xa7c0),
        (0xa7c2, 0xa7c2),
        (0xa7c4, 0xa7c7),
        (0xa7c9, 0xa7c9),
        (0xa7cb, 0xa7cc),
        (0xa7ce, 0xa7ce),
        (0xa7d0, 0xa7d0),
        (0xa7d2, 0xa7d2),
        (0xa7d4, 0xa7d4),
        (0xa7d6, 0xa7d6),
        (0xa7d8, 0xa7d8),
        (0xa7da, 0xa7da),
        (0xa7dc, 0xa7dc),
        (0xa7f5, 0xa7f5),
        (0xff21, 0xff3a),
        (0x10400, 0x10427),
        (0x104b0, 0x104d3),
        (0x10570, 0x1057a),
        (0x1057c, 0x1058a),
        (0x1058c, 0x10592),
        (0x10594, 0x10595),
        (0x10c80, 0x10cb2),
        (0x10d50, 0x10d65),
        (0x118a0, 0x118bf),
        (0x16e40, 0x16e5f),
        (0x16ea0, 0x16eb8),
        (0x1e900, 0x1e921),
    ],
    &[
        (0x61, 0x7a),
        (0xb5, 0xb5),
        (0xdf, 0xf6),
        (0xf8, 0xff),
        (0x101, 0x101),
        (0x103, 0x103),
        (0x105, 0x105),
        (0x107, 0x107),
        (0x109, 0x109),
        (0x10b, 0x10b),
        (0x10d, 0x10d),
        (0x10f, 0x10f),
        (0x111, 0x111),
        (0x113, 0x113),
        (0x115, 0x115),
        (0x117, 0x117),
        (0x119, 0x119),
        (0x11b, 0x11b),
        (0x11d, 0x11d),
        (0x11f, 0x11f),
        (0x121, 0x121),
        (0x123, 0x123),
        (0x125, 0x125),
        (0x127, 0x127),
        (0x129, 0x129),
        (0x12b, 0x12b),
        (0x12d, 0x12d),
        (0x12f, 0x12f),
        (0x131, 0x131),
        (0x133, 0x133),
        (0x135, 0x135),
        (0x137, 0x137),
        (0x13a, 0x13a),
        (0x13c, 0x13c),
        (0x13e, 0x13e),
        (0x140, 0x140),
        (0x142, 0x142),
        (0x144, 0x144),
        (0x146, 0x146),
        (0x148, 0x149),
        (0x14b, 0x14b),
        (0x14d, 0x14d),
        (0x14f, 0x14f),
        (0x151, 0x151),
        (0x153, 0x153),
        (0x155, 0x155),
        (0x157, 0x157),
        (0x159, 0x159),
        (0x15b, 0x15b),
        (0x15d, 0x15d),
        (0x15f, 0x15f),
        (0x161, 0x161),
        (0x163, 0x163),
        (0x165, 0x165),
        (0x167, 0x167),
        (0x169, 0x169),
        (0x16b, 0x16b),
        (0x16d, 0x16d),
        (0x16f, 0x16f),
        (0x171, 0x171),
        (0x173, 0x173),
        (0x175, 0x175),
        (0x177, 0x177),
        (0x17a, 0x17a),
        (0x17c, 0x17c),
        (0x17e, 0x180),
        (0x183, 0x183),
        (0x185, 0x185),
        (0x188, 0x188),
        (0x18c, 0x18c),
        (0x192, 0x192),
        (0x195, 0x195),
        (0x199, 0x19b),
        (0x19e, 0x19e),
        (0x1a1, 0x1a1),
        (0x1a3, 0x1a3),
        (0x1a5, 0x1a5),
        (0x1a8, 0x1a8),
        (0x1ad, 0x1ad),
        (0x1b0, 0x1b0),
        (0x1b4, 0x1b4),
        (0x1b6, 0x1b6),
        (0x1b9, 0x1b9),
        (0x1bd, 0x1bd),
        (0x1bf, 0x1bf),
        (0x1c4, 0x1c4),
        (0x1c6, 0x1c7),
        (0x1c9, 0x1ca),
        (0x1cc, 0x1cc),
        (0x1ce, 0x1ce),
        (0x1d0, 0x1d0),
        (0x1d2, 0x1d2),
        (0x1d4, 0x1d4),
        (0x1d6, 0x1d6),
        (0x1d8, 0x1d8),
        (0x1da, 0x1da),
        (0x1dc, 0x1dd),
        (0x1df, 0x1df),
        (0x1e1, 0x1e1),
        (0x1e3, 0x1e3),
        (0x1e5, 0x1e5),
        (0x1e7, 0x1e7),
        (0x1e9, 0x1e9),
        (0x1eb, 0x1eb),
        (0x1ed, 0x1ed),
        (0x1ef, 0x1f1),
        (0x1f3, 0x1f3),
        (0x1f5, 0x1f5),
        (0x1f9, 0x1f9),
        (0x1fb, 0x1fb),
        (0x1fd, 0x1fd),
        (0x1ff, 0x1ff),
        (0x201, 0x201),
        (0x203, 0x203),
        (0x205, 0x205),
        (0x207, 0x207),
        (0x209, 0x209),
        (0x20b, 0x20b),
        (0x20d, 0x20d),
        (0x20f, 0x20f),
        (0x211, 0x211),
        (0x213, 0x213),
        (0x215, 0x215),
        (0x217, 0x217),
        (0x219, 0x219),
        (0x21b, 0x21b),
        (0x21d, 0x21d),
        (0x21f, 0x21f),
        (0x223, 0x223),
        (0x225, 0x225),
        (0x227, 0x227),
        (0x229, 0x229),
        (0x22b, 0x22b),
        (0x22d, 0x22d),
        (0x22f, 0x22f),
        (0x231, 0x231),
        (0x233, 0x233),
        (0x23c, 0x23c),
        (0x23f, 0x240),
        (0x242, 0x242),
        (0x247, 0x247),
        (0x249, 0x249),
        (0x24b, 0x24b),
        (0x24d, 0x24d),
        (0x24f, 0x254),
        (0x256, 0x257),
        (0x259, 0x259),
        (0x25b, 0x25c),
        (0x260, 0x261),
        (0x263, 0x266),
        (0x268, 0x26c),
        (0x26f, 0x26f),
        (0x271, 0x272),
        (0x275, 0x275),
        (0x27d, 0x27d),
        (0x280, 0x280),
        (0x282, 0x283),
        (0x287, 0x28c),
        (0x292, 0x292),
        (0x29d, 0x29e),
        (0x345, 0x345),
        (0x371, 0x371),
        (0x373, 0x373),
        (0x377, 0x377),
        (0x37b, 0x37d),
        (0x390, 0x390),
        (0x3ac, 0x3ce),
        (0x3d0, 0x3d1),
        (0x3d5, 0x3d7),
        (0x3d9, 0x3d9),
        (0x3db, 0x3db),
        (0x3dd, 0x3dd),
        (0x3df, 0x3df),
        (0x3e1, 0x3e1),
        (0x3e3, 0x3e3),
        (0x3e5, 0x3e5),
        (0x3e7, 0x3e7),
        (0x3e9, 0x3e9),
        (0x3eb, 0x3eb),
        (0x3ed, 0x3ed),
        (0x3ef, 0x3f3),
        (0x3f5, 0x3f5),
        (0x3f8, 0x3f8),
        (0x3fb, 0x3fb),
        (0x430, 0x45f),
        (0x461, 0x461),
        (0x463, 0x463),
        (0x465, 0x465),
        (0x467, 0x467),
        (0x469, 0x469),
        (0x46b, 0x46b),
        (0x46d, 0x46d),
        (0x46f, 0x46f),
        (0x471, 0x471),
        (0x473, 0x473),
        (0x475, 0x475),
        (0x477, 0x477),
        (0x479, 0x479),
        (0x47b, 0x47b),
        (0x47d, 0x47d),
        (0x47f, 0x47f),
        (0x481, 0x481),
        (0x48b, 0x48b),
        (0x48d, 0x48d),
        (0x48f, 0x48f),
        (0x491, 0x491),
        (0x493, 0x493),
        (0x495, 0x495),
        (0x497, 0x497),
        (0x499, 0x499),
        (0x49b, 0x49b),
        (0x49d, 0x49d),
        (0x49f, 0x49f),
        (0x4a1, 0x4a1),
        (0x4a3, 0x4a3),
        (0x4a5, 0x4a5),
        (0x4a7, 0x4a7),
        (0x4a9, 0x4a9),
        (0x4ab, 0x4ab),
        (0x4ad, 0x4ad),
        (0x4af, 0x4af),
        (0x4b1, 0x4b1),
        (0x4b3, 0x4b3),
        (0x4b5, 0x4b5),
        (0x4b7, 0x4b7),
        (0x4b9, 0x4b9),
        (0x4bb, 0x4bb),
        (0x4bd, 0x4bd),
        (0x4bf, 0x4bf),
        (0x4c2, 0x4c2),
        (0x4c4, 0x4c4),
        (0x4c6, 0x4c6),
        (0x4c8, 0x4c8),
        (0x4ca, 0x4ca),
        (0x4cc, 0x4cc),
        (0x4ce, 0x4cf),
        (0x4d1, 0x4d1),
        (0x4d3, 0x4d3),
        (0x4d5, 0x4d5),
        (0x4d7, 0x4d7),
        (0x4d9, 0x4d9),
        (0x4db, 0x4db),
        (0x4dd, 0x4dd),
        (0x4df, 0x4df),
        (0x4e1, 0x4e1),
        (0x4e3, 0x4e3),
        (0x4e5, 0x4e5),
        (0x4e7, 0x4e7),
        (0x4e9, 0x4e9),
        (0x4eb, 0x4eb),
        (0x4ed, 0x4ed),
        (0x4ef, 0x4ef),
        (0x4f1, 0x4f1),
        (0x4f3, 0x4f3),
        (0x4f5, 0x4f5),
        (0x4f7, 0x4f7),
        (0x4f9, 0x4f9),
        (0x4fb, 0x4fb),
        (0x4fd, 0x4fd),
        (0x4ff, 0x4ff),
        (0x501, 0x501),
        (0x503, 0x503),
        (0x505, 0x505),
        (0x507, 0x507),
        (0x509, 0x509),
        (0x50b, 0x50b),
        (0x50d, 0x50d),
        (0x50f, 0x50f),
        (0x511, 0x511),
        (0x513, 0x513),
        (0x515, 0x515),
        (0x517, 0x517),
        (0x519, 0x519),
        (0x51b, 0x51b),
        (0x51d, 0x51d),
        (0x51f, 0x51f),
        (0x521, 0x521),
        (0x523, 0x523),
        (0x525, 0x525),
        (0x527, 0x527),
        (0x529, 0x529),
        (0x52b, 0x52b),
        (0x52d, 0x52d),
        (0x52f, 0x52f),
        (0x561, 0x587),
        (0x13f8, 0x13fd),
        (0x1c80, 0x1c88),
        (0x1c8a, 0x1c8a),
        (0x1d79, 0x1d79),
        (0x1d7d, 0x1d7d),
        (0x1d8e, 0x1d8e),
        (0x1e01, 0x1e01),
        (0x1e03, 0x1e03),
        (0x1e05, 0x1e05),
        (0x1e07, 0x1e07),
        (0x1e09, 0x1e09),
        (0x1e0b, 0x1e0b),
        (0x1e0d, 0x1e0d),
        (0x1e0f, 0x1e0f),
        (0x1e11, 0x1e11),
        (0x1e13, 0x1e13),
        (0x1e15, 0x1e15),
        (0x1e17, 0x1e17),
        (0x1e19, 0x1e19),
        (0x1e1b, 0x1e1b),
        (0x1e1d, 0x1e1d),
        (0x1e1f, 0x1e1f),
        (0x1e21, 0x1e21),
        (0x1e23, 0x1e23),
        (0x1e25, 0x1e25),
        (0x1e27, 0x1e27),
        (0x1e29, 0x1e29),
        (0x1e2b, 0x1e2b),
        (0x1e2d, 0x1e2d),
        (0x1e2f, 0x1e2f),
        (0x1e31, 0x1e31),
        (0x1e33, 0x1e33),
        (0x1e35, 0x1e35),
        (0x1e37, 0x1e37),
        (0x1e39, 0x1e39),
        (0x1e3b, 0x1e3b),
        (0x1e3d, 0x1e3d),
        (0x1e3f, 0x1e3f),
        (0x1e41, 0x1e41),
        (0x1e43, 0x1e43),
        (0x1e45, 0x1e45),
        (0x1e47, 0x1e47),
        (0x1e49, 0x1e49),
        (0x1e4b, 0x1e4b),
        (0x1e4d, 0x1e4d),
        (0x1e4f, 0x1e4f),
        (0x1e51, 0x1e51),
        (0x1e53, 0x1e53),
        (0x1e55, 0x1e55),
        (0x1e57, 0x1e57),
        (0x1e59, 0x1e59),
        (0x1e5b, 0x1e5b),
        (0x1e5d, 0x1e5d),
        (0x1e5f, 0x1e5f),
        (0x1e61, 0x1e61),
        (0x1e63, 0x1e63),
        (0x1e65, 0x1e65),
        (0x1e67, 0x1e67),
        (0x1e69, 0x1e69),
        (0x1e6b, 0x1e6b),
        (0x1e6d, 0x1e6d),
        (0x1e6f, 0x1e6f),
        (0x1e71, 0x1e71),
        (0x1e73, 0x1e73),
        (0x1e75, 0x1e75),
        (0x1e77, 0x1e77),
        (0x1e79, 0x1e79),
        (0x1e7b, 0x1e7b),
        (0x1e7d, 0x1e7d),
        (0x1e7f, 0x1e7f),
        (0x1e81, 0x1e81),
        (0x1e83, 0x1e83),
        (0x1e85, 0x1e85),
        (0x1e87, 0x1e87),
        (0x1e89, 0x1e89),
        (0x1e8b, 0x1e8b),
        (0x1e8d, 0x1e8d),
        (0x1e8f, 0x1e8f),
        (0x1e91, 0x1e91),
        (0x1e93, 0x1e93),
        (0x1e95, 0x1e9b),
        (0x1ea1, 0x1ea1),
        (0x1ea3, 0x1ea3),
        (0x1ea5, 0x1ea5),
        (0x1ea7, 0x1ea7),
        (0x1ea9, 0x1ea9),
        (0x1eab, 0x1eab),
        (0x1ead, 0x1ead),
        (0x1eaf, 0x1eaf),
        (0x1eb1, 0x1eb1),
        (0x1eb3, 0x1eb3),
        (0x1eb5, 0x1eb5),
        (0x1eb7, 0x1eb7),
        (0x1eb9, 0x1eb9),
        (0x1ebb, 0x1ebb),
        (0x1ebd, 0x1ebd),
        (0x1ebf, 0x1ebf),
        (0x1ec1, 0x1ec1),
        (0x1ec3, 0x1ec3),
        (0x1ec5, 0x1ec5),
        (0x1ec7, 0x1ec7),
        (0x1ec9, 0x1ec9),
        (0x1ecb, 0x1ecb),
        (0x1ecd, 0x1ecd),
        (0x1ecf, 0x1ecf),
        (0x1ed1, 0x1ed1),
        (0x1ed3, 0x1ed3),
        (0x1ed5, 0x1ed5),
        (0x1ed7, 0x1ed7),
        (0x1ed9, 0x1ed9),
        (0x1edb, 0x1edb),
        (0x1edd, 0x1edd),
        (0x1edf, 0x1edf),
        (0x1ee1, 0x1ee1),
        (0x1ee3, 0x1ee3),
        (0x1ee5, 0x1ee5),
        (0x1ee7, 0x1ee7),
        (0x1ee9, 0x1ee9),
        (0x1eeb, 0x1eeb),
        (0x1eed, 0x1eed),
        (0x1eef, 0x1eef),
        (0x1ef1, 0x1ef1),
        (0x1ef3, 0x1ef3),
        (0x1ef5, 0x1ef5),
        (0x1ef7, 0x1ef7),
        (0x1ef9, 0x1ef9),
        (0x1efb, 0x1efb),
        (0x1efd, 0x1efd),
        (0x1eff, 0x1f07),
        (0x1f10, 0x1f15),
        (0x1f20, 0x1f27),
        (0x1f30, 0x1f37),
        (0x1f40, 0x1f45),
        (0x1f50, 0x1f57),
        (0x1f60, 0x1f67),
        (0x1f70, 0x1f7d),
        (0x1f80, 0x1f87),
        (0x1f90, 0x1f97),
        (0x1fa0, 0x1fa7),
        (0x1fb0, 0x1fb4),
        (0x1fb6, 0x1fb7),
        (0x1fbe, 0x1fbe),
        (0x1fc2, 0x1fc4),
        (0x1fc6, 0x1fc7),
        (0x1fd0, 0x1fd3),
        (0x1fd6, 0x1fd7),
        (0x1fe0, 0x1fe7),
        (0x1ff2, 0x1ff4),
        (0x1ff6, 0x1ff7),
        (0x214e, 0x214e),
        (0x2170, 0x217f),
        (0x2184, 0x2184),
        (0x24d0, 0x24e9),
        (0x2c30, 0x2c5f),
        (0x2c61, 0x2c61),
        (0x2c65, 0x2c66),
        (0x2c68, 0x2c68),
        (0x2c6a, 0x2c6a),
        (0x2c6c, 0x2c6c),
        (0x2c73, 0x2c73),
        (0x2c76, 0x2c76),
        (0x2c81, 0x2c81),
        (0x2c83, 0x2c83),
        (0x2c85, 0x2c85),
        (0x2c87, 0x2c87),
        (0x2c89, 0x2c89),
        (0x2c8b, 0x2c8b),
        (0x2c8d, 0x2c8d),
        (0x2c8f, 0x2c8f),
        (0x2c91, 0x2c91),
        (0x2c93, 0x2c93),
        (0x2c95, 0x2c95),
        (0x2c97, 0x2c97),
        (0x2c99, 0x2c99),
        (0x2c9b, 0x2c9b),
        (0x2c9d, 0x2c9d),
        (0x2c9f, 0x2c9f),
        (0x2ca1, 0x2ca1),
        (0x2ca3, 0x2ca3),
        (0x2ca5, 0x2ca5),
        (0x2ca7, 0x2ca7),
        (0x2ca9, 0x2ca9),
        (0x2cab, 0x2cab),
        (0x2cad, 0x2cad),
        (0x2caf, 0x2caf),
        (0x2cb1, 0x2cb1),
        (0x2cb3, 0x2cb3),
        (0x2cb5, 0x2cb5),
        (0x2cb7, 0x2cb7),
        (0x2cb9, 0x2cb9),
        (0x2cbb, 0x2cbb),
        (0x2cbd, 0x2cbd),
        (0x2cbf, 0x2cbf),
        (0x2cc1, 0x2cc1),
        (0x2cc3, 0x2cc3),
        (0x2cc5, 0x2cc5),
        (0x2cc7, 0x2cc7),
        (0x2cc9, 0x2cc9),
        (0x2ccb, 0x2ccb),
        (0x2ccd, 0x2ccd),
        (0x2ccf, 0x2ccf),
        (0x2cd1, 0x2cd1),
        (0x2cd3, 0x2cd3),
        (0x2cd5, 0x2cd5),
        (0x2cd7, 0x2cd7),
        (0x2cd9, 0x2cd9),
        (0x2cdb, 0x2cdb),
        (0x2cdd, 0x2cdd),
        (0x2cdf, 0x2cdf),
        (0x2ce1, 0x2ce1),
        (0x2ce3, 0x2ce3),
        (0x2cec, 0x2cec),
        (0x2cee, 0x2cee),
        (0x2cf3, 0x2cf3),
        (0x2d00, 0x2d25),
        (0x2d27, 0x2d27),
        (0x2d2d, 0x2d2d),
        (0xa641, 0xa641),
        (0xa643, 0xa643),
        (0xa645, 0xa645),
        (0xa647, 0xa647),
        (0xa649, 0xa649),
        (0xa64b, 0xa64b),
        (0xa64d, 0xa64d),
        (0xa64f, 0xa64f),
        (0xa651, 0xa651),
        (0xa653, 0xa653),
        (0xa655, 0xa655),
        (0xa657, 0xa657),
        (0xa659, 0xa659),
        (0xa65b, 0xa65b),
        (0xa65d, 0xa65d),
        (0xa65f, 0xa65f),
        (0xa661, 0xa661),
        (0xa663, 0xa663),
        (0xa665, 0xa665),
        (0xa667, 0xa667),
        (0xa669, 0xa669),
        (0xa66b, 0xa66b),
        (0xa66d, 0xa66d),
        (0xa681, 0xa681),
        (0xa683, 0xa683),
        (0xa685, 0xa685),
        (0xa687, 0xa687),
        (0xa689, 0xa689),
        (0xa68b, 0xa68b),
        (0xa68d, 0xa68d),
        (0xa68f, 0xa68f),
        (0xa691, 0xa691),
        (0xa693, 0xa693),
        (0xa695, 0xa695),
        (0xa697, 0xa697),
        (0xa699, 0xa699),
        (0xa69b, 0xa69b),
        (0xa723, 0xa723),
        (0xa725, 0xa725),
        (0xa727, 0xa727),
        (0xa729, 0xa729),
        (0xa72b, 0xa72b),
        (0xa72d, 0xa72d),
        (0xa72f, 0xa72f),
        (0xa733, 0xa733),
        (0xa735, 0xa735),
        (0xa737, 0xa737),
        (0xa739, 0xa739),
        (0xa73b, 0xa73b),
        (0xa73d, 0xa73d),
        (0xa73f, 0xa73f),
        (0xa741, 0xa741),
        (0xa743, 0xa743),
        (0xa745, 0xa745),
        (0xa747, 0xa747),
        (0xa749, 0xa749),
        (0xa74b, 0xa74b),
        (0xa74d, 0xa74d),
        (0xa74f, 0xa74f),
        (0xa751, 0xa751),
        (0xa753, 0xa753),
        (0xa755, 0xa755),
        (0xa757, 0xa757),
        (0xa759, 0xa759),
        (0xa75b, 0xa75b),
        (0xa75d, 0xa75d),
        (0xa75f, 0xa75f),
        (0xa761, 0xa761),
        (0xa763, 0xa763),
        (0xa765, 0xa765),
        (0xa767, 0xa767),
        (0xa769, 0xa769),
        (0xa76b, 0xa76b),
        (0xa76d, 0xa76d),
        (0xa76f, 0xa76f),
        (0xa77a, 0xa77a),
        (0xa77c, 0xa77c),
        (0xa77f, 0xa77f),
        (0xa781, 0xa781),
        (0xa783, 0xa783),
        (0xa785, 0xa785),
        (0xa787, 0xa787),
        (0xa78c, 0xa78c),
        (0xa791, 0xa791),
        (0xa793, 0xa794),
        (0xa797, 0xa797),
        (0xa799, 0xa799),
        (0xa79b, 0xa79b),
        (0xa79d, 0xa79d),
        (0xa79f, 0xa79f),
        (0xa7a1, 0xa7a1),
        (0xa7a3, 0xa7a3),
        (0xa7a5, 0xa7a5),
        (0xa7a7, 0xa7a7),
        (0xa7a9, 0xa7a9),
        (0xa7b5, 0xa7b5),
        (0xa7b7, 0xa7b7),
        (0xa7b9, 0xa7b9),
        (0xa7bb, 0xa7bb),
        (0xa7bd, 0xa7bd),
        (0xa7bf, 0xa7bf),
        (0xa7c1, 0xa7c1),
        (0xa7c3, 0xa7c3),
        (0xa7c8, 0xa7c8),
        (0xa7ca, 0xa7ca),
        (0xa7cd, 0xa7cd),
        (0xa7cf, 0xa7cf),
        (0xa7d1, 0xa7d1),
        (0xa7d3, 0xa7d3),
        (0xa7d5, 0xa7d5),
        (0xa7d7, 0xa7d7),
        (0xa7d9, 0xa7d9),
        (0xa7db, 0xa7db),
        (0xa7f6, 0xa7f6),
        (0xab53, 0xab53),
        (0xab70, 0xabbf),
        (0xfb00, 0xfb06),
        (0xfb13, 0xfb17),
        (0xff41, 0xff5a),
        (0x10428, 0x1044f),
        (0x104d8, 0x104fb),
        (0x10597, 0x105a1),
        (0x105a3, 0x105b1),
        (0x105b3, 0x105b9),
        (0x105bb, 0x105bc),
        (0x10cc0, 0x10cf2),
        (0x10d70, 0x10d85),
        (0x118c0, 0x118df),
        (0x16e60, 0x16e7f),
        (0x16ebb, 0x16ed3),
        (0x1e922, 0x1e943),
    ],
    &[
        (0x61, 0x7a),
        (0xb5, 0xb5),
        (0xdf, 0xf6),
        (0xf8, 0xff),
        (0x101, 0x101),
        (0x103, 0x103),
        (0x105, 0x105),
        (0x107, 0x107),
        (0x109, 0x109),
        (0x10b, 0x10b),
        (0x10d, 0x10d),
        (0x10f, 0x10f),
        (0x111, 0x111),
        (0x113, 0x113),
        (0x115, 0x115),
        (0x117, 0x117),
        (0x119, 0x119),
        (0x11b, 0x11b),
        (0x11d, 0x11d),
        (0x11f, 0x11f),
        (0x121, 0x121),
        (0x123, 0x123),
        (0x125, 0x125),
        (0x127, 0x127),
        (0x129, 0x129),
        (0x12b, 0x12b),
        (0x12d, 0x12d),
        (0x12f, 0x12f),
        (0x131, 0x131),
        (0x133, 0x133),
        (0x135, 0x135),
        (0x137, 0x137),
        (0x13a, 0x13a),
        (0x13c, 0x13c),
        (0x13e, 0x13e),
        (0x140, 0x140),
        (0x142, 0x142),
        (0x144, 0x144),
        (0x146, 0x146),
        (0x148, 0x149),
        (0x14b, 0x14b),
        (0x14d, 0x14d),
        (0x14f, 0x14f),
        (0x151, 0x151),
        (0x153, 0x153),
        (0x155, 0x155),
        (0x157, 0x157),
        (0x159, 0x159),
        (0x15b, 0x15b),
        (0x15d, 0x15d),
        (0x15f, 0x15f),
        (0x161, 0x161),
        (0x163, 0x163),
        (0x165, 0x165),
        (0x167, 0x167),
        (0x169, 0x169),
        (0x16b, 0x16b),
        (0x16d, 0x16d),
        (0x16f, 0x16f),
        (0x171, 0x171),
        (0x173, 0x173),
        (0x175, 0x175),
        (0x177, 0x177),
        (0x17a, 0x17a),
        (0x17c, 0x17c),
        (0x17e, 0x180),
        (0x183, 0x183),
        (0x185, 0x185),
        (0x188, 0x188),
        (0x18c, 0x18c),
        (0x192, 0x192),
        (0x195, 0x195),
        (0x199, 0x19b),
        (0x19e, 0x19e),
        (0x1a1, 0x1a1),
        (0x1a3, 0x1a3),
        (0x1a5, 0x1a5),
        (0x1a8, 0x1a8),
        (0x1ad, 0x1ad),
        (0x1b0, 0x1b0),
        (0x1b4, 0x1b4),
        (0x1b6, 0x1b6),
        (0x1b9, 0x1b9),
        (0x1bd, 0x1bd),
        (0x1bf, 0x1bf),
        (0x1c5, 0x1c6),
        (0x1c8, 0x1c9),
        (0x1cb, 0x1cc),
        (0x1ce, 0x1ce),
        (0x1d0, 0x1d0),
        (0x1d2, 0x1d2),
        (0x1d4, 0x1d4),
        (0x1d6, 0x1d6),
        (0x1d8, 0x1d8),
        (0x1da, 0x1da),
        (0x1dc, 0x1dd),
        (0x1df, 0x1df),
        (0x1e1, 0x1e1),
        (0x1e3, 0x1e3),
        (0x1e5, 0x1e5),
        (0x1e7, 0x1e7),
        (0x1e9, 0x1e9),
        (0x1eb, 0x1eb),
        (0x1ed, 0x1ed),
        (0x1ef, 0x1f0),
        (0x1f2, 0x1f3),
        (0x1f5, 0x1f5),
        (0x1f9, 0x1f9),
        (0x1fb, 0x1fb),
        (0x1fd, 0x1fd),
        (0x1ff, 0x1ff),
        (0x201, 0x201),
        (0x203, 0x203),
        (0x205, 0x205),
        (0x207, 0x207),
        (0x209, 0x209),
        (0x20b, 0x20b),
        (0x20d, 0x20d),
        (0x20f, 0x20f),
        (0x211, 0x211),
        (0x213, 0x213),
        (0x215, 0x215),
        (0x217, 0x217),
        (0x219, 0x219),
        (0x21b, 0x21b),
        (0x21d, 0x21d),
        (0x21f, 0x21f),
        (0x223, 0x223),
        (0x225, 0x225),
        (0x227, 0x227),
        (0x229, 0x229),
        (0x22b, 0x22b),
        (0x22d, 0x22d),
        (0x22f, 0x22f),
        (0x231, 0x231),
        (0x233, 0x233),
        (0x23c, 0x23c),
        (0x23f, 0x240),
        (0x242, 0x242),
        (0x247, 0x247),
        (0x249, 0x249),
        (0x24b, 0x24b),
        (0x24d, 0x24d),
        (0x24f, 0x254),
        (0x256, 0x257),
        (0x259, 0x259),
        (0x25b, 0x25c),
        (0x260, 0x261),
        (0x263, 0x266),
        (0x268, 0x26c),
        (0x26f, 0x26f),
        (0x271, 0x272),
        (0x275, 0x275),
        (0x27d, 0x27d),
        (0x280, 0x280),
        (0x282, 0x283),
        (0x287, 0x28c),
        (0x292, 0x292),
        (0x29d, 0x29e),
        (0x345, 0x345),
        (0x371, 0x371),
        (0x373, 0x373),
        (0x377, 0x377),
        (0x37b, 0x37d),
        (0x390, 0x390),
        (0x3ac, 0x3ce),
        (0x3d0, 0x3d1),
        (0x3d5, 0x3d7),
        (0x3d9, 0x3d9),
        (0x3db, 0x3db),
        (0x3dd, 0x3dd),
        (0x3df, 0x3df),
        (0x3e1, 0x3e1),
        (0x3e3, 0x3e3),
        (0x3e5, 0x3e5),
        (0x3e7, 0x3e7),
        (0x3e9, 0x3e9),
        (0x3eb, 0x3eb),
        (0x3ed, 0x3ed),
        (0x3ef, 0x3f3),
        (0x3f5, 0x3f5),
        (0x3f8, 0x3f8),
        (0x3fb, 0x3fb),
        (0x430, 0x45f),
        (0x461, 0x461),
        (0x463, 0x463),
        (0x465, 0x465),
        (0x467, 0x467),
        (0x469, 0x469),
        (0x46b, 0x46b),
        (0x46d, 0x46d),
        (0x46f, 0x46f),
        (0x471, 0x471),
        (0x473, 0x473),
        (0x475, 0x475),
        (0x477, 0x477),
        (0x479, 0x479),
        (0x47b, 0x47b),
        (0x47d, 0x47d),
        (0x47f, 0x47f),
        (0x481, 0x481),
        (0x48b, 0x48b),
        (0x48d, 0x48d),
        (0x48f, 0x48f),
        (0x491, 0x491),
        (0x493, 0x493),
        (0x495, 0x495),
        (0x497, 0x497),
        (0x499, 0x499),
        (0x49b, 0x49b),
        (0x49d, 0x49d),
        (0x49f, 0x49f),
        (0x4a1, 0x4a1),
        (0x4a3, 0x4a3),
        (0x4a5, 0x4a5),
        (0x4a7, 0x4a7),
        (0x4a9, 0x4a9),
        (0x4ab, 0x4ab),
        (0x4ad, 0x4ad),
        (0x4af, 0x4af),
        (0x4b1, 0x4b1),
        (0x4b3, 0x4b3),
        (0x4b5, 0x4b5),
        (0x4b7, 0x4b7),
        (0x4b9, 0x4b9),
        (0x4bb, 0x4bb),
        (0x4bd, 0x4bd),
        (0x4bf, 0x4bf),
        (0x4c2, 0x4c2),
        (0x4c4, 0x4c4),
        (0x4c6, 0x4c6),
        (0x4c8, 0x4c8),
        (0x4ca, 0x4ca),
        (0x4cc, 0x4cc),
        (0x4ce, 0x4cf),
        (0x4d1, 0x4d1),
        (0x4d3, 0x4d3),
        (0x4d5, 0x4d5),
        (0x4d7, 0x4d7),
        (0x4d9, 0x4d9),
        (0x4db, 0x4db),
        (0x4dd, 0x4dd),
        (0x4df, 0x4df),
        (0x4e1, 0x4e1),
        (0x4e3, 0x4e3),
        (0x4e5, 0x4e5),
        (0x4e7, 0x4e7),
        (0x4e9, 0x4e9),
        (0x4eb, 0x4eb),
        (0x4ed, 0x4ed),
        (0x4ef, 0x4ef),
        (0x4f1, 0x4f1),
        (0x4f3, 0x4f3),
        (0x4f5, 0x4f5),
        (0x4f7, 0x4f7),
        (0x4f9, 0x4f9),
        (0x4fb, 0x4fb),
        (0x4fd, 0x4fd),
        (0x4ff, 0x4ff),
        (0x501, 0x501),
        (0x503, 0x503),
        (0x505, 0x505),
        (0x507, 0x507),
        (0x509, 0x509),
        (0x50b, 0x50b),
        (0x50d, 0x50d),
        (0x50f, 0x50f),
        (0x511, 0x511),
        (0x513, 0x513),
        (0x515, 0x515),
        (0x517, 0x517),
        (0x519, 0x519),
        (0x51b, 0x51b),
        (0x51d, 0x51d),
        (0x51f, 0x51f),
        (0x521, 0x521),
        (0x523, 0x523),
        (0x525, 0x525),
        (0x527, 0x527),
        (0x529, 0x529),
        (0x52b, 0x52b),
        (0x52d, 0x52d),
        (0x52f, 0x52f),
        (0x561, 0x587),
        (0x10d0, 0x10fa),
        (0x10fd, 0x10ff),
        (0x13f8, 0x13fd),
        (0x1c80, 0x1c88),
        (0x1c8a, 0x1c8a),
        (0x1d79, 0x1d79),
        (0x1d7d, 0x1d7d),
        (0x1d8e, 0x1d8e),
        (0x1e01, 0x1e01),
        (0x1e03, 0x1e03),
        (0x1e05, 0x1e05),
        (0x1e07, 0x1e07),
        (0x1e09, 0x1e09),
        (0x1e0b, 0x1e0b),
        (0x1e0d, 0x1e0d),
        (0x1e0f, 0x1e0f),
        (0x1e11, 0x1e11),
        (0x1e13, 0x1e13),
        (0x1e15, 0x1e15),
        (0x1e17, 0x1e17),
        (0x1e19, 0x1e19),
        (0x1e1b, 0x1e1b),
        (0x1e1d, 0x1e1d),
        (0x1e1f, 0x1e1f),
        (0x1e21, 0x1e21),
        (0x1e23, 0x1e23),
        (0x1e25, 0x1e25),
        (0x1e27, 0x1e27),
        (0x1e29, 0x1e29),
        (0x1e2b, 0x1e2b),
        (0x1e2d, 0x1e2d),
        (0x1e2f, 0x1e2f),
        (0x1e31, 0x1e31),
        (0x1e33, 0x1e33),
        (0x1e35, 0x1e35),
        (0x1e37, 0x1e37),
        (0x1e39, 0x1e39),
        (0x1e3b, 0x1e3b),
        (0x1e3d, 0x1e3d),
        (0x1e3f, 0x1e3f),
        (0x1e41, 0x1e41),
        (0x1e43, 0x1e43),
        (0x1e45, 0x1e45),
        (0x1e47, 0x1e47),
        (0x1e49, 0x1e49),
        (0x1e4b, 0x1e4b),
        (0x1e4d, 0x1e4d),
        (0x1e4f, 0x1e4f),
        (0x1e51, 0x1e51),
        (0x1e53, 0x1e53),
        (0x1e55, 0x1e55),
        (0x1e57, 0x1e57),
        (0x1e59, 0x1e59),
        (0x1e5b, 0x1e5b),
        (0x1e5d, 0x1e5d),
        (0x1e5f, 0x1e5f),
        (0x1e61, 0x1e61),
        (0x1e63, 0x1e63),
        (0x1e65, 0x1e65),
        (0x1e67, 0x1e67),
        (0x1e69, 0x1e69),
        (0x1e6b, 0x1e6b),
        (0x1e6d, 0x1e6d),
        (0x1e6f, 0x1e6f),
        (0x1e71, 0x1e71),
        (0x1e73, 0x1e73),
        (0x1e75, 0x1e75),
        (0x1e77, 0x1e77),
        (0x1e79, 0x1e79),
        (0x1e7b, 0x1e7b),
        (0x1e7d, 0x1e7d),
        (0x1e7f, 0x1e7f),
        (0x1e81, 0x1e81),
        (0x1e83, 0x1e83),
        (0x1e85, 0x1e85),
        (0x1e87, 0x1e87),
        (0x1e89, 0x1e89),
        (0x1e8b, 0x1e8b),
        (0x1e8d, 0x1e8d),
        (0x1e8f, 0x1e8f),
        (0x1e91, 0x1e91),
        (0x1e93, 0x1e93),
        (0x1e95, 0x1e9b),
        (0x1ea1, 0x1ea1),
        (0x1ea3, 0x1ea3),
        (0x1ea5, 0x1ea5),
        (0x1ea7, 0x1ea7),
        (0x1ea9, 0x1ea9),
        (0x1eab, 0x1eab),
        (0x1ead, 0x1ead),
        (0x1eaf, 0x1eaf),
        (0x1eb1, 0x1eb1),
        (0x1eb3, 0x1eb3),
        (0x1eb5, 0x1eb5),
        (0x1eb7, 0x1eb7),
        (0x1eb9, 0x1eb9),
        (0x1ebb, 0x1ebb),
        (0x1ebd, 0x1ebd),
        (0x1ebf, 0x1ebf),
        (0x1ec1, 0x1ec1),
        (0x1ec3, 0x1ec3),
        (0x1ec5, 0x1ec5),
        (0x1ec7, 0x1ec7),
        (0x1ec9, 0x1ec9),
        (0x1ecb, 0x1ecb),
        (0x1ecd, 0x1ecd),
        (0x1ecf, 0x1ecf),
        (0x1ed1, 0x1ed1),
        (0x1ed3, 0x1ed3),
        (0x1ed5, 0x1ed5),
        (0x1ed7, 0x1ed7),
        (0x1ed9, 0x1ed9),
        (0x1edb, 0x1edb),
        (0x1edd, 0x1edd),
        (0x1edf, 0x1edf),
        (0x1ee1, 0x1ee1),
        (0x1ee3, 0x1ee3),
        (0x1ee5, 0x1ee5),
        (0x1ee7, 0x1ee7),
        (0x1ee9, 0x1ee9),
        (0x1eeb, 0x1eeb),
        (0x1eed, 0x1eed),
        (0x1eef, 0x1eef),
        (0x1ef1, 0x1ef1),
        (0x1ef3, 0x1ef3),
        (0x1ef5, 0x1ef5),
        (0x1ef7, 0x1ef7),
        (0x1ef9, 0x1ef9),
        (0x1efb, 0x1efb),
        (0x1efd, 0x1efd),
        (0x1eff, 0x1f07),
        (0x1f10, 0x1f15),
        (0x1f20, 0x1f27),
        (0x1f30, 0x1f37),
        (0x1f40, 0x1f45),
        (0x1f50, 0x1f57),
        (0x1f60, 0x1f67),
        (0x1f70, 0x1f7d),
        (0x1f80, 0x1fb4),
        (0x1fb6, 0x1fb7),
        (0x1fbc, 0x1fbc),
        (0x1fbe, 0x1fbe),
        (0x1fc2, 0x1fc4),
        (0x1fc6, 0x1fc7),
        (0x1fcc, 0x1fcc),
        (0x1fd0, 0x1fd3),
        (0x1fd6, 0x1fd7),
        (0x1fe0, 0x1fe7),
        (0x1ff2, 0x1ff4),
        (0x1ff6, 0x1ff7),
        (0x1ffc, 0x1ffc),
        (0x214e, 0x214e),
        (0x2170, 0x217f),
        (0x2184, 0x2184),
        (0x24d0, 0x24e9),
        (0x2c30, 0x2c5f),
        (0x2c61, 0x2c61),
        (0x2c65, 0x2c66),
        (0x2c68, 0x2c68),
        (0x2c6a, 0x2c6a),
        (0x2c6c, 0x2c6c),
        (0x2c73, 0x2c73),
        (0x2c76, 0x2c76),
        (0x2c81, 0x2c81),
        (0x2c83, 0x2c83),
        (0x2c85, 0x2c85),
        (0x2c87, 0x2c87),
        (0x2c89, 0x2c89),
        (0x2c8b, 0x2c8b),
        (0x2c8d, 0x2c8d),
        (0x2c8f, 0x2c8f),
        (0x2c91, 0x2c91),
        (0x2c93, 0x2c93),
        (0x2c95, 0x2c95),
        (0x2c97, 0x2c97),
        (0x2c99, 0x2c99),
        (0x2c9b, 0x2c9b),
        (0x2c9d, 0x2c9d),
        (0x2c9f, 0x2c9f),
        (0x2ca1, 0x2ca1),
        (0x2ca3, 0x2ca3),
        (0x2ca5, 0x2ca5),
        (0x2ca7, 0x2ca7),
        (0x2ca9, 0x2ca9),
        (0x2cab, 0x2cab),
        (0x2cad, 0x2cad),
        (0x2caf, 0x2caf),
        (0x2cb1, 0x2cb1),
        (0x2cb3, 0x2cb3),
        (0x2cb5, 0x2cb5),
        (0x2cb7, 0x2cb7),
        (0x2cb9, 0x2cb9),
        (0x2cbb, 0x2cbb),
        (0x2cbd, 0x2cbd),
        (0x2cbf, 0x2cbf),
        (0x2cc1, 0x2cc1),
        (0x2cc3, 0x2cc3),
        (0x2cc5, 0x2cc5),
        (0x2cc7, 0x2cc7),
        (0x2cc9, 0x2cc9),
        (0x2ccb, 0x2ccb),
        (0x2ccd, 0x2ccd),
        (0x2ccf, 0x2ccf),
        (0x2cd1, 0x2cd1),
        (0x2cd3, 0x2cd3),
        (0x2cd5, 0x2cd5),
        (0x2cd7, 0x2cd7),
        (0x2cd9, 0x2cd9),
        (0x2cdb, 0x2cdb),
        (0x2cdd, 0x2cdd),
        (0x2cdf, 0x2cdf),
        (0x2ce1, 0x2ce1),
        (0x2ce3, 0x2ce3),
        (0x2cec, 0x2cec),
        (0x2cee, 0x2cee),
        (0x2cf3, 0x2cf3),
        (0x2d00, 0x2d25),
        (0x2d27, 0x2d27),
        (0x2d2d, 0x2d2d),
        (0xa641, 0xa641),
        (0xa643, 0xa643),
        (0xa645, 0xa645),
        (0xa647, 0xa647),
        (0xa649, 0xa649),
        (0xa64b, 0xa64b),
        (0xa64d, 0xa64d),
        (0xa64f, 0xa64f),
        (0xa651, 0xa651),
        (0xa653, 0xa653),
        (0xa655, 0xa655),
        (0xa657, 0xa657),
        (0xa659, 0xa659),
        (0xa65b, 0xa65b),
        (0xa65d, 0xa65d),
        (0xa65f, 0xa65f),
        (0xa661, 0xa661),
        (0xa663, 0xa663),
        (0xa665, 0xa665),
        (0xa667, 0xa667),
        (0xa669, 0xa669),
        (0xa66b, 0xa66b),
        (0xa66d, 0xa66d),
        (0xa681, 0xa681),
        (0xa683, 0xa683),
        (0xa685, 0xa685),
        (0xa687, 0xa687),
        (0xa689, 0xa689),
        (0xa68b, 0xa68b),
        (0xa68d, 0xa68d),
        (0xa68f, 0xa68f),
        (0xa691, 0xa691),
        (0xa693, 0xa693),
        (0xa695, 0xa695),
        (0xa697, 0xa697),
        (0xa699, 0xa699),
        (0xa69b, 0xa69b),
        (0xa723, 0xa723),
        (0xa725, 0xa725),
        (0xa727, 0xa727),
        (0xa729, 0xa729),
        (0xa72b, 0xa72b),
        (0xa72d, 0xa72d),
        (0xa72f, 0xa72f),
        (0xa733, 0xa733),
        (0xa735, 0xa735),
        (0xa737, 0xa737),
        (0xa739, 0xa739),
        (0xa73b, 0xa73b),
        (0xa73d, 0xa73d),
        (0xa73f, 0xa73f),
        (0xa741, 0xa741),
        (0xa743, 0xa743),
        (0xa745, 0xa745),
        (0xa747, 0xa747),
        (0xa749, 0xa749),
        (0xa74b, 0xa74b),
        (0xa74d, 0xa74d),
        (0xa74f, 0xa74f),
        (0xa751, 0xa751),
        (0xa753, 0xa753),
        (0xa755, 0xa755),
        (0xa757, 0xa757),
        (0xa759, 0xa759),
        (0xa75b, 0xa75b),
        (0xa75d, 0xa75d),
        (0xa75f, 0xa75f),
        (0xa761, 0xa761),
        (0xa763, 0xa763),
        (0xa765, 0xa765),
        (0xa767, 0xa767),
        (0xa769, 0xa769),
        (0xa76b, 0xa76b),
        (0xa76d, 0xa76d),
        (0xa76f, 0xa76f),
        (0xa77a, 0xa77a),
        (0xa77c, 0xa77c),
        (0xa77f, 0xa77f),
        (0xa781, 0xa781),
        (0xa783, 0xa783),
        (0xa785, 0xa785),
        (0xa787, 0xa787),
        (0xa78c, 0xa78c),
        (0xa791, 0xa791),
        (0xa793, 0xa794),
        (0xa797, 0xa797),
        (0xa799, 0xa799),
        (0xa79b, 0xa79b),
        (0xa79d, 0xa79d),
        (0xa79f, 0xa79f),
        (0xa7a1, 0xa7a1),
        (0xa7a3, 0xa7a3),
        (0xa7a5, 0xa7a5),
        (0xa7a7, 0xa7a7),
        (0xa7a9, 0xa7a9),
        (0xa7b5, 0xa7b5),
        (0xa7b7, 0xa7b7),
        (0xa7b9, 0xa7b9),
        (0xa7bb, 0xa7bb),
        (0xa7bd, 0xa7bd),
        (0xa7bf, 0xa7bf),
        (0xa7c1, 0xa7c1),
        (0xa7c3, 0xa7c3),
        (0xa7c8, 0xa7c8),
        (0xa7ca, 0xa7ca),
        (0xa7cd, 0xa7cd),
        (0xa7cf, 0xa7cf),
        (0xa7d1, 0xa7d1),
        (0xa7d3, 0xa7d3),
        (0xa7d5, 0xa7d5),
        (0xa7d7, 0xa7d7),
        (0xa7d9, 0xa7d9),
        (0xa7db, 0xa7db),
        (0xa7f6, 0xa7f6),
        (0xab53, 0xab53),
        (0xab70, 0xabbf),
        (0xfb00, 0xfb06),
        (0xfb13, 0xfb17),
        (0xff41, 0xff5a),
        (0x10428, 0x1044f),
        (0x104d8, 0x104fb),
        (0x10597, 0x105a1),
        (0x105a3, 0x105b1),
        (0x105b3, 0x105b9),
        (0x105bb, 0x105bc),
        (0x10cc0, 0x10cf2),
        (0x10d70, 0x10d85),
        (0x118c0, 0x118df),
        (0x16e60, 0x16e7f),
        (0x16ebb, 0x16ed3),
        (0x1e922, 0x1e943),
    ],
    &[
        (0x2d, 0x2d),
        (0x58a, 0x58a),
        (0x5be, 0x5be),
        (0x1400, 0x1400),
        (0x1806, 0x1806),
        (0x2010, 0x2015),
        (0x2053, 0x2053),
        (0x207b, 0x207b),
        (0x208b, 0x208b),
        (0x2212, 0x2212),
        (0x2e17, 0x2e17),
        (0x2e1a, 0x2e1a),
        (0x2e3a, 0x2e3b),
        (0x2e40, 0x2e40),
        (0x2e5d, 0x2e5d),
        (0x301c, 0x301c),
        (0x3030, 0x3030),
        (0x30a0, 0x30a0),
        (0xfe31, 0xfe32),
        (0xfe58, 0xfe58),
        (0xfe63, 0xfe63),
        (0xff0d, 0xff0d),
        (0x10d6e, 0x10d6e),
        (0x10ead, 0x10ead),
    ],
    &[
        (0xad, 0xad),
        (0x34f, 0x34f),
        (0x61c, 0x61c),
        (0x115f, 0x1160),
        (0x17b4, 0x17b5),
        (0x180b, 0x180f),
        (0x200b, 0x200f),
        (0x202a, 0x202e),
        (0x2060, 0x206f),
        (0x3164, 0x3164),
        (0xfe00, 0xfe0f),
        (0xfeff, 0xfeff),
        (0xffa0, 0xffa0),
        (0xfff0, 0xfff8),
        (0x1bca0, 0x1bca3),
        (0x1d173, 0x1d17a),
        (0xe0000, 0xe0fff),
    ],
    &[
        (0x149, 0x149),
        (0x673, 0x673),
        (0xf77, 0xf77),
        (0xf79, 0xf79),
        (0x17a3, 0x17a4),
        (0x206a, 0x206f),
        (0x2329, 0x232a),
        (0xe0001, 0xe0001),
    ],
    &[
        (0x5e, 0x5e),
        (0x60, 0x60),
        (0xa8, 0xa8),
        (0xaf, 0xaf),
        (0xb4, 0xb4),
        (0xb7, 0xb8),
        (0x2b0, 0x34e),
        (0x350, 0x357),
        (0x35d, 0x362),
        (0x374, 0x375),
        (0x37a, 0x37a),
        (0x384, 0x385),
        (0x483, 0x487),
        (0x559, 0x559),
        (0x591, 0x5bd),
        (0x5bf, 0x5bf),
        (0x5c1, 0x5c2),
        (0x5c4, 0x5c5),
        (0x5c7, 0x5c7),
        (0x64b, 0x652),
        (0x657, 0x658),
        (0x6df, 0x6e0),
        (0x6e5, 0x6e6),
        (0x6ea, 0x6ec),
        (0x730, 0x74a),
        (0x7a6, 0x7b0),
        (0x7eb, 0x7f5),
        (0x818, 0x819),
        (0x898, 0x89f),
        (0x8c9, 0x8d2),
        (0x8e3, 0x8fe),
        (0x93c, 0x93c),
        (0x94d, 0x94d),
        (0x951, 0x954),
        (0x971, 0x971),
        (0x9bc, 0x9bc),
        (0x9cd, 0x9cd),
        (0xa3c, 0xa3c),
        (0xa4d, 0xa4d),
        (0xabc, 0xabc),
        (0xacd, 0xacd),
        (0xafd, 0xaff),
        (0xb3c, 0xb3c),
        (0xb4d, 0xb4d),
        (0xb55, 0xb55),
        (0xbcd, 0xbcd),
        (0xc3c, 0xc3c),
        (0xc4d, 0xc4d),
        (0xcbc, 0xcbc),
        (0xccd, 0xccd),
        (0xd3b, 0xd3c),
        (0xd4d, 0xd4d),
        (0xdca, 0xdca),
        (0xe3a, 0xe3a),
        (0xe47, 0xe4c),
        (0xe4e, 0xe4e),
        (0xeba, 0xeba),
        (0xec8, 0xecc),
        (0xf18, 0xf19),
        (0xf35, 0xf35),
        (0xf37, 0xf37),
        (0xf39, 0xf39),
        (0xf3e, 0xf3f),
        (0xf82, 0xf84),
        (0xf86, 0xf87),
        (0xfc6, 0xfc6),
        (0x1037, 0x1037),
        (0x1039, 0x103a),
        (0x1063, 0x1064),
        (0x1069, 0x106d),
        (0x1087, 0x108d),
        (0x108f, 0x108f),
        (0x109a, 0x109b),
        (0x135d, 0x135f),
        (0x1714, 0x1715),
        (0x1734, 0x1734),
        (0x17c9, 0x17d3),
        (0x17dd, 0x17dd),
        (0x1939, 0x193b),
        (0x1a60, 0x1a60),
        (0x1a75, 0x1a7c),
        (0x1a7f, 0x1a7f),
        (0x1ab0, 0x1abe),
        (0x1ac1, 0x1acb),
        (0x1acf, 0x1add),
        (0x1ae0, 0x1aeb),
        (0x1b34, 0x1b34),
        (0x1b44, 0x1b44),
        (0x1b6b, 0x1b73),
        (0x1baa, 0x1bab),
        (0x1be6, 0x1be6),
        (0x1bf2, 0x1bf3),
        (0x1c36, 0x1c37),
        (0x1c78, 0x1c7d),
        (0x1cd0, 0x1ce8),
        (0x1ced, 0x1ced),
        (0x1cf4, 0x1cf4),
        (0x1cf7, 0x1cf9),
        (0x1d2c, 0x1d6a),
        (0x1d9b, 0x1dbe),
        (0x1dc4, 0x1dcf),
        (0x1df5, 0x1dff),
        (0x1fbd, 0x1fbd),
        (0x1fbf, 0x1fc1),
        (0x1fcd, 0x1fcf),
        (0x1fdd, 0x1fdf),
        (0x1fed, 0x1fef),
        (0x1ffd, 0x1ffe),
        (0x2cef, 0x2cf1),
        (0x2e2f, 0x2e2f),
        (0x302a, 0x302f),
        (0x3099, 0x309c),
        (0x30fc, 0x30fc),
        (0xa66f, 0xa66f),
        (0xa67c, 0xa67d),
        (0xa67f, 0xa67f),
        (0xa69c, 0xa69d),
        (0xa6f0, 0xa6f1),
        (0xa700, 0xa721),
        (0xa788, 0xa78a),
        (0xa7f1, 0xa7f1),
        (0xa7f8, 0xa7f9),
        (0xa806, 0xa806),
        (0xa82c, 0xa82c),
        (0xa8c4, 0xa8c4),
        (0xa8e0, 0xa8f1),
        (0xa92b, 0xa92e),
        (0xa953, 0xa953),
        (0xa9b3, 0xa9b3),
        (0xa9c0, 0xa9c0),
        (0xa9e5, 0xa9e5),
        (0xaa7b, 0xaa7d),
        (0xaabf, 0xaac2),
        (0xaaf6, 0xaaf6),
        (0xab5b, 0xab5f),
        (0xab69, 0xab6b),
        (0xabec, 0xabed),
        (0xfb1e, 0xfb1e),
        (0xfe20, 0xfe2f),
        (0xff3e, 0xff3e),
        (0xff40, 0xff40),
        (0xff70, 0xff70),
        (0xff9e, 0xff9f),
        (0xffe3, 0xffe3),
        (0x102e0, 0x102e0),
        (0x10780, 0x10785),
        (0x10787, 0x107b0),
        (0x107b2, 0x107ba),
        (0x10a38, 0x10a3a),
        (0x10a3f, 0x10a3f),
        (0x10ae5, 0x10ae6),
        (0x10d22, 0x10d27),
        (0x10d4e, 0x10d4e),
        (0x10d69, 0x10d6d),
        (0x10efa, 0x10efa),
        (0x10efd, 0x10eff),
        (0x10f46, 0x10f50),
        (0x10f82, 0x10f85),
        (0x11046, 0x11046),
        (0x11070, 0x11070),
        (0x110b9, 0x110ba),
        (0x11133, 0x11134),
        (0x11173, 0x11173),
        (0x111c0, 0x111c0),
        (0x111ca, 0x111cc),
        (0x11235, 0x11236),
        (0x112e9, 0x112ea),
        (0x1133b, 0x1133c),
        (0x1134d, 0x1134d),
        (0x11366, 0x1136c),
        (0x11370, 0x11374),
        (0x113ce, 0x113d0),
        (0x113d2, 0x113d3),
        (0x113e1, 0x113e2),
        (0x11442, 0x11442),
        (0x11446, 0x11446),
        (0x114c2, 0x114c3),
        (0x115bf, 0x115c0),
        (0x1163f, 0x1163f),
        (0x116b6, 0x116b7),
        (0x1172b, 0x1172b),
        (0x11839, 0x1183a),
        (0x1193d, 0x1193e),
        (0x11943, 0x11943),
        (0x119e0, 0x119e0),
        (0x11a34, 0x11a34),
        (0x11a47, 0x11a47),
        (0x11a99, 0x11a99),
        (0x11c3f, 0x11c3f),
        (0x11d42, 0x11d42),
        (0x11d44, 0x11d45),
        (0x11d97, 0x11d97),
        (0x11dd9, 0x11dd9),
        (0x11f41, 0x11f42),
        (0x11f5a, 0x11f5a),
        (0x13447, 0x13455),
        (0x1612f, 0x1612f),
        (0x16af0, 0x16af4),
        (0x16b30, 0x16b36),
        (0x16d6b, 0x16d6c),
        (0x16f8f, 0x16f9f),
        (0x16ff0, 0x16ff1),
        (0x1aff0, 0x1aff3),
        (0x1aff5, 0x1affb),
        (0x1affd, 0x1affe),
        (0x1cf00, 0x1cf2d),
        (0x1cf30, 0x1cf46),
        (0x1d167, 0x1d169),
        (0x1d16d, 0x1d172),
        (0x1d17b, 0x1d182),
        (0x1d185, 0x1d18b),
        (0x1d1aa, 0x1d1ad),
        (0x1e030, 0x1e06d),
        (0x1e130, 0x1e136),
        (0x1e2ae, 0x1e2ae),
        (0x1e2ec, 0x1e2ef),
        (0x1e5ee, 0x1e5ef),
        (0x1e8d0, 0x1e8d6),
        (0x1e944, 0x1e946),
        (0x1e948, 0x1e94a),
    ],
    &[
        (0x23, 0x23),
        (0x2a, 0x2a),
        (0x30, 0x39),
        (0xa9, 0xa9),
        (0xae, 0xae),
        (0x203c, 0x203c),
        (0x2049, 0x2049),
        (0x2122, 0x2122),
        (0x2139, 0x2139),
        (0x2194, 0x2199),
        (0x21a9, 0x21aa),
        (0x231a, 0x231b),
        (0x2328, 0x2328),
        (0x23cf, 0x23cf),
        (0x23e9, 0x23f3),
        (0x23f8, 0x23fa),
        (0x24c2, 0x24c2),
        (0x25aa, 0x25ab),
        (0x25b6, 0x25b6),
        (0x25c0, 0x25c0),
        (0x25fb, 0x25fe),
        (0x2600, 0x2604),
        (0x260e, 0x260e),
        (0x2611, 0x2611),
        (0x2614, 0x2615),
        (0x2618, 0x2618),
        (0x261d, 0x261d),
        (0x2620, 0x2620),
        (0x2622, 0x2623),
        (0x2626, 0x2626),
        (0x262a, 0x262a),
        (0x262e, 0x262f),
        (0x2638, 0x263a),
        (0x2640, 0x2640),
        (0x2642, 0x2642),
        (0x2648, 0x2653),
        (0x265f, 0x2660),
        (0x2663, 0x2663),
        (0x2665, 0x2666),
        (0x2668, 0x2668),
        (0x267b, 0x267b),
        (0x267e, 0x267f),
        (0x2692, 0x2697),
        (0x2699, 0x2699),
        (0x269b, 0x269c),
        (0x26a0, 0x26a1),
        (0x26a7, 0x26a7),
        (0x26aa, 0x26ab),
        (0x26b0, 0x26b1),
        (0x26bd, 0x26be),
        (0x26c4, 0x26c5),
        (0x26c8, 0x26c8),
        (0x26ce, 0x26cf),
        (0x26d1, 0x26d1),
        (0x26d3, 0x26d4),
        (0x26e9, 0x26ea),
        (0x26f0, 0x26f5),
        (0x26f7, 0x26fa),
        (0x26fd, 0x26fd),
        (0x2702, 0x2702),
        (0x2705, 0x2705),
        (0x2708, 0x270d),
        (0x270f, 0x270f),
        (0x2712, 0x2712),
        (0x2714, 0x2714),
        (0x2716, 0x2716),
        (0x271d, 0x271d),
        (0x2721, 0x2721),
        (0x2728, 0x2728),
        (0x2733, 0x2734),
        (0x2744, 0x2744),
        (0x2747, 0x2747),
        (0x274c, 0x274c),
        (0x274e, 0x274e),
        (0x2753, 0x2755),
        (0x2757, 0x2757),
        (0x2763, 0x2764),
        (0x2795, 0x2797),
        (0x27a1, 0x27a1),
        (0x27b0, 0x27b0),
        (0x27bf, 0x27bf),
        (0x2934, 0x2935),
        (0x2b05, 0x2b07),
        (0x2b1b, 0x2b1c),
        (0x2b50, 0x2b50),
        (0x2b55, 0x2b55),
        (0x3030, 0x3030),
        (0x303d, 0x303d),
        (0x3297, 0x3297),
        (0x3299, 0x3299),
        (0x1f004, 0x1f004),
        (0x1f0cf, 0x1f0cf),
        (0x1f170, 0x1f171),
        (0x1f17e, 0x1f17f),
        (0x1f18e, 0x1f18e),
        (0x1f191, 0x1f19a),
        (0x1f1e6, 0x1f1ff),
        (0x1f201, 0x1f202),
        (0x1f21a, 0x1f21a),
        (0x1f22f, 0x1f22f),
        (0x1f232, 0x1f23a),
        (0x1f250, 0x1f251),
        (0x1f300, 0x1f321),
        (0x1f324, 0x1f393),
        (0x1f396, 0x1f397),
        (0x1f399, 0x1f39b),
        (0x1f39e, 0x1f3f0),
        (0x1f3f3, 0x1f3f5),
        (0x1f3f7, 0x1f4fd),
        (0x1f4ff, 0x1f53d),
        (0x1f549, 0x1f54e),
        (0x1f550, 0x1f567),
        (0x1f56f, 0x1f570),
        (0x1f573, 0x1f57a),
        (0x1f587, 0x1f587),
        (0x1f58a, 0x1f58d),
        (0x1f590, 0x1f590),
        (0x1f595, 0x1f596),
        (0x1f5a4, 0x1f5a5),
        (0x1f5a8, 0x1f5a8),
        (0x1f5b1, 0x1f5b2),
        (0x1f5bc, 0x1f5bc),
        (0x1f5c2, 0x1f5c4),
        (0x1f5d1, 0x1f5d3),
        (0x1f5dc, 0x1f5de),
        (0x1f5e1, 0x1f5e1),
        (0x1f5e3, 0x1f5e3),
        (0x1f5e8, 0x1f5e8),
        (0x1f5ef, 0x1f5ef),
        (0x1f5f3, 0x1f5f3),
        (0x1f5fa, 0x1f64f),
        (0x1f680, 0x1f6c5),
        (0x1f6cb, 0x1f6d2),
        (0x1f6d5, 0x1f6d8),
        (0x1f6dc, 0x1f6e5),
        (0x1f6e9, 0x1f6e9),
        (0x1f6eb, 0x1f6ec),
        (0x1f6f0, 0x1f6f0),
        (0x1f6f3, 0x1f6fc),
        (0x1f7e0, 0x1f7eb),
        (0x1f7f0, 0x1f7f0),
        (0x1f90c, 0x1f93a),
        (0x1f93c, 0x1f945),
        (0x1f947, 0x1f9ff),
        (0x1fa70, 0x1fa7c),
        (0x1fa80, 0x1fa8a),
        (0x1fa8e, 0x1fac6),
        (0x1fac8, 0x1fac8),
        (0x1facd, 0x1fadc),
        (0x1fadf, 0x1faea),
        (0x1faef, 0x1faf8),
    ],
    &[
        (0x23, 0x23),
        (0x2a, 0x2a),
        (0x30, 0x39),
        (0x200d, 0x200d),
        (0x20e3, 0x20e3),
        (0xfe0f, 0xfe0f),
        (0x1f1e6, 0x1f1ff),
        (0x1f3fb, 0x1f3ff),
        (0x1f9b0, 0x1f9b3),
        (0xe0020, 0xe007f),
    ],
    &[(0x1f3fb, 0x1f3ff)],
    &[
        (0x261d, 0x261d),
        (0x26f9, 0x26f9),
        (0x270a, 0x270d),
        (0x1f385, 0x1f385),
        (0x1f3c2, 0x1f3c4),
        (0x1f3c7, 0x1f3c7),
        (0x1f3ca, 0x1f3cc),
        (0x1f442, 0x1f443),
        (0x1f446, 0x1f450),
        (0x1f466, 0x1f478),
        (0x1f47c, 0x1f47c),
        (0x1f481, 0x1f483),
        (0x1f485, 0x1f487),
        (0x1f48f, 0x1f48f),
        (0x1f491, 0x1f491),
        (0x1f4aa, 0x1f4aa),
        (0x1f574, 0x1f575),
        (0x1f57a, 0x1f57a),
        (0x1f590, 0x1f590),
        (0x1f595, 0x1f596),
        (0x1f645, 0x1f647),
        (0x1f64b, 0x1f64f),
        (0x1f6a3, 0x1f6a3),
        (0x1f6b4, 0x1f6b6),
        (0x1f6c0, 0x1f6c0),
        (0x1f6cc, 0x1f6cc),
        (0x1f90c, 0x1f90c),
        (0x1f90f, 0x1f90f),
        (0x1f918, 0x1f91f),
        (0x1f926, 0x1f926),
        (0x1f930, 0x1f939),
        (0x1f93c, 0x1f93e),
        (0x1f977, 0x1f977),
        (0x1f9b5, 0x1f9b6),
        (0x1f9b8, 0x1f9b9),
        (0x1f9bb, 0x1f9bb),
        (0x1f9cd, 0x1f9cf),
        (0x1f9d1, 0x1f9dd),
        (0x1fac3, 0x1fac5),
        (0x1faf0, 0x1faf8),
    ],
    &[
        (0x231a, 0x231b),
        (0x23e9, 0x23ec),
        (0x23f0, 0x23f0),
        (0x23f3, 0x23f3),
        (0x25fd, 0x25fe),
        (0x2614, 0x2615),
        (0x2648, 0x2653),
        (0x267f, 0x267f),
        (0x2693, 0x2693),
        (0x26a1, 0x26a1),
        (0x26aa, 0x26ab),
        (0x26bd, 0x26be),
        (0x26c4, 0x26c5),
        (0x26ce, 0x26ce),
        (0x26d4, 0x26d4),
        (0x26ea, 0x26ea),
        (0x26f2, 0x26f3),
        (0x26f5, 0x26f5),
        (0x26fa, 0x26fa),
        (0x26fd, 0x26fd),
        (0x2705, 0x2705),
        (0x270a, 0x270b),
        (0x2728, 0x2728),
        (0x274c, 0x274c),
        (0x274e, 0x274e),
        (0x2753, 0x2755),
        (0x2757, 0x2757),
        (0x2795, 0x2797),
        (0x27b0, 0x27b0),
        (0x27bf, 0x27bf),
        (0x2b1b, 0x2b1c),
        (0x2b50, 0x2b50),
        (0x2b55, 0x2b55),
        (0x1f004, 0x1f004),
        (0x1f0cf, 0x1f0cf),
        (0x1f18e, 0x1f18e),
        (0x1f191, 0x1f19a),
        (0x1f1e6, 0x1f1ff),
        (0x1f201, 0x1f201),
        (0x1f21a, 0x1f21a),
        (0x1f22f, 0x1f22f),
        (0x1f232, 0x1f236),
        (0x1f238, 0x1f23a),
        (0x1f250, 0x1f251),
        (0x1f300, 0x1f320),
        (0x1f32d, 0x1f335),
        (0x1f337, 0x1f37c),
        (0x1f37e, 0x1f393),
        (0x1f3a0, 0x1f3ca),
        (0x1f3cf, 0x1f3d3),
        (0x1f3e0, 0x1f3f0),
        (0x1f3f4, 0x1f3f4),
        (0x1f3f8, 0x1f43e),
        (0x1f440, 0x1f440),
        (0x1f442, 0x1f4fc),
        (0x1f4ff, 0x1f53d),
        (0x1f54b, 0x1f54e),
        (0x1f550, 0x1f567),
        (0x1f57a, 0x1f57a),
        (0x1f595, 0x1f596),
        (0x1f5a4, 0x1f5a4),
        (0x1f5fb, 0x1f64f),
        (0x1f680, 0x1f6c5),
        (0x1f6cc, 0x1f6cc),
        (0x1f6d0, 0x1f6d2),
        (0x1f6d5, 0x1f6d8),
        (0x1f6dc, 0x1f6df),
        (0x1f6eb, 0x1f6ec),
        (0x1f6f4, 0x1f6fc),
        (0x1f7e0, 0x1f7eb),
        (0x1f7f0, 0x1f7f0),
        (0x1f90c, 0x1f93a),
        (0x1f93c, 0x1f945),
        (0x1f947, 0x1f9ff),
        (0x1fa70, 0x1fa7c),
        (0x1fa80, 0x1fa8a),
        (0x1fa8e, 0x1fac6),
        (0x1fac8, 0x1fac8),
        (0x1facd, 0x1fadc),
        (0x1fadf, 0x1faea),
        (0x1faef, 0x1faf8),
    ],
    &[
        (0xa9, 0xa9),
        (0xae, 0xae),
        (0x203c, 0x203c),
        (0x2049, 0x2049),
        (0x2122, 0x2122),
        (0x2139, 0x2139),
        (0x2194, 0x2199),
        (0x21a9, 0x21aa),
        (0x231a, 0x231b),
        (0x2328, 0x2328),
        (0x23cf, 0x23cf),
        (0x23e9, 0x23f3),
        (0x23f8, 0x23fa),
        (0x24c2, 0x24c2),
        (0x25aa, 0x25ab),
        (0x25b6, 0x25b6),
        (0x25c0, 0x25c0),
        (0x25fb, 0x25fe),
        (0x2600, 0x2604),
        (0x260e, 0x260e),
        (0x2611, 0x2611),
        (0x2614, 0x2615),
        (0x2618, 0x2618),
        (0x261d, 0x261d),
        (0x2620, 0x2620),
        (0x2622, 0x2623),
        (0x2626, 0x2626),
        (0x262a, 0x262a),
        (0x262e, 0x262f),
        (0x2638, 0x263a),
        (0x2640, 0x2640),
        (0x2642, 0x2642),
        (0x2648, 0x2653),
        (0x265f, 0x2660),
        (0x2663, 0x2663),
        (0x2665, 0x2666),
        (0x2668, 0x2668),
        (0x267b, 0x267b),
        (0x267e, 0x267f),
        (0x2692, 0x2697),
        (0x2699, 0x2699),
        (0x269b, 0x269c),
        (0x26a0, 0x26a1),
        (0x26a7, 0x26a7),
        (0x26aa, 0x26ab),
        (0x26b0, 0x26b1),
        (0x26bd, 0x26be),
        (0x26c4, 0x26c5),
        (0x26c8, 0x26c8),
        (0x26ce, 0x26cf),
        (0x26d1, 0x26d1),
        (0x26d3, 0x26d4),
        (0x26e9, 0x26ea),
        (0x26f0, 0x26f5),
        (0x26f7, 0x26fa),
        (0x26fd, 0x26fd),
        (0x2702, 0x2702),
        (0x2705, 0x2705),
        (0x2708, 0x270d),
        (0x270f, 0x270f),
        (0x2712, 0x2712),
        (0x2714, 0x2714),
        (0x2716, 0x2716),
        (0x271d, 0x271d),
        (0x2721, 0x2721),
        (0x2728, 0x2728),
        (0x2733, 0x2734),
        (0x2744, 0x2744),
        (0x2747, 0x2747),
        (0x274c, 0x274c),
        (0x274e, 0x274e),
        (0x2753, 0x2755),
        (0x2757, 0x2757),
        (0x2763, 0x2764),
        (0x2795, 0x2797),
        (0x27a1, 0x27a1),
        (0x27b0, 0x27b0),
        (0x27bf, 0x27bf),
        (0x2934, 0x2935),
        (0x2b05, 0x2b07),
        (0x2b1b, 0x2b1c),
        (0x2b50, 0x2b50),
        (0x2b55, 0x2b55),
        (0x3030, 0x3030),
        (0x303d, 0x303d),
        (0x3297, 0x3297),
        (0x3299, 0x3299),
        (0x1f004, 0x1f004),
        (0x1f02c, 0x1f02f),
        (0x1f094, 0x1f09f),
        (0x1f0af, 0x1f0b0),
        (0x1f0c0, 0x1f0c0),
        (0x1f0cf, 0x1f0d0),
        (0x1f0f6, 0x1f0ff),
        (0x1f170, 0x1f171),
        (0x1f17e, 0x1f17f),
        (0x1f18e, 0x1f18e),
        (0x1f191, 0x1f19a),
        (0x1f1ae, 0x1f1e5),
        (0x1f201, 0x1f20f),
        (0x1f21a, 0x1f21a),
        (0x1f22f, 0x1f22f),
        (0x1f232, 0x1f23a),
        (0x1f23c, 0x1f23f),
        (0x1f249, 0x1f25f),
        (0x1f266, 0x1f321),
        (0x1f324, 0x1f393),
        (0x1f396, 0x1f397),
        (0x1f399, 0x1f39b),
        (0x1f39e, 0x1f3f0),
        (0x1f3f3, 0x1f3f5),
        (0x1f3f7, 0x1f3fa),
        (0x1f400, 0x1f4fd),
        (0x1f4ff, 0x1f53d),
        (0x1f549, 0x1f54e),
        (0x1f550, 0x1f567),
        (0x1f56f, 0x1f570),
        (0x1f573, 0x1f57a),
        (0x1f587, 0x1f587),
        (0x1f58a, 0x1f58d),
        (0x1f590, 0x1f590),
        (0x1f595, 0x1f596),
        (0x1f5a4, 0x1f5a5),
        (0x1f5a8, 0x1f5a8),
        (0x1f5b1, 0x1f5b2),
        (0x1f5bc, 0x1f5bc),
        (0x1f5c2, 0x1f5c4),
        (0x1f5d1, 0x1f5d3),
        (0x1f5dc, 0x1f5de),
        (0x1f5e1, 0x1f5e1),
        (0x1f5e3, 0x1f5e3),
        (0x1f5e8, 0x1f5e8),
        (0x1f5ef, 0x1f5ef),
        (0x1f5f3, 0x1f5f3),
        (0x1f5fa, 0x1f64f),
        (0x1f680, 0x1f6c5),
        (0x1f6cb, 0x1f6d2),
        (0x1f6d5, 0x1f6e5),
        (0x1f6e9, 0x1f6e9),
        (0x1f6eb, 0x1f6f0),
        (0x1f6f3, 0x1f6ff),
        (0x1f7da, 0x1f7ff),
        (0x1f80c, 0x1f80f),
        (0x1f848, 0x1f84f),
        (0x1f85a, 0x1f85f),
        (0x1f888, 0x1f88f),
        (0x1f8ae, 0x1f8af),
        (0x1f8bc, 0x1f8bf),
        (0x1f8c2, 0x1f8cf),
        (0x1f8d9, 0x1f8ff),
        (0x1f90c, 0x1f93a),
        (0x1f93c, 0x1f945),
        (0x1f947, 0x1f9ff),
        (0x1fa58, 0x1fa5f),
        (0x1fa6e, 0x1faff),
        (0x1fc00, 0x1fffd),
    ],
    &[
        (0xb7, 0xb7),
        (0x2d0, 0x2d1),
        (0x640, 0x640),
        (0x7fa, 0x7fa),
        (0xa71, 0xa71),
        (0xafb, 0xafb),
        (0xb55, 0xb55),
        (0xe46, 0xe46),
        (0xec6, 0xec6),
        (0x180a, 0x180a),
        (0x1843, 0x1843),
        (0x1aa7, 0x1aa7),
        (0x1c36, 0x1c36),
        (0x1c7b, 0x1c7b),
        (0x3005, 0x3005),
        (0x3031, 0x3035),
        (0x309d, 0x309e),
        (0x30fc, 0x30fe),
        (0xa015, 0xa015),
        (0xa60c, 0xa60c),
        (0xa9cf, 0xa9cf),
        (0xa9e6, 0xa9e6),
        (0xaa70, 0xaa70),
        (0xaadd, 0xaadd),
        (0xaaf3, 0xaaf4),
        (0xff70, 0xff70),
        (0x10781, 0x10782),
        (0x10d4e, 0x10d4e),
        (0x10d6a, 0x10d6a),
        (0x10d6f, 0x10d6f),
        (0x11237, 0x11237),
        (0x1135d, 0x1135d),
        (0x113d2, 0x113d3),
        (0x115c6, 0x115c8),
        (0x11a98, 0x11a98),
        (0x11dd9, 0x11dd9),
        (0x16b42, 0x16b43),
        (0x16fe0, 0x16fe1),
        (0x16fe3, 0x16fe3),
        (0x16ff2, 0x16ff3),
        (0x1e13c, 0x1e13d),
        (0x1e5ef, 0x1e5ef),
        (0x1e944, 0x1e946),
    ],
    &[
        (0x20, 0x7e),
        (0xa0, 0xac),
        (0xae, 0x2ff),
        (0x370, 0x377),
        (0x37a, 0x37f),
        (0x384, 0x38a),
        (0x38c, 0x38c),
        (0x38e, 0x3a1),
        (0x3a3, 0x482),
        (0x48a, 0x52f),
        (0x531, 0x556),
        (0x559, 0x58a),
        (0x58d, 0x58f),
        (0x5be, 0x5be),
        (0x5c0, 0x5c0),
        (0x5c3, 0x5c3),
        (0x5c6, 0x5c6),
        (0x5d0, 0x5ea),
        (0x5ef, 0x5f4),
        (0x606, 0x60f),
        (0x61b, 0x61b),
        (0x61d, 0x64a),
        (0x660, 0x66f),
        (0x671, 0x6d5),
        (0x6de, 0x6de),
        (0x6e5, 0x6e6),
        (0x6e9, 0x6e9),
        (0x6ee, 0x70d),
        (0x710, 0x710),
        (0x712, 0x72f),
        (0x74d, 0x7a5),
        (0x7b1, 0x7b1),
        (0x7c0, 0x7ea),
        (0x7f4, 0x7fa),
        (0x7fe, 0x815),
        (0x81a, 0x81a),
        (0x824, 0x824),
        (0x828, 0x828),
        (0x830, 0x83e),
        (0x840, 0x858),
        (0x85e, 0x85e),
        (0x860, 0x86a),
        (0x870, 0x88f),
        (0x8a0, 0x8c9),
        (0x903, 0x939),
        (0x93b, 0x93b),
        (0x93d, 0x940),
        (0x949, 0x94c),
        (0x94e, 0x950),
        (0x958, 0x961),
        (0x964, 0x980),
        (0x982, 0x983),
        (0x985, 0x98c),
        (0x98f, 0x990),
        (0x993, 0x9a8),
        (0x9aa, 0x9b0),
        (0x9b2, 0x9b2),
        (0x9b6, 0x9b9),
        (0x9bd, 0x9bd),
        (0x9bf, 0x9c0),
        (0x9c7, 0x9c8),
        (0x9cb, 0x9cc),
        (0x9ce, 0x9ce),
        (0x9dc, 0x9dd),
        (0x9df, 0x9e1),
        (0x9e6, 0x9fd),
        (0xa03, 0xa03),
        (0xa05, 0xa0a),
        (0xa0f, 0xa10),
        (0xa13, 0xa28),
        (0xa2a, 0xa30),
        (0xa32, 0xa33),
        (0xa35, 0xa36),
        (0xa38, 0xa39),
        (0xa3e, 0xa40),
        (0xa59, 0xa5c),
        (0xa5e, 0xa5e),
        (0xa66, 0xa6f),
        (0xa72, 0xa74),
        (0xa76, 0xa76),
        (0xa83, 0xa83),
        (0xa85, 0xa8d),
        (0xa8f, 0xa91),
        (0xa93, 0xaa8),
        (0xaaa, 0xab0),
        (0xab2, 0xab3),
        (0xab5, 0xab9),
        (0xabd, 0xac0),
        (0xac9, 0xac9),
        (0xacb, 0xacc),
        (0xad0, 0xad0),
        (0xae0, 0xae1),
        (0xae6, 0xaf1),
        (0xaf9, 0xaf9),
        (0xb02, 0xb03),
        (0xb05, 0xb0c),
        (0xb0f, 0xb10),
        (0xb13, 0xb28),
        (0xb2a, 0xb30),
        (0xb32, 0xb33),
        (0xb35, 0xb39),
        (0xb3d, 0xb3d),
        (0xb40, 0xb40),
        (0xb47, 0xb48),
        (0xb4b, 0xb4c),
        (0xb5c, 0xb5d),
        (0xb5f, 0xb61),
        (0xb66, 0xb77),
        (0xb83, 0xb83),
        (0xb85, 0xb8a),
        (0xb8e, 0xb90),
        (0xb92, 0xb95),
        (0xb99, 0xb9a),
        (0xb9c, 0xb9c),
        (0xb9e, 0xb9f),
        (0xba3, 0xba4),
        (0xba8, 0xbaa),
        (0xbae, 0xbb9),
        (0xbbf, 0xbbf),
        (0xbc1, 0xbc2),
        (0xbc6, 0xbc8),
        (0xbca, 0xbcc),
        (0xbd0, 0xbd0),
        (0xbe6, 0xbfa),
        (0xc01, 0xc03),
        (0xc05, 0xc0c),
        (0xc0e, 0xc10),
        (0xc12, 0xc28),
        (0xc2a, 0xc39),
        (0xc3d, 0xc3d),
        (0xc41, 0xc44),
        (0xc58, 0xc5a),
        (0xc5c, 0xc5d),
        (0xc60, 0xc61),
        (0xc66, 0xc6f),
        (0xc77, 0xc80),
        (0xc82, 0xc8c),
        (0xc8e, 0xc90),
        (0xc92, 0xca8),
        (0xcaa, 0xcb3),
        (0xcb5, 0xcb9),
        (0xcbd, 0xcbe),
        (0xcc1, 0xcc1),
        (0xcc3, 0xcc4),
        (0xcdc, 0xcde),
        (0xce0, 0xce1),
        (0xce6, 0xcef),
        (0xcf1, 0xcf3),
        (0xd02, 0xd0c),
        (0xd0e, 0xd10),
        (0xd12, 0xd3a),
        (0xd3d, 0xd3d),
        (0xd3f, 0xd40),
        (0xd46, 0xd48),
        (0xd4a, 0xd4c),
        (0xd4e, 0xd4f),
        (0xd54, 0xd56),
        (0xd58, 0xd61),
        (0xd66, 0xd7f),
        (0xd82, 0xd83),
        (0xd85, 0xd96),
        (0xd9a, 0xdb1),
        (0xdb3, 0xdbb),
        (0xdbd, 0xdbd),
        (0xdc0, 0xdc6),
        (0xdd0, 0xdd1),
        (0xdd8, 0xdde),
        (0xde6, 0xdef),
        (0xdf2, 0xdf4),
        (0xe01, 0xe30),
        (0xe32, 0xe33),
        (0xe3f, 0xe46),
        (0xe4f, 0xe5b),
        (0xe81, 0xe82),
        (0xe84, 0xe84),
        (0xe86, 0xe8a),
        (0xe8c, 0xea3),
        (0xea5, 0xea5),
        (0xea7, 0xeb0),
        (0xeb2, 0xeb3),
        (0xebd, 0xebd),
        (0xec0, 0xec4),
        (0xec6, 0xec6),
        (0xed0, 0xed9),
        (0xedc, 0xedf),
        (0xf00, 0xf17),
        (0xf1a, 0xf34),
        (0xf36, 0xf36),
        (0xf38, 0xf38),
        (0xf3a, 0xf47),
        (0xf49, 0xf6c),
        (0xf7f, 0xf7f),
        (0xf85, 0xf85),
        (0xf88, 0xf8c),
        (0xfbe, 0xfc5),
        (0xfc7, 0xfcc),
        (0xfce, 0xfda),
        (0x1000, 0x102c),
        (0x1031, 0x1031),
        (0x1038, 0x1038),
        (0x103b, 0x103c),
        (0x103f, 0x1057),
        (0x105a, 0x105d),
        (0x1061, 0x1070),
        (0x1075, 0x1081),
        (0x1083, 0x1084),
        (0x1087, 0x108c),
        (0x108e, 0x109c),
        (0x109e, 0x10c5),
        (0x10c7, 0x10c7),
        (0x10cd, 0x10cd),
        (0x10d0, 0x1248),
        (0x124a, 0x124d),
        (0x1250, 0x1256),
        (0x1258, 0x1258),
        (0x125a, 0x125d),
        (0x1260, 0x1288),
        (0x128a, 0x128d),
        (0x1290, 0x12b0),
        (0x12b2, 0x12b5),
        (0x12b8, 0x12be),
        (0x12c0, 0x12c0),
        (0x12c2, 0x12c5),
        (0x12c8, 0x12d6),
        (0x12d8, 0x1310),
        (0x1312, 0x1315),
        (0x1318, 0x135a),
        (0x1360, 0x137c),
        (0x1380, 0x1399),
        (0x13a0, 0x13f5),
        (0x13f8, 0x13fd),
        (0x1400, 0x169c),
        (0x16a0, 0x16f8),
        (0x1700, 0x1711),
        (0x171f, 0x1731),
        (0x1735, 0x1736),
        (0x1740, 0x1751),
        (0x1760, 0x176c),
        (0x176e, 0x1770),
        (0x1780, 0x17b3),
        (0x17b6, 0x17b6),
        (0x17be, 0x17c5),
        (0x17c7, 0x17c8),
        (0x17d4, 0x17dc),
        (0x17e0, 0x17e9),
        (0x17f0, 0x17f9),
        (0x1800, 0x180a),
        (0x1810, 0x1819),
        (0x1820, 0x1878),
        (0x1880, 0x1884),
        (0x1887, 0x18a8),
        (0x18aa, 0x18aa),
        (0x18b0, 0x18f5),
        (0x1900, 0x191e),
        (0x1923, 0x1926),
        (0x1929, 0x192b),
        (0x1930, 0x1931),
        (0x1933, 0x1938),
        (0x1940, 0x1940),
        (0x1944, 0x196d),
        (0x1970, 0x1974),
        (0x1980, 0x19ab),
        (0x19b0, 0x19c9),
        (0x19d0, 0x19da),
        (0x19de, 0x1a16),
        (0x1a19, 0x1a1a),
        (0x1a1e, 0x1a55),
        (0x1a57, 0x1a57),
        (0x1a61, 0x1a61),
        (0x1a63, 0x1a64),
        (0x1a6d, 0x1a72),
        (0x1a80, 0x1a89),
        (0x1a90, 0x1a99),
        (0x1aa0, 0x1aad),
        (0x1b04, 0x1b33),
        (0x1b3e, 0x1b41),
        (0x1b45, 0x1b4c),
        (0x1b4e, 0x1b6a),
        (0x1b74, 0x1b7f),
        (0x1b82, 0x1ba1),
        (0x1ba6, 0x1ba7),
        (0x1bae, 0x1be5),
        (0x1be7, 0x1be7),
        (0x1bea, 0x1bec),
        (0x1bee, 0x1bee),
        (0x1bfc, 0x1c2b),
        (0x1c34, 0x1c35),
        (0x1c3b, 0x1c49),
        (0x1c4d, 0x1c8a),
        (0x1c90, 0x1cba),
        (0x1cbd, 0x1cc7),
        (0x1cd3, 0x1cd3),
        (0x1ce1, 0x1ce1),
        (0x1ce9, 0x1cec),
        (0x1cee, 0x1cf3),
        (0x1cf5, 0x1cf7),
        (0x1cfa, 0x1cfa),
        (0x1d00, 0x1dbf),
        (0x1e00, 0x1f15),
        (0x1f18, 0x1f1d),
        (0x1f20, 0x1f45),
        (0x1f48, 0x1f4d),
        (0x1f50, 0x1f57),
        (0x1f59, 0x1f59),
        (0x1f5b, 0x1f5b),
        (0x1f5d, 0x1f5d),
        (0x1f5f, 0x1f7d),
        (0x1f80, 0x1fb4),
        (0x1fb6, 0x1fc4),
        (0x1fc6, 0x1fd3),
        (0x1fd6, 0x1fdb),
        (0x1fdd, 0x1fef),
        (0x1ff2, 0x1ff4),
        (0x1ff6, 0x1ffe),
        (0x2000, 0x200a),
        (0x2010, 0x2027),
        (0x202f, 0x205f),
        (0x2070, 0x2071),
        (0x2074, 0x208e),
        (0x2090, 0x209c),
        (0x20a0, 0x20c1),
        (0x2100, 0x218b),
        (0x2190, 0x2429),
        (0x2440, 0x244a),
        (0x2460, 0x2b73),
        (0x2b76, 0x2cee),
        (0x2cf2, 0x2cf3),
        (0x2cf9, 0x2d25),
        (0x2d27, 0x2d27),
        (0x2d2d, 0x2d2d),
        (0x2d30, 0x2d67),
        (0x2d6f, 0x2d70),
        (0x2d80, 0x2d96),
        (0x2da0, 0x2da6),
        (0x2da8, 0x2dae),
        (0x2db0, 0x2db6),
        (0x2db8, 0x2dbe),
        (0x2dc0, 0x2dc6),
        (0x2dc8, 0x2dce),
        (0x2dd0, 0x2dd6),
        (0x2dd8, 0x2dde),
        (0x2e00, 0x2e5d),
        (0x2e80, 0x2e99),
        (0x2e9b, 0x2ef3),
        (0x2f00, 0x2fd5),
        (0x2ff0, 0x3029),
        (0x3030, 0x303f),
        (0x3041, 0x3096),
        (0x309b, 0x30ff),
        (0x3105, 0x312f),
        (0x3131, 0x318e),
        (0x3190, 0x31e5),
        (0x31ef, 0x321e),
        (0x3220, 0xa48c),
        (0xa490, 0xa4c6),
        (0xa4d0, 0xa62b),
        (0xa640, 0xa66e),
        (0xa673, 0xa673),
        (0xa67e, 0xa69d),
        (0xa6a0, 0xa6ef),
        (0xa6f2, 0xa6f7),
        (0xa700, 0xa7dc),
        (0xa7f1, 0xa801),
        (0xa803, 0xa805),
        (0xa807, 0xa80a),
        (0xa80c, 0xa824),
        (0xa827, 0xa82b),
        (0xa830, 0xa839),
        (0xa840, 0xa877),
        (0xa880, 0xa8c3),
        (0xa8ce, 0xa8d9),
        (0xa8f2, 0xa8fe),
        (0xa900, 0xa925),
        (0xa92e, 0xa946),
        (0xa952, 0xa952),
        (0xa95f, 0xa97c),
        (0xa983, 0xa9b2),
        (0xa9b4, 0xa9b5),
        (0xa9ba, 0xa9bb),
        (0xa9be, 0xa9bf),
        (0xa9c1, 0xa9cd),
        (0xa9cf, 0xa9d9),
        (0xa9de, 0xa9e4),
        (0xa9e6, 0xa9fe),
        (0xaa00, 0xaa28),
        (0xaa2f, 0xaa30),
        (0xaa33, 0xaa34),
        (0xaa40, 0xaa42),
        (0xaa44, 0xaa4b),
        (0xaa4d, 0xaa4d),
        (0xaa50, 0xaa59),
        (0xaa5c, 0xaa7b),
        (0xaa7d, 0xaaaf),
        (0xaab1, 0xaab1),
        (0xaab5, 0xaab6),
        (0xaab9, 0xaabd),
        (0xaac0, 0xaac0),
        (0xaac2, 0xaac2),
        (0xaadb, 0xaaeb),
        (0xaaee, 0xaaf5),
        (0xab01, 0xab06),
        (0xab09, 0xab0e),
        (0xab11, 0xab16),
        (0xab20, 0xab26),
        (0xab28, 0xab2e),
        (0xab30, 0xab6b),
        (0xab70, 0xabe4),
        (0xabe6, 0xabe7),
        (0xabe9, 0xabec),
        (0xabf0, 0xabf9),
        (0xac00, 0xd7a3),
        (0xd7b0, 0xd7c6),
        (0xd7cb, 0xd7fb),
        (0xf900, 0xfa6d),
        (0xfa70, 0xfad9),
        (0xfb00, 0xfb06),
        (0xfb13, 0xfb17),
        (0xfb1d, 0xfb1d),
        (0xfb1f, 0xfb36),
        (0xfb38, 0xfb3c),
        (0xfb3e, 0xfb3e),
        (0xfb40, 0xfb41),
        (0xfb43, 0xfb44),
        (0xfb46, 0xfdcf),
        (0xfdf0, 0xfdff),
        (0xfe10, 0xfe19),
        (0xfe30, 0xfe52),
        (0xfe54, 0xfe66),
        (0xfe68, 0xfe6b),
        (0xfe70, 0xfe74),
        (0xfe76, 0xfefc),
        (0xff01, 0xff9d),
        (0xffa0, 0xffbe),
        (0xffc2, 0xffc7),
        (0xffca, 0xffcf),
        (0xffd2, 0xffd7),
        (0xffda, 0xffdc),
        (0xffe0, 0xffe6),
        (0xffe8, 0xffee),
        (0xfffc, 0xfffd),
        (0x10000, 0x1000b),
        (0x1000d, 0x10026),
        (0x10028, 0x1003a),
        (0x1003c, 0x1003d),
        (0x1003f, 0x1004d),
        (0x10050, 0x1005d),
        (0x10080, 0x100fa),
        (0x10100, 0x10102),
        (0x10107, 0x10133),
        (0x10137, 0x1018e),
        (0x10190, 0x1019c),
        (0x101a0, 0x101a0),
        (0x101d0, 0x101fc),
        (0x10280, 0x1029c),
        (0x102a0, 0x102d0),
        (0x102e1, 0x102fb),
        (0x10300, 0x10323),
        (0x1032d, 0x1034a),
        (0x10350, 0x10375),
        (0x10380, 0x1039d),
        (0x1039f, 0x103c3),
        (0x103c8, 0x103d5),
        (0x10400, 0x1049d),
        (0x104a0, 0x104a9),
        (0x104b0, 0x104d3),
        (0x104d8, 0x104fb),
        (0x10500, 0x10527),
        (0x10530, 0x10563),
        (0x1056f, 0x1057a),
        (0x1057c, 0x1058a),
        (0x1058c, 0x10592),
        (0x10594, 0x10595),
        (0x10597, 0x105a1),
        (0x105a3, 0x105b1),
        (0x105b3, 0x105b9),
        (0x105bb, 0x105bc),
        (0x105c0, 0x105f3),
        (0x10600, 0x10736),
        (0x10740, 0x10755),
        (0x10760, 0x10767),
        (0x10780, 0x10785),
        (0x10787, 0x107b0),
        (0x107b2, 0x107ba),
        (0x10800, 0x10805),
        (0x10808, 0x10808),
        (0x1080a, 0x10835),
        (0x10837, 0x10838),
        (0x1083c, 0x1083c),
        (0x1083f, 0x10855),
        (0x10857, 0x1089e),
        (0x108a7, 0x108af),
        (0x108e0, 0x108f2),
        (0x108f4, 0x108f5),
        (0x108fb, 0x1091b),
        (0x1091f, 0x10939),
        (0x1093f, 0x10959),
        (0x10980, 0x109b7),
        (0x109bc, 0x109cf),
        (0x109d2, 0x10a00),
        (0x10a10, 0x10a13),
        (0x10a15, 0x10a17),
        (0x10a19, 0x10a35),
        (0x10a40, 0x10a48),
        (0x10a50, 0x10a58),
        (0x10a60, 0x10a9f),
        (0x10ac0, 0x10ae4),
        (0x10aeb, 0x10af6),
        (0x10b00, 0x10b35),
        (0x10b39, 0x10b55),
        (0x10b58, 0x10b72),
        (0x10b78, 0x10b91),
        (0x10b99, 0x10b9c),
        (0x10ba9, 0x10baf),
        (0x10c00, 0x10c48),
        (0x10c80, 0x10cb2),
        (0x10cc0, 0x10cf2),
        (0x10cfa, 0x10d23),
        (0x10d30, 0x10d39),
        (0x10d40, 0x10d65),
        (0x10d6e, 0x10d85),
        (0x10d8e, 0x10d8f),
        (0x10e60, 0x10e7e),
        (0x10e80, 0x10ea9),
        (0x10ead, 0x10ead),
        (0x10eb0, 0x10eb1),
        (0x10ec2, 0x10ec7),
        (0x10ed0, 0x10ed8),
        (0x10f00, 0x10f27),
        (0x10f30, 0x10f45),
        (0x10f51, 0x10f59),
        (0x10f70, 0x10f81),
        (0x10f86, 0x10f89),
        (0x10fb0, 0x10fcb),
        (0x10fe0, 0x10ff6),
        (0x11000, 0x11000),
        (0x11002, 0x11037),
        (0x11047, 0x1104d),
        (0x11052, 0x1106f),
        (0x11071, 0x11072),
        (0x11075, 0x11075),
        (0x11082, 0x110b2),
        (0x110b7, 0x110b8),
        (0x110bb, 0x110bc),
        (0x110be, 0x110c1),
        (0x110d0, 0x110e8),
        (0x110f0, 0x110f9),
        (0x11103, 0x11126),
        (0x1112c, 0x1112c),
        (0x11136, 0x11147),
        (0x11150, 0x11172),
        (0x11174, 0x11176),
        (0x11182, 0x111b5),
        (0x111bf, 0x111bf),
        (0x111c1, 0x111c8),
        (0x111cd, 0x111ce),
        (0x111d0, 0x111df),
        (0x111e1, 0x111f4),
        (0x11200, 0x11211),
        (0x11213, 0x1122e),
        (0x11232, 0x11233),
        (0x11238, 0x1123d),
        (0x1123f, 0x11240),
        (0x11280, 0x11286),
        (0x11288, 0x11288),
        (0x1128a, 0x1128d),
        (0x1128f, 0x1129d),
        (0x1129f, 0x112a9),
        (0x112b0, 0x112de),
        (0x112e0, 0x112e2),
        (0x112f0, 0x112f9),
        (0x11302, 0x11303),
        (0x11305, 0x1130c),
        (0x1130f, 0x11310),
        (0x11313, 0x11328),
        (0x1132a, 0x11330),
        (0x11332, 0x11333),
        (0x11335, 0x11339),
        (0x1133d, 0x1133d),
        (0x1133f, 0x1133f),
        (0x11341, 0x11344),
        (0x11347, 0x11348),
        (0x1134b, 0x1134c),
        (0x11350, 0x11350),
        (0x1135d, 0x11363),
        (0x11380, 0x11389),
        (0x1138b, 0x1138b),
        (0x1138e, 0x1138e),
        (0x11390, 0x113b5),
        (0x113b7, 0x113b7),
        (0x113b9, 0x113ba),
        (0x113ca, 0x113ca),
        (0x113cc, 0x113cd),
        (0x113d1, 0x113d1),
        (0x113d3, 0x113d5),
        (0x113d7, 0x113d8),
        (0x11400, 0x11437),
        (0x11440, 0x11441),
        (0x11445, 0x11445),
        (0x11447, 0x1145b),
        (0x1145d, 0x1145d),
        (0x1145f, 0x11461),
        (0x11480, 0x114af),
        (0x114b1, 0x114b2),
        (0x114b9, 0x114b9),
        (0x114bb, 0x114bc),
        (0x114be, 0x114be),
        (0x114c1, 0x114c1),
        (0x114c4, 0x114c7),
        (0x114d0, 0x114d9),
        (0x11580, 0x115ae),
        (0x115b0, 0x115b1),
        (0x115b8, 0x115bb),
        (0x115be, 0x115be),
        (0x115c1, 0x115db),
        (0x11600, 0x11632),
        (0x1163b, 0x1163c),
        (0x1163e, 0x1163e),
        (0x11641, 0x11644),
        (0x11650, 0x11659),
        (0x11660, 0x1166c),
        (0x11680, 0x116aa),
        (0x116ac, 0x116ac),
        (0x116ae, 0x116af),
        (0x116b8, 0x116b9),
        (0x116c0, 0x116c9),
        (0x116d0, 0x116e3),
        (0x11700, 0x1171a),
        (0x1171e, 0x1171e),
        (0x11720, 0x11721),
        (0x11726, 0x11726),
        (0x11730, 0x11746),
        (0x11800, 0x1182e),
        (0x11838, 0x11838),
        (0x1183b, 0x1183b),
        (0x118a0, 0x118f2),
        (0x118ff, 0x11906),
        (0x11909, 0x11909),
        (0x1190c, 0x11913),
        (0x11915, 0x11916),
        (0x11918, 0x1192f),
        (0x11931, 0x11935),
        (0x11937, 0x11938),
        (0x1193f, 0x11942),
        (0x11944, 0x11946),
        (0x11950, 0x11959),
        (0x119a0, 0x119a7),
        (0x119aa, 0x119d3),
        (0x119dc, 0x119df),
        (0x119e1, 0x119e4),
        (0x11a00, 0x11a00),
        (0x11a0b, 0x11a32),
        (0x11a39, 0x11a3a),
        (0x11a3f, 0x11a46),
        (0x11a50, 0x11a50),
        (0x11a57, 0x11a58),
        (0x11a5c, 0x11a89),
        (0x11a97, 0x11a97),
        (0x11a9a, 0x11aa2),
        (0x11ab0, 0x11af8),
        (0x11b00, 0x11b09),
        (0x11b61, 0x11b61),
        (0x11b65, 0x11b65),
        (0x11b67, 0x11b67),
        (0x11bc0, 0x11be1),
        (0x11bf0, 0x11bf9),
        (0x11c00, 0x11c08),
        (0x11c0a, 0x11c2f),
        (0x11c3e, 0x11c3e),
        (0x11c40, 0x11c45),
        (0x11c50, 0x11c6c),
        (0x11c70, 0x11c8f),
        (0x11ca9, 0x11ca9),
        (0x11cb1, 0x11cb1),
        (0x11cb4, 0x11cb4),
        (0x11d00, 0x11d06),
        (0x11d08, 0x11d09),
        (0x11d0b, 0x11d30),
        (0x11d46, 0x11d46),
        (0x11d50, 0x11d59),
        (0x11d60, 0x11d65),
        (0x11d67, 0x11d68),
        (0x11d6a, 0x11d8e),
        (0x11d93, 0x11d94),
        (0x11d96, 0x11d96),
        (0x11d98, 0x11d98),
        (0x11da0, 0x11da9),
        (0x11db0, 0x11ddb),
        (0x11de0, 0x11de9),
        (0x11ee0, 0x11ef2),
        (0x11ef5, 0x11ef8),
        (0x11f02, 0x11f10),
        (0x11f12, 0x11f35),
        (0x11f3e, 0x11f3f),
        (0x11f43, 0x11f59),
        (0x11fb0, 0x11fb0),
        (0x11fc0, 0x11ff1),
        (0x11fff, 0x12399),
        (0x12400, 0x1246e),
        (0x12470, 0x12474),
        (0x12480, 0x12543),
        (0x12f90, 0x12ff2),
        (0x13000, 0x1342f),
        (0x13441, 0x13446),
        (0x13460, 0x143fa),
        (0x14400, 0x14646),
        (0x16100, 0x1611d),
        (0x1612a, 0x1612c),
        (0x16130, 0x16139),
        (0x16800, 0x16a38),
        (0x16a40, 0x16a5e),
        (0x16a60, 0x16a69),
        (0x16a6e, 0x16abe),
        (0x16ac0, 0x16ac9),
        (0x16ad0, 0x16aed),
        (0x16af5, 0x16af5),
        (0x16b00, 0x16b2f),
        (0x16b37, 0x16b45),
        (0x16b50, 0x16b59),
        (0x16b5b, 0x16b61),
        (0x16b63, 0x16b77),
        (0x16b7d, 0x16b8f),
        (0x16d40, 0x16d79),
        (0x16e40, 0x16e9a),
        (0x16ea0, 0x16eb8),
        (0x16ebb, 0x16ed3),
        (0x16f00, 0x16f4a),
        (0x16f50, 0x16f87),
        (0x16f93, 0x16f9f),
        (0x16fe0, 0x16fe3),
        (0x16ff2, 0x16ff6),
        (0x17000, 0x18cd5),
        (0x18cff, 0x18d1e),
        (0x18d80, 0x18df2),
        (0x1aff0, 0x1aff3),
        (0x1aff5, 0x1affb),
        (0x1affd, 0x1affe),
        (0x1b000, 0x1b122),
        (0x1b132, 0x1b132),
        (0x1b150, 0x1b152),
        (0x1b155, 0x1b155),
        (0x1b164, 0x1b167),
        (0x1b170, 0x1b2fb),
        (0x1bc00, 0x1bc6a),
        (0x1bc70, 0x1bc7c),
        (0x1bc80, 0x1bc88),
        (0x1bc90, 0x1bc99),
        (0x1bc9c, 0x1bc9c),
        (0x1bc9f, 0x1bc9f),
        (0x1cc00, 0x1ccfc),
        (0x1cd00, 0x1ceb3),
        (0x1ceba, 0x1ced0),
        (0x1cee0, 0x1cef0),
        (0x1cf50, 0x1cfc3),
        (0x1d000, 0x1d0f5),
        (0x1d100, 0x1d126),
        (0x1d129, 0x1d164),
        (0x1d16a, 0x1d16c),
        (0x1d183, 0x1d184),
        (0x1d18c, 0x1d1a9),
        (0x1d1ae, 0x1d1ea),
        (0x1d200, 0x1d241),
        (0x1d245, 0x1d245),
        (0x1d2c0, 0x1d2d3),
        (0x1d2e0, 0x1d2f3),
        (0x1d300, 0x1d356),
        (0x1d360, 0x1d378),
        (0x1d400, 0x1d454),
        (0x1d456, 0x1d49c),
        (0x1d49e, 0x1d49f),
        (0x1d4a2, 0x1d4a2),
        (0x1d4a5, 0x1d4a6),
        (0x1d4a9, 0x1d4ac),
        (0x1d4ae, 0x1d4b9),
        (0x1d4bb, 0x1d4bb),
        (0x1d4bd, 0x1d4c3),
        (0x1d4c5, 0x1d505),
        (0x1d507, 0x1d50a),
        (0x1d50d, 0x1d514),
        (0x1d516, 0x1d51c),
        (0x1d51e, 0x1d539),
        (0x1d53b, 0x1d53e),
        (0x1d540, 0x1d544),
        (0x1d546, 0x1d546),
        (0x1d54a, 0x1d550),
        (0x1d552, 0x1d6a5),
        (0x1d6a8, 0x1d7cb),
        (0x1d7ce, 0x1d9ff),
        (0x1da37, 0x1da3a),
        (0x1da6d, 0x1da74),
        (0x1da76, 0x1da83),
        (0x1da85, 0x1da8b),
        (0x1df00, 0x1df1e),
        (0x1df25, 0x1df2a),
        (0x1e030, 0x1e06d),
        (0x1e100, 0x1e12c),
        (0x1e137, 0x1e13d),
        (0x1e140, 0x1e149),
        (0x1e14e, 0x1e14f),
        (0x1e290, 0x1e2ad),
        (0x1e2c0, 0x1e2eb),
        (0x1e2f0, 0x1e2f9),
        (0x1e2ff, 0x1e2ff),
        (0x1e4d0, 0x1e4eb),
        (0x1e4f0, 0x1e4f9),
        (0x1e5d0, 0x1e5ed),
        (0x1e5f0, 0x1e5fa),
        (0x1e5ff, 0x1e5ff),
        (0x1e6c0, 0x1e6de),
        (0x1e6e0, 0x1e6e2),
        (0x1e6e4, 0x1e6e5),
        (0x1e6e7, 0x1e6ed),
        (0x1e6f0, 0x1e6f4),
        (0x1e6fe, 0x1e6ff),
        (0x1e7e0, 0x1e7e6),
        (0x1e7e8, 0x1e7eb),
        (0x1e7ed, 0x1e7ee),
        (0x1e7f0, 0x1e7fe),
        (0x1e800, 0x1e8c4),
        (0x1e8c7, 0x1e8cf),
        (0x1e900, 0x1e943),
        (0x1e94b, 0x1e94b),
        (0x1e950, 0x1e959),
        (0x1e95e, 0x1e95f),
        (0x1ec71, 0x1ecb4),
        (0x1ed01, 0x1ed3d),
        (0x1ee00, 0x1ee03),
        (0x1ee05, 0x1ee1f),
        (0x1ee21, 0x1ee22),
        (0x1ee24, 0x1ee24),
        (0x1ee27, 0x1ee27),
        (0x1ee29, 0x1ee32),
        (0x1ee34, 0x1ee37),
        (0x1ee39, 0x1ee39),
        (0x1ee3b, 0x1ee3b),
        (0x1ee42, 0x1ee42),
        (0x1ee47, 0x1ee47),
        (0x1ee49, 0x1ee49),
        (0x1ee4b, 0x1ee4b),
        (0x1ee4d, 0x1ee4f),
        (0x1ee51, 0x1ee52),
        (0x1ee54, 0x1ee54),
        (0x1ee57, 0x1ee57),
        (0x1ee59, 0x1ee59),
        (0x1ee5b, 0x1ee5b),
        (0x1ee5d, 0x1ee5d),
        (0x1ee5f, 0x1ee5f),
        (0x1ee61, 0x1ee62),
        (0x1ee64, 0x1ee64),
        (0x1ee67, 0x1ee6a),
        (0x1ee6c, 0x1ee72),
        (0x1ee74, 0x1ee77),
        (0x1ee79, 0x1ee7c),
        (0x1ee7e, 0x1ee7e),
        (0x1ee80, 0x1ee89),
        (0x1ee8b, 0x1ee9b),
        (0x1eea1, 0x1eea3),
        (0x1eea5, 0x1eea9),
        (0x1eeab, 0x1eebb),
        (0x1eef0, 0x1eef1),
        (0x1f000, 0x1f02b),
        (0x1f030, 0x1f093),
        (0x1f0a0, 0x1f0ae),
        (0x1f0b1, 0x1f0bf),
        (0x1f0c1, 0x1f0cf),
        (0x1f0d1, 0x1f0f5),
        (0x1f100, 0x1f1ad),
        (0x1f1e6, 0x1f202),
        (0x1f210, 0x1f23b),
        (0x1f240, 0x1f248),
        (0x1f250, 0x1f251),
        (0x1f260, 0x1f265),
        (0x1f300, 0x1f6d8),
        (0x1f6dc, 0x1f6ec),
        (0x1f6f0, 0x1f6fc),
        (0x1f700, 0x1f7d9),
        (0x1f7e0, 0x1f7eb),
        (0x1f7f0, 0x1f7f0),
        (0x1f800, 0x1f80b),
        (0x1f810, 0x1f847),
        (0x1f850, 0x1f859),
        (0x1f860, 0x1f887),
        (0x1f890, 0x1f8ad),
        (0x1f8b0, 0x1f8bb),
        (0x1f8c0, 0x1f8c1),
        (0x1f8d0, 0x1f8d8),
        (0x1f900, 0x1fa57),
        (0x1fa60, 0x1fa6d),
        (0x1fa70, 0x1fa7c),
        (0x1fa80, 0x1fa8a),
        (0x1fa8e, 0x1fac6),
        (0x1fac8, 0x1fac8),
        (0x1facd, 0x1fadc),
        (0x1fadf, 0x1faea),
        (0x1faef, 0x1faf8),
        (0x1fb00, 0x1fb92),
        (0x1fb94, 0x1fbfa),
        (0x20000, 0x2a6df),
        (0x2a700, 0x2b81d),
        (0x2b820, 0x2cead),
        (0x2ceb0, 0x2ebe0),
        (0x2ebf0, 0x2ee5d),
        (0x2f800, 0x2fa1d),
        (0x30000, 0x3134a),
        (0x31350, 0x33479),
    ],
    &[
        (0x300, 0x36f),
        (0x483, 0x489),
        (0x591, 0x5bd),
        (0x5bf, 0x5bf),
        (0x5c1, 0x5c2),
        (0x5c4, 0x5c5),
        (0x5c7, 0x5c7),
        (0x610, 0x61a),
        (0x64b, 0x65f),
        (0x670, 0x670),
        (0x6d6, 0x6dc),
        (0x6df, 0x6e4),
        (0x6e7, 0x6e8),
        (0x6ea, 0x6ed),
        (0x711, 0x711),
        (0x730, 0x74a),
        (0x7a6, 0x7b0),
        (0x7eb, 0x7f3),
        (0x7fd, 0x7fd),
        (0x816, 0x819),
        (0x81b, 0x823),
        (0x825, 0x827),
        (0x829, 0x82d),
        (0x859, 0x85b),
        (0x897, 0x89f),
        (0x8ca, 0x8e1),
        (0x8e3, 0x902),
        (0x93a, 0x93a),
        (0x93c, 0x93c),
        (0x941, 0x948),
        (0x94d, 0x94d),
        (0x951, 0x957),
        (0x962, 0x963),
        (0x981, 0x981),
        (0x9bc, 0x9bc),
        (0x9be, 0x9be),
        (0x9c1, 0x9c4),
        (0x9cd, 0x9cd),
        (0x9d7, 0x9d7),
        (0x9e2, 0x9e3),
        (0x9fe, 0x9fe),
        (0xa01, 0xa02),
        (0xa3c, 0xa3c),
        (0xa41, 0xa42),
        (0xa47, 0xa48),
        (0xa4b, 0xa4d),
        (0xa51, 0xa51),
        (0xa70, 0xa71),
        (0xa75, 0xa75),
        (0xa81, 0xa82),
        (0xabc, 0xabc),
        (0xac1, 0xac5),
        (0xac7, 0xac8),
        (0xacd, 0xacd),
        (0xae2, 0xae3),
        (0xafa, 0xaff),
        (0xb01, 0xb01),
        (0xb3c, 0xb3c),
        (0xb3e, 0xb3f),
        (0xb41, 0xb44),
        (0xb4d, 0xb4d),
        (0xb55, 0xb57),
        (0xb62, 0xb63),
        (0xb82, 0xb82),
        (0xbbe, 0xbbe),
        (0xbc0, 0xbc0),
        (0xbcd, 0xbcd),
        (0xbd7, 0xbd7),
        (0xc00, 0xc00),
        (0xc04, 0xc04),
        (0xc3c, 0xc3c),
        (0xc3e, 0xc40),
        (0xc46, 0xc48),
        (0xc4a, 0xc4d),
        (0xc55, 0xc56),
        (0xc62, 0xc63),
        (0xc81, 0xc81),
        (0xcbc, 0xcbc),
        (0xcbf, 0xcc0),
        (0xcc2, 0xcc2),
        (0xcc6, 0xcc8),
        (0xcca, 0xccd),
        (0xcd5, 0xcd6),
        (0xce2, 0xce3),
        (0xd00, 0xd01),
        (0xd3b, 0xd3c),
        (0xd3e, 0xd3e),
        (0xd41, 0xd44),
        (0xd4d, 0xd4d),
        (0xd57, 0xd57),
        (0xd62, 0xd63),
        (0xd81, 0xd81),
        (0xdca, 0xdca),
        (0xdcf, 0xdcf),
        (0xdd2, 0xdd4),
        (0xdd6, 0xdd6),
        (0xddf, 0xddf),
        (0xe31, 0xe31),
        (0xe34, 0xe3a),
        (0xe47, 0xe4e),
        (0xeb1, 0xeb1),
        (0xeb4, 0xebc),
        (0xec8, 0xece),
        (0xf18, 0xf19),
        (0xf35, 0xf35),
        (0xf37, 0xf37),
        (0xf39, 0xf39),
        (0xf71, 0xf7e),
        (0xf80, 0xf84),
        (0xf86, 0xf87),
        (0xf8d, 0xf97),
        (0xf99, 0xfbc),
        (0xfc6, 0xfc6),
        (0x102d, 0x1030),
        (0x1032, 0x1037),
        (0x1039, 0x103a),
        (0x103d, 0x103e),
        (0x1058, 0x1059),
        (0x105e, 0x1060),
        (0x1071, 0x1074),
        (0x1082, 0x1082),
        (0x1085, 0x1086),
        (0x108d, 0x108d),
        (0x109d, 0x109d),
        (0x135d, 0x135f),
        (0x1712, 0x1715),
        (0x1732, 0x1734),
        (0x1752, 0x1753),
        (0x1772, 0x1773),
        (0x17b4, 0x17b5),
        (0x17b7, 0x17bd),
        (0x17c6, 0x17c6),
        (0x17c9, 0x17d3),
        (0x17dd, 0x17dd),
        (0x180b, 0x180d),
        (0x180f, 0x180f),
        (0x1885, 0x1886),
        (0x18a9, 0x18a9),
        (0x1920, 0x1922),
        (0x1927, 0x1928),
        (0x1932, 0x1932),
        (0x1939, 0x193b),
        (0x1a17, 0x1a18),
        (0x1a1b, 0x1a1b),
        (0x1a56, 0x1a56),
        (0x1a58, 0x1a5e),
        (0x1a60, 0x1a60),
        (0x1a62, 0x1a62),
        (0x1a65, 0x1a6c),
        (0x1a73, 0x1a7c),
        (0x1a7f, 0x1a7f),
        (0x1ab0, 0x1add),
        (0x1ae0, 0x1aeb),
        (0x1b00, 0x1b03),
        (0x1b34, 0x1b3d),
        (0x1b42, 0x1b44),
        (0x1b6b, 0x1b73),
        (0x1b80, 0x1b81),
        (0x1ba2, 0x1ba5),
        (0x1ba8, 0x1bad),
        (0x1be6, 0x1be6),
        (0x1be8, 0x1be9),
        (0x1bed, 0x1bed),
        (0x1bef, 0x1bf3),
        (0x1c2c, 0x1c33),
        (0x1c36, 0x1c37),
        (0x1cd0, 0x1cd2),
        (0x1cd4, 0x1ce0),
        (0x1ce2, 0x1ce8),
        (0x1ced, 0x1ced),
        (0x1cf4, 0x1cf4),
        (0x1cf8, 0x1cf9),
        (0x1dc0, 0x1dff),
        (0x200c, 0x200c),
        (0x20d0, 0x20f0),
        (0x2cef, 0x2cf1),
        (0x2d7f, 0x2d7f),
        (0x2de0, 0x2dff),
        (0x302a, 0x302f),
        (0x3099, 0x309a),
        (0xa66f, 0xa672),
        (0xa674, 0xa67d),
        (0xa69e, 0xa69f),
        (0xa6f0, 0xa6f1),
        (0xa802, 0xa802),
        (0xa806, 0xa806),
        (0xa80b, 0xa80b),
        (0xa825, 0xa826),
        (0xa82c, 0xa82c),
        (0xa8c4, 0xa8c5),
        (0xa8e0, 0xa8f1),
        (0xa8ff, 0xa8ff),
        (0xa926, 0xa92d),
        (0xa947, 0xa951),
        (0xa953, 0xa953),
        (0xa980, 0xa982),
        (0xa9b3, 0xa9b3),
        (0xa9b6, 0xa9b9),
        (0xa9bc, 0xa9bd),
        (0xa9c0, 0xa9c0),
        (0xa9e5, 0xa9e5),
        (0xaa29, 0xaa2e),
        (0xaa31, 0xaa32),
        (0xaa35, 0xaa36),
        (0xaa43, 0xaa43),
        (0xaa4c, 0xaa4c),
        (0xaa7c, 0xaa7c),
        (0xaab0, 0xaab0),
        (0xaab2, 0xaab4),
        (0xaab7, 0xaab8),
        (0xaabe, 0xaabf),
        (0xaac1, 0xaac1),
        (0xaaec, 0xaaed),
        (0xaaf6, 0xaaf6),
        (0xabe5, 0xabe5),
        (0xabe8, 0xabe8),
        (0xabed, 0xabed),
        (0xfb1e, 0xfb1e),
        (0xfe00, 0xfe0f),
        (0xfe20, 0xfe2f),
        (0xff9e, 0xff9f),
        (0x101fd, 0x101fd),
        (0x102e0, 0x102e0),
        (0x10376, 0x1037a),
        (0x10a01, 0x10a03),
        (0x10a05, 0x10a06),
        (0x10a0c, 0x10a0f),
        (0x10a38, 0x10a3a),
        (0x10a3f, 0x10a3f),
        (0x10ae5, 0x10ae6),
        (0x10d24, 0x10d27),
        (0x10d69, 0x10d6d),
        (0x10eab, 0x10eac),
        (0x10efa, 0x10eff),
        (0x10f46, 0x10f50),
        (0x10f82, 0x10f85),
        (0x11001, 0x11001),
        (0x11038, 0x11046),
        (0x11070, 0x11070),
        (0x11073, 0x11074),
        (0x1107f, 0x11081),
        (0x110b3, 0x110b6),
        (0x110b9, 0x110ba),
        (0x110c2, 0x110c2),
        (0x11100, 0x11102),
        (0x11127, 0x1112b),
        (0x1112d, 0x11134),
        (0x11173, 0x11173),
        (0x11180, 0x11181),
        (0x111b6, 0x111be),
        (0x111c0, 0x111c0),
        (0x111c9, 0x111cc),
        (0x111cf, 0x111cf),
        (0x1122f, 0x11231),
        (0x11234, 0x11237),
        (0x1123e, 0x1123e),
        (0x11241, 0x11241),
        (0x112df, 0x112df),
        (0x112e3, 0x112ea),
        (0x11300, 0x11301),
        (0x1133b, 0x1133c),
        (0x1133e, 0x1133e),
        (0x11340, 0x11340),
        (0x1134d, 0x1134d),
        (0x11357, 0x11357),
        (0x11366, 0x1136c),
        (0x11370, 0x11374),
        (0x113b8, 0x113b8),
        (0x113bb, 0x113c0),
        (0x113c2, 0x113c2),
        (0x113c5, 0x113c5),
        (0x113c7, 0x113c9),
        (0x113ce, 0x113d0),
        (0x113d2, 0x113d2),
        (0x113e1, 0x113e2),
        (0x11438, 0x1143f),
        (0x11442, 0x11444),
        (0x11446, 0x11446),
        (0x1145e, 0x1145e),
        (0x114b0, 0x114b0),
        (0x114b3, 0x114b8),
        (0x114ba, 0x114ba),
        (0x114bd, 0x114bd),
        (0x114bf, 0x114c0),
        (0x114c2, 0x114c3),
        (0x115af, 0x115af),
        (0x115b2, 0x115b5),
        (0x115bc, 0x115bd),
        (0x115bf, 0x115c0),
        (0x115dc, 0x115dd),
        (0x11633, 0x1163a),
        (0x1163d, 0x1163d),
        (0x1163f, 0x11640),
        (0x116ab, 0x116ab),
        (0x116ad, 0x116ad),
        (0x116b0, 0x116b7),
        (0x1171d, 0x1171d),
        (0x1171f, 0x1171f),
        (0x11722, 0x11725),
        (0x11727, 0x1172b),
        (0x1182f, 0x11837),
        (0x11839, 0x1183a),
        (0x11930, 0x11930),
        (0x1193b, 0x1193e),
        (0x11943, 0x11943),
        (0x119d4, 0x119d7),
        (0x119da, 0x119db),
        (0x119e0, 0x119e0),
        (0x11a01, 0x11a0a),
        (0x11a33, 0x11a38),
        (0x11a3b, 0x11a3e),
        (0x11a47, 0x11a47),
        (0x11a51, 0x11a56),
        (0x11a59, 0x11a5b),
        (0x11a8a, 0x11a96),
        (0x11a98, 0x11a99),
        (0x11b60, 0x11b60),
        (0x11b62, 0x11b64),
        (0x11b66, 0x11b66),
        (0x11c30, 0x11c36),
        (0x11c38, 0x11c3d),
        (0x11c3f, 0x11c3f),
        (0x11c92, 0x11ca7),
        (0x11caa, 0x11cb0),
        (0x11cb2, 0x11cb3),
        (0x11cb5, 0x11cb6),
        (0x11d31, 0x11d36),
        (0x11d3a, 0x11d3a),
        (0x11d3c, 0x11d3d),
        (0x11d3f, 0x11d45),
        (0x11d47, 0x11d47),
        (0x11d90, 0x11d91),
        (0x11d95, 0x11d95),
        (0x11d97, 0x11d97),
        (0x11ef3, 0x11ef4),
        (0x11f00, 0x11f01),
        (0x11f36, 0x11f3a),
        (0x11f40, 0x11f42),
        (0x11f5a, 0x11f5a),
        (0x13440, 0x13440),
        (0x13447, 0x13455),
        (0x1611e, 0x16129),
        (0x1612d, 0x1612f),
        (0x16af0, 0x16af4),
        (0x16b30, 0x16b36),
        (0x16f4f, 0x16f4f),
        (0x16f8f, 0x16f92),
        (0x16fe4, 0x16fe4),
        (0x16ff0, 0x16ff1),
        (0x1bc9d, 0x1bc9e),
        (0x1cf00, 0x1cf2d),
        (0x1cf30, 0x1cf46),
        (0x1d165, 0x1d169),
        (0x1d16d, 0x1d172),
        (0x1d17b, 0x1d182),
        (0x1d185, 0x1d18b),
        (0x1d1aa, 0x1d1ad),
        (0x1d242, 0x1d244),
        (0x1da00, 0x1da36),
        (0x1da3b, 0x1da6c),
        (0x1da75, 0x1da75),
        (0x1da84, 0x1da84),
        (0x1da9b, 0x1da9f),
        (0x1daa1, 0x1daaf),
        (0x1e000, 0x1e006),
        (0x1e008, 0x1e018),
        (0x1e01b, 0x1e021),
        (0x1e023, 0x1e024),
        (0x1e026, 0x1e02a),
        (0x1e08f, 0x1e08f),
        (0x1e130, 0x1e136),
        (0x1e2ae, 0x1e2ae),
        (0x1e2ec, 0x1e2ef),
        (0x1e4ec, 0x1e4ef),
        (0x1e5ee, 0x1e5ef),
        (0x1e6e3, 0x1e6e3),
        (0x1e6e6, 0x1e6e6),
        (0x1e6ee, 0x1e6ef),
        (0x1e6f5, 0x1e6f5),
        (0x1e8d0, 0x1e8d6),
        (0x1e944, 0x1e94a),
        (0xe0020, 0xe007f),
        (0xe0100, 0xe01ef),
    ],
    &[
        (0x94d, 0x94d),
        (0x9cd, 0x9cd),
        (0xa4d, 0xa4d),
        (0xacd, 0xacd),
        (0xb4d, 0xb4d),
        (0xbcd, 0xbcd),
        (0xc4d, 0xc4d),
        (0xccd, 0xccd),
        (0xd3b, 0xd3c),
        (0xd4d, 0xd4d),
        (0xdca, 0xdca),
        (0xe3a, 0xe3a),
        (0xeba, 0xeba),
        (0xf84, 0xf84),
        (0x1039, 0x103a),
        (0x1714, 0x1715),
        (0x1734, 0x1734),
        (0x17d2, 0x17d2),
        (0x1a60, 0x1a60),
        (0x1b44, 0x1b44),
        (0x1baa, 0x1bab),
        (0x1bf2, 0x1bf3),
        (0x2d7f, 0x2d7f),
        (0xa806, 0xa806),
        (0xa82c, 0xa82c),
        (0xa8c4, 0xa8c4),
        (0xa953, 0xa953),
        (0xa9c0, 0xa9c0),
        (0xaaf6, 0xaaf6),
        (0xabed, 0xabed),
        (0x10a3f, 0x10a3f),
        (0x11046, 0x11046),
        (0x11070, 0x11070),
        (0x1107f, 0x1107f),
        (0x110b9, 0x110b9),
        (0x11133, 0x11134),
        (0x111c0, 0x111c0),
        (0x11235, 0x11235),
        (0x112ea, 0x112ea),
        (0x1134d, 0x1134d),
        (0x113ce, 0x113d0),
        (0x11442, 0x11442),
        (0x114c2, 0x114c2),
        (0x115bf, 0x115bf),
        (0x1163f, 0x1163f),
        (0x116b6, 0x116b6),
        (0x1172b, 0x1172b),
        (0x11839, 0x11839),
        (0x1193d, 0x1193e),
        (0x119e0, 0x119e0),
        (0x11a34, 0x11a34),
        (0x11a47, 0x11a47),
        (0x11a99, 0x11a99),
        (0x11c3f, 0x11c3f),
        (0x11d44, 0x11d45),
        (0x11d97, 0x11d97),
        (0x11f41, 0x11f42),
        (0x1612f, 0x1612f),
    ],
    &[
        (0x30, 0x39),
        (0x41, 0x46),
        (0x61, 0x66),
        (0xff10, 0xff19),
        (0xff21, 0xff26),
        (0xff41, 0xff46),
    ],
    &[(0x2ff0, 0x2ff1), (0x2ff4, 0x2ffd), (0x31ef, 0x31ef)],
    &[(0x2ff2, 0x2ff3)],
    &[(0x2ffe, 0x2fff)],
    &[
        (0xb2, 0xb3),
        (0xb9, 0xb9),
        (0x2070, 0x2070),
        (0x2074, 0x207e),
        (0x2080, 0x208e),
        (0x2202, 0x2202),
        (0x2207, 0x2207),
        (0x221e, 0x221e),
        (0x1d6c1, 0x1d6c1),
        (0x1d6db, 0x1d6db),
        (0x1d6fb, 0x1d6fb),
        (0x1d715, 0x1d715),
        (0x1d735, 0x1d735),
        (0x1d74f, 0x1d74f),
        (0x1d76f, 0x1d76f),
        (0x1d789, 0x1d789),
        (0x1d7a9, 0x1d7a9),
        (0x1d7c3, 0x1d7c3),
    ],
    &[
        (0x2202, 0x2202),
        (0x2207, 0x2207),
        (0x221e, 0x221e),
        (0x1d6c1, 0x1d6c1),
        (0x1d6db, 0x1d6db),
        (0x1d6fb, 0x1d6fb),
        (0x1d715, 0x1d715),
        (0x1d735, 0x1d735),
        (0x1d74f, 0x1d74f),
        (0x1d76f, 0x1d76f),
        (0x1d789, 0x1d789),
        (0x1d7a9, 0x1d7a9),
        (0x1d7c3, 0x1d7c3),
    ],
    &[
        (0x30, 0x39),
        (0x41, 0x5a),
        (0x5f, 0x5f),
        (0x61, 0x7a),
        (0xaa, 0xaa),
        (0xb5, 0xb5),
        (0xb7, 0xb7),
        (0xba, 0xba),
        (0xc0, 0xd6),
        (0xd8, 0xf6),
        (0xf8, 0x2c1),
        (0x2c6, 0x2d1),
        (0x2e0, 0x2e4),
        (0x2ec, 0x2ec),
        (0x2ee, 0x2ee),
        (0x300, 0x374),
        (0x376, 0x377),
        (0x37a, 0x37d),
        (0x37f, 0x37f),
        (0x386, 0x38a),
        (0x38c, 0x38c),
        (0x38e, 0x3a1),
        (0x3a3, 0x3f5),
        (0x3f7, 0x481),
        (0x483, 0x487),
        (0x48a, 0x52f),
        (0x531, 0x556),
        (0x559, 0x559),
        (0x560, 0x588),
        (0x591, 0x5bd),
        (0x5bf, 0x5bf),
        (0x5c1, 0x5c2),
        (0x5c4, 0x5c5),
        (0x5c7, 0x5c7),
        (0x5d0, 0x5ea),
        (0x5ef, 0x5f2),
        (0x610, 0x61a),
        (0x620, 0x669),
        (0x66e, 0x6d3),
        (0x6d5, 0x6dc),
        (0x6df, 0x6e8),
        (0x6ea, 0x6fc),
        (0x6ff, 0x6ff),
        (0x710, 0x74a),
        (0x74d, 0x7b1),
        (0x7c0, 0x7f5),
        (0x7fa, 0x7fa),
        (0x7fd, 0x7fd),
        (0x800, 0x82d),
        (0x840, 0x85b),
        (0x860, 0x86a),
        (0x870, 0x887),
        (0x889, 0x88f),
        (0x897, 0x8e1),
        (0x8e3, 0x963),
        (0x966, 0x96f),
        (0x971, 0x983),
        (0x985, 0x98c),
        (0x98f, 0x990),
        (0x993, 0x9a8),
        (0x9aa, 0x9b0),
        (0x9b2, 0x9b2),
        (0x9b6, 0x9b9),
        (0x9bc, 0x9c4),
        (0x9c7, 0x9c8),
        (0x9cb, 0x9ce),
        (0x9d7, 0x9d7),
        (0x9dc, 0x9dd),
        (0x9df, 0x9e3),
        (0x9e6, 0x9f1),
        (0x9fc, 0x9fc),
        (0x9fe, 0x9fe),
        (0xa01, 0xa03),
        (0xa05, 0xa0a),
        (0xa0f, 0xa10),
        (0xa13, 0xa28),
        (0xa2a, 0xa30),
        (0xa32, 0xa33),
        (0xa35, 0xa36),
        (0xa38, 0xa39),
        (0xa3c, 0xa3c),
        (0xa3e, 0xa42),
        (0xa47, 0xa48),
        (0xa4b, 0xa4d),
        (0xa51, 0xa51),
        (0xa59, 0xa5c),
        (0xa5e, 0xa5e),
        (0xa66, 0xa75),
        (0xa81, 0xa83),
        (0xa85, 0xa8d),
        (0xa8f, 0xa91),
        (0xa93, 0xaa8),
        (0xaaa, 0xab0),
        (0xab2, 0xab3),
        (0xab5, 0xab9),
        (0xabc, 0xac5),
        (0xac7, 0xac9),
        (0xacb, 0xacd),
        (0xad0, 0xad0),
        (0xae0, 0xae3),
        (0xae6, 0xaef),
        (0xaf9, 0xaff),
        (0xb01, 0xb03),
        (0xb05, 0xb0c),
        (0xb0f, 0xb10),
        (0xb13, 0xb28),
        (0xb2a, 0xb30),
        (0xb32, 0xb33),
        (0xb35, 0xb39),
        (0xb3c, 0xb44),
        (0xb47, 0xb48),
        (0xb4b, 0xb4d),
        (0xb55, 0xb57),
        (0xb5c, 0xb5d),
        (0xb5f, 0xb63),
        (0xb66, 0xb6f),
        (0xb71, 0xb71),
        (0xb82, 0xb83),
        (0xb85, 0xb8a),
        (0xb8e, 0xb90),
        (0xb92, 0xb95),
        (0xb99, 0xb9a),
        (0xb9c, 0xb9c),
        (0xb9e, 0xb9f),
        (0xba3, 0xba4),
        (0xba8, 0xbaa),
        (0xbae, 0xbb9),
        (0xbbe, 0xbc2),
        (0xbc6, 0xbc8),
        (0xbca, 0xbcd),
        (0xbd0, 0xbd0),
        (0xbd7, 0xbd7),
        (0xbe6, 0xbef),
        (0xc00, 0xc0c),
        (0xc0e, 0xc10),
        (0xc12, 0xc28),
        (0xc2a, 0xc39),
        (0xc3c, 0xc44),
        (0xc46, 0xc48),
        (0xc4a, 0xc4d),
        (0xc55, 0xc56),
        (0xc58, 0xc5a),
        (0xc5c, 0xc5d),
        (0xc60, 0xc63),
        (0xc66, 0xc6f),
        (0xc80, 0xc83),
        (0xc85, 0xc8c),
        (0xc8e, 0xc90),
        (0xc92, 0xca8),
        (0xcaa, 0xcb3),
        (0xcb5, 0xcb9),
        (0xcbc, 0xcc4),
        (0xcc6, 0xcc8),
        (0xcca, 0xccd),
        (0xcd5, 0xcd6),
        (0xcdc, 0xcde),
        (0xce0, 0xce3),
        (0xce6, 0xcef),
        (0xcf1, 0xcf3),
        (0xd00, 0xd0c),
        (0xd0e, 0xd10),
        (0xd12, 0xd44),
        (0xd46, 0xd48),
        (0xd4a, 0xd4e),
        (0xd54, 0xd57),
        (0xd5f, 0xd63),
        (0xd66, 0xd6f),
        (0xd7a, 0xd7f),
        (0xd81, 0xd83),
        (0xd85, 0xd96),
        (0xd9a, 0xdb1),
        (0xdb3, 0xdbb),
        (0xdbd, 0xdbd),
        (0xdc0, 0xdc6),
        (0xdca, 0xdca),
        (0xdcf, 0xdd4),
        (0xdd6, 0xdd6),
        (0xdd8, 0xddf),
        (0xde6, 0xdef),
        (0xdf2, 0xdf3),
        (0xe01, 0xe3a),
        (0xe40, 0xe4e),
        (0xe50, 0xe59),
        (0xe81, 0xe82),
        (0xe84, 0xe84),
        (0xe86, 0xe8a),
        (0xe8c, 0xea3),
        (0xea5, 0xea5),
        (0xea7, 0xebd),
        (0xec0, 0xec4),
        (0xec6, 0xec6),
        (0xec8, 0xece),
        (0xed0, 0xed9),
        (0xedc, 0xedf),
        (0xf00, 0xf00),
        (0xf18, 0xf19),
        (0xf20, 0xf29),
        (0xf35, 0xf35),
        (0xf37, 0xf37),
        (0xf39, 0xf39),
        (0xf3e, 0xf47),
        (0xf49, 0xf6c),
        (0xf71, 0xf84),
        (0xf86, 0xf97),
        (0xf99, 0xfbc),
        (0xfc6, 0xfc6),
        (0x1000, 0x1049),
        (0x1050, 0x109d),
        (0x10a0, 0x10c5),
        (0x10c7, 0x10c7),
        (0x10cd, 0x10cd),
        (0x10d0, 0x10fa),
        (0x10fc, 0x1248),
        (0x124a, 0x124d),
        (0x1250, 0x1256),
        (0x1258, 0x1258),
        (0x125a, 0x125d),
        (0x1260, 0x1288),
        (0x128a, 0x128d),
        (0x1290, 0x12b0),
        (0x12b2, 0x12b5),
        (0x12b8, 0x12be),
        (0x12c0, 0x12c0),
        (0x12c2, 0x12c5),
        (0x12c8, 0x12d6),
        (0x12d8, 0x1310),
        (0x1312, 0x1315),
        (0x1318, 0x135a),
        (0x135d, 0x135f),
        (0x1369, 0x1371),
        (0x1380, 0x138f),
        (0x13a0, 0x13f5),
        (0x13f8, 0x13fd),
        (0x1401, 0x166c),
        (0x166f, 0x167f),
        (0x1681, 0x169a),
        (0x16a0, 0x16ea),
        (0x16ee, 0x16f8),
        (0x1700, 0x1715),
        (0x171f, 0x1734),
        (0x1740, 0x1753),
        (0x1760, 0x176c),
        (0x176e, 0x1770),
        (0x1772, 0x1773),
        (0x1780, 0x17d3),
        (0x17d7, 0x17d7),
        (0x17dc, 0x17dd),
        (0x17e0, 0x17e9),
        (0x180b, 0x180d),
        (0x180f, 0x1819),
        (0x1820, 0x1878),
        (0x1880, 0x18aa),
        (0x18b0, 0x18f5),
        (0x1900, 0x191e),
        (0x1920, 0x192b),
        (0x1930, 0x193b),
        (0x1946, 0x196d),
        (0x1970, 0x1974),
        (0x1980, 0x19ab),
        (0x19b0, 0x19c9),
        (0x19d0, 0x19da),
        (0x1a00, 0x1a1b),
        (0x1a20, 0x1a5e),
        (0x1a60, 0x1a7c),
        (0x1a7f, 0x1a89),
        (0x1a90, 0x1a99),
        (0x1aa7, 0x1aa7),
        (0x1ab0, 0x1abd),
        (0x1abf, 0x1add),
        (0x1ae0, 0x1aeb),
        (0x1b00, 0x1b4c),
        (0x1b50, 0x1b59),
        (0x1b6b, 0x1b73),
        (0x1b80, 0x1bf3),
        (0x1c00, 0x1c37),
        (0x1c40, 0x1c49),
        (0x1c4d, 0x1c7d),
        (0x1c80, 0x1c8a),
        (0x1c90, 0x1cba),
        (0x1cbd, 0x1cbf),
        (0x1cd0, 0x1cd2),
        (0x1cd4, 0x1cfa),
        (0x1d00, 0x1f15),
        (0x1f18, 0x1f1d),
        (0x1f20, 0x1f45),
        (0x1f48, 0x1f4d),
        (0x1f50, 0x1f57),
        (0x1f59, 0x1f59),
        (0x1f5b, 0x1f5b),
        (0x1f5d, 0x1f5d),
        (0x1f5f, 0x1f7d),
        (0x1f80, 0x1fb4),
        (0x1fb6, 0x1fbc),
        (0x1fbe, 0x1fbe),
        (0x1fc2, 0x1fc4),
        (0x1fc6, 0x1fcc),
        (0x1fd0, 0x1fd3),
        (0x1fd6, 0x1fdb),
        (0x1fe0, 0x1fec),
        (0x1ff2, 0x1ff4),
        (0x1ff6, 0x1ffc),
        (0x200c, 0x200d),
        (0x203f, 0x2040),
        (0x2054, 0x2054),
        (0x2071, 0x2071),
        (0x207f, 0x207f),
        (0x2090, 0x209c),
        (0x20d0, 0x20dc),
        (0x20e1, 0x20e1),
        (0x20e5, 0x20f0),
        (0x2102, 0x2102),
        (0x2107, 0x2107),
        (0x210a, 0x2113),
        (0x2115, 0x2115),
        (0x2118, 0x211d),
        (0x2124, 0x2124),
        (0x2126, 0x2126),
        (0x2128, 0x2128),
        (0x212a, 0x2139),
        (0x213c, 0x213f),
        (0x2145, 0x2149),
        (0x214e, 0x214e),
        (0x2160, 0x2188),
        (0x2c00, 0x2ce4),
        (0x2ceb, 0x2cf3),
        (0x2d00, 0x2d25),
        (0x2d27, 0x2d27),
        (0x2d2d, 0x2d2d),
        (0x2d30, 0x2d67),
        (0x2d6f, 0x2d6f),
        (0x2d7f, 0x2d96),
        (0x2da0, 0x2da6),
        (0x2da8, 0x2dae),
        (0x2db0, 0x2db6),
        (0x2db8, 0x2dbe),
        (0x2dc0, 0x2dc6),
        (0x2dc8, 0x2dce),
        (0x2dd0, 0x2dd6),
        (0x2dd8, 0x2dde),
        (0x2de0, 0x2dff),
        (0x3005, 0x3007),
        (0x3021, 0x302f),
        (0x3031, 0x3035),
        (0x3038, 0x303c),
        (0x3041, 0x3096),
        (0x3099, 0x309f),
        (0x30a1, 0x30ff),
        (0x3105, 0x312f),
        (0x3131, 0x318e),
        (0x31a0, 0x31bf),
        (0x31f0, 0x31ff),
        (0x3400, 0x4dbf),
        (0x4e00, 0xa48c),
        (0xa4d0, 0xa4fd),
        (0xa500, 0xa60c),
        (0xa610, 0xa62b),
        (0xa640, 0xa66f),
        (0xa674, 0xa67d),
        (0xa67f, 0xa6f1),
        (0xa717, 0xa71f),
        (0xa722, 0xa788),
        (0xa78b, 0xa7dc),
        (0xa7f1, 0xa827),
        (0xa82c, 0xa82c),
        (0xa840, 0xa873),
        (0xa880, 0xa8c5),
        (0xa8d0, 0xa8d9),
        (0xa8e0, 0xa8f7),
        (0xa8fb, 0xa8fb),
        (0xa8fd, 0xa92d),
        (0xa930, 0xa953),
        (0xa960, 0xa97c),
        (0xa980, 0xa9c0),
        (0xa9cf, 0xa9d9),
        (0xa9e0, 0xa9fe),
        (0xaa00, 0xaa36),
        (0xaa40, 0xaa4d),
        (0xaa50, 0xaa59),
        (0xaa60, 0xaa76),
        (0xaa7a, 0xaac2),
        (0xaadb, 0xaadd),
        (0xaae0, 0xaaef),
        (0xaaf2, 0xaaf6),
        (0xab01, 0xab06),
        (0xab09, 0xab0e),
        (0xab11, 0xab16),
        (0xab20, 0xab26),
        (0xab28, 0xab2e),
        (0xab30, 0xab5a),
        (0xab5c, 0xab69),
        (0xab70, 0xabea),
        (0xabec, 0xabed),
        (0xabf0, 0xabf9),
        (0xac00, 0xd7a3),
        (0xd7b0, 0xd7c6),
        (0xd7cb, 0xd7fb),
        (0xf900, 0xfa6d),
        (0xfa70, 0xfad9),
        (0xfb00, 0xfb06),
        (0xfb13, 0xfb17),
        (0xfb1d, 0xfb28),
        (0xfb2a, 0xfb36),
        (0xfb38, 0xfb3c),
        (0xfb3e, 0xfb3e),
        (0xfb40, 0xfb41),
        (0xfb43, 0xfb44),
        (0xfb46, 0xfbb1),
        (0xfbd3, 0xfd3d),
        (0xfd50, 0xfd8f),
        (0xfd92, 0xfdc7),
        (0xfdf0, 0xfdfb),
        (0xfe00, 0xfe0f),
        (0xfe20, 0xfe2f),
        (0xfe33, 0xfe34),
        (0xfe4d, 0xfe4f),
        (0xfe70, 0xfe74),
        (0xfe76, 0xfefc),
        (0xff10, 0xff19),
        (0xff21, 0xff3a),
        (0xff3f, 0xff3f),
        (0xff41, 0xff5a),
        (0xff65, 0xffbe),
        (0xffc2, 0xffc7),
        (0xffca, 0xffcf),
        (0xffd2, 0xffd7),
        (0xffda, 0xffdc),
        (0x10000, 0x1000b),
        (0x1000d, 0x10026),
        (0x10028, 0x1003a),
        (0x1003c, 0x1003d),
        (0x1003f, 0x1004d),
        (0x10050, 0x1005d),
        (0x10080, 0x100fa),
        (0x10140, 0x10174),
        (0x101fd, 0x101fd),
        (0x10280, 0x1029c),
        (0x102a0, 0x102d0),
        (0x102e0, 0x102e0),
        (0x10300, 0x1031f),
        (0x1032d, 0x1034a),
        (0x10350, 0x1037a),
        (0x10380, 0x1039d),
        (0x103a0, 0x103c3),
        (0x103c8, 0x103cf),
        (0x103d1, 0x103d5),
        (0x10400, 0x1049d),
        (0x104a0, 0x104a9),
        (0x104b0, 0x104d3),
        (0x104d8, 0x104fb),
        (0x10500, 0x10527),
        (0x10530, 0x10563),
        (0x10570, 0x1057a),
        (0x1057c, 0x1058a),
        (0x1058c, 0x10592),
        (0x10594, 0x10595),
        (0x10597, 0x105a1),
        (0x105a3, 0x105b1),
        (0x105b3, 0x105b9),
        (0x105bb, 0x105bc),
        (0x105c0, 0x105f3),
        (0x10600, 0x10736),
        (0x10740, 0x10755),
        (0x10760, 0x10767),
        (0x10780, 0x10785),
        (0x10787, 0x107b0),
        (0x107b2, 0x107ba),
        (0x10800, 0x10805),
        (0x10808, 0x10808),
        (0x1080a, 0x10835),
        (0x10837, 0x10838),
        (0x1083c, 0x1083c),
        (0x1083f, 0x10855),
        (0x10860, 0x10876),
        (0x10880, 0x1089e),
        (0x108e0, 0x108f2),
        (0x108f4, 0x108f5),
        (0x10900, 0x10915),
        (0x10920, 0x10939),
        (0x10940, 0x10959),
        (0x10980, 0x109b7),
        (0x109be, 0x109bf),
        (0x10a00, 0x10a03),
        (0x10a05, 0x10a06),
        (0x10a0c, 0x10a13),
        (0x10a15, 0x10a17),
        (0x10a19, 0x10a35),
        (0x10a38, 0x10a3a),
        (0x10a3f, 0x10a3f),
        (0x10a60, 0x10a7c),
        (0x10a80, 0x10a9c),
        (0x10ac0, 0x10ac7),
        (0x10ac9, 0x10ae6),
        (0x10b00, 0x10b35),
        (0x10b40, 0x10b55),
        (0x10b60, 0x10b72),
        (0x10b80, 0x10b91),
        (0x10c00, 0x10c48),
        (0x10c80, 0x10cb2),
        (0x10cc0, 0x10cf2),
        (0x10d00, 0x10d27),
        (0x10d30, 0x10d39),
        (0x10d40, 0x10d65),
        (0x10d69, 0x10d6d),
        (0x10d6f, 0x10d85),
        (0x10e80, 0x10ea9),
        (0x10eab, 0x10eac),
        (0x10eb0, 0x10eb1),
        (0x10ec2, 0x10ec7),
        (0x10efa, 0x10f1c),
        (0x10f27, 0x10f27),
        (0x10f30, 0x10f50),
        (0x10f70, 0x10f85),
        (0x10fb0, 0x10fc4),
        (0x10fe0, 0x10ff6),
        (0x11000, 0x11046),
        (0x11066, 0x11075),
        (0x1107f, 0x110ba),
        (0x110c2, 0x110c2),
        (0x110d0, 0x110e8),
        (0x110f0, 0x110f9),
        (0x11100, 0x11134),
        (0x11136, 0x1113f),
        (0x11144, 0x11147),
        (0x11150, 0x11173),
        (0x11176, 0x11176),
        (0x11180, 0x111c4),
        (0x111c9, 0x111cc),
        (0x111ce, 0x111da),
        (0x111dc, 0x111dc),
        (0x11200, 0x11211),
        (0x11213, 0x11237),
        (0x1123e, 0x11241),
        (0x11280, 0x11286),
        (0x11288, 0x11288),
        (0x1128a, 0x1128d),
        (0x1128f, 0x1129d),
        (0x1129f, 0x112a8),
        (0x112b0, 0x112ea),
        (0x112f0, 0x112f9),
        (0x11300, 0x11303),
        (0x11305, 0x1130c),
        (0x1130f, 0x11310),
        (0x11313, 0x11328),
        (0x1132a, 0x11330),
        (0x11332, 0x11333),
        (0x11335, 0x11339),
        (0x1133b, 0x11344),
        (0x11347, 0x11348),
        (0x1134b, 0x1134d),
        (0x11350, 0x11350),
        (0x11357, 0x11357),
        (0x1135d, 0x11363),
        (0x11366, 0x1136c),
        (0x11370, 0x11374),
        (0x11380, 0x11389),
        (0x1138b, 0x1138b),
        (0x1138e, 0x1138e),
        (0x11390, 0x113b5),
        (0x113b7, 0x113c0),
        (0x113c2, 0x113c2),
        (0x113c5, 0x113c5),
        (0x113c7, 0x113ca),
        (0x113cc, 0x113d3),
        (0x113e1, 0x113e2),
        (0x11400, 0x1144a),
        (0x11450, 0x11459),
        (0x1145e, 0x11461),
        (0x11480, 0x114c5),
        (0x114c7, 0x114c7),
        (0x114d0, 0x114d9),
        (0x11580, 0x115b5),
        (0x115b8, 0x115c0),
        (0x115d8, 0x115dd),
        (0x11600, 0x11640),
        (0x11644, 0x11644),
        (0x11650, 0x11659),
        (0x11680, 0x116b8),
        (0x116c0, 0x116c9),
        (0x116d0, 0x116e3),
        (0x11700, 0x1171a),
        (0x1171d, 0x1172b),
        (0x11730, 0x11739),
        (0x11740, 0x11746),
        (0x11800, 0x1183a),
        (0x118a0, 0x118e9),
        (0x118ff, 0x11906),
        (0x11909, 0x11909),
        (0x1190c, 0x11913),
        (0x11915, 0x11916),
        (0x11918, 0x11935),
        (0x11937, 0x11938),
        (0x1193b, 0x11943),
        (0x11950, 0x11959),
        (0x119a0, 0x119a7),
        (0x119aa, 0x119d7),
        (0x119da, 0x119e1),
        (0x119e3, 0x119e4),
        (0x11a00, 0x11a3e),
        (0x11a47, 0x11a47),
        (0x11a50, 0x11a99),
        (0x11a9d, 0x11a9d),
        (0x11ab0, 0x11af8),
        (0x11b60, 0x11b67),
        (0x11bc0, 0x11be0),
        (0x11bf0, 0x11bf9),
        (0x11c00, 0x11c08),
        (0x11c0a, 0x11c36),
        (0x11c38, 0x11c40),
        (0x11c50, 0x11c59),
        (0x11c72, 0x11c8f),
        (0x11c92, 0x11ca7),
        (0x11ca9, 0x11cb6),
        (0x11d00, 0x11d06),
        (0x11d08, 0x11d09),
        (0x11d0b, 0x11d36),
        (0x11d3a, 0x11d3a),
        (0x11d3c, 0x11d3d),
        (0x11d3f, 0x11d47),
        (0x11d50, 0x11d59),
        (0x11d60, 0x11d65),
        (0x11d67, 0x11d68),
        (0x11d6a, 0x11d8e),
        (0x11d90, 0x11d91),
        (0x11d93, 0x11d98),
        (0x11da0, 0x11da9),
        (0x11db0, 0x11ddb),
        (0x11de0, 0x11de9),
        (0x11ee0, 0x11ef6),
        (0x11f00, 0x11f10),
        (0x11f12, 0x11f3a),
        (0x11f3e, 0x11f42),
        (0x11f50, 0x11f5a),
        (0x11fb0, 0x11fb0),
        (0x12000, 0x12399),
        (0x12400, 0x1246e),
        (0x12480, 0x12543),
        (0x12f90, 0x12ff0),
        (0x13000, 0x1342f),
        (0x13440, 0x13455),
        (0x13460, 0x143fa),
        (0x14400, 0x14646),
        (0x16100, 0x16139),
        (0x16800, 0x16a38),
        (0x16a40, 0x16a5e),
        (0x16a60, 0x16a69),
        (0x16a70, 0x16abe),
        (0x16ac0, 0x16ac9),
        (0x16ad0, 0x16aed),
        (0x16af0, 0x16af4),
        (0x16b00, 0x16b36),
        (0x16b40, 0x16b43),
        (0x16b50, 0x16b59),
        (0x16b63, 0x16b77),
        (0x16b7d, 0x16b8f),
        (0x16d40, 0x16d6c),
        (0x16d70, 0x16d79),
        (0x16e40, 0x16e7f),
        (0x16ea0, 0x16eb8),
        (0x16ebb, 0x16ed3),
        (0x16f00, 0x16f4a),
        (0x16f4f, 0x16f87),
        (0x16f8f, 0x16f9f),
        (0x16fe0, 0x16fe1),
        (0x16fe3, 0x16fe4),
        (0x16ff0, 0x16ff6),
        (0x17000, 0x18cd5),
        (0x18cff, 0x18d1e),
        (0x18d80, 0x18df2),
        (0x1aff0, 0x1aff3),
        (0x1aff5, 0x1affb),
        (0x1affd, 0x1affe),
        (0x1b000, 0x1b122),
        (0x1b132, 0x1b132),
        (0x1b150, 0x1b152),
        (0x1b155, 0x1b155),
        (0x1b164, 0x1b167),
        (0x1b170, 0x1b2fb),
        (0x1bc00, 0x1bc6a),
        (0x1bc70, 0x1bc7c),
        (0x1bc80, 0x1bc88),
        (0x1bc90, 0x1bc99),
        (0x1bc9d, 0x1bc9e),
        (0x1ccf0, 0x1ccf9),
        (0x1cf00, 0x1cf2d),
        (0x1cf30, 0x1cf46),
        (0x1d165, 0x1d169),
        (0x1d16d, 0x1d172),
        (0x1d17b, 0x1d182),
        (0x1d185, 0x1d18b),
        (0x1d1aa, 0x1d1ad),
        (0x1d242, 0x1d244),
        (0x1d400, 0x1d454),
        (0x1d456, 0x1d49c),
        (0x1d49e, 0x1d49f),
        (0x1d4a2, 0x1d4a2),
        (0x1d4a5, 0x1d4a6),
        (0x1d4a9, 0x1d4ac),
        (0x1d4ae, 0x1d4b9),
        (0x1d4bb, 0x1d4bb),
        (0x1d4bd, 0x1d4c3),
        (0x1d4c5, 0x1d505),
        (0x1d507, 0x1d50a),
        (0x1d50d, 0x1d514),
        (0x1d516, 0x1d51c),
        (0x1d51e, 0x1d539),
        (0x1d53b, 0x1d53e),
        (0x1d540, 0x1d544),
        (0x1d546, 0x1d546),
        (0x1d54a, 0x1d550),
        (0x1d552, 0x1d6a5),
        (0x1d6a8, 0x1d6c0),
        (0x1d6c2, 0x1d6da),
        (0x1d6dc, 0x1d6fa),
        (0x1d6fc, 0x1d714),
        (0x1d716, 0x1d734),
        (0x1d736, 0x1d74e),
        (0x1d750, 0x1d76e),
        (0x1d770, 0x1d788),
        (0x1d78a, 0x1d7a8),
        (0x1d7aa, 0x1d7c2),
        (0x1d7c4, 0x1d7cb),
        (0x1d7ce, 0x1d7ff),
        (0x1da00, 0x1da36),
        (0x1da3b, 0x1da6c),
        (0x1da75, 0x1da75),
        (0x1da84, 0x1da84),
        (0x1da9b, 0x1da9f),
        (0x1daa1, 0x1daaf),
        (0x1df00, 0x1df1e),
        (0x1df25, 0x1df2a),
        (0x1e000, 0x1e006),
        (0x1e008, 0x1e018),
        (0x1e01b, 0x1e021),
        (0x1e023, 0x1e024),
        (0x1e026, 0x1e02a),
        (0x1e030, 0x1e06d),
        (0x1e08f, 0x1e08f),
        (0x1e100, 0x1e12c),
        (0x1e130, 0x1e13d),
        (0x1e140, 0x1e149),
        (0x1e14e, 0x1e14e),
        (0x1e290, 0x1e2ae),
        (0x1e2c0, 0x1e2f9),
        (0x1e4d0, 0x1e4f9),
        (0x1e5d0, 0x1e5fa),
        (0x1e6c0, 0x1e6de),
        (0x1e6e0, 0x1e6f5),
        (0x1e6fe, 0x1e6ff),
        (0x1e7e0, 0x1e7e6),
        (0x1e7e8, 0x1e7eb),
        (0x1e7ed, 0x1e7ee),
        (0x1e7f0, 0x1e7fe),
        (0x1e800, 0x1e8c4),
        (0x1e8d0, 0x1e8d6),
        (0x1e900, 0x1e94b),
        (0x1e950, 0x1e959),
        (0x1ee00, 0x1ee03),
        (0x1ee05, 0x1ee1f),
        (0x1ee21, 0x1ee22),
        (0x1ee24, 0x1ee24),
        (0x1ee27, 0x1ee27),
        (0x1ee29, 0x1ee32),
        (0x1ee34, 0x1ee37),
        (0x1ee39, 0x1ee39),
        (0x1ee3b, 0x1ee3b),
        (0x1ee42, 0x1ee42),
        (0x1ee47, 0x1ee47),
        (0x1ee49, 0x1ee49),
        (0x1ee4b, 0x1ee4b),
        (0x1ee4d, 0x1ee4f),
        (0x1ee51, 0x1ee52),
        (0x1ee54, 0x1ee54),
        (0x1ee57, 0x1ee57),
        (0x1ee59, 0x1ee59),
        (0x1ee5b, 0x1ee5b),
        (0x1ee5d, 0x1ee5d),
        (0x1ee5f, 0x1ee5f),
        (0x1ee61, 0x1ee62),
        (0x1ee64, 0x1ee64),
        (0x1ee67, 0x1ee6a),
        (0x1ee6c, 0x1ee72),
        (0x1ee74, 0x1ee77),
        (0x1ee79, 0x1ee7c),
        (0x1ee7e, 0x1ee7e),
        (0x1ee80, 0x1ee89),
        (0x1ee8b, 0x1ee9b),
        (0x1eea1, 0x1eea3),
        (0x1eea5, 0x1eea9),
        (0x1eeab, 0x1eebb),
        (0x1fbf0, 0x1fbf9),
        (0x20000, 0x2a6df),
        (0x2a700, 0x2b81d),
        (0x2b820, 0x2cead),
        (0x2ceb0, 0x2ebe0),
        (0x2ebf0, 0x2ee5d),
        (0x2f800, 0x2fa1d),
        (0x30000, 0x3134a),
        (0x31350, 0x33479),
        (0xe0100, 0xe01ef),
    ],
    &[
        (0x41, 0x5a),
        (0x61, 0x7a),
        (0xaa, 0xaa),
        (0xb5, 0xb5),
        (0xba, 0xba),
        (0xc0, 0xd6),
        (0xd8, 0xf6),
        (0xf8, 0x2c1),
        (0x2c6, 0x2d1),
        (0x2e0, 0x2e4),
        (0x2ec, 0x2ec),
        (0x2ee, 0x2ee),
        (0x370, 0x374),
        (0x376, 0x377),
        (0x37a, 0x37d),
        (0x37f, 0x37f),
        (0x386, 0x386),
        (0x388, 0x38a),
        (0x38c, 0x38c),
        (0x38e, 0x3a1),
        (0x3a3, 0x3f5),
        (0x3f7, 0x481),
        (0x48a, 0x52f),
        (0x531, 0x556),
        (0x559, 0x559),
        (0x560, 0x588),
        (0x5d0, 0x5ea),
        (0x5ef, 0x5f2),
        (0x620, 0x64a),
        (0x66e, 0x66f),
        (0x671, 0x6d3),
        (0x6d5, 0x6d5),
        (0x6e5, 0x6e6),
        (0x6ee, 0x6ef),
        (0x6fa, 0x6fc),
        (0x6ff, 0x6ff),
        (0x710, 0x710),
        (0x712, 0x72f),
        (0x74d, 0x7a5),
        (0x7b1, 0x7b1),
        (0x7ca, 0x7ea),
        (0x7f4, 0x7f5),
        (0x7fa, 0x7fa),
        (0x800, 0x815),
        (0x81a, 0x81a),
        (0x824, 0x824),
        (0x828, 0x828),
        (0x840, 0x858),
        (0x860, 0x86a),
        (0x870, 0x887),
        (0x889, 0x88f),
        (0x8a0, 0x8c9),
        (0x904, 0x939),
        (0x93d, 0x93d),
        (0x950, 0x950),
        (0x958, 0x961),
        (0x971, 0x980),
        (0x985, 0x98c),
        (0x98f, 0x990),
        (0x993, 0x9a8),
        (0x9aa, 0x9b0),
        (0x9b2, 0x9b2),
        (0x9b6, 0x9b9),
        (0x9bd, 0x9bd),
        (0x9ce, 0x9ce),
        (0x9dc, 0x9dd),
        (0x9df, 0x9e1),
        (0x9f0, 0x9f1),
        (0x9fc, 0x9fc),
        (0xa05, 0xa0a),
        (0xa0f, 0xa10),
        (0xa13, 0xa28),
        (0xa2a, 0xa30),
        (0xa32, 0xa33),
        (0xa35, 0xa36),
        (0xa38, 0xa39),
        (0xa59, 0xa5c),
        (0xa5e, 0xa5e),
        (0xa72, 0xa74),
        (0xa85, 0xa8d),
        (0xa8f, 0xa91),
        (0xa93, 0xaa8),
        (0xaaa, 0xab0),
        (0xab2, 0xab3),
        (0xab5, 0xab9),
        (0xabd, 0xabd),
        (0xad0, 0xad0),
        (0xae0, 0xae1),
        (0xaf9, 0xaf9),
        (0xb05, 0xb0c),
        (0xb0f, 0xb10),
        (0xb13, 0xb28),
        (0xb2a, 0xb30),
        (0xb32, 0xb33),
        (0xb35, 0xb39),
        (0xb3d, 0xb3d),
        (0xb5c, 0xb5d),
        (0xb5f, 0xb61),
        (0xb71, 0xb71),
        (0xb83, 0xb83),
        (0xb85, 0xb8a),
        (0xb8e, 0xb90),
        (0xb92, 0xb95),
        (0xb99, 0xb9a),
        (0xb9c, 0xb9c),
        (0xb9e, 0xb9f),
        (0xba3, 0xba4),
        (0xba8, 0xbaa),
        (0xbae, 0xbb9),
        (0xbd0, 0xbd0),
        (0xc05, 0xc0c),
        (0xc0e, 0xc10),
        (0xc12, 0xc28),
        (0xc2a, 0xc39),
        (0xc3d, 0xc3d),
        (0xc58, 0xc5a),
        (0xc5c, 0xc5d),
        (0xc60, 0xc61),
        (0xc80, 0xc80),
        (0xc85, 0xc8c),
        (0xc8e, 0xc90),
        (0xc92, 0xca8),
        (0xcaa, 0xcb3),
        (0xcb5, 0xcb9),
        (0xcbd, 0xcbd),
        (0xcdc, 0xcde),
        (0xce0, 0xce1),
        (0xcf1, 0xcf2),
        (0xd04, 0xd0c),
        (0xd0e, 0xd10),
        (0xd12, 0xd3a),
        (0xd3d, 0xd3d),
        (0xd4e, 0xd4e),
        (0xd54, 0xd56),
        (0xd5f, 0xd61),
        (0xd7a, 0xd7f),
        (0xd85, 0xd96),
        (0xd9a, 0xdb1),
        (0xdb3, 0xdbb),
        (0xdbd, 0xdbd),
        (0xdc0, 0xdc6),
        (0xe01, 0xe30),
        (0xe32, 0xe33),
        (0xe40, 0xe46),
        (0xe81, 0xe82),
        (0xe84, 0xe84),
        (0xe86, 0xe8a),
        (0xe8c, 0xea3),
        (0xea5, 0xea5),
        (0xea7, 0xeb0),
        (0xeb2, 0xeb3),
        (0xebd, 0xebd),
        (0xec0, 0xec4),
        (0xec6, 0xec6),
        (0xedc, 0xedf),
        (0xf00, 0xf00),
        (0xf40, 0xf47),
        (0xf49, 0xf6c),
        (0xf88, 0xf8c),
        (0x1000, 0x102a),
        (0x103f, 0x103f),
        (0x1050, 0x1055),
        (0x105a, 0x105d),
        (0x1061, 0x1061),
        (0x1065, 0x1066),
        (0x106e, 0x1070),
        (0x1075, 0x1081),
        (0x108e, 0x108e),
        (0x10a0, 0x10c5),
        (0x10c7, 0x10c7),
        (0x10cd, 0x10cd),
        (0x10d0, 0x10fa),
        (0x10fc, 0x1248),
        (0x124a, 0x124d),
        (0x1250, 0x1256),
        (0x1258, 0x1258),
        (0x125a, 0x125d),
        (0x1260, 0x1288),
        (0x128a, 0x128d),
        (0x1290, 0x12b0),
        (0x12b2, 0x12b5),
        (0x12b8, 0x12be),
        (0x12c0, 0x12c0),
        (0x12c2, 0x12c5),
        (0x12c8, 0x12d6),
        (0x12d8, 0x1310),
        (0x1312, 0x1315),
        (0x1318, 0x135a),
        (0x1380, 0x138f),
        (0x13a0, 0x13f5),
        (0x13f8, 0x13fd),
        (0x1401, 0x166c),
        (0x166f, 0x167f),
        (0x1681, 0x169a),
        (0x16a0, 0x16ea),
        (0x16ee, 0x16f8),
        (0x1700, 0x1711),
        (0x171f, 0x1731),
        (0x1740, 0x1751),
        (0x1760, 0x176c),
        (0x176e, 0x1770),
        (0x1780, 0x17b3),
        (0x17d7, 0x17d7),
        (0x17dc, 0x17dc),
        (0x1820, 0x1878),
        (0x1880, 0x18a8),
        (0x18aa, 0x18aa),
        (0x18b0, 0x18f5),
        (0x1900, 0x191e),
        (0x1950, 0x196d),
        (0x1970, 0x1974),
        (0x1980, 0x19ab),
        (0x19b0, 0x19c9),
        (0x1a00, 0x1a16),
        (0x1a20, 0x1a54),
        (0x1aa7, 0x1aa7),
        (0x1b05, 0x1b33),
        (0x1b45, 0x1b4c),
        (0x1b83, 0x1ba0),
        (0x1bae, 0x1baf),
        (0x1bba, 0x1be5),
        (0x1c00, 0x1c23),
        (0x1c4d, 0x1c4f),
        (0x1c5a, 0x1c7d),
        (0x1c80, 0x1c8a),
        (0x1c90, 0x1cba),
        (0x1cbd, 0x1cbf),
        (0x1ce9, 0x1cec),
        (0x1cee, 0x1cf3),
        (0x1cf5, 0x1cf6),
        (0x1cfa, 0x1cfa),
        (0x1d00, 0x1dbf),
        (0x1e00, 0x1f15),
        (0x1f18, 0x1f1d),
        (0x1f20, 0x1f45),
        (0x1f48, 0x1f4d),
        (0x1f50, 0x1f57),
        (0x1f59, 0x1f59),
        (0x1f5b, 0x1f5b),
        (0x1f5d, 0x1f5d),
        (0x1f5f, 0x1f7d),
        (0x1f80, 0x1fb4),
        (0x1fb6, 0x1fbc),
        (0x1fbe, 0x1fbe),
        (0x1fc2, 0x1fc4),
        (0x1fc6, 0x1fcc),
        (0x1fd0, 0x1fd3),
        (0x1fd6, 0x1fdb),
        (0x1fe0, 0x1fec),
        (0x1ff2, 0x1ff4),
        (0x1ff6, 0x1ffc),
        (0x2071, 0x2071),
        (0x207f, 0x207f),
        (0x2090, 0x209c),
        (0x2102, 0x2102),
        (0x2107, 0x2107),
        (0x210a, 0x2113),
        (0x2115, 0x2115),
        (0x2118, 0x211d),
        (0x2124, 0x2124),
        (0x2126, 0x2126),
        (0x2128, 0x2128),
        (0x212a, 0x2139),
        (0x213c, 0x213f),
        (0x2145, 0x2149),
        (0x214e, 0x214e),
        (0x2160, 0x2188),
        (0x2c00, 0x2ce4),
        (0x2ceb, 0x2cee),
        (0x2cf2, 0x2cf3),
        (0x2d00, 0x2d25),
        (0x2d27, 0x2d27),
        (0x2d2d, 0x2d2d),
        (0x2d30, 0x2d67),
        (0x2d6f, 0x2d6f),
        (0x2d80, 0x2d96),
        (0x2da0, 0x2da6),
        (0x2da8, 0x2dae),
        (0x2db0, 0x2db6),
        (0x2db8, 0x2dbe),
        (0x2dc0, 0x2dc6),
        (0x2dc8, 0x2dce),
        (0x2dd0, 0x2dd6),
        (0x2dd8, 0x2dde),
        (0x3005, 0x3007),
        (0x3021, 0x3029),
        (0x3031, 0x3035),
        (0x3038, 0x303c),
        (0x3041, 0x3096),
        (0x309b, 0x309f),
        (0x30a1, 0x30fa),
        (0x30fc, 0x30ff),
        (0x3105, 0x312f),
        (0x3131, 0x318e),
        (0x31a0, 0x31bf),
        (0x31f0, 0x31ff),
        (0x3400, 0x4dbf),
        (0x4e00, 0xa48c),
        (0xa4d0, 0xa4fd),
        (0xa500, 0xa60c),
        (0xa610, 0xa61f),
        (0xa62a, 0xa62b),
        (0xa640, 0xa66e),
        (0xa67f, 0xa69d),
        (0xa6a0, 0xa6ef),
        (0xa717, 0xa71f),
        (0xa722, 0xa788),
        (0xa78b, 0xa7dc),
        (0xa7f1, 0xa801),
        (0xa803, 0xa805),
        (0xa807, 0xa80a),
        (0xa80c, 0xa822),
        (0xa840, 0xa873),
        (0xa882, 0xa8b3),
        (0xa8f2, 0xa8f7),
        (0xa8fb, 0xa8fb),
        (0xa8fd, 0xa8fe),
        (0xa90a, 0xa925),
        (0xa930, 0xa946),
        (0xa960, 0xa97c),
        (0xa984, 0xa9b2),
        (0xa9cf, 0xa9cf),
        (0xa9e0, 0xa9e4),
        (0xa9e6, 0xa9ef),
        (0xa9fa, 0xa9fe),
        (0xaa00, 0xaa28),
        (0xaa40, 0xaa42),
        (0xaa44, 0xaa4b),
        (0xaa60, 0xaa76),
        (0xaa7a, 0xaa7a),
        (0xaa7e, 0xaaaf),
        (0xaab1, 0xaab1),
        (0xaab5, 0xaab6),
        (0xaab9, 0xaabd),
        (0xaac0, 0xaac0),
        (0xaac2, 0xaac2),
        (0xaadb, 0xaadd),
        (0xaae0, 0xaaea),
        (0xaaf2, 0xaaf4),
        (0xab01, 0xab06),
        (0xab09, 0xab0e),
        (0xab11, 0xab16),
        (0xab20, 0xab26),
        (0xab28, 0xab2e),
        (0xab30, 0xab5a),
        (0xab5c, 0xab69),
        (0xab70, 0xabe2),
        (0xac00, 0xd7a3),
        (0xd7b0, 0xd7c6),
        (0xd7cb, 0xd7fb),
        (0xf900, 0xfa6d),
        (0xfa70, 0xfad9),
        (0xfb00, 0xfb06),
        (0xfb13, 0xfb17),
        (0xfb1d, 0xfb1d),
        (0xfb1f, 0xfb28),
        (0xfb2a, 0xfb36),
        (0xfb38, 0xfb3c),
        (0xfb3e, 0xfb3e),
        (0xfb40, 0xfb41),
        (0xfb43, 0xfb44),
        (0xfb46, 0xfbb1),
        (0xfbd3, 0xfd3d),
        (0xfd50, 0xfd8f),
        (0xfd92, 0xfdc7),
        (0xfdf0, 0xfdfb),
        (0xfe70, 0xfe74),
        (0xfe76, 0xfefc),
        (0xff21, 0xff3a),
        (0xff41, 0xff5a),
        (0xff66, 0xffbe),
        (0xffc2, 0xffc7),
        (0xffca, 0xffcf),
        (0xffd2, 0xffd7),
        (0xffda, 0xffdc),
        (0x10000, 0x1000b),
        (0x1000d, 0x10026),
        (0x10028, 0x1003a),
        (0x1003c, 0x1003d),
        (0x1003f, 0x1004d),
        (0x10050, 0x1005d),
        (0x10080, 0x100fa),
        (0x10140, 0x10174),
        (0x10280, 0x1029c),
        (0x102a0, 0x102d0),
        (0x10300, 0x1031f),
        (0x1032d, 0x1034a),
        (0x10350, 0x10375),
        (0x10380, 0x1039d),
        (0x103a0, 0x103c3),
        (0x103c8, 0x103cf),
        (0x103d1, 0x103d5),
        (0x10400, 0x1049d),
        (0x104b0, 0x104d3),
        (0x104d8, 0x104fb),
        (0x10500, 0x10527),
        (0x10530, 0x10563),
        (0x10570, 0x1057a),
        (0x1057c, 0x1058a),
        (0x1058c, 0x10592),
        (0x10594, 0x10595),
        (0x10597, 0x105a1),
        (0x105a3, 0x105b1),
        (0x105b3, 0x105b9),
        (0x105bb, 0x105bc),
        (0x105c0, 0x105f3),
        (0x10600, 0x10736),
        (0x10740, 0x10755),
        (0x10760, 0x10767),
        (0x10780, 0x10785),
        (0x10787, 0x107b0),
        (0x107b2, 0x107ba),
        (0x10800, 0x10805),
        (0x10808, 0x10808),
        (0x1080a, 0x10835),
        (0x10837, 0x10838),
        (0x1083c, 0x1083c),
        (0x1083f, 0x10855),
        (0x10860, 0x10876),
        (0x10880, 0x1089e),
        (0x108e0, 0x108f2),
        (0x108f4, 0x108f5),
        (0x10900, 0x10915),
        (0x10920, 0x10939),
        (0x10940, 0x10959),
        (0x10980, 0x109b7),
        (0x109be, 0x109bf),
        (0x10a00, 0x10a00),
        (0x10a10, 0x10a13),
        (0x10a15, 0x10a17),
        (0x10a19, 0x10a35),
        (0x10a60, 0x10a7c),
        (0x10a80, 0x10a9c),
        (0x10ac0, 0x10ac7),
        (0x10ac9, 0x10ae4),
        (0x10b00, 0x10b35),
        (0x10b40, 0x10b55),
        (0x10b60, 0x10b72),
        (0x10b80, 0x10b91),
        (0x10c00, 0x10c48),
        (0x10c80, 0x10cb2),
        (0x10cc0, 0x10cf2),
        (0x10d00, 0x10d23),
        (0x10d4a, 0x10d65),
        (0x10d6f, 0x10d85),
        (0x10e80, 0x10ea9),
        (0x10eb0, 0x10eb1),
        (0x10ec2, 0x10ec7),
        (0x10f00, 0x10f1c),
        (0x10f27, 0x10f27),
        (0x10f30, 0x10f45),
        (0x10f70, 0x10f81),
        (0x10fb0, 0x10fc4),
        (0x10fe0, 0x10ff6),
        (0x11003, 0x11037),
        (0x11071, 0x11072),
        (0x11075, 0x11075),
        (0x11083, 0x110af),
        (0x110d0, 0x110e8),
        (0x11103, 0x11126),
        (0x11144, 0x11144),
        (0x11147, 0x11147),
        (0x11150, 0x11172),
        (0x11176, 0x11176),
        (0x11183, 0x111b2),
        (0x111c1, 0x111c4),
        (0x111da, 0x111da),
        (0x111dc, 0x111dc),
        (0x11200, 0x11211),
        (0x11213, 0x1122b),
        (0x1123f, 0x11240),
        (0x11280, 0x11286),
        (0x11288, 0x11288),
        (0x1128a, 0x1128d),
        (0x1128f, 0x1129d),
        (0x1129f, 0x112a8),
        (0x112b0, 0x112de),
        (0x11305, 0x1130c),
        (0x1130f, 0x11310),
        (0x11313, 0x11328),
        (0x1132a, 0x11330),
        (0x11332, 0x11333),
        (0x11335, 0x11339),
        (0x1133d, 0x1133d),
        (0x11350, 0x11350),
        (0x1135d, 0x11361),
        (0x11380, 0x11389),
        (0x1138b, 0x1138b),
        (0x1138e, 0x1138e),
        (0x11390, 0x113b5),
        (0x113b7, 0x113b7),
        (0x113d1, 0x113d1),
        (0x113d3, 0x113d3),
        (0x11400, 0x11434),
        (0x11447, 0x1144a),
        (0x1145f, 0x11461),
        (0x11480, 0x114af),
        (0x114c4, 0x114c5),
        (0x114c7, 0x114c7),
        (0x11580, 0x115ae),
        (0x115d8, 0x115db),
        (0x11600, 0x1162f),
        (0x11644, 0x11644),
        (0x11680, 0x116aa),
        (0x116b8, 0x116b8),
        (0x11700, 0x1171a),
        (0x11740, 0x11746),
        (0x11800, 0x1182b),
        (0x118a0, 0x118df),
        (0x118ff, 0x11906),
        (0x11909, 0x11909),
        (0x1190c, 0x11913),
        (0x11915, 0x11916),
        (0x11918, 0x1192f),
        (0x1193f, 0x1193f),
        (0x11941, 0x11941),
        (0x119a0, 0x119a7),
        (0x119aa, 0x119d0),
        (0x119e1, 0x119e1),
        (0x119e3, 0x119e3),
        (0x11a00, 0x11a00),
        (0x11a0b, 0x11a32),
        (0x11a3a, 0x11a3a),
        (0x11a50, 0x11a50),
        (0x11a5c, 0x11a89),
        (0x11a9d, 0x11a9d),
        (0x11ab0, 0x11af8),
        (0x11bc0, 0x11be0),
        (0x11c00, 0x11c08),
        (0x11c0a, 0x11c2e),
        (0x11c40, 0x11c40),
        (0x11c72, 0x11c8f),
        (0x11d00, 0x11d06),
        (0x11d08, 0x11d09),
        (0x11d0b, 0x11d30),
        (0x11d46, 0x11d46),
        (0x11d60, 0x11d65),
        (0x11d67, 0x11d68),
        (0x11d6a, 0x11d89),
        (0x11d98, 0x11d98),
        (0x11db0, 0x11ddb),
        (0x11ee0, 0x11ef2),
        (0x11f02, 0x11f02),
        (0x11f04, 0x11f10),
        (0x11f12, 0x11f33),
        (0x11fb0, 0x11fb0),
        (0x12000, 0x12399),
        (0x12400, 0x1246e),
        (0x12480, 0x12543),
        (0x12f90, 0x12ff0),
        (0x13000, 0x1342f),
        (0x13441, 0x13446),
        (0x13460, 0x143fa),
        (0x14400, 0x14646),
        (0x16100, 0x1611d),
        (0x16800, 0x16a38),
        (0x16a40, 0x16a5e),
        (0x16a70, 0x16abe),
        (0x16ad0, 0x16aed),
        (0x16b00, 0x16b2f),
        (0x16b40, 0x16b43),
        (0x16b63, 0x16b77),
        (0x16b7d, 0x16b8f),
        (0x16d40, 0x16d6c),
        (0x16e40, 0x16e7f),
        (0x16ea0, 0x16eb8),
        (0x16ebb, 0x16ed3),
        (0x16f00, 0x16f4a),
        (0x16f50, 0x16f50),
        (0x16f93, 0x16f9f),
        (0x16fe0, 0x16fe1),
        (0x16fe3, 0x16fe3),
        (0x16ff2, 0x16ff6),
        (0x17000, 0x18cd5),
        (0x18cff, 0x18d1e),
        (0x18d80, 0x18df2),
        (0x1aff0, 0x1aff3),
        (0x1aff5, 0x1affb),
        (0x1affd, 0x1affe),
        (0x1b000, 0x1b122),
        (0x1b132, 0x1b132),
        (0x1b150, 0x1b152),
        (0x1b155, 0x1b155),
        (0x1b164, 0x1b167),
        (0x1b170, 0x1b2fb),
        (0x1bc00, 0x1bc6a),
        (0x1bc70, 0x1bc7c),
        (0x1bc80, 0x1bc88),
        (0x1bc90, 0x1bc99),
        (0x1d400, 0x1d454),
        (0x1d456, 0x1d49c),
        (0x1d49e, 0x1d49f),
        (0x1d4a2, 0x1d4a2),
        (0x1d4a5, 0x1d4a6),
        (0x1d4a9, 0x1d4ac),
        (0x1d4ae, 0x1d4b9),
        (0x1d4bb, 0x1d4bb),
        (0x1d4bd, 0x1d4c3),
        (0x1d4c5, 0x1d505),
        (0x1d507, 0x1d50a),
        (0x1d50d, 0x1d514),
        (0x1d516, 0x1d51c),
        (0x1d51e, 0x1d539),
        (0x1d53b, 0x1d53e),
        (0x1d540, 0x1d544),
        (0x1d546, 0x1d546),
        (0x1d54a, 0x1d550),
        (0x1d552, 0x1d6a5),
        (0x1d6a8, 0x1d6c0),
        (0x1d6c2, 0x1d6da),
        (0x1d6dc, 0x1d6fa),
        (0x1d6fc, 0x1d714),
        (0x1d716, 0x1d734),
        (0x1d736, 0x1d74e),
        (0x1d750, 0x1d76e),
        (0x1d770, 0x1d788),
        (0x1d78a, 0x1d7a8),
        (0x1d7aa, 0x1d7c2),
        (0x1d7c4, 0x1d7cb),
        (0x1df00, 0x1df1e),
        (0x1df25, 0x1df2a),
        (0x1e030, 0x1e06d),
        (0x1e100, 0x1e12c),
        (0x1e137, 0x1e13d),
        (0x1e14e, 0x1e14e),
        (0x1e290, 0x1e2ad),
        (0x1e2c0, 0x1e2eb),
        (0x1e4d0, 0x1e4eb),
        (0x1e5d0, 0x1e5ed),
        (0x1e5f0, 0x1e5f0),
        (0x1e6c0, 0x1e6de),
        (0x1e6e0, 0x1e6e2),
        (0x1e6e4, 0x1e6e5),
        (0x1e6e7, 0x1e6ed),
        (0x1e6f0, 0x1e6f4),
        (0x1e6fe, 0x1e6ff),
        (0x1e7e0, 0x1e7e6),
        (0x1e7e8, 0x1e7eb),
        (0x1e7ed, 0x1e7ee),
        (0x1e7f0, 0x1e7fe),
        (0x1e800, 0x1e8c4),
        (0x1e900, 0x1e943),
        (0x1e94b, 0x1e94b),
        (0x1ee00, 0x1ee03),
        (0x1ee05, 0x1ee1f),
        (0x1ee21, 0x1ee22),
        (0x1ee24, 0x1ee24),
        (0x1ee27, 0x1ee27),
        (0x1ee29, 0x1ee32),
        (0x1ee34, 0x1ee37),
        (0x1ee39, 0x1ee39),
        (0x1ee3b, 0x1ee3b),
        (0x1ee42, 0x1ee42),
        (0x1ee47, 0x1ee47),
        (0x1ee49, 0x1ee49),
        (0x1ee4b, 0x1ee4b),
        (0x1ee4d, 0x1ee4f),
        (0x1ee51, 0x1ee52),
        (0x1ee54, 0x1ee54),
        (0x1ee57, 0x1ee57),
        (0x1ee59, 0x1ee59),
        (0x1ee5b, 0x1ee5b),
        (0x1ee5d, 0x1ee5d),
        (0x1ee5f, 0x1ee5f),
        (0x1ee61, 0x1ee62),
        (0x1ee64, 0x1ee64),
        (0x1ee67, 0x1ee6a),
        (0x1ee6c, 0x1ee72),
        (0x1ee74, 0x1ee77),
        (0x1ee79, 0x1ee7c),
        (0x1ee7e, 0x1ee7e),
        (0x1ee80, 0x1ee89),
        (0x1ee8b, 0x1ee9b),
        (0x1eea1, 0x1eea3),
        (0x1eea5, 0x1eea9),
        (0x1eeab, 0x1eebb),
        (0x20000, 0x2a6df),
        (0x2a700, 0x2b81d),
        (0x2b820, 0x2cead),
        (0x2ceb0, 0x2ebe0),
        (0x2ebf0, 0x2ee5d),
        (0x2f800, 0x2fa1d),
        (0x30000, 0x3134a),
        (0x31350, 0x33479),
    ],
    &[
        (0x3006, 0x3007),
        (0x3021, 0x3029),
        (0x3038, 0x303a),
        (0x3400, 0x4dbf),
        (0x4e00, 0x9fff),
        (0xf900, 0xfa6d),
        (0xfa70, 0xfad9),
        (0x16fe4, 0x16fe4),
        (0x16ff2, 0x16ff6),
        (0x17000, 0x18cd5),
        (0x18cff, 0x18d1e),
        (0x18d80, 0x18df2),
        (0x1b170, 0x1b2fb),
        (0x20000, 0x2a6df),
        (0x2a700, 0x2b81d),
        (0x2b820, 0x2cead),
        (0x2ceb0, 0x2ebe0),
        (0x2ebf0, 0x2ee5d),
        (0x2f800, 0x2fa1d),
        (0x30000, 0x3134a),
        (0x31350, 0x33479),
    ],
    &[
        (0x300, 0x36f),
        (0x483, 0x489),
        (0x591, 0x5bd),
        (0x5bf, 0x5bf),
        (0x5c1, 0x5c2),
        (0x5c4, 0x5c5),
        (0x5c7, 0x5c7),
        (0x610, 0x61a),
        (0x64b, 0x65f),
        (0x670, 0x670),
        (0x6d6, 0x6dc),
        (0x6df, 0x6e4),
        (0x6e7, 0x6e8),
        (0x6ea, 0x6ed),
        (0x711, 0x711),
        (0x730, 0x74a),
        (0x7a6, 0x7b0),
        (0x7eb, 0x7f3),
        (0x7fd, 0x7fd),
        (0x816, 0x819),
        (0x81b, 0x823),
        (0x825, 0x827),
        (0x829, 0x82d),
        (0x859, 0x85b),
        (0x897, 0x89f),
        (0x8ca, 0x8e1),
        (0x8e3, 0x902),
        (0x915, 0x93a),
        (0x93c, 0x93c),
        (0x941, 0x948),
        (0x94d, 0x94d),
        (0x951, 0x95f),
        (0x962, 0x963),
        (0x978, 0x97f),
        (0x981, 0x981),
        (0x995, 0x9a8),
        (0x9aa, 0x9b0),
        (0x9b2, 0x9b2),
        (0x9b6, 0x9b9),
        (0x9bc, 0x9bc),
        (0x9be, 0x9be),
        (0x9c1, 0x9c4),
        (0x9cd, 0x9cd),
        (0x9d7, 0x9d7),
        (0x9dc, 0x9dd),
        (0x9df, 0x9df),
        (0x9e2, 0x9e3),
        (0x9f0, 0x9f1),
        (0x9fe, 0x9fe),
        (0xa01, 0xa02),
        (0xa3c, 0xa3c),
        (0xa41, 0xa42),
        (0xa47, 0xa48),
        (0xa4b, 0xa4d),
        (0xa51, 0xa51),
        (0xa70, 0xa71),
        (0xa75, 0xa75),
        (0xa81, 0xa82),
        (0xa95, 0xaa8),
        (0xaaa, 0xab0),
        (0xab2, 0xab3),
        (0xab5, 0xab9),
        (0xabc, 0xabc),
        (0xac1, 0xac5),
        (0xac7, 0xac8),
        (0xacd, 0xacd),
        (0xae2, 0xae3),
        (0xaf9, 0xaff),
        (0xb01, 0xb01),
        (0xb15, 0xb28),
        (0xb2a, 0xb30),
        (0xb32, 0xb33),
        (0xb35, 0xb39),
        (0xb3c, 0xb3c),
        (0xb3e, 0xb3f),
        (0xb41, 0xb44),
        (0xb4d, 0xb4d),
        (0xb55, 0xb57),
        (0xb5c, 0xb5d),
        (0xb5f, 0xb5f),
        (0xb62, 0xb63),
        (0xb71, 0xb71),
        (0xb82, 0xb82),
        (0xbbe, 0xbbe),
        (0xbc0, 0xbc0),
        (0xbcd, 0xbcd),
        (0xbd7, 0xbd7),
        (0xc00, 0xc00),
        (0xc04, 0xc04),
        (0xc15, 0xc28),
        (0xc2a, 0xc39),
        (0xc3c, 0xc3c),
        (0xc3e, 0xc40),
        (0xc46, 0xc48),
        (0xc4a, 0xc4d),
        (0xc55, 0xc56),
        (0xc58, 0xc5a),
        (0xc62, 0xc63),
        (0xc81, 0xc81),
        (0xcbc, 0xcbc),
        (0xcbf, 0xcc0),
        (0xcc2, 0xcc2),
        (0xcc6, 0xcc8),
        (0xcca, 0xccd),
        (0xcd5, 0xcd6),
        (0xce2, 0xce3),
        (0xd00, 0xd01),
        (0xd15, 0xd3c),
        (0xd3e, 0xd3e),
        (0xd41, 0xd44),
        (0xd4d, 0xd4d),
        (0xd57, 0xd57),
        (0xd62, 0xd63),
        (0xd81, 0xd81),
        (0xdca, 0xdca),
        (0xdcf, 0xdcf),
        (0xdd2, 0xdd4),
        (0xdd6, 0xdd6),
        (0xddf, 0xddf),
        (0xe31, 0xe31),
        (0xe34, 0xe3a),
        (0xe47, 0xe4e),
        (0xeb1, 0xeb1),
        (0xeb4, 0xebc),
        (0xec8, 0xece),
        (0xf18, 0xf19),
        (0xf35, 0xf35),
        (0xf37, 0xf37),
        (0xf39, 0xf39),
        (0xf71, 0xf7e),
        (0xf80, 0xf84),
        (0xf86, 0xf87),
        (0xf8d, 0xf97),
        (0xf99, 0xfbc),
        (0xfc6, 0xfc6),
        (0x1000, 0x102a),
        (0x102d, 0x1030),
        (0x1032, 0x1037),
        (0x1039, 0x103a),
        (0x103d, 0x103f),
        (0x1050, 0x1055),
        (0x1058, 0x1061),
        (0x1065, 0x1066),
        (0x106e, 0x1082),
        (0x1085, 0x1086),
        (0x108d, 0x108e),
        (0x109d, 0x109d),
        (0x135d, 0x135f),
        (0x1712, 0x1715),
        (0x1732, 0x1734),
        (0x1752, 0x1753),
        (0x1772, 0x1773),
        (0x1780, 0x17b5),
        (0x17b7, 0x17bd),
        (0x17c6, 0x17c6),
        (0x17c9, 0x17d3),
        (0x17dd, 0x17dd),
        (0x180b, 0x180d),
        (0x180f, 0x180f),
        (0x1885, 0x1886),
        (0x18a9, 0x18a9),
        (0x1920, 0x1922),
        (0x1927, 0x1928),
        (0x1932, 0x1932),
        (0x1939, 0x193b),
        (0x1a17, 0x1a18),
        (0x1a1b, 0x1a1b),
        (0x1a20, 0x1a54),
        (0x1a56, 0x1a56),
        (0x1a58, 0x1a5e),
        (0x1a60, 0x1a60),
        (0x1a62, 0x1a62),
        (0x1a65, 0x1a6c),
        (0x1a73, 0x1a7c),
        (0x1a7f, 0x1a7f),
        (0x1ab0, 0x1add),
        (0x1ae0, 0x1aeb),
        (0x1b00, 0x1b03),
        (0x1b0b, 0x1b0c),
        (0x1b13, 0x1b3d),
        (0x1b42, 0x1b4c),
        (0x1b6b, 0x1b73),
        (0x1b80, 0x1b81),
        (0x1b83, 0x1ba0),
        (0x1ba2, 0x1ba5),
        (0x1ba8, 0x1baf),
        (0x1bbb, 0x1bbd),
        (0x1be6, 0x1be6),
        (0x1be8, 0x1be9),
        (0x1bed, 0x1bed),
        (0x1bef, 0x1bf3),
        (0x1c2c, 0x1c33),
        (0x1c36, 0x1c37),
        (0x1cd0, 0x1cd2),
        (0x1cd4, 0x1ce0),
        (0x1ce2, 0x1ce8),
        (0x1ced, 0x1ced),
        (0x1cf4, 0x1cf4),
        (0x1cf8, 0x1cf9),
        (0x1dc0, 0x1dff),
        (0x200d, 0x200d),
        (0x20d0, 0x20f0),
        (0x2cef, 0x2cf1),
        (0x2d7f, 0x2d7f),
        (0x2de0, 0x2dff),
        (0x302a, 0x302f),
        (0x3099, 0x309a),
        (0xa66f, 0xa672),
        (0xa674, 0xa67d),
        (0xa69e, 0xa69f),
        (0xa6f0, 0xa6f1),
        (0xa802, 0xa802),
        (0xa806, 0xa806),
        (0xa80b, 0xa80b),
        (0xa825, 0xa826),
        (0xa82c, 0xa82c),
        (0xa8c4, 0xa8c5),
        (0xa8e0, 0xa8f1),
        (0xa8ff, 0xa8ff),
        (0xa926, 0xa92d),
        (0xa947, 0xa951),
        (0xa953, 0xa953),
        (0xa980, 0xa982),
        (0xa989, 0xa98b),
        (0xa98f, 0xa9b3),
        (0xa9b6, 0xa9b9),
        (0xa9bc, 0xa9bd),
        (0xa9c0, 0xa9c0),
        (0xa9e0, 0xa9e5),
        (0xa9e7, 0xa9ef),
        (0xa9fa, 0xa9fe),
        (0xaa29, 0xaa2e),
        (0xaa31, 0xaa32),
        (0xaa35, 0xaa36),
        (0xaa43, 0xaa43),
        (0xaa4c, 0xaa4c),
        (0xaa60, 0xaa6f),
        (0xaa71, 0xaa73),
        (0xaa7a, 0xaa7a),
        (0xaa7c, 0xaa7c),
        (0xaa7e, 0xaa7f),
        (0xaab0, 0xaab0),
        (0xaab2, 0xaab4),
        (0xaab7, 0xaab8),
        (0xaabe, 0xaabf),
        (0xaac1, 0xaac1),
        (0xaae0, 0xaaea),
        (0xaaec, 0xaaed),
        (0xaaf6, 0xaaf6),
        (0xabc0, 0xabda),
        (0xabe5, 0xabe5),
        (0xabe8, 0xabe8),
        (0xabed, 0xabed),
        (0xfb1e, 0xfb1e),
        (0xfe00, 0xfe0f),
        (0xfe20, 0xfe2f),
        (0xff9e, 0xff9f),
        (0x101fd, 0x101fd),
        (0x102e0, 0x102e0),
        (0x10376, 0x1037a),
        (0x10a00, 0x10a03),
        (0x10a05, 0x10a06),
        (0x10a0c, 0x10a13),
        (0x10a15, 0x10a17),
        (0x10a19, 0x10a35),
        (0x10a38, 0x10a3a),
        (0x10a3f, 0x10a3f),
        (0x10ae5, 0x10ae6),
        (0x10d24, 0x10d27),
        (0x10d69, 0x10d6d),
        (0x10eab, 0x10eac),
        (0x10efa, 0x10eff),
        (0x10f46, 0x10f50),
        (0x10f82, 0x10f85),
        (0x11001, 0x11001),
        (0x11038, 0x11046),
        (0x11070, 0x11070),
        (0x11073, 0x11074),
        (0x1107f, 0x11081),
        (0x110b3, 0x110b6),
        (0x110b9, 0x110ba),
        (0x110c2, 0x110c2),
        (0x11100, 0x1112b),
        (0x1112d, 0x11134),
        (0x11144, 0x11144),
        (0x11147, 0x11147),
        (0x11173, 0x11173),
        (0x11180, 0x11181),
        (0x111b6, 0x111be),
        (0x111c0, 0x111c0),
        (0x111c9, 0x111cc),
        (0x111cf, 0x111cf),
        (0x1122f, 0x11231),
        (0x11234, 0x11237),
        (0x1123e, 0x1123e),
        (0x11241, 0x11241),
        (0x112df, 0x112df),
        (0x112e3, 0x112ea),
        (0x11300, 0x11301),
        (0x1133b, 0x1133c),
        (0x1133e, 0x1133e),
        (0x11340, 0x11340),
        (0x1134d, 0x1134d),
        (0x11357, 0x11357),
        (0x11366, 0x1136c),
        (0x11370, 0x11374),
        (0x11380, 0x11389),
        (0x1138b, 0x1138b),
        (0x1138e, 0x1138e),
        (0x11390, 0x113b5),
        (0x113b8, 0x113b8),
        (0x113bb, 0x113c0),
        (0x113c2, 0x113c2),
        (0x113c5, 0x113c5),
        (0x113c7, 0x113c9),
        (0x113ce, 0x113d0),
        (0x113d2, 0x113d2),
        (0x113e1, 0x113e2),
        (0x11438, 0x1143f),
        (0x11442, 0x11444),
        (0x11446, 0x11446),
        (0x1145e, 0x1145e),
        (0x114b0, 0x114b0),
        (0x114b3, 0x114b8),
        (0x114ba, 0x114ba),
        (0x114bd, 0x114bd),
        (0x114bf, 0x114c0),
        (0x114c2, 0x114c3),
        (0x115af, 0x115af),
        (0x115b2, 0x115b5),
        (0x115bc, 0x115bd),
        (0x115bf, 0x115c0),
        (0x115dc, 0x115dd),
        (0x11633, 0x1163a),
        (0x1163d, 0x1163d),
        (0x1163f, 0x11640),
        (0x116ab, 0x116ab),
        (0x116ad, 0x116ad),
        (0x116b0, 0x116b7),
        (0x1171d, 0x1171d),
        (0x1171f, 0x1171f),
        (0x11722, 0x11725),
        (0x11727, 0x1172b),
        (0x1182f, 0x11837),
        (0x11839, 0x1183a),
        (0x11900, 0x11906),
        (0x11909, 0x11909),
        (0x1190c, 0x11913),
        (0x11915, 0x11916),
        (0x11918, 0x11930),
        (0x1193b, 0x1193e),
        (0x11943, 0x11943),
        (0x119d4, 0x119d7),
        (0x119da, 0x119db),
        (0x119e0, 0x119e0),
        (0x11a00, 0x11a38),
        (0x11a3b, 0x11a3e),
        (0x11a47, 0x11a47),
        (0x11a50, 0x11a56),
        (0x11a59, 0x11a83),
        (0x11a8a, 0x11a96),
        (0x11a98, 0x11a99),
        (0x11b60, 0x11b60),
        (0x11b62, 0x11b64),
        (0x11b66, 0x11b66),
        (0x11c30, 0x11c36),
        (0x11c38, 0x11c3d),
        (0x11c3f, 0x11c3f),
        (0x11c92, 0x11ca7),
        (0x11caa, 0x11cb0),
        (0x11cb2, 0x11cb3),
        (0x11cb5, 0x11cb6),
        (0x11d31, 0x11d36),
        (0x11d3a, 0x11d3a),
        (0x11d3c, 0x11d3d),
        (0x11d3f, 0x11d45),
        (0x11d47, 0x11d47),
        (0x11d90, 0x11d91),
        (0x11d95, 0x11d95),
        (0x11d97, 0x11d97),
        (0x11ef3, 0x11ef4),
        (0x11f00, 0x11f01),
        (0x11f04, 0x11f10),
        (0x11f12, 0x11f33),
        (0x11f36, 0x11f3a),
        (0x11f40, 0x11f42),
        (0x11f5a, 0x11f5a),
        (0x13440, 0x13440),
        (0x13447, 0x13455),
        (0x1611e, 0x16129),
        (0x1612d, 0x1612f),
        (0x16af0, 0x16af4),
        (0x16b30, 0x16b36),
        (0x16f4f, 0x16f4f),
        (0x16f8f, 0x16f92),
        (0x16fe4, 0x16fe4),
        (0x16ff0, 0x16ff1),
        (0x1bc9d, 0x1bc9e),
        (0x1cf00, 0x1cf2d),
        (0x1cf30, 0x1cf46),
        (0x1d165, 0x1d169),
        (0x1d16d, 0x1d172),
        (0x1d17b, 0x1d182),
        (0x1d185, 0x1d18b),
        (0x1d1aa, 0x1d1ad),
        (0x1d242, 0x1d244),
        (0x1da00, 0x1da36),
        (0x1da3b, 0x1da6c),
        (0x1da75, 0x1da75),
        (0x1da84, 0x1da84),
        (0x1da9b, 0x1da9f),
        (0x1daa1, 0x1daaf),
        (0x1e000, 0x1e006),
        (0x1e008, 0x1e018),
        (0x1e01b, 0x1e021),
        (0x1e023, 0x1e024),
        (0x1e026, 0x1e02a),
        (0x1e08f, 0x1e08f),
        (0x1e130, 0x1e136),
        (0x1e2ae, 0x1e2ae),
        (0x1e2ec, 0x1e2ef),
        (0x1e4ec, 0x1e4ef),
        (0x1e5ee, 0x1e5ef),
        (0x1e6e3, 0x1e6e3),
        (0x1e6e6, 0x1e6e6),
        (0x1e6ee, 0x1e6ef),
        (0x1e6f5, 0x1e6f5),
        (0x1e8d0, 0x1e8d6),
        (0x1e944, 0x1e94a),
        (0x1f3fb, 0x1f3ff),
        (0xe0020, 0xe007f),
        (0xe0100, 0xe01ef),
    ],
    &[(0x200c, 0x200d)],
    &[
        (0xe40, 0xe44),
        (0xec0, 0xec4),
        (0x19b5, 0x19b7),
        (0x19ba, 0x19ba),
        (0xaab5, 0xaab6),
        (0xaab9, 0xaab9),
        (0xaabb, 0xaabc),
    ],
    &[
        (0x61, 0x7a),
        (0xaa, 0xaa),
        (0xb5, 0xb5),
        (0xba, 0xba),
        (0xdf, 0xf6),
        (0xf8, 0xff),
        (0x101, 0x101),
        (0x103, 0x103),
        (0x105, 0x105),
        (0x107, 0x107),
        (0x109, 0x109),
        (0x10b, 0x10b),
        (0x10d, 0x10d),
        (0x10f, 0x10f),
        (0x111, 0x111),
        (0x113, 0x113),
        (0x115, 0x115),
        (0x117, 0x117),
        (0x119, 0x119),
        (0x11b, 0x11b),
        (0x11d, 0x11d),
        (0x11f, 0x11f),
        (0x121, 0x121),
        (0x123, 0x123),
        (0x125, 0x125),
        (0x127, 0x127),
        (0x129, 0x129),
        (0x12b, 0x12b),
        (0x12d, 0x12d),
        (0x12f, 0x12f),
        (0x131, 0x131),
        (0x133, 0x133),
        (0x135, 0x135),
        (0x137, 0x138),
        (0x13a, 0x13a),
        (0x13c, 0x13c),
        (0x13e, 0x13e),
        (0x140, 0x140),
        (0x142, 0x142),
        (0x144, 0x144),
        (0x146, 0x146),
        (0x148, 0x149),
        (0x14b, 0x14b),
        (0x14d, 0x14d),
        (0x14f, 0x14f),
        (0x151, 0x151),
        (0x153, 0x153),
        (0x155, 0x155),
        (0x157, 0x157),
        (0x159, 0x159),
        (0x15b, 0x15b),
        (0x15d, 0x15d),
        (0x15f, 0x15f),
        (0x161, 0x161),
        (0x163, 0x163),
        (0x165, 0x165),
        (0x167, 0x167),
        (0x169, 0x169),
        (0x16b, 0x16b),
        (0x16d, 0x16d),
        (0x16f, 0x16f),
        (0x171, 0x171),
        (0x173, 0x173),
        (0x175, 0x175),
        (0x177, 0x177),
        (0x17a, 0x17a),
        (0x17c, 0x17c),
        (0x17e, 0x180),
        (0x183, 0x183),
        (0x185, 0x185),
        (0x188, 0x188),
        (0x18c, 0x18d),
        (0x192, 0x192),
        (0x195, 0x195),
        (0x199, 0x19b),
        (0x19e, 0x19e),
        (0x1a1, 0x1a1),
        (0x1a3, 0x1a3),
        (0x1a5, 0x1a5),
        (0x1a8, 0x1a8),
        (0x1aa, 0x1ab),
        (0x1ad, 0x1ad),
        (0x1b0, 0x1b0),
        (0x1b4, 0x1b4),
        (0x1b6, 0x1b6),
        (0x1b9, 0x1ba),
        (0x1bd, 0x1bf),
        (0x1c6, 0x1c6),
        (0x1c9, 0x1c9),
        (0x1cc, 0x1cc),
        (0x1ce, 0x1ce),
        (0x1d0, 0x1d0),
        (0x1d2, 0x1d2),
        (0x1d4, 0x1d4),
        (0x1d6, 0x1d6),
        (0x1d8, 0x1d8),
        (0x1da, 0x1da),
        (0x1dc, 0x1dd),
        (0x1df, 0x1df),
        (0x1e1, 0x1e1),
        (0x1e3, 0x1e3),
        (0x1e5, 0x1e5),
        (0x1e7, 0x1e7),
        (0x1e9, 0x1e9),
        (0x1eb, 0x1eb),
        (0x1ed, 0x1ed),
        (0x1ef, 0x1f0),
        (0x1f3, 0x1f3),
        (0x1f5, 0x1f5),
        (0x1f9, 0x1f9),
        (0x1fb, 0x1fb),
        (0x1fd, 0x1fd),
        (0x1ff, 0x1ff),
        (0x201, 0x201),
        (0x203, 0x203),
        (0x205, 0x205),
        (0x207, 0x207),
        (0x209, 0x209),
        (0x20b, 0x20b),
        (0x20d, 0x20d),
        (0x20f, 0x20f),
        (0x211, 0x211),
        (0x213, 0x213),
        (0x215, 0x215),
        (0x217, 0x217),
        (0x219, 0x219),
        (0x21b, 0x21b),
        (0x21d, 0x21d),
        (0x21f, 0x21f),
        (0x221, 0x221),
        (0x223, 0x223),
        (0x225, 0x225),
        (0x227, 0x227),
        (0x229, 0x229),
        (0x22b, 0x22b),
        (0x22d, 0x22d),
        (0x22f, 0x22f),
        (0x231, 0x231),
        (0x233, 0x239),
        (0x23c, 0x23c),
        (0x23f, 0x240),
        (0x242, 0x242),
        (0x247, 0x247),
        (0x249, 0x249),
        (0x24b, 0x24b),
        (0x24d, 0x24d),
        (0x24f, 0x293),
        (0x296, 0x2b8),
        (0x2c0, 0x2c1),
        (0x2e0, 0x2e4),
        (0x345, 0x345),
        (0x371, 0x371),
        (0x373, 0x373),
        (0x377, 0x377),
        (0x37a, 0x37d),
        (0x390, 0x390),
        (0x3ac, 0x3ce),
        (0x3d0, 0x3d1),
        (0x3d5, 0x3d7),
        (0x3d9, 0x3d9),
        (0x3db, 0x3db),
        (0x3dd, 0x3dd),
        (0x3df, 0x3df),
        (0x3e1, 0x3e1),
        (0x3e3, 0x3e3),
        (0x3e5, 0x3e5),
        (0x3e7, 0x3e7),
        (0x3e9, 0x3e9),
        (0x3eb, 0x3eb),
        (0x3ed, 0x3ed),
        (0x3ef, 0x3f3),
        (0x3f5, 0x3f5),
        (0x3f8, 0x3f8),
        (0x3fb, 0x3fc),
        (0x430, 0x45f),
        (0x461, 0x461),
        (0x463, 0x463),
        (0x465, 0x465),
        (0x467, 0x467),
        (0x469, 0x469),
        (0x46b, 0x46b),
        (0x46d, 0x46d),
        (0x46f, 0x46f),
        (0x471, 0x471),
        (0x473, 0x473),
        (0x475, 0x475),
        (0x477, 0x477),
        (0x479, 0x479),
        (0x47b, 0x47b),
        (0x47d, 0x47d),
        (0x47f, 0x47f),
        (0x481, 0x481),
        (0x48b, 0x48b),
        (0x48d, 0x48d),
        (0x48f, 0x48f),
        (0x491, 0x491),
        (0x493, 0x493),
        (0x495, 0x495),
        (0x497, 0x497),
        (0x499, 0x499),
        (0x49b, 0x49b),
        (0x49d, 0x49d),
        (0x49f, 0x49f),
        (0x4a1, 0x4a1),
        (0x4a3, 0x4a3),
        (0x4a5, 0x4a5),
        (0x4a7, 0x4a7),
        (0x4a9, 0x4a9),
        (0x4ab, 0x4ab),
        (0x4ad, 0x4ad),
        (0x4af, 0x4af),
        (0x4b1, 0x4b1),
        (0x4b3, 0x4b3),
        (0x4b5, 0x4b5),
        (0x4b7, 0x4b7),
        (0x4b9, 0x4b9),
        (0x4bb, 0x4bb),
        (0x4bd, 0x4bd),
        (0x4bf, 0x4bf),
        (0x4c2, 0x4c2),
        (0x4c4, 0x4c4),
        (0x4c6, 0x4c6),
        (0x4c8, 0x4c8),
        (0x4ca, 0x4ca),
        (0x4cc, 0x4cc),
        (0x4ce, 0x4cf),
        (0x4d1, 0x4d1),
        (0x4d3, 0x4d3),
        (0x4d5, 0x4d5),
        (0x4d7, 0x4d7),
        (0x4d9, 0x4d9),
        (0x4db, 0x4db),
        (0x4dd, 0x4dd),
        (0x4df, 0x4df),
        (0x4e1, 0x4e1),
        (0x4e3, 0x4e3),
        (0x4e5, 0x4e5),
        (0x4e7, 0x4e7),
        (0x4e9, 0x4e9),
        (0x4eb, 0x4eb),
        (0x4ed, 0x4ed),
        (0x4ef, 0x4ef),
        (0x4f1, 0x4f1),
        (0x4f3, 0x4f3),
        (0x4f5, 0x4f5),
        (0x4f7, 0x4f7),
        (0x4f9, 0x4f9),
        (0x4fb, 0x4fb),
        (0x4fd, 0x4fd),
        (0x4ff, 0x4ff),
        (0x501, 0x501),
        (0x503, 0x503),
        (0x505, 0x505),
        (0x507, 0x507),
        (0x509, 0x509),
        (0x50b, 0x50b),
        (0x50d, 0x50d),
        (0x50f, 0x50f),
        (0x511, 0x511),
        (0x513, 0x513),
        (0x515, 0x515),
        (0x517, 0x517),
        (0x519, 0x519),
        (0x51b, 0x51b),
        (0x51d, 0x51d),
        (0x51f, 0x51f),
        (0x521, 0x521),
        (0x523, 0x523),
        (0x525, 0x525),
        (0x527, 0x527),
        (0x529, 0x529),
        (0x52b, 0x52b),
        (0x52d, 0x52d),
        (0x52f, 0x52f),
        (0x560, 0x588),
        (0x10d0, 0x10fa),
        (0x10fc, 0x10ff),
        (0x13f8, 0x13fd),
        (0x1c80, 0x1c88),
        (0x1c8a, 0x1c8a),
        (0x1d00, 0x1dbf),
        (0x1e01, 0x1e01),
        (0x1e03, 0x1e03),
        (0x1e05, 0x1e05),
        (0x1e07, 0x1e07),
        (0x1e09, 0x1e09),
        (0x1e0b, 0x1e0b),
        (0x1e0d, 0x1e0d),
        (0x1e0f, 0x1e0f),
        (0x1e11, 0x1e11),
        (0x1e13, 0x1e13),
        (0x1e15, 0x1e15),
        (0x1e17, 0x1e17),
        (0x1e19, 0x1e19),
        (0x1e1b, 0x1e1b),
        (0x1e1d, 0x1e1d),
        (0x1e1f, 0x1e1f),
        (0x1e21, 0x1e21),
        (0x1e23, 0x1e23),
        (0x1e25, 0x1e25),
        (0x1e27, 0x1e27),
        (0x1e29, 0x1e29),
        (0x1e2b, 0x1e2b),
        (0x1e2d, 0x1e2d),
        (0x1e2f, 0x1e2f),
        (0x1e31, 0x1e31),
        (0x1e33, 0x1e33),
        (0x1e35, 0x1e35),
        (0x1e37, 0x1e37),
        (0x1e39, 0x1e39),
        (0x1e3b, 0x1e3b),
        (0x1e3d, 0x1e3d),
        (0x1e3f, 0x1e3f),
        (0x1e41, 0x1e41),
        (0x1e43, 0x1e43),
        (0x1e45, 0x1e45),
        (0x1e47, 0x1e47),
        (0x1e49, 0x1e49),
        (0x1e4b, 0x1e4b),
        (0x1e4d, 0x1e4d),
        (0x1e4f, 0x1e4f),
        (0x1e51, 0x1e51),
        (0x1e53, 0x1e53),
        (0x1e55, 0x1e55),
        (0x1e57, 0x1e57),
        (0x1e59, 0x1e59),
        (0x1e5b, 0x1e5b),
        (0x1e5d, 0x1e5d),
        (0x1e5f, 0x1e5f),
        (0x1e61, 0x1e61),
        (0x1e63, 0x1e63),
        (0x1e65, 0x1e65),
        (0x1e67, 0x1e67),
        (0x1e69, 0x1e69),
        (0x1e6b, 0x1e6b),
        (0x1e6d, 0x1e6d),
        (0x1e6f, 0x1e6f),
        (0x1e71, 0x1e71),
        (0x1e73, 0x1e73),
        (0x1e75, 0x1e75),
        (0x1e77, 0x1e77),
        (0x1e79, 0x1e79),
        (0x1e7b, 0x1e7b),
        (0x1e7d, 0x1e7d),
        (0x1e7f, 0x1e7f),
        (0x1e81, 0x1e81),
        (0x1e83, 0x1e83),
        (0x1e85, 0x1e85),
        (0x1e87, 0x1e87),
        (0x1e89, 0x1e89),
        (0x1e8b, 0x1e8b),
        (0x1e8d, 0x1e8d),
        (0x1e8f, 0x1e8f),
        (0x1e91, 0x1e91),
        (0x1e93, 0x1e93),
        (0x1e95, 0x1e9d),
        (0x1e9f, 0x1e9f),
        (0x1ea1, 0x1ea1),
        (0x1ea3, 0x1ea3),
        (0x1ea5, 0x1ea5),
        (0x1ea7, 0x1ea7),
        (0x1ea9, 0x1ea9),
        (0x1eab, 0x1eab),
        (0x1ead, 0x1ead),
        (0x1eaf, 0x1eaf),
        (0x1eb1, 0x1eb1),
        (0x1eb3, 0x1eb3),
        (0x1eb5, 0x1eb5),
        (0x1eb7, 0x1eb7),
        (0x1eb9, 0x1eb9),
        (0x1ebb, 0x1ebb),
        (0x1ebd, 0x1ebd),
        (0x1ebf, 0x1ebf),
        (0x1ec1, 0x1ec1),
        (0x1ec3, 0x1ec3),
        (0x1ec5, 0x1ec5),
        (0x1ec7, 0x1ec7),
        (0x1ec9, 0x1ec9),
        (0x1ecb, 0x1ecb),
        (0x1ecd, 0x1ecd),
        (0x1ecf, 0x1ecf),
        (0x1ed1, 0x1ed1),
        (0x1ed3, 0x1ed3),
        (0x1ed5, 0x1ed5),
        (0x1ed7, 0x1ed7),
        (0x1ed9, 0x1ed9),
        (0x1edb, 0x1edb),
        (0x1edd, 0x1edd),
        (0x1edf, 0x1edf),
        (0x1ee1, 0x1ee1),
        (0x1ee3, 0x1ee3),
        (0x1ee5, 0x1ee5),
        (0x1ee7, 0x1ee7),
        (0x1ee9, 0x1ee9),
        (0x1eeb, 0x1eeb),
        (0x1eed, 0x1eed),
        (0x1eef, 0x1eef),
        (0x1ef1, 0x1ef1),
        (0x1ef3, 0x1ef3),
        (0x1ef5, 0x1ef5),
        (0x1ef7, 0x1ef7),
        (0x1ef9, 0x1ef9),
        (0x1efb, 0x1efb),
        (0x1efd, 0x1efd),
        (0x1eff, 0x1f07),
        (0x1f10, 0x1f15),
        (0x1f20, 0x1f27),
        (0x1f30, 0x1f37),
        (0x1f40, 0x1f45),
        (0x1f50, 0x1f57),
        (0x1f60, 0x1f67),
        (0x1f70, 0x1f7d),
        (0x1f80, 0x1f87),
        (0x1f90, 0x1f97),
        (0x1fa0, 0x1fa7),
        (0x1fb0, 0x1fb4),
        (0x1fb6, 0x1fb7),
        (0x1fbe, 0x1fbe),
        (0x1fc2, 0x1fc4),
        (0x1fc6, 0x1fc7),
        (0x1fd0, 0x1fd3),
        (0x1fd6, 0x1fd7),
        (0x1fe0, 0x1fe7),
        (0x1ff2, 0x1ff4),
        (0x1ff6, 0x1ff7),
        (0x2071, 0x2071),
        (0x207f, 0x207f),
        (0x2090, 0x209c),
        (0x210a, 0x210a),
        (0x210e, 0x210f),
        (0x2113, 0x2113),
        (0x212f, 0x212f),
        (0x2134, 0x2134),
        (0x2139, 0x2139),
        (0x213c, 0x213d),
        (0x2146, 0x2149),
        (0x214e, 0x214e),
        (0x2170, 0x217f),
        (0x2184, 0x2184),
        (0x24d0, 0x24e9),
        (0x2c30, 0x2c5f),
        (0x2c61, 0x2c61),
        (0x2c65, 0x2c66),
        (0x2c68, 0x2c68),
        (0x2c6a, 0x2c6a),
        (0x2c6c, 0x2c6c),
        (0x2c71, 0x2c71),
        (0x2c73, 0x2c74),
        (0x2c76, 0x2c7d),
        (0x2c81, 0x2c81),
        (0x2c83, 0x2c83),
        (0x2c85, 0x2c85),
        (0x2c87, 0x2c87),
        (0x2c89, 0x2c89),
        (0x2c8b, 0x2c8b),
        (0x2c8d, 0x2c8d),
        (0x2c8f, 0x2c8f),
        (0x2c91, 0x2c91),
        (0x2c93, 0x2c93),
        (0x2c95, 0x2c95),
        (0x2c97, 0x2c97),
        (0x2c99, 0x2c99),
        (0x2c9b, 0x2c9b),
        (0x2c9d, 0x2c9d),
        (0x2c9f, 0x2c9f),
        (0x2ca1, 0x2ca1),
        (0x2ca3, 0x2ca3),
        (0x2ca5, 0x2ca5),
        (0x2ca7, 0x2ca7),
        (0x2ca9, 0x2ca9),
        (0x2cab, 0x2cab),
        (0x2cad, 0x2cad),
        (0x2caf, 0x2caf),
        (0x2cb1, 0x2cb1),
        (0x2cb3, 0x2cb3),
        (0x2cb5, 0x2cb5),
        (0x2cb7, 0x2cb7),
        (0x2cb9, 0x2cb9),
        (0x2cbb, 0x2cbb),
        (0x2cbd, 0x2cbd),
        (0x2cbf, 0x2cbf),
        (0x2cc1, 0x2cc1),
        (0x2cc3, 0x2cc3),
        (0x2cc5, 0x2cc5),
        (0x2cc7, 0x2cc7),
        (0x2cc9, 0x2cc9),
        (0x2ccb, 0x2ccb),
        (0x2ccd, 0x2ccd),
        (0x2ccf, 0x2ccf),
        (0x2cd1, 0x2cd1),
        (0x2cd3, 0x2cd3),
        (0x2cd5, 0x2cd5),
        (0x2cd7, 0x2cd7),
        (0x2cd9, 0x2cd9),
        (0x2cdb, 0x2cdb),
        (0x2cdd, 0x2cdd),
        (0x2cdf, 0x2cdf),
        (0x2ce1, 0x2ce1),
        (0x2ce3, 0x2ce4),
        (0x2cec, 0x2cec),
        (0x2cee, 0x2cee),
        (0x2cf3, 0x2cf3),
        (0x2d00, 0x2d25),
        (0x2d27, 0x2d27),
        (0x2d2d, 0x2d2d),
        (0xa641, 0xa641),
        (0xa643, 0xa643),
        (0xa645, 0xa645),
        (0xa647, 0xa647),
        (0xa649, 0xa649),
        (0xa64b, 0xa64b),
        (0xa64d, 0xa64d),
        (0xa64f, 0xa64f),
        (0xa651, 0xa651),
        (0xa653, 0xa653),
        (0xa655, 0xa655),
        (0xa657, 0xa657),
        (0xa659, 0xa659),
        (0xa65b, 0xa65b),
        (0xa65d, 0xa65d),
        (0xa65f, 0xa65f),
        (0xa661, 0xa661),
        (0xa663, 0xa663),
        (0xa665, 0xa665),
        (0xa667, 0xa667),
        (0xa669, 0xa669),
        (0xa66b, 0xa66b),
        (0xa66d, 0xa66d),
        (0xa681, 0xa681),
        (0xa683, 0xa683),
        (0xa685, 0xa685),
        (0xa687, 0xa687),
        (0xa689, 0xa689),
        (0xa68b, 0xa68b),
        (0xa68d, 0xa68d),
        (0xa68f, 0xa68f),
        (0xa691, 0xa691),
        (0xa693, 0xa693),
        (0xa695, 0xa695),
        (0xa697, 0xa697),
        (0xa699, 0xa699),
        (0xa69b, 0xa69d),
        (0xa723, 0xa723),
        (0xa725, 0xa725),
        (0xa727, 0xa727),
        (0xa729, 0xa729),
        (0xa72b, 0xa72b),
        (0xa72d, 0xa72d),
        (0xa72f, 0xa731),
        (0xa733, 0xa733),
        (0xa735, 0xa735),
        (0xa737, 0xa737),
        (0xa739, 0xa739),
        (0xa73b, 0xa73b),
        (0xa73d, 0xa73d),
        (0xa73f, 0xa73f),
        (0xa741, 0xa741),
        (0xa743, 0xa743),
        (0xa745, 0xa745),
        (0xa747, 0xa747),
        (0xa749, 0xa749),
        (0xa74b, 0xa74b),
        (0xa74d, 0xa74d),
        (0xa74f, 0xa74f),
        (0xa751, 0xa751),
        (0xa753, 0xa753),
        (0xa755, 0xa755),
        (0xa757, 0xa757),
        (0xa759, 0xa759),
        (0xa75b, 0xa75b),
        (0xa75d, 0xa75d),
        (0xa75f, 0xa75f),
        (0xa761, 0xa761),
        (0xa763, 0xa763),
        (0xa765, 0xa765),
        (0xa767, 0xa767),
        (0xa769, 0xa769),
        (0xa76b, 0xa76b),
        (0xa76d, 0xa76d),
        (0xa76f, 0xa778),
        (0xa77a, 0xa77a),
        (0xa77c, 0xa77c),
        (0xa77f, 0xa77f),
        (0xa781, 0xa781),
        (0xa783, 0xa783),
        (0xa785, 0xa785),
        (0xa787, 0xa787),
        (0xa78c, 0xa78c),
        (0xa78e, 0xa78e),
        (0xa791, 0xa791),
        (0xa793, 0xa795),
        (0xa797, 0xa797),
        (0xa799, 0xa799),
        (0xa79b, 0xa79b),
        (0xa79d, 0xa79d),
        (0xa79f, 0xa79f),
        (0xa7a1, 0xa7a1),
        (0xa7a3, 0xa7a3),
        (0xa7a5, 0xa7a5),
        (0xa7a7, 0xa7a7),
        (0xa7a9, 0xa7a9),
        (0xa7af, 0xa7af),
        (0xa7b5, 0xa7b5),
        (0xa7b7, 0xa7b7),
        (0xa7b9, 0xa7b9),
        (0xa7bb, 0xa7bb),
        (0xa7bd, 0xa7bd),
        (0xa7bf, 0xa7bf),
        (0xa7c1, 0xa7c1),
        (0xa7c3, 0xa7c3),
        (0xa7c8, 0xa7c8),
        (0xa7ca, 0xa7ca),
        (0xa7cd, 0xa7cd),
        (0xa7cf, 0xa7cf),
        (0xa7d1, 0xa7d1),
        (0xa7d3, 0xa7d3),
        (0xa7d5, 0xa7d5),
        (0xa7d7, 0xa7d7),
        (0xa7d9, 0xa7d9),
        (0xa7db, 0xa7db),
        (0xa7f1, 0xa7f4),
        (0xa7f6, 0xa7f6),
        (0xa7f8, 0xa7fa),
        (0xab30, 0xab5a),
        (0xab5c, 0xab69),
        (0xab70, 0xabbf),
        (0xfb00, 0xfb06),
        (0xfb13, 0xfb17),
        (0xff41, 0xff5a),
        (0x10428, 0x1044f),
        (0x104d8, 0x104fb),
        (0x10597, 0x105a1),
        (0x105a3, 0x105b1),
        (0x105b3, 0x105b9),
        (0x105bb, 0x105bc),
        (0x10780, 0x10780),
        (0x10783, 0x10785),
        (0x10787, 0x107b0),
        (0x107b2, 0x107ba),
        (0x10cc0, 0x10cf2),
        (0x10d70, 0x10d85),
        (0x118c0, 0x118df),
        (0x16e60, 0x16e7f),
        (0x16ebb, 0x16ed3),
        (0x1d41a, 0x1d433),
        (0x1d44e, 0x1d454),
        (0x1d456, 0x1d467),
        (0x1d482, 0x1d49b),
        (0x1d4b6, 0x1d4b9),
        (0x1d4bb, 0x1d4bb),
        (0x1d4bd, 0x1d4c3),
        (0x1d4c5, 0x1d4cf),
        (0x1d4ea, 0x1d503),
        (0x1d51e, 0x1d537),
        (0x1d552, 0x1d56b),
        (0x1d586, 0x1d59f),
        (0x1d5ba, 0x1d5d3),
        (0x1d5ee, 0x1d607),
        (0x1d622, 0x1d63b),
        (0x1d656, 0x1d66f),
        (0x1d68a, 0x1d6a5),
        (0x1d6c2, 0x1d6da),
        (0x1d6dc, 0x1d6e1),
        (0x1d6fc, 0x1d714),
        (0x1d716, 0x1d71b),
        (0x1d736, 0x1d74e),
        (0x1d750, 0x1d755),
        (0x1d770, 0x1d788),
        (0x1d78a, 0x1d78f),
        (0x1d7aa, 0x1d7c2),
        (0x1d7c4, 0x1d7c9),
        (0x1d7cb, 0x1d7cb),
        (0x1df00, 0x1df09),
        (0x1df0b, 0x1df1e),
        (0x1df25, 0x1df2a),
        (0x1e030, 0x1e06d),
        (0x1e922, 0x1e943),
    ],
    &[
        (0x2b, 0x2b),
        (0x3c, 0x3e),
        (0x5e, 0x5e),
        (0x7c, 0x7c),
        (0x7e, 0x7e),
        (0xac, 0xac),
        (0xb1, 0xb1),
        (0xd7, 0xd7),
        (0xf7, 0xf7),
        (0x3d0, 0x3d2),
        (0x3d5, 0x3d5),
        (0x3f0, 0x3f1),
        (0x3f4, 0x3f6),
        (0x606, 0x608),
        (0x2016, 0x2016),
        (0x2032, 0x2034),
        (0x2040, 0x2040),
        (0x2044, 0x2044),
        (0x2052, 0x2052),
        (0x2061, 0x2064),
        (0x207a, 0x207e),
        (0x208a, 0x208e),
        (0x20d0, 0x20dc),
        (0x20e1, 0x20e1),
        (0x20e5, 0x20e6),
        (0x20eb, 0x20ef),
        (0x2102, 0x2102),
        (0x2107, 0x2107),
        (0x210a, 0x2113),
        (0x2115, 0x2115),
        (0x2118, 0x211d),
        (0x2124, 0x2124),
        (0x2128, 0x2129),
        (0x212c, 0x212d),
        (0x212f, 0x2131),
        (0x2133, 0x2138),
        (0x213c, 0x2149),
        (0x214b, 0x214b),
        (0x2190, 0x21a7),
        (0x21a9, 0x21ae),
        (0x21b0, 0x21b1),
        (0x21b6, 0x21b7),
        (0x21bc, 0x21db),
        (0x21dd, 0x21dd),
        (0x21e4, 0x21e5),
        (0x21f4, 0x22ff),
        (0x2308, 0x230b),
        (0x2320, 0x2321),
        (0x237c, 0x237c),
        (0x239b, 0x23b5),
        (0x23b7, 0x23b7),
        (0x23d0, 0x23d0),
        (0x23dc, 0x23e2),
        (0x25a0, 0x25a1),
        (0x25ae, 0x25b7),
        (0x25bc, 0x25c1),
        (0x25c6, 0x25c7),
        (0x25ca, 0x25cb),
        (0x25cf, 0x25d3),
        (0x25e2, 0x25e2),
        (0x25e4, 0x25e4),
        (0x25e7, 0x25ec),
        (0x25f8, 0x25ff),
        (0x2605, 0x2606),
        (0x2640, 0x2640),
        (0x2642, 0x2642),
        (0x2660, 0x2663),
        (0x266d, 0x266f),
        (0x27c0, 0x27ff),
        (0x2900, 0x2aff),
        (0x2b30, 0x2b44),
        (0x2b47, 0x2b4c),
        (0xfb29, 0xfb29),
        (0xfe61, 0xfe66),
        (0xfe68, 0xfe68),
        (0xff0b, 0xff0b),
        (0xff1c, 0xff1e),
        (0xff3c, 0xff3c),
        (0xff3e, 0xff3e),
        (0xff5c, 0xff5c),
        (0xff5e, 0xff5e),
        (0xffe2, 0xffe2),
        (0xffe9, 0xffec),
        (0x10d8e, 0x10d8f),
        (0x1cef0, 0x1cef0),
        (0x1d400, 0x1d454),
        (0x1d456, 0x1d49c),
        (0x1d49e, 0x1d49f),
        (0x1d4a2, 0x1d4a2),
        (0x1d4a5, 0x1d4a6),
        (0x1d4a9, 0x1d4ac),
        (0x1d4ae, 0x1d4b9),
        (0x1d4bb, 0x1d4bb),
        (0x1d4bd, 0x1d4c3),
        (0x1d4c5, 0x1d505),
        (0x1d507, 0x1d50a),
        (0x1d50d, 0x1d514),
        (0x1d516, 0x1d51c),
        (0x1d51e, 0x1d539),
        (0x1d53b, 0x1d53e),
        (0x1d540, 0x1d544),
        (0x1d546, 0x1d546),
        (0x1d54a, 0x1d550),
        (0x1d552, 0x1d6a5),
        (0x1d6a8, 0x1d7cb),
        (0x1d7ce, 0x1d7ff),
        (0x1ee00, 0x1ee03),
        (0x1ee05, 0x1ee1f),
        (0x1ee21, 0x1ee22),
        (0x1ee24, 0x1ee24),
        (0x1ee27, 0x1ee27),
        (0x1ee29, 0x1ee32),
        (0x1ee34, 0x1ee37),
        (0x1ee39, 0x1ee39),
        (0x1ee3b, 0x1ee3b),
        (0x1ee42, 0x1ee42),
        (0x1ee47, 0x1ee47),
        (0x1ee49, 0x1ee49),
        (0x1ee4b, 0x1ee4b),
        (0x1ee4d, 0x1ee4f),
        (0x1ee51, 0x1ee52),
        (0x1ee54, 0x1ee54),
        (0x1ee57, 0x1ee57),
        (0x1ee59, 0x1ee59),
        (0x1ee5b, 0x1ee5b),
        (0x1ee5d, 0x1ee5d),
        (0x1ee5f, 0x1ee5f),
        (0x1ee61, 0x1ee62),
        (0x1ee64, 0x1ee64),
        (0x1ee67, 0x1ee6a),
        (0x1ee6c, 0x1ee72),
        (0x1ee74, 0x1ee77),
        (0x1ee79, 0x1ee7c),
        (0x1ee7e, 0x1ee7e),
        (0x1ee80, 0x1ee89),
        (0x1ee8b, 0x1ee9b),
        (0x1eea1, 0x1eea3),
        (0x1eea5, 0x1eea9),
        (0x1eeab, 0x1eebb),
        (0x1eef0, 0x1eef1),
        (0x1f8d0, 0x1f8d8),
    ],
    &[
        (0x654, 0x655),
        (0x658, 0x658),
        (0x6dc, 0x6dc),
        (0x6e3, 0x6e3),
        (0x6e7, 0x6e8),
        (0x8ca, 0x8cb),
        (0x8cd, 0x8cf),
        (0x8d3, 0x8d3),
        (0x8f3, 0x8f3),
    ],
    &[
        (0xfdd0, 0xfdef),
        (0xfffe, 0xffff),
        (0x1fffe, 0x1ffff),
        (0x2fffe, 0x2ffff),
        (0x3fffe, 0x3ffff),
        (0x4fffe, 0x4ffff),
        (0x5fffe, 0x5ffff),
        (0x6fffe, 0x6ffff),
        (0x7fffe, 0x7ffff),
        (0x8fffe, 0x8ffff),
        (0x9fffe, 0x9ffff),
        (0xafffe, 0xaffff),
        (0xbfffe, 0xbffff),
        (0xcfffe, 0xcffff),
        (0xdfffe, 0xdffff),
        (0xefffe, 0xeffff),
        (0xffffe, 0xfffff),
        (0x0010_fffe, 0x0010_ffff),
    ],
    &[
        (0x21, 0x2f),
        (0x3a, 0x40),
        (0x5b, 0x5e),
        (0x60, 0x60),
        (0x7b, 0x7e),
        (0xa1, 0xa7),
        (0xa9, 0xa9),
        (0xab, 0xac),
        (0xae, 0xae),
        (0xb0, 0xb1),
        (0xb6, 0xb6),
        (0xbb, 0xbb),
        (0xbf, 0xbf),
        (0xd7, 0xd7),
        (0xf7, 0xf7),
        (0x2010, 0x2027),
        (0x2030, 0x203e),
        (0x2041, 0x2053),
        (0x2055, 0x205e),
        (0x2190, 0x245f),
        (0x2500, 0x2775),
        (0x2794, 0x2bff),
        (0x2e00, 0x2e7f),
        (0x3001, 0x3003),
        (0x3008, 0x3020),
        (0x3030, 0x3030),
        (0xfd3e, 0xfd3f),
        (0xfe45, 0xfe46),
    ],
    &[
        (0x9, 0xd),
        (0x20, 0x20),
        (0x85, 0x85),
        (0x200e, 0x200f),
        (0x2028, 0x2029),
    ],
    &[
        (0x600, 0x605),
        (0x6dd, 0x6dd),
        (0x70f, 0x70f),
        (0x890, 0x891),
        (0x8e2, 0x8e2),
        (0x110bd, 0x110bd),
        (0x110cd, 0x110cd),
    ],
    &[
        (0x22, 0x22),
        (0x27, 0x27),
        (0xab, 0xab),
        (0xbb, 0xbb),
        (0x2018, 0x201f),
        (0x2039, 0x203a),
        (0x2e42, 0x2e42),
        (0x300c, 0x300f),
        (0x301d, 0x301f),
        (0xfe41, 0xfe44),
        (0xff02, 0xff02),
        (0xff07, 0xff07),
        (0xff62, 0xff63),
    ],
    &[(0x2e80, 0x2e99), (0x2e9b, 0x2ef3), (0x2f00, 0x2fd5)],
    &[(0x1f1e6, 0x1f1ff)],
    &[
        (0x21, 0x21),
        (0x2e, 0x2e),
        (0x3f, 0x3f),
        (0x589, 0x589),
        (0x61d, 0x61f),
        (0x6d4, 0x6d4),
        (0x700, 0x702),
        (0x7f9, 0x7f9),
        (0x837, 0x837),
        (0x839, 0x839),
        (0x83d, 0x83e),
        (0x964, 0x965),
        (0x104a, 0x104b),
        (0x1362, 0x1362),
        (0x1367, 0x1368),
        (0x166e, 0x166e),
        (0x1735, 0x1736),
        (0x17d4, 0x17d5),
        (0x1803, 0x1803),
        (0x1809, 0x1809),
        (0x1944, 0x1945),
        (0x1aa8, 0x1aab),
        (0x1b4e, 0x1b4f),
        (0x1b5a, 0x1b5b),
        (0x1b5e, 0x1b5f),
        (0x1b7d, 0x1b7f),
        (0x1c3b, 0x1c3c),
        (0x1c7e, 0x1c7f),
        (0x2024, 0x2024),
        (0x203c, 0x203d),
        (0x2047, 0x2049),
        (0x2cf9, 0x2cfb),
        (0x2e2e, 0x2e2e),
        (0x2e3c, 0x2e3c),
        (0x2e53, 0x2e54),
        (0x3002, 0x3002),
        (0xa4ff, 0xa4ff),
        (0xa60e, 0xa60f),
        (0xa6f3, 0xa6f3),
        (0xa6f7, 0xa6f7),
        (0xa876, 0xa877),
        (0xa8ce, 0xa8cf),
        (0xa92f, 0xa92f),
        (0xa9c8, 0xa9c9),
        (0xaa5d, 0xaa5f),
        (0xaaf0, 0xaaf1),
        (0xabeb, 0xabeb),
        (0xfe12, 0xfe12),
        (0xfe15, 0xfe16),
        (0xfe52, 0xfe52),
        (0xfe56, 0xfe57),
        (0xff01, 0xff01),
        (0xff0e, 0xff0e),
        (0xff1f, 0xff1f),
        (0xff61, 0xff61),
        (0x10a56, 0x10a57),
        (0x10f55, 0x10f59),
        (0x10f86, 0x10f89),
        (0x11047, 0x11048),
        (0x110be, 0x110c1),
        (0x11141, 0x11143),
        (0x111c5, 0x111c6),
        (0x111cd, 0x111cd),
        (0x111de, 0x111df),
        (0x11238, 0x11239),
        (0x1123b, 0x1123c),
        (0x112a9, 0x112a9),
        (0x113d4, 0x113d5),
        (0x1144b, 0x1144c),
        (0x115c2, 0x115c3),
        (0x115c9, 0x115d7),
        (0x11641, 0x11642),
        (0x1173c, 0x1173e),
        (0x11944, 0x11944),
        (0x11946, 0x11946),
        (0x11a42, 0x11a43),
        (0x11a9b, 0x11a9c),
        (0x11c41, 0x11c42),
        (0x11ef7, 0x11ef8),
        (0x11f43, 0x11f44),
        (0x16a6e, 0x16a6f),
        (0x16af5, 0x16af5),
        (0x16b37, 0x16b38),
        (0x16b44, 0x16b44),
        (0x16d6e, 0x16d6f),
        (0x16e98, 0x16e98),
        (0x1bc9f, 0x1bc9f),
        (0x1da88, 0x1da88),
    ],
    &[
        (0x69, 0x6a),
        (0x12f, 0x12f),
        (0x249, 0x249),
        (0x268, 0x268),
        (0x29d, 0x29d),
        (0x2b2, 0x2b2),
        (0x3f3, 0x3f3),
        (0x456, 0x456),
        (0x458, 0x458),
        (0x1d62, 0x1d62),
        (0x1d96, 0x1d96),
        (0x1da4, 0x1da4),
        (0x1da8, 0x1da8),
        (0x1e2d, 0x1e2d),
        (0x1ecb, 0x1ecb),
        (0x2071, 0x2071),
        (0x2148, 0x2149),
        (0x2c7c, 0x2c7c),
        (0x1d422, 0x1d423),
        (0x1d456, 0x1d457),
        (0x1d48a, 0x1d48b),
        (0x1d4be, 0x1d4bf),
        (0x1d4f2, 0x1d4f3),
        (0x1d526, 0x1d527),
        (0x1d55a, 0x1d55b),
        (0x1d58e, 0x1d58f),
        (0x1d5c2, 0x1d5c3),
        (0x1d5f6, 0x1d5f7),
        (0x1d62a, 0x1d62b),
        (0x1d65e, 0x1d65f),
        (0x1d692, 0x1d693),
        (0x1df1a, 0x1df1a),
        (0x1e04c, 0x1e04d),
        (0x1e068, 0x1e068),
    ],
    &[
        (0x21, 0x21),
        (0x2c, 0x2c),
        (0x2e, 0x2e),
        (0x3a, 0x3b),
        (0x3f, 0x3f),
        (0x37e, 0x37e),
        (0x387, 0x387),
        (0x589, 0x589),
        (0x5c3, 0x5c3),
        (0x60c, 0x60c),
        (0x61b, 0x61b),
        (0x61d, 0x61f),
        (0x6d4, 0x6d4),
        (0x700, 0x70a),
        (0x70c, 0x70c),
        (0x7f8, 0x7f9),
        (0x830, 0x835),
        (0x837, 0x83e),
        (0x85e, 0x85e),
        (0x964, 0x965),
        (0xe5a, 0xe5b),
        (0xf08, 0xf08),
        (0xf0d, 0xf12),
        (0x104a, 0x104b),
        (0x1361, 0x1368),
        (0x166e, 0x166e),
        (0x16eb, 0x16ed),
        (0x1735, 0x1736),
        (0x17d4, 0x17d6),
        (0x17da, 0x17da),
        (0x1802, 0x1805),
        (0x1808, 0x1809),
        (0x1944, 0x1945),
        (0x1aa8, 0x1aab),
        (0x1b4e, 0x1b4f),
        (0x1b5a, 0x1b5b),
        (0x1b5d, 0x1b5f),
        (0x1b7d, 0x1b7f),
        (0x1c3b, 0x1c3f),
        (0x1c7e, 0x1c7f),
        (0x2024, 0x2024),
        (0x203c, 0x203d),
        (0x2047, 0x2049),
        (0x2cf9, 0x2cfb),
        (0x2e2e, 0x2e2e),
        (0x2e3c, 0x2e3c),
        (0x2e41, 0x2e41),
        (0x2e4c, 0x2e4c),
        (0x2e4e, 0x2e4f),
        (0x2e53, 0x2e54),
        (0x3001, 0x3002),
        (0xa4fe, 0xa4ff),
        (0xa60d, 0xa60f),
        (0xa6f3, 0xa6f7),
        (0xa876, 0xa877),
        (0xa8ce, 0xa8cf),
        (0xa92f, 0xa92f),
        (0xa9c7, 0xa9c9),
        (0xaa5d, 0xaa5f),
        (0xaadf, 0xaadf),
        (0xaaf0, 0xaaf1),
        (0xabeb, 0xabeb),
        (0xfe12, 0xfe12),
        (0xfe15, 0xfe16),
        (0xfe50, 0xfe52),
        (0xfe54, 0xfe57),
        (0xff01, 0xff01),
        (0xff0c, 0xff0c),
        (0xff0e, 0xff0e),
        (0xff1a, 0xff1b),
        (0xff1f, 0xff1f),
        (0xff61, 0xff61),
        (0xff64, 0xff64),
        (0x1039f, 0x1039f),
        (0x103d0, 0x103d0),
        (0x10857, 0x10857),
        (0x1091f, 0x1091f),
        (0x10a56, 0x10a57),
        (0x10af0, 0x10af5),
        (0x10b3a, 0x10b3f),
        (0x10b99, 0x10b9c),
        (0x10f55, 0x10f59),
        (0x10f86, 0x10f89),
        (0x11047, 0x1104d),
        (0x110be, 0x110c1),
        (0x11141, 0x11143),
        (0x111c5, 0x111c6),
        (0x111cd, 0x111cd),
        (0x111de, 0x111df),
        (0x11238, 0x1123c),
        (0x112a9, 0x112a9),
        (0x113d4, 0x113d5),
        (0x1144b, 0x1144d),
        (0x1145a, 0x1145b),
        (0x115c2, 0x115c5),
        (0x115c9, 0x115d7),
        (0x11641, 0x11642),
        (0x1173c, 0x1173e),
        (0x11944, 0x11944),
        (0x11946, 0x11946),
        (0x11a42, 0x11a43),
        (0x11a9b, 0x11a9c),
        (0x11aa1, 0x11aa2),
        (0x11c41, 0x11c43),
        (0x11c71, 0x11c71),
        (0x11ef7, 0x11ef8),
        (0x11f43, 0x11f44),
        (0x12470, 0x12474),
        (0x16a6e, 0x16a6f),
        (0x16af5, 0x16af5),
        (0x16b37, 0x16b39),
        (0x16b44, 0x16b44),
        (0x16d6e, 0x16d6f),
        (0x16e97, 0x16e98),
        (0x1bc9f, 0x1bc9f),
        (0x1da87, 0x1da8a),
    ],
    &[
        (0x3400, 0x4dbf),
        (0x4e00, 0x9fff),
        (0xfa0e, 0xfa0f),
        (0xfa11, 0xfa11),
        (0xfa13, 0xfa14),
        (0xfa1f, 0xfa1f),
        (0xfa21, 0xfa21),
        (0xfa23, 0xfa24),
        (0xfa27, 0xfa29),
        (0x20000, 0x2a6df),
        (0x2a700, 0x2b81d),
        (0x2b820, 0x2cead),
        (0x2ceb0, 0x2ebe0),
        (0x2ebf0, 0x2ee5d),
        (0x30000, 0x3134a),
        (0x31350, 0x33479),
    ],
    &[
        (0x41, 0x5a),
        (0xc0, 0xd6),
        (0xd8, 0xde),
        (0x100, 0x100),
        (0x102, 0x102),
        (0x104, 0x104),
        (0x106, 0x106),
        (0x108, 0x108),
        (0x10a, 0x10a),
        (0x10c, 0x10c),
        (0x10e, 0x10e),
        (0x110, 0x110),
        (0x112, 0x112),
        (0x114, 0x114),
        (0x116, 0x116),
        (0x118, 0x118),
        (0x11a, 0x11a),
        (0x11c, 0x11c),
        (0x11e, 0x11e),
        (0x120, 0x120),
        (0x122, 0x122),
        (0x124, 0x124),
        (0x126, 0x126),
        (0x128, 0x128),
        (0x12a, 0x12a),
        (0x12c, 0x12c),
        (0x12e, 0x12e),
        (0x130, 0x130),
        (0x132, 0x132),
        (0x134, 0x134),
        (0x136, 0x136),
        (0x139, 0x139),
        (0x13b, 0x13b),
        (0x13d, 0x13d),
        (0x13f, 0x13f),
        (0x141, 0x141),
        (0x143, 0x143),
        (0x145, 0x145),
        (0x147, 0x147),
        (0x14a, 0x14a),
        (0x14c, 0x14c),
        (0x14e, 0x14e),
        (0x150, 0x150),
        (0x152, 0x152),
        (0x154, 0x154),
        (0x156, 0x156),
        (0x158, 0x158),
        (0x15a, 0x15a),
        (0x15c, 0x15c),
        (0x15e, 0x15e),
        (0x160, 0x160),
        (0x162, 0x162),
        (0x164, 0x164),
        (0x166, 0x166),
        (0x168, 0x168),
        (0x16a, 0x16a),
        (0x16c, 0x16c),
        (0x16e, 0x16e),
        (0x170, 0x170),
        (0x172, 0x172),
        (0x174, 0x174),
        (0x176, 0x176),
        (0x178, 0x179),
        (0x17b, 0x17b),
        (0x17d, 0x17d),
        (0x181, 0x182),
        (0x184, 0x184),
        (0x186, 0x187),
        (0x189, 0x18b),
        (0x18e, 0x191),
        (0x193, 0x194),
        (0x196, 0x198),
        (0x19c, 0x19d),
        (0x19f, 0x1a0),
        (0x1a2, 0x1a2),
        (0x1a4, 0x1a4),
        (0x1a6, 0x1a7),
        (0x1a9, 0x1a9),
        (0x1ac, 0x1ac),
        (0x1ae, 0x1af),
        (0x1b1, 0x1b3),
        (0x1b5, 0x1b5),
        (0x1b7, 0x1b8),
        (0x1bc, 0x1bc),
        (0x1c4, 0x1c4),
        (0x1c7, 0x1c7),
        (0x1ca, 0x1ca),
        (0x1cd, 0x1cd),
        (0x1cf, 0x1cf),
        (0x1d1, 0x1d1),
        (0x1d3, 0x1d3),
        (0x1d5, 0x1d5),
        (0x1d7, 0x1d7),
        (0x1d9, 0x1d9),
        (0x1db, 0x1db),
        (0x1de, 0x1de),
        (0x1e0, 0x1e0),
        (0x1e2, 0x1e2),
        (0x1e4, 0x1e4),
        (0x1e6, 0x1e6),
        (0x1e8, 0x1e8),
        (0x1ea, 0x1ea),
        (0x1ec, 0x1ec),
        (0x1ee, 0x1ee),
        (0x1f1, 0x1f1),
        (0x1f4, 0x1f4),
        (0x1f6, 0x1f8),
        (0x1fa, 0x1fa),
        (0x1fc, 0x1fc),
        (0x1fe, 0x1fe),
        (0x200, 0x200),
        (0x202, 0x202),
        (0x204, 0x204),
        (0x206, 0x206),
        (0x208, 0x208),
        (0x20a, 0x20a),
        (0x20c, 0x20c),
        (0x20e, 0x20e),
        (0x210, 0x210),
        (0x212, 0x212),
        (0x214, 0x214),
        (0x216, 0x216),
        (0x218, 0x218),
        (0x21a, 0x21a),
        (0x21c, 0x21c),
        (0x21e, 0x21e),
        (0x220, 0x220),
        (0x222, 0x222),
        (0x224, 0x224),
        (0x226, 0x226),
        (0x228, 0x228),
        (0x22a, 0x22a),
        (0x22c, 0x22c),
        (0x22e, 0x22e),
        (0x230, 0x230),
        (0x232, 0x232),
        (0x23a, 0x23b),
        (0x23d, 0x23e),
        (0x241, 0x241),
        (0x243, 0x246),
        (0x248, 0x248),
        (0x24a, 0x24a),
        (0x24c, 0x24c),
        (0x24e, 0x24e),
        (0x370, 0x370),
        (0x372, 0x372),
        (0x376, 0x376),
        (0x37f, 0x37f),
        (0x386, 0x386),
        (0x388, 0x38a),
        (0x38c, 0x38c),
        (0x38e, 0x38f),
        (0x391, 0x3a1),
        (0x3a3, 0x3ab),
        (0x3cf, 0x3cf),
        (0x3d2, 0x3d4),
        (0x3d8, 0x3d8),
        (0x3da, 0x3da),
        (0x3dc, 0x3dc),
        (0x3de, 0x3de),
        (0x3e0, 0x3e0),
        (0x3e2, 0x3e2),
        (0x3e4, 0x3e4),
        (0x3e6, 0x3e6),
        (0x3e8, 0x3e8),
        (0x3ea, 0x3ea),
        (0x3ec, 0x3ec),
        (0x3ee, 0x3ee),
        (0x3f4, 0x3f4),
        (0x3f7, 0x3f7),
        (0x3f9, 0x3fa),
        (0x3fd, 0x42f),
        (0x460, 0x460),
        (0x462, 0x462),
        (0x464, 0x464),
        (0x466, 0x466),
        (0x468, 0x468),
        (0x46a, 0x46a),
        (0x46c, 0x46c),
        (0x46e, 0x46e),
        (0x470, 0x470),
        (0x472, 0x472),
        (0x474, 0x474),
        (0x476, 0x476),
        (0x478, 0x478),
        (0x47a, 0x47a),
        (0x47c, 0x47c),
        (0x47e, 0x47e),
        (0x480, 0x480),
        (0x48a, 0x48a),
        (0x48c, 0x48c),
        (0x48e, 0x48e),
        (0x490, 0x490),
        (0x492, 0x492),
        (0x494, 0x494),
        (0x496, 0x496),
        (0x498, 0x498),
        (0x49a, 0x49a),
        (0x49c, 0x49c),
        (0x49e, 0x49e),
        (0x4a0, 0x4a0),
        (0x4a2, 0x4a2),
        (0x4a4, 0x4a4),
        (0x4a6, 0x4a6),
        (0x4a8, 0x4a8),
        (0x4aa, 0x4aa),
        (0x4ac, 0x4ac),
        (0x4ae, 0x4ae),
        (0x4b0, 0x4b0),
        (0x4b2, 0x4b2),
        (0x4b4, 0x4b4),
        (0x4b6, 0x4b6),
        (0x4b8, 0x4b8),
        (0x4ba, 0x4ba),
        (0x4bc, 0x4bc),
        (0x4be, 0x4be),
        (0x4c0, 0x4c1),
        (0x4c3, 0x4c3),
        (0x4c5, 0x4c5),
        (0x4c7, 0x4c7),
        (0x4c9, 0x4c9),
        (0x4cb, 0x4cb),
        (0x4cd, 0x4cd),
        (0x4d0, 0x4d0),
        (0x4d2, 0x4d2),
        (0x4d4, 0x4d4),
        (0x4d6, 0x4d6),
        (0x4d8, 0x4d8),
        (0x4da, 0x4da),
        (0x4dc, 0x4dc),
        (0x4de, 0x4de),
        (0x4e0, 0x4e0),
        (0x4e2, 0x4e2),
        (0x4e4, 0x4e4),
        (0x4e6, 0x4e6),
        (0x4e8, 0x4e8),
        (0x4ea, 0x4ea),
        (0x4ec, 0x4ec),
        (0x4ee, 0x4ee),
        (0x4f0, 0x4f0),
        (0x4f2, 0x4f2),
        (0x4f4, 0x4f4),
        (0x4f6, 0x4f6),
        (0x4f8, 0x4f8),
        (0x4fa, 0x4fa),
        (0x4fc, 0x4fc),
        (0x4fe, 0x4fe),
        (0x500, 0x500),
        (0x502, 0x502),
        (0x504, 0x504),
        (0x506, 0x506),
        (0x508, 0x508),
        (0x50a, 0x50a),
        (0x50c, 0x50c),
        (0x50e, 0x50e),
        (0x510, 0x510),
        (0x512, 0x512),
        (0x514, 0x514),
        (0x516, 0x516),
        (0x518, 0x518),
        (0x51a, 0x51a),
        (0x51c, 0x51c),
        (0x51e, 0x51e),
        (0x520, 0x520),
        (0x522, 0x522),
        (0x524, 0x524),
        (0x526, 0x526),
        (0x528, 0x528),
        (0x52a, 0x52a),
        (0x52c, 0x52c),
        (0x52e, 0x52e),
        (0x531, 0x556),
        (0x10a0, 0x10c5),
        (0x10c7, 0x10c7),
        (0x10cd, 0x10cd),
        (0x13a0, 0x13f5),
        (0x1c89, 0x1c89),
        (0x1c90, 0x1cba),
        (0x1cbd, 0x1cbf),
        (0x1e00, 0x1e00),
        (0x1e02, 0x1e02),
        (0x1e04, 0x1e04),
        (0x1e06, 0x1e06),
        (0x1e08, 0x1e08),
        (0x1e0a, 0x1e0a),
        (0x1e0c, 0x1e0c),
        (0x1e0e, 0x1e0e),
        (0x1e10, 0x1e10),
        (0x1e12, 0x1e12),
        (0x1e14, 0x1e14),
        (0x1e16, 0x1e16),
        (0x1e18, 0x1e18),
        (0x1e1a, 0x1e1a),
        (0x1e1c, 0x1e1c),
        (0x1e1e, 0x1e1e),
        (0x1e20, 0x1e20),
        (0x1e22, 0x1e22),
        (0x1e24, 0x1e24),
        (0x1e26, 0x1e26),
        (0x1e28, 0x1e28),
        (0x1e2a, 0x1e2a),
        (0x1e2c, 0x1e2c),
        (0x1e2e, 0x1e2e),
        (0x1e30, 0x1e30),
        (0x1e32, 0x1e32),
        (0x1e34, 0x1e34),
        (0x1e36, 0x1e36),
        (0x1e38, 0x1e38),
        (0x1e3a, 0x1e3a),
        (0x1e3c, 0x1e3c),
        (0x1e3e, 0x1e3e),
        (0x1e40, 0x1e40),
        (0x1e42, 0x1e42),
        (0x1e44, 0x1e44),
        (0x1e46, 0x1e46),
        (0x1e48, 0x1e48),
        (0x1e4a, 0x1e4a),
        (0x1e4c, 0x1e4c),
        (0x1e4e, 0x1e4e),
        (0x1e50, 0x1e50),
        (0x1e52, 0x1e52),
        (0x1e54, 0x1e54),
        (0x1e56, 0x1e56),
        (0x1e58, 0x1e58),
        (0x1e5a, 0x1e5a),
        (0x1e5c, 0x1e5c),
        (0x1e5e, 0x1e5e),
        (0x1e60, 0x1e60),
        (0x1e62, 0x1e62),
        (0x1e64, 0x1e64),
        (0x1e66, 0x1e66),
        (0x1e68, 0x1e68),
        (0x1e6a, 0x1e6a),
        (0x1e6c, 0x1e6c),
        (0x1e6e, 0x1e6e),
        (0x1e70, 0x1e70),
        (0x1e72, 0x1e72),
        (0x1e74, 0x1e74),
        (0x1e76, 0x1e76),
        (0x1e78, 0x1e78),
        (0x1e7a, 0x1e7a),
        (0x1e7c, 0x1e7c),
        (0x1e7e, 0x1e7e),
        (0x1e80, 0x1e80),
        (0x1e82, 0x1e82),
        (0x1e84, 0x1e84),
        (0x1e86, 0x1e86),
        (0x1e88, 0x1e88),
        (0x1e8a, 0x1e8a),
        (0x1e8c, 0x1e8c),
        (0x1e8e, 0x1e8e),
        (0x1e90, 0x1e90),
        (0x1e92, 0x1e92),
        (0x1e94, 0x1e94),
        (0x1e9e, 0x1e9e),
        (0x1ea0, 0x1ea0),
        (0x1ea2, 0x1ea2),
        (0x1ea4, 0x1ea4),
        (0x1ea6, 0x1ea6),
        (0x1ea8, 0x1ea8),
        (0x1eaa, 0x1eaa),
        (0x1eac, 0x1eac),
        (0x1eae, 0x1eae),
        (0x1eb0, 0x1eb0),
        (0x1eb2, 0x1eb2),
        (0x1eb4, 0x1eb4),
        (0x1eb6, 0x1eb6),
        (0x1eb8, 0x1eb8),
        (0x1eba, 0x1eba),
        (0x1ebc, 0x1ebc),
        (0x1ebe, 0x1ebe),
        (0x1ec0, 0x1ec0),
        (0x1ec2, 0x1ec2),
        (0x1ec4, 0x1ec4),
        (0x1ec6, 0x1ec6),
        (0x1ec8, 0x1ec8),
        (0x1eca, 0x1eca),
        (0x1ecc, 0x1ecc),
        (0x1ece, 0x1ece),
        (0x1ed0, 0x1ed0),
        (0x1ed2, 0x1ed2),
        (0x1ed4, 0x1ed4),
        (0x1ed6, 0x1ed6),
        (0x1ed8, 0x1ed8),
        (0x1eda, 0x1eda),
        (0x1edc, 0x1edc),
        (0x1ede, 0x1ede),
        (0x1ee0, 0x1ee0),
        (0x1ee2, 0x1ee2),
        (0x1ee4, 0x1ee4),
        (0x1ee6, 0x1ee6),
        (0x1ee8, 0x1ee8),
        (0x1eea, 0x1eea),
        (0x1eec, 0x1eec),
        (0x1eee, 0x1eee),
        (0x1ef0, 0x1ef0),
        (0x1ef2, 0x1ef2),
        (0x1ef4, 0x1ef4),
        (0x1ef6, 0x1ef6),
        (0x1ef8, 0x1ef8),
        (0x1efa, 0x1efa),
        (0x1efc, 0x1efc),
        (0x1efe, 0x1efe),
        (0x1f08, 0x1f0f),
        (0x1f18, 0x1f1d),
        (0x1f28, 0x1f2f),
        (0x1f38, 0x1f3f),
        (0x1f48, 0x1f4d),
        (0x1f59, 0x1f59),
        (0x1f5b, 0x1f5b),
        (0x1f5d, 0x1f5d),
        (0x1f5f, 0x1f5f),
        (0x1f68, 0x1f6f),
        (0x1fb8, 0x1fbb),
        (0x1fc8, 0x1fcb),
        (0x1fd8, 0x1fdb),
        (0x1fe8, 0x1fec),
        (0x1ff8, 0x1ffb),
        (0x2102, 0x2102),
        (0x2107, 0x2107),
        (0x210b, 0x210d),
        (0x2110, 0x2112),
        (0x2115, 0x2115),
        (0x2119, 0x211d),
        (0x2124, 0x2124),
        (0x2126, 0x2126),
        (0x2128, 0x2128),
        (0x212a, 0x212d),
        (0x2130, 0x2133),
        (0x213e, 0x213f),
        (0x2145, 0x2145),
        (0x2160, 0x216f),
        (0x2183, 0x2183),
        (0x24b6, 0x24cf),
        (0x2c00, 0x2c2f),
        (0x2c60, 0x2c60),
        (0x2c62, 0x2c64),
        (0x2c67, 0x2c67),
        (0x2c69, 0x2c69),
        (0x2c6b, 0x2c6b),
        (0x2c6d, 0x2c70),
        (0x2c72, 0x2c72),
        (0x2c75, 0x2c75),
        (0x2c7e, 0x2c80),
        (0x2c82, 0x2c82),
        (0x2c84, 0x2c84),
        (0x2c86, 0x2c86),
        (0x2c88, 0x2c88),
        (0x2c8a, 0x2c8a),
        (0x2c8c, 0x2c8c),
        (0x2c8e, 0x2c8e),
        (0x2c90, 0x2c90),
        (0x2c92, 0x2c92),
        (0x2c94, 0x2c94),
        (0x2c96, 0x2c96),
        (0x2c98, 0x2c98),
        (0x2c9a, 0x2c9a),
        (0x2c9c, 0x2c9c),
        (0x2c9e, 0x2c9e),
        (0x2ca0, 0x2ca0),
        (0x2ca2, 0x2ca2),
        (0x2ca4, 0x2ca4),
        (0x2ca6, 0x2ca6),
        (0x2ca8, 0x2ca8),
        (0x2caa, 0x2caa),
        (0x2cac, 0x2cac),
        (0x2cae, 0x2cae),
        (0x2cb0, 0x2cb0),
        (0x2cb2, 0x2cb2),
        (0x2cb4, 0x2cb4),
        (0x2cb6, 0x2cb6),
        (0x2cb8, 0x2cb8),
        (0x2cba, 0x2cba),
        (0x2cbc, 0x2cbc),
        (0x2cbe, 0x2cbe),
        (0x2cc0, 0x2cc0),
        (0x2cc2, 0x2cc2),
        (0x2cc4, 0x2cc4),
        (0x2cc6, 0x2cc6),
        (0x2cc8, 0x2cc8),
        (0x2cca, 0x2cca),
        (0x2ccc, 0x2ccc),
        (0x2cce, 0x2cce),
        (0x2cd0, 0x2cd0),
        (0x2cd2, 0x2cd2),
        (0x2cd4, 0x2cd4),
        (0x2cd6, 0x2cd6),
        (0x2cd8, 0x2cd8),
        (0x2cda, 0x2cda),
        (0x2cdc, 0x2cdc),
        (0x2cde, 0x2cde),
        (0x2ce0, 0x2ce0),
        (0x2ce2, 0x2ce2),
        (0x2ceb, 0x2ceb),
        (0x2ced, 0x2ced),
        (0x2cf2, 0x2cf2),
        (0xa640, 0xa640),
        (0xa642, 0xa642),
        (0xa644, 0xa644),
        (0xa646, 0xa646),
        (0xa648, 0xa648),
        (0xa64a, 0xa64a),
        (0xa64c, 0xa64c),
        (0xa64e, 0xa64e),
        (0xa650, 0xa650),
        (0xa652, 0xa652),
        (0xa654, 0xa654),
        (0xa656, 0xa656),
        (0xa658, 0xa658),
        (0xa65a, 0xa65a),
        (0xa65c, 0xa65c),
        (0xa65e, 0xa65e),
        (0xa660, 0xa660),
        (0xa662, 0xa662),
        (0xa664, 0xa664),
        (0xa666, 0xa666),
        (0xa668, 0xa668),
        (0xa66a, 0xa66a),
        (0xa66c, 0xa66c),
        (0xa680, 0xa680),
        (0xa682, 0xa682),
        (0xa684, 0xa684),
        (0xa686, 0xa686),
        (0xa688, 0xa688),
        (0xa68a, 0xa68a),
        (0xa68c, 0xa68c),
        (0xa68e, 0xa68e),
        (0xa690, 0xa690),
        (0xa692, 0xa692),
        (0xa694, 0xa694),
        (0xa696, 0xa696),
        (0xa698, 0xa698),
        (0xa69a, 0xa69a),
        (0xa722, 0xa722),
        (0xa724, 0xa724),
        (0xa726, 0xa726),
        (0xa728, 0xa728),
        (0xa72a, 0xa72a),
        (0xa72c, 0xa72c),
        (0xa72e, 0xa72e),
        (0xa732, 0xa732),
        (0xa734, 0xa734),
        (0xa736, 0xa736),
        (0xa738, 0xa738),
        (0xa73a, 0xa73a),
        (0xa73c, 0xa73c),
        (0xa73e, 0xa73e),
        (0xa740, 0xa740),
        (0xa742, 0xa742),
        (0xa744, 0xa744),
        (0xa746, 0xa746),
        (0xa748, 0xa748),
        (0xa74a, 0xa74a),
        (0xa74c, 0xa74c),
        (0xa74e, 0xa74e),
        (0xa750, 0xa750),
        (0xa752, 0xa752),
        (0xa754, 0xa754),
        (0xa756, 0xa756),
        (0xa758, 0xa758),
        (0xa75a, 0xa75a),
        (0xa75c, 0xa75c),
        (0xa75e, 0xa75e),
        (0xa760, 0xa760),
        (0xa762, 0xa762),
        (0xa764, 0xa764),
        (0xa766, 0xa766),
        (0xa768, 0xa768),
        (0xa76a, 0xa76a),
        (0xa76c, 0xa76c),
        (0xa76e, 0xa76e),
        (0xa779, 0xa779),
        (0xa77b, 0xa77b),
        (0xa77d, 0xa77e),
        (0xa780, 0xa780),
        (0xa782, 0xa782),
        (0xa784, 0xa784),
        (0xa786, 0xa786),
        (0xa78b, 0xa78b),
        (0xa78d, 0xa78d),
        (0xa790, 0xa790),
        (0xa792, 0xa792),
        (0xa796, 0xa796),
        (0xa798, 0xa798),
        (0xa79a, 0xa79a),
        (0xa79c, 0xa79c),
        (0xa79e, 0xa79e),
        (0xa7a0, 0xa7a0),
        (0xa7a2, 0xa7a2),
        (0xa7a4, 0xa7a4),
        (0xa7a6, 0xa7a6),
        (0xa7a8, 0xa7a8),
        (0xa7aa, 0xa7ae),
        (0xa7b0, 0xa7b4),
        (0xa7b6, 0xa7b6),
        (0xa7b8, 0xa7b8),
        (0xa7ba, 0xa7ba),
        (0xa7bc, 0xa7bc),
        (0xa7be, 0xa7be),
        (0xa7c0, 0xa7c0),
        (0xa7c2, 0xa7c2),
        (0xa7c4, 0xa7c7),
        (0xa7c9, 0xa7c9),
        (0xa7cb, 0xa7cc),
        (0xa7ce, 0xa7ce),
        (0xa7d0, 0xa7d0),
        (0xa7d2, 0xa7d2),
        (0xa7d4, 0xa7d4),
        (0xa7d6, 0xa7d6),
        (0xa7d8, 0xa7d8),
        (0xa7da, 0xa7da),
        (0xa7dc, 0xa7dc),
        (0xa7f5, 0xa7f5),
        (0xff21, 0xff3a),
        (0x10400, 0x10427),
        (0x104b0, 0x104d3),
        (0x10570, 0x1057a),
        (0x1057c, 0x1058a),
        (0x1058c, 0x10592),
        (0x10594, 0x10595),
        (0x10c80, 0x10cb2),
        (0x10d50, 0x10d65),
        (0x118a0, 0x118bf),
        (0x16e40, 0x16e5f),
        (0x16ea0, 0x16eb8),
        (0x1d400, 0x1d419),
        (0x1d434, 0x1d44d),
        (0x1d468, 0x1d481),
        (0x1d49c, 0x1d49c),
        (0x1d49e, 0x1d49f),
        (0x1d4a2, 0x1d4a2),
        (0x1d4a5, 0x1d4a6),
        (0x1d4a9, 0x1d4ac),
        (0x1d4ae, 0x1d4b5),
        (0x1d4d0, 0x1d4e9),
        (0x1d504, 0x1d505),
        (0x1d507, 0x1d50a),
        (0x1d50d, 0x1d514),
        (0x1d516, 0x1d51c),
        (0x1d538, 0x1d539),
        (0x1d53b, 0x1d53e),
        (0x1d540, 0x1d544),
        (0x1d546, 0x1d546),
        (0x1d54a, 0x1d550),
        (0x1d56c, 0x1d585),
        (0x1d5a0, 0x1d5b9),
        (0x1d5d4, 0x1d5ed),
        (0x1d608, 0x1d621),
        (0x1d63c, 0x1d655),
        (0x1d670, 0x1d689),
        (0x1d6a8, 0x1d6c0),
        (0x1d6e2, 0x1d6fa),
        (0x1d71c, 0x1d734),
        (0x1d756, 0x1d76e),
        (0x1d790, 0x1d7a8),
        (0x1d7ca, 0x1d7ca),
        (0x1e900, 0x1e921),
        (0x1f130, 0x1f149),
        (0x1f150, 0x1f169),
        (0x1f170, 0x1f189),
    ],
    &[
        (0x180b, 0x180d),
        (0x180f, 0x180f),
        (0xfe00, 0xfe0f),
        (0xe0100, 0xe01ef),
    ],
    &[
        (0x9, 0xd),
        (0x20, 0x20),
        (0x85, 0x85),
        (0xa0, 0xa0),
        (0x1680, 0x1680),
        (0x2000, 0x200a),
        (0x2028, 0x2029),
        (0x202f, 0x202f),
        (0x205f, 0x205f),
        (0x3000, 0x3000),
    ],
    &[
        (0x30, 0x39),
        (0x41, 0x5a),
        (0x5f, 0x5f),
        (0x61, 0x7a),
        (0xaa, 0xaa),
        (0xb5, 0xb5),
        (0xb7, 0xb7),
        (0xba, 0xba),
        (0xc0, 0xd6),
        (0xd8, 0xf6),
        (0xf8, 0x2c1),
        (0x2c6, 0x2d1),
        (0x2e0, 0x2e4),
        (0x2ec, 0x2ec),
        (0x2ee, 0x2ee),
        (0x300, 0x374),
        (0x376, 0x377),
        (0x37b, 0x37d),
        (0x37f, 0x37f),
        (0x386, 0x38a),
        (0x38c, 0x38c),
        (0x38e, 0x3a1),
        (0x3a3, 0x3f5),
        (0x3f7, 0x481),
        (0x483, 0x487),
        (0x48a, 0x52f),
        (0x531, 0x556),
        (0x559, 0x559),
        (0x560, 0x588),
        (0x591, 0x5bd),
        (0x5bf, 0x5bf),
        (0x5c1, 0x5c2),
        (0x5c4, 0x5c5),
        (0x5c7, 0x5c7),
        (0x5d0, 0x5ea),
        (0x5ef, 0x5f2),
        (0x610, 0x61a),
        (0x620, 0x669),
        (0x66e, 0x6d3),
        (0x6d5, 0x6dc),
        (0x6df, 0x6e8),
        (0x6ea, 0x6fc),
        (0x6ff, 0x6ff),
        (0x710, 0x74a),
        (0x74d, 0x7b1),
        (0x7c0, 0x7f5),
        (0x7fa, 0x7fa),
        (0x7fd, 0x7fd),
        (0x800, 0x82d),
        (0x840, 0x85b),
        (0x860, 0x86a),
        (0x870, 0x887),
        (0x889, 0x88f),
        (0x897, 0x8e1),
        (0x8e3, 0x963),
        (0x966, 0x96f),
        (0x971, 0x983),
        (0x985, 0x98c),
        (0x98f, 0x990),
        (0x993, 0x9a8),
        (0x9aa, 0x9b0),
        (0x9b2, 0x9b2),
        (0x9b6, 0x9b9),
        (0x9bc, 0x9c4),
        (0x9c7, 0x9c8),
        (0x9cb, 0x9ce),
        (0x9d7, 0x9d7),
        (0x9dc, 0x9dd),
        (0x9df, 0x9e3),
        (0x9e6, 0x9f1),
        (0x9fc, 0x9fc),
        (0x9fe, 0x9fe),
        (0xa01, 0xa03),
        (0xa05, 0xa0a),
        (0xa0f, 0xa10),
        (0xa13, 0xa28),
        (0xa2a, 0xa30),
        (0xa32, 0xa33),
        (0xa35, 0xa36),
        (0xa38, 0xa39),
        (0xa3c, 0xa3c),
        (0xa3e, 0xa42),
        (0xa47, 0xa48),
        (0xa4b, 0xa4d),
        (0xa51, 0xa51),
        (0xa59, 0xa5c),
        (0xa5e, 0xa5e),
        (0xa66, 0xa75),
        (0xa81, 0xa83),
        (0xa85, 0xa8d),
        (0xa8f, 0xa91),
        (0xa93, 0xaa8),
        (0xaaa, 0xab0),
        (0xab2, 0xab3),
        (0xab5, 0xab9),
        (0xabc, 0xac5),
        (0xac7, 0xac9),
        (0xacb, 0xacd),
        (0xad0, 0xad0),
        (0xae0, 0xae3),
        (0xae6, 0xaef),
        (0xaf9, 0xaff),
        (0xb01, 0xb03),
        (0xb05, 0xb0c),
        (0xb0f, 0xb10),
        (0xb13, 0xb28),
        (0xb2a, 0xb30),
        (0xb32, 0xb33),
        (0xb35, 0xb39),
        (0xb3c, 0xb44),
        (0xb47, 0xb48),
        (0xb4b, 0xb4d),
        (0xb55, 0xb57),
        (0xb5c, 0xb5d),
        (0xb5f, 0xb63),
        (0xb66, 0xb6f),
        (0xb71, 0xb71),
        (0xb82, 0xb83),
        (0xb85, 0xb8a),
        (0xb8e, 0xb90),
        (0xb92, 0xb95),
        (0xb99, 0xb9a),
        (0xb9c, 0xb9c),
        (0xb9e, 0xb9f),
        (0xba3, 0xba4),
        (0xba8, 0xbaa),
        (0xbae, 0xbb9),
        (0xbbe, 0xbc2),
        (0xbc6, 0xbc8),
        (0xbca, 0xbcd),
        (0xbd0, 0xbd0),
        (0xbd7, 0xbd7),
        (0xbe6, 0xbef),
        (0xc00, 0xc0c),
        (0xc0e, 0xc10),
        (0xc12, 0xc28),
        (0xc2a, 0xc39),
        (0xc3c, 0xc44),
        (0xc46, 0xc48),
        (0xc4a, 0xc4d),
        (0xc55, 0xc56),
        (0xc58, 0xc5a),
        (0xc5c, 0xc5d),
        (0xc60, 0xc63),
        (0xc66, 0xc6f),
        (0xc80, 0xc83),
        (0xc85, 0xc8c),
        (0xc8e, 0xc90),
        (0xc92, 0xca8),
        (0xcaa, 0xcb3),
        (0xcb5, 0xcb9),
        (0xcbc, 0xcc4),
        (0xcc6, 0xcc8),
        (0xcca, 0xccd),
        (0xcd5, 0xcd6),
        (0xcdc, 0xcde),
        (0xce0, 0xce3),
        (0xce6, 0xcef),
        (0xcf1, 0xcf3),
        (0xd00, 0xd0c),
        (0xd0e, 0xd10),
        (0xd12, 0xd44),
        (0xd46, 0xd48),
        (0xd4a, 0xd4e),
        (0xd54, 0xd57),
        (0xd5f, 0xd63),
        (0xd66, 0xd6f),
        (0xd7a, 0xd7f),
        (0xd81, 0xd83),
        (0xd85, 0xd96),
        (0xd9a, 0xdb1),
        (0xdb3, 0xdbb),
        (0xdbd, 0xdbd),
        (0xdc0, 0xdc6),
        (0xdca, 0xdca),
        (0xdcf, 0xdd4),
        (0xdd6, 0xdd6),
        (0xdd8, 0xddf),
        (0xde6, 0xdef),
        (0xdf2, 0xdf3),
        (0xe01, 0xe3a),
        (0xe40, 0xe4e),
        (0xe50, 0xe59),
        (0xe81, 0xe82),
        (0xe84, 0xe84),
        (0xe86, 0xe8a),
        (0xe8c, 0xea3),
        (0xea5, 0xea5),
        (0xea7, 0xebd),
        (0xec0, 0xec4),
        (0xec6, 0xec6),
        (0xec8, 0xece),
        (0xed0, 0xed9),
        (0xedc, 0xedf),
        (0xf00, 0xf00),
        (0xf18, 0xf19),
        (0xf20, 0xf29),
        (0xf35, 0xf35),
        (0xf37, 0xf37),
        (0xf39, 0xf39),
        (0xf3e, 0xf47),
        (0xf49, 0xf6c),
        (0xf71, 0xf84),
        (0xf86, 0xf97),
        (0xf99, 0xfbc),
        (0xfc6, 0xfc6),
        (0x1000, 0x1049),
        (0x1050, 0x109d),
        (0x10a0, 0x10c5),
        (0x10c7, 0x10c7),
        (0x10cd, 0x10cd),
        (0x10d0, 0x10fa),
        (0x10fc, 0x1248),
        (0x124a, 0x124d),
        (0x1250, 0x1256),
        (0x1258, 0x1258),
        (0x125a, 0x125d),
        (0x1260, 0x1288),
        (0x128a, 0x128d),
        (0x1290, 0x12b0),
        (0x12b2, 0x12b5),
        (0x12b8, 0x12be),
        (0x12c0, 0x12c0),
        (0x12c2, 0x12c5),
        (0x12c8, 0x12d6),
        (0x12d8, 0x1310),
        (0x1312, 0x1315),
        (0x1318, 0x135a),
        (0x135d, 0x135f),
        (0x1369, 0x1371),
        (0x1380, 0x138f),
        (0x13a0, 0x13f5),
        (0x13f8, 0x13fd),
        (0x1401, 0x166c),
        (0x166f, 0x167f),
        (0x1681, 0x169a),
        (0x16a0, 0x16ea),
        (0x16ee, 0x16f8),
        (0x1700, 0x1715),
        (0x171f, 0x1734),
        (0x1740, 0x1753),
        (0x1760, 0x176c),
        (0x176e, 0x1770),
        (0x1772, 0x1773),
        (0x1780, 0x17d3),
        (0x17d7, 0x17d7),
        (0x17dc, 0x17dd),
        (0x17e0, 0x17e9),
        (0x180b, 0x180d),
        (0x180f, 0x1819),
        (0x1820, 0x1878),
        (0x1880, 0x18aa),
        (0x18b0, 0x18f5),
        (0x1900, 0x191e),
        (0x1920, 0x192b),
        (0x1930, 0x193b),
        (0x1946, 0x196d),
        (0x1970, 0x1974),
        (0x1980, 0x19ab),
        (0x19b0, 0x19c9),
        (0x19d0, 0x19da),
        (0x1a00, 0x1a1b),
        (0x1a20, 0x1a5e),
        (0x1a60, 0x1a7c),
        (0x1a7f, 0x1a89),
        (0x1a90, 0x1a99),
        (0x1aa7, 0x1aa7),
        (0x1ab0, 0x1abd),
        (0x1abf, 0x1add),
        (0x1ae0, 0x1aeb),
        (0x1b00, 0x1b4c),
        (0x1b50, 0x1b59),
        (0x1b6b, 0x1b73),
        (0x1b80, 0x1bf3),
        (0x1c00, 0x1c37),
        (0x1c40, 0x1c49),
        (0x1c4d, 0x1c7d),
        (0x1c80, 0x1c8a),
        (0x1c90, 0x1cba),
        (0x1cbd, 0x1cbf),
        (0x1cd0, 0x1cd2),
        (0x1cd4, 0x1cfa),
        (0x1d00, 0x1f15),
        (0x1f18, 0x1f1d),
        (0x1f20, 0x1f45),
        (0x1f48, 0x1f4d),
        (0x1f50, 0x1f57),
        (0x1f59, 0x1f59),
        (0x1f5b, 0x1f5b),
        (0x1f5d, 0x1f5d),
        (0x1f5f, 0x1f7d),
        (0x1f80, 0x1fb4),
        (0x1fb6, 0x1fbc),
        (0x1fbe, 0x1fbe),
        (0x1fc2, 0x1fc4),
        (0x1fc6, 0x1fcc),
        (0x1fd0, 0x1fd3),
        (0x1fd6, 0x1fdb),
        (0x1fe0, 0x1fec),
        (0x1ff2, 0x1ff4),
        (0x1ff6, 0x1ffc),
        (0x200c, 0x200d),
        (0x203f, 0x2040),
        (0x2054, 0x2054),
        (0x2071, 0x2071),
        (0x207f, 0x207f),
        (0x2090, 0x209c),
        (0x20d0, 0x20dc),
        (0x20e1, 0x20e1),
        (0x20e5, 0x20f0),
        (0x2102, 0x2102),
        (0x2107, 0x2107),
        (0x210a, 0x2113),
        (0x2115, 0x2115),
        (0x2118, 0x211d),
        (0x2124, 0x2124),
        (0x2126, 0x2126),
        (0x2128, 0x2128),
        (0x212a, 0x2139),
        (0x213c, 0x213f),
        (0x2145, 0x2149),
        (0x214e, 0x214e),
        (0x2160, 0x2188),
        (0x2c00, 0x2ce4),
        (0x2ceb, 0x2cf3),
        (0x2d00, 0x2d25),
        (0x2d27, 0x2d27),
        (0x2d2d, 0x2d2d),
        (0x2d30, 0x2d67),
        (0x2d6f, 0x2d6f),
        (0x2d7f, 0x2d96),
        (0x2da0, 0x2da6),
        (0x2da8, 0x2dae),
        (0x2db0, 0x2db6),
        (0x2db8, 0x2dbe),
        (0x2dc0, 0x2dc6),
        (0x2dc8, 0x2dce),
        (0x2dd0, 0x2dd6),
        (0x2dd8, 0x2dde),
        (0x2de0, 0x2dff),
        (0x3005, 0x3007),
        (0x3021, 0x302f),
        (0x3031, 0x3035),
        (0x3038, 0x303c),
        (0x3041, 0x3096),
        (0x3099, 0x309a),
        (0x309d, 0x309f),
        (0x30a1, 0x30ff),
        (0x3105, 0x312f),
        (0x3131, 0x318e),
        (0x31a0, 0x31bf),
        (0x31f0, 0x31ff),
        (0x3400, 0x4dbf),
        (0x4e00, 0xa48c),
        (0xa4d0, 0xa4fd),
        (0xa500, 0xa60c),
        (0xa610, 0xa62b),
        (0xa640, 0xa66f),
        (0xa674, 0xa67d),
        (0xa67f, 0xa6f1),
        (0xa717, 0xa71f),
        (0xa722, 0xa788),
        (0xa78b, 0xa7dc),
        (0xa7f1, 0xa827),
        (0xa82c, 0xa82c),
        (0xa840, 0xa873),
        (0xa880, 0xa8c5),
        (0xa8d0, 0xa8d9),
        (0xa8e0, 0xa8f7),
        (0xa8fb, 0xa8fb),
        (0xa8fd, 0xa92d),
        (0xa930, 0xa953),
        (0xa960, 0xa97c),
        (0xa980, 0xa9c0),
        (0xa9cf, 0xa9d9),
        (0xa9e0, 0xa9fe),
        (0xaa00, 0xaa36),
        (0xaa40, 0xaa4d),
        (0xaa50, 0xaa59),
        (0xaa60, 0xaa76),
        (0xaa7a, 0xaac2),
        (0xaadb, 0xaadd),
        (0xaae0, 0xaaef),
        (0xaaf2, 0xaaf6),
        (0xab01, 0xab06),
        (0xab09, 0xab0e),
        (0xab11, 0xab16),
        (0xab20, 0xab26),
        (0xab28, 0xab2e),
        (0xab30, 0xab5a),
        (0xab5c, 0xab69),
        (0xab70, 0xabea),
        (0xabec, 0xabed),
        (0xabf0, 0xabf9),
        (0xac00, 0xd7a3),
        (0xd7b0, 0xd7c6),
        (0xd7cb, 0xd7fb),
        (0xf900, 0xfa6d),
        (0xfa70, 0xfad9),
        (0xfb00, 0xfb06),
        (0xfb13, 0xfb17),
        (0xfb1d, 0xfb28),
        (0xfb2a, 0xfb36),
        (0xfb38, 0xfb3c),
        (0xfb3e, 0xfb3e),
        (0xfb40, 0xfb41),
        (0xfb43, 0xfb44),
        (0xfb46, 0xfbb1),
        (0xfbd3, 0xfc5d),
        (0xfc64, 0xfd3d),
        (0xfd50, 0xfd8f),
        (0xfd92, 0xfdc7),
        (0xfdf0, 0xfdf9),
        (0xfe00, 0xfe0f),
        (0xfe20, 0xfe2f),
        (0xfe33, 0xfe34),
        (0xfe4d, 0xfe4f),
        (0xfe71, 0xfe71),
        (0xfe73, 0xfe73),
        (0xfe77, 0xfe77),
        (0xfe79, 0xfe79),
        (0xfe7b, 0xfe7b),
        (0xfe7d, 0xfe7d),
        (0xfe7f, 0xfefc),
        (0xff10, 0xff19),
        (0xff21, 0xff3a),
        (0xff3f, 0xff3f),
        (0xff41, 0xff5a),
        (0xff65, 0xffbe),
        (0xffc2, 0xffc7),
        (0xffca, 0xffcf),
        (0xffd2, 0xffd7),
        (0xffda, 0xffdc),
        (0x10000, 0x1000b),
        (0x1000d, 0x10026),
        (0x10028, 0x1003a),
        (0x1003c, 0x1003d),
        (0x1003f, 0x1004d),
        (0x10050, 0x1005d),
        (0x10080, 0x100fa),
        (0x10140, 0x10174),
        (0x101fd, 0x101fd),
        (0x10280, 0x1029c),
        (0x102a0, 0x102d0),
        (0x102e0, 0x102e0),
        (0x10300, 0x1031f),
        (0x1032d, 0x1034a),
        (0x10350, 0x1037a),
        (0x10380, 0x1039d),
        (0x103a0, 0x103c3),
        (0x103c8, 0x103cf),
        (0x103d1, 0x103d5),
        (0x10400, 0x1049d),
        (0x104a0, 0x104a9),
        (0x104b0, 0x104d3),
        (0x104d8, 0x104fb),
        (0x10500, 0x10527),
        (0x10530, 0x10563),
        (0x10570, 0x1057a),
        (0x1057c, 0x1058a),
        (0x1058c, 0x10592),
        (0x10594, 0x10595),
        (0x10597, 0x105a1),
        (0x105a3, 0x105b1),
        (0x105b3, 0x105b9),
        (0x105bb, 0x105bc),
        (0x105c0, 0x105f3),
        (0x10600, 0x10736),
        (0x10740, 0x10755),
        (0x10760, 0x10767),
        (0x10780, 0x10785),
        (0x10787, 0x107b0),
        (0x107b2, 0x107ba),
        (0x10800, 0x10805),
        (0x10808, 0x10808),
        (0x1080a, 0x10835),
        (0x10837, 0x10838),
        (0x1083c, 0x1083c),
        (0x1083f, 0x10855),
        (0x10860, 0x10876),
        (0x10880, 0x1089e),
        (0x108e0, 0x108f2),
        (0x108f4, 0x108f5),
        (0x10900, 0x10915),
        (0x10920, 0x10939),
        (0x10940, 0x10959),
        (0x10980, 0x109b7),
        (0x109be, 0x109bf),
        (0x10a00, 0x10a03),
        (0x10a05, 0x10a06),
        (0x10a0c, 0x10a13),
        (0x10a15, 0x10a17),
        (0x10a19, 0x10a35),
        (0x10a38, 0x10a3a),
        (0x10a3f, 0x10a3f),
        (0x10a60, 0x10a7c),
        (0x10a80, 0x10a9c),
        (0x10ac0, 0x10ac7),
        (0x10ac9, 0x10ae6),
        (0x10b00, 0x10b35),
        (0x10b40, 0x10b55),
        (0x10b60, 0x10b72),
        (0x10b80, 0x10b91),
        (0x10c00, 0x10c48),
        (0x10c80, 0x10cb2),
        (0x10cc0, 0x10cf2),
        (0x10d00, 0x10d27),
        (0x10d30, 0x10d39),
        (0x10d40, 0x10d65),
        (0x10d69, 0x10d6d),
        (0x10d6f, 0x10d85),
        (0x10e80, 0x10ea9),
        (0x10eab, 0x10eac),
        (0x10eb0, 0x10eb1),
        (0x10ec2, 0x10ec7),
        (0x10efa, 0x10f1c),
        (0x10f27, 0x10f27),
        (0x10f30, 0x10f50),
        (0x10f70, 0x10f85),
        (0x10fb0, 0x10fc4),
        (0x10fe0, 0x10ff6),
        (0x11000, 0x11046),
        (0x11066, 0x11075),
        (0x1107f, 0x110ba),
        (0x110c2, 0x110c2),
        (0x110d0, 0x110e8),
        (0x110f0, 0x110f9),
        (0x11100, 0x11134),
        (0x11136, 0x1113f),
        (0x11144, 0x11147),
        (0x11150, 0x11173),
        (0x11176, 0x11176),
        (0x11180, 0x111c4),
        (0x111c9, 0x111cc),
        (0x111ce, 0x111da),
        (0x111dc, 0x111dc),
        (0x11200, 0x11211),
        (0x11213, 0x11237),
        (0x1123e, 0x11241),
        (0x11280, 0x11286),
        (0x11288, 0x11288),
        (0x1128a, 0x1128d),
        (0x1128f, 0x1129d),
        (0x1129f, 0x112a8),
        (0x112b0, 0x112ea),
        (0x112f0, 0x112f9),
        (0x11300, 0x11303),
        (0x11305, 0x1130c),
        (0x1130f, 0x11310),
        (0x11313, 0x11328),
        (0x1132a, 0x11330),
        (0x11332, 0x11333),
        (0x11335, 0x11339),
        (0x1133b, 0x11344),
        (0x11347, 0x11348),
        (0x1134b, 0x1134d),
        (0x11350, 0x11350),
        (0x11357, 0x11357),
        (0x1135d, 0x11363),
        (0x11366, 0x1136c),
        (0x11370, 0x11374),
        (0x11380, 0x11389),
        (0x1138b, 0x1138b),
        (0x1138e, 0x1138e),
        (0x11390, 0x113b5),
        (0x113b7, 0x113c0),
        (0x113c2, 0x113c2),
        (0x113c5, 0x113c5),
        (0x113c7, 0x113ca),
        (0x113cc, 0x113d3),
        (0x113e1, 0x113e2),
        (0x11400, 0x1144a),
        (0x11450, 0x11459),
        (0x1145e, 0x11461),
        (0x11480, 0x114c5),
        (0x114c7, 0x114c7),
        (0x114d0, 0x114d9),
        (0x11580, 0x115b5),
        (0x115b8, 0x115c0),
        (0x115d8, 0x115dd),
        (0x11600, 0x11640),
        (0x11644, 0x11644),
        (0x11650, 0x11659),
        (0x11680, 0x116b8),
        (0x116c0, 0x116c9),
        (0x116d0, 0x116e3),
        (0x11700, 0x1171a),
        (0x1171d, 0x1172b),
        (0x11730, 0x11739),
        (0x11740, 0x11746),
        (0x11800, 0x1183a),
        (0x118a0, 0x118e9),
        (0x118ff, 0x11906),
        (0x11909, 0x11909),
        (0x1190c, 0x11913),
        (0x11915, 0x11916),
        (0x11918, 0x11935),
        (0x11937, 0x11938),
        (0x1193b, 0x11943),
        (0x11950, 0x11959),
        (0x119a0, 0x119a7),
        (0x119aa, 0x119d7),
        (0x119da, 0x119e1),
        (0x119e3, 0x119e4),
        (0x11a00, 0x11a3e),
        (0x11a47, 0x11a47),
        (0x11a50, 0x11a99),
        (0x11a9d, 0x11a9d),
        (0x11ab0, 0x11af8),
        (0x11b60, 0x11b67),
        (0x11bc0, 0x11be0),
        (0x11bf0, 0x11bf9),
        (0x11c00, 0x11c08),
        (0x11c0a, 0x11c36),
        (0x11c38, 0x11c40),
        (0x11c50, 0x11c59),
        (0x11c72, 0x11c8f),
        (0x11c92, 0x11ca7),
        (0x11ca9, 0x11cb6),
        (0x11d00, 0x11d06),
        (0x11d08, 0x11d09),
        (0x11d0b, 0x11d36),
        (0x11d3a, 0x11d3a),
        (0x11d3c, 0x11d3d),
        (0x11d3f, 0x11d47),
        (0x11d50, 0x11d59),
        (0x11d60, 0x11d65),
        (0x11d67, 0x11d68),
        (0x11d6a, 0x11d8e),
        (0x11d90, 0x11d91),
        (0x11d93, 0x11d98),
        (0x11da0, 0x11da9),
        (0x11db0, 0x11ddb),
        (0x11de0, 0x11de9),
        (0x11ee0, 0x11ef6),
        (0x11f00, 0x11f10),
        (0x11f12, 0x11f3a),
        (0x11f3e, 0x11f42),
        (0x11f50, 0x11f5a),
        (0x11fb0, 0x11fb0),
        (0x12000, 0x12399),
        (0x12400, 0x1246e),
        (0x12480, 0x12543),
        (0x12f90, 0x12ff0),
        (0x13000, 0x1342f),
        (0x13440, 0x13455),
        (0x13460, 0x143fa),
        (0x14400, 0x14646),
        (0x16100, 0x16139),
        (0x16800, 0x16a38),
        (0x16a40, 0x16a5e),
        (0x16a60, 0x16a69),
        (0x16a70, 0x16abe),
        (0x16ac0, 0x16ac9),
        (0x16ad0, 0x16aed),
        (0x16af0, 0x16af4),
        (0x16b00, 0x16b36),
        (0x16b40, 0x16b43),
        (0x16b50, 0x16b59),
        (0x16b63, 0x16b77),
        (0x16b7d, 0x16b8f),
        (0x16d40, 0x16d6c),
        (0x16d70, 0x16d79),
        (0x16e40, 0x16e7f),
        (0x16ea0, 0x16eb8),
        (0x16ebb, 0x16ed3),
        (0x16f00, 0x16f4a),
        (0x16f4f, 0x16f87),
        (0x16f8f, 0x16f9f),
        (0x16fe0, 0x16fe1),
        (0x16fe3, 0x16fe4),
        (0x16ff0, 0x16ff6),
        (0x17000, 0x18cd5),
        (0x18cff, 0x18d1e),
        (0x18d80, 0x18df2),
        (0x1aff0, 0x1aff3),
        (0x1aff5, 0x1affb),
        (0x1affd, 0x1affe),
        (0x1b000, 0x1b122),
        (0x1b132, 0x1b132),
        (0x1b150, 0x1b152),
        (0x1b155, 0x1b155),
        (0x1b164, 0x1b167),
        (0x1b170, 0x1b2fb),
        (0x1bc00, 0x1bc6a),
        (0x1bc70, 0x1bc7c),
        (0x1bc80, 0x1bc88),
        (0x1bc90, 0x1bc99),
        (0x1bc9d, 0x1bc9e),
        (0x1ccf0, 0x1ccf9),
        (0x1cf00, 0x1cf2d),
        (0x1cf30, 0x1cf46),
        (0x1d165, 0x1d169),
        (0x1d16d, 0x1d172),
        (0x1d17b, 0x1d182),
        (0x1d185, 0x1d18b),
        (0x1d1aa, 0x1d1ad),
        (0x1d242, 0x1d244),
        (0x1d400, 0x1d454),
        (0x1d456, 0x1d49c),
        (0x1d49e, 0x1d49f),
        (0x1d4a2, 0x1d4a2),
        (0x1d4a5, 0x1d4a6),
        (0x1d4a9, 0x1d4ac),
        (0x1d4ae, 0x1d4b9),
        (0x1d4bb, 0x1d4bb),
        (0x1d4bd, 0x1d4c3),
        (0x1d4c5, 0x1d505),
        (0x1d507, 0x1d50a),
        (0x1d50d, 0x1d514),
        (0x1d516, 0x1d51c),
        (0x1d51e, 0x1d539),
        (0x1d53b, 0x1d53e),
        (0x1d540, 0x1d544),
        (0x1d546, 0x1d546),
        (0x1d54a, 0x1d550),
        (0x1d552, 0x1d6a5),
        (0x1d6a8, 0x1d6c0),
        (0x1d6c2, 0x1d6da),
        (0x1d6dc, 0x1d6fa),
        (0x1d6fc, 0x1d714),
        (0x1d716, 0x1d734),
        (0x1d736, 0x1d74e),
        (0x1d750, 0x1d76e),
        (0x1d770, 0x1d788),
        (0x1d78a, 0x1d7a8),
        (0x1d7aa, 0x1d7c2),
        (0x1d7c4, 0x1d7cb),
        (0x1d7ce, 0x1d7ff),
        (0x1da00, 0x1da36),
        (0x1da3b, 0x1da6c),
        (0x1da75, 0x1da75),
        (0x1da84, 0x1da84),
        (0x1da9b, 0x1da9f),
        (0x1daa1, 0x1daaf),
        (0x1df00, 0x1df1e),
        (0x1df25, 0x1df2a),
        (0x1e000, 0x1e006),
        (0x1e008, 0x1e018),
        (0x1e01b, 0x1e021),
        (0x1e023, 0x1e024),
        (0x1e026, 0x1e02a),
        (0x1e030, 0x1e06d),
        (0x1e08f, 0x1e08f),
        (0x1e100, 0x1e12c),
        (0x1e130, 0x1e13d),
        (0x1e140, 0x1e149),
        (0x1e14e, 0x1e14e),
        (0x1e290, 0x1e2ae),
        (0x1e2c0, 0x1e2f9),
        (0x1e4d0, 0x1e4f9),
        (0x1e5d0, 0x1e5fa),
        (0x1e6c0, 0x1e6de),
        (0x1e6e0, 0x1e6f5),
        (0x1e6fe, 0x1e6ff),
        (0x1e7e0, 0x1e7e6),
        (0x1e7e8, 0x1e7eb),
        (0x1e7ed, 0x1e7ee),
        (0x1e7f0, 0x1e7fe),
        (0x1e800, 0x1e8c4),
        (0x1e8d0, 0x1e8d6),
        (0x1e900, 0x1e94b),
        (0x1e950, 0x1e959),
        (0x1ee00, 0x1ee03),
        (0x1ee05, 0x1ee1f),
        (0x1ee21, 0x1ee22),
        (0x1ee24, 0x1ee24),
        (0x1ee27, 0x1ee27),
        (0x1ee29, 0x1ee32),
        (0x1ee34, 0x1ee37),
        (0x1ee39, 0x1ee39),
        (0x1ee3b, 0x1ee3b),
        (0x1ee42, 0x1ee42),
        (0x1ee47, 0x1ee47),
        (0x1ee49, 0x1ee49),
        (0x1ee4b, 0x1ee4b),
        (0x1ee4d, 0x1ee4f),
        (0x1ee51, 0x1ee52),
        (0x1ee54, 0x1ee54),
        (0x1ee57, 0x1ee57),
        (0x1ee59, 0x1ee59),
        (0x1ee5b, 0x1ee5b),
        (0x1ee5d, 0x1ee5d),
        (0x1ee5f, 0x1ee5f),
        (0x1ee61, 0x1ee62),
        (0x1ee64, 0x1ee64),
        (0x1ee67, 0x1ee6a),
        (0x1ee6c, 0x1ee72),
        (0x1ee74, 0x1ee77),
        (0x1ee79, 0x1ee7c),
        (0x1ee7e, 0x1ee7e),
        (0x1ee80, 0x1ee89),
        (0x1ee8b, 0x1ee9b),
        (0x1eea1, 0x1eea3),
        (0x1eea5, 0x1eea9),
        (0x1eeab, 0x1eebb),
        (0x1fbf0, 0x1fbf9),
        (0x20000, 0x2a6df),
        (0x2a700, 0x2b81d),
        (0x2b820, 0x2cead),
        (0x2ceb0, 0x2ebe0),
        (0x2ebf0, 0x2ee5d),
        (0x2f800, 0x2fa1d),
        (0x30000, 0x3134a),
        (0x31350, 0x33479),
        (0xe0100, 0xe01ef),
    ],
    &[
        (0x41, 0x5a),
        (0x61, 0x7a),
        (0xaa, 0xaa),
        (0xb5, 0xb5),
        (0xba, 0xba),
        (0xc0, 0xd6),
        (0xd8, 0xf6),
        (0xf8, 0x2c1),
        (0x2c6, 0x2d1),
        (0x2e0, 0x2e4),
        (0x2ec, 0x2ec),
        (0x2ee, 0x2ee),
        (0x370, 0x374),
        (0x376, 0x377),
        (0x37b, 0x37d),
        (0x37f, 0x37f),
        (0x386, 0x386),
        (0x388, 0x38a),
        (0x38c, 0x38c),
        (0x38e, 0x3a1),
        (0x3a3, 0x3f5),
        (0x3f7, 0x481),
        (0x48a, 0x52f),
        (0x531, 0x556),
        (0x559, 0x559),
        (0x560, 0x588),
        (0x5d0, 0x5ea),
        (0x5ef, 0x5f2),
        (0x620, 0x64a),
        (0x66e, 0x66f),
        (0x671, 0x6d3),
        (0x6d5, 0x6d5),
        (0x6e5, 0x6e6),
        (0x6ee, 0x6ef),
        (0x6fa, 0x6fc),
        (0x6ff, 0x6ff),
        (0x710, 0x710),
        (0x712, 0x72f),
        (0x74d, 0x7a5),
        (0x7b1, 0x7b1),
        (0x7ca, 0x7ea),
        (0x7f4, 0x7f5),
        (0x7fa, 0x7fa),
        (0x800, 0x815),
        (0x81a, 0x81a),
        (0x824, 0x824),
        (0x828, 0x828),
        (0x840, 0x858),
        (0x860, 0x86a),
        (0x870, 0x887),
        (0x889, 0x88f),
        (0x8a0, 0x8c9),
        (0x904, 0x939),
        (0x93d, 0x93d),
        (0x950, 0x950),
        (0x958, 0x961),
        (0x971, 0x980),
        (0x985, 0x98c),
        (0x98f, 0x990),
        (0x993, 0x9a8),
        (0x9aa, 0x9b0),
        (0x9b2, 0x9b2),
        (0x9b6, 0x9b9),
        (0x9bd, 0x9bd),
        (0x9ce, 0x9ce),
        (0x9dc, 0x9dd),
        (0x9df, 0x9e1),
        (0x9f0, 0x9f1),
        (0x9fc, 0x9fc),
        (0xa05, 0xa0a),
        (0xa0f, 0xa10),
        (0xa13, 0xa28),
        (0xa2a, 0xa30),
        (0xa32, 0xa33),
        (0xa35, 0xa36),
        (0xa38, 0xa39),
        (0xa59, 0xa5c),
        (0xa5e, 0xa5e),
        (0xa72, 0xa74),
        (0xa85, 0xa8d),
        (0xa8f, 0xa91),
        (0xa93, 0xaa8),
        (0xaaa, 0xab0),
        (0xab2, 0xab3),
        (0xab5, 0xab9),
        (0xabd, 0xabd),
        (0xad0, 0xad0),
        (0xae0, 0xae1),
        (0xaf9, 0xaf9),
        (0xb05, 0xb0c),
        (0xb0f, 0xb10),
        (0xb13, 0xb28),
        (0xb2a, 0xb30),
        (0xb32, 0xb33),
        (0xb35, 0xb39),
        (0xb3d, 0xb3d),
        (0xb5c, 0xb5d),
        (0xb5f, 0xb61),
        (0xb71, 0xb71),
        (0xb83, 0xb83),
        (0xb85, 0xb8a),
        (0xb8e, 0xb90),
        (0xb92, 0xb95),
        (0xb99, 0xb9a),
        (0xb9c, 0xb9c),
        (0xb9e, 0xb9f),
        (0xba3, 0xba4),
        (0xba8, 0xbaa),
        (0xbae, 0xbb9),
        (0xbd0, 0xbd0),
        (0xc05, 0xc0c),
        (0xc0e, 0xc10),
        (0xc12, 0xc28),
        (0xc2a, 0xc39),
        (0xc3d, 0xc3d),
        (0xc58, 0xc5a),
        (0xc5c, 0xc5d),
        (0xc60, 0xc61),
        (0xc80, 0xc80),
        (0xc85, 0xc8c),
        (0xc8e, 0xc90),
        (0xc92, 0xca8),
        (0xcaa, 0xcb3),
        (0xcb5, 0xcb9),
        (0xcbd, 0xcbd),
        (0xcdc, 0xcde),
        (0xce0, 0xce1),
        (0xcf1, 0xcf2),
        (0xd04, 0xd0c),
        (0xd0e, 0xd10),
        (0xd12, 0xd3a),
        (0xd3d, 0xd3d),
        (0xd4e, 0xd4e),
        (0xd54, 0xd56),
        (0xd5f, 0xd61),
        (0xd7a, 0xd7f),
        (0xd85, 0xd96),
        (0xd9a, 0xdb1),
        (0xdb3, 0xdbb),
        (0xdbd, 0xdbd),
        (0xdc0, 0xdc6),
        (0xe01, 0xe30),
        (0xe32, 0xe32),
        (0xe40, 0xe46),
        (0xe81, 0xe82),
        (0xe84, 0xe84),
        (0xe86, 0xe8a),
        (0xe8c, 0xea3),
        (0xea5, 0xea5),
        (0xea7, 0xeb0),
        (0xeb2, 0xeb2),
        (0xebd, 0xebd),
        (0xec0, 0xec4),
        (0xec6, 0xec6),
        (0xedc, 0xedf),
        (0xf00, 0xf00),
        (0xf40, 0xf47),
        (0xf49, 0xf6c),
        (0xf88, 0xf8c),
        (0x1000, 0x102a),
        (0x103f, 0x103f),
        (0x1050, 0x1055),
        (0x105a, 0x105d),
        (0x1061, 0x1061),
        (0x1065, 0x1066),
        (0x106e, 0x1070),
        (0x1075, 0x1081),
        (0x108e, 0x108e),
        (0x10a0, 0x10c5),
        (0x10c7, 0x10c7),
        (0x10cd, 0x10cd),
        (0x10d0, 0x10fa),
        (0x10fc, 0x1248),
        (0x124a, 0x124d),
        (0x1250, 0x1256),
        (0x1258, 0x1258),
        (0x125a, 0x125d),
        (0x1260, 0x1288),
        (0x128a, 0x128d),
        (0x1290, 0x12b0),
        (0x12b2, 0x12b5),
        (0x12b8, 0x12be),
        (0x12c0, 0x12c0),
        (0x12c2, 0x12c5),
        (0x12c8, 0x12d6),
        (0x12d8, 0x1310),
        (0x1312, 0x1315),
        (0x1318, 0x135a),
        (0x1380, 0x138f),
        (0x13a0, 0x13f5),
        (0x13f8, 0x13fd),
        (0x1401, 0x166c),
        (0x166f, 0x167f),
        (0x1681, 0x169a),
        (0x16a0, 0x16ea),
        (0x16ee, 0x16f8),
        (0x1700, 0x1711),
        (0x171f, 0x1731),
        (0x1740, 0x1751),
        (0x1760, 0x176c),
        (0x176e, 0x1770),
        (0x1780, 0x17b3),
        (0x17d7, 0x17d7),
        (0x17dc, 0x17dc),
        (0x1820, 0x1878),
        (0x1880, 0x18a8),
        (0x18aa, 0x18aa),
        (0x18b0, 0x18f5),
        (0x1900, 0x191e),
        (0x1950, 0x196d),
        (0x1970, 0x1974),
        (0x1980, 0x19ab),
        (0x19b0, 0x19c9),
        (0x1a00, 0x1a16),
        (0x1a20, 0x1a54),
        (0x1aa7, 0x1aa7),
        (0x1b05, 0x1b33),
        (0x1b45, 0x1b4c),
        (0x1b83, 0x1ba0),
        (0x1bae, 0x1baf),
        (0x1bba, 0x1be5),
        (0x1c00, 0x1c23),
        (0x1c4d, 0x1c4f),
        (0x1c5a, 0x1c7d),
        (0x1c80, 0x1c8a),
        (0x1c90, 0x1cba),
        (0x1cbd, 0x1cbf),
        (0x1ce9, 0x1cec),
        (0x1cee, 0x1cf3),
        (0x1cf5, 0x1cf6),
        (0x1cfa, 0x1cfa),
        (0x1d00, 0x1dbf),
        (0x1e00, 0x1f15),
        (0x1f18, 0x1f1d),
        (0x1f20, 0x1f45),
        (0x1f48, 0x1f4d),
        (0x1f50, 0x1f57),
        (0x1f59, 0x1f59),
        (0x1f5b, 0x1f5b),
        (0x1f5d, 0x1f5d),
        (0x1f5f, 0x1f7d),
        (0x1f80, 0x1fb4),
        (0x1fb6, 0x1fbc),
        (0x1fbe, 0x1fbe),
        (0x1fc2, 0x1fc4),
        (0x1fc6, 0x1fcc),
        (0x1fd0, 0x1fd3),
        (0x1fd6, 0x1fdb),
        (0x1fe0, 0x1fec),
        (0x1ff2, 0x1ff4),
        (0x1ff6, 0x1ffc),
        (0x2071, 0x2071),
        (0x207f, 0x207f),
        (0x2090, 0x209c),
        (0x2102, 0x2102),
        (0x2107, 0x2107),
        (0x210a, 0x2113),
        (0x2115, 0x2115),
        (0x2118, 0x211d),
        (0x2124, 0x2124),
        (0x2126, 0x2126),
        (0x2128, 0x2128),
        (0x212a, 0x2139),
        (0x213c, 0x213f),
        (0x2145, 0x2149),
        (0x214e, 0x214e),
        (0x2160, 0x2188),
        (0x2c00, 0x2ce4),
        (0x2ceb, 0x2cee),
        (0x2cf2, 0x2cf3),
        (0x2d00, 0x2d25),
        (0x2d27, 0x2d27),
        (0x2d2d, 0x2d2d),
        (0x2d30, 0x2d67),
        (0x2d6f, 0x2d6f),
        (0x2d80, 0x2d96),
        (0x2da0, 0x2da6),
        (0x2da8, 0x2dae),
        (0x2db0, 0x2db6),
        (0x2db8, 0x2dbe),
        (0x2dc0, 0x2dc6),
        (0x2dc8, 0x2dce),
        (0x2dd0, 0x2dd6),
        (0x2dd8, 0x2dde),
        (0x3005, 0x3007),
        (0x3021, 0x3029),
        (0x3031, 0x3035),
        (0x3038, 0x303c),
        (0x3041, 0x3096),
        (0x309d, 0x309f),
        (0x30a1, 0x30fa),
        (0x30fc, 0x30ff),
        (0x3105, 0x312f),
        (0x3131, 0x318e),
        (0x31a0, 0x31bf),
        (0x31f0, 0x31ff),
        (0x3400, 0x4dbf),
        (0x4e00, 0xa48c),
        (0xa4d0, 0xa4fd),
        (0xa500, 0xa60c),
        (0xa610, 0xa61f),
        (0xa62a, 0xa62b),
        (0xa640, 0xa66e),
        (0xa67f, 0xa69d),
        (0xa6a0, 0xa6ef),
        (0xa717, 0xa71f),
        (0xa722, 0xa788),
        (0xa78b, 0xa7dc),
        (0xa7f1, 0xa801),
        (0xa803, 0xa805),
        (0xa807, 0xa80a),
        (0xa80c, 0xa822),
        (0xa840, 0xa873),
        (0xa882, 0xa8b3),
        (0xa8f2, 0xa8f7),
        (0xa8fb, 0xa8fb),
        (0xa8fd, 0xa8fe),
        (0xa90a, 0xa925),
        (0xa930, 0xa946),
        (0xa960, 0xa97c),
        (0xa984, 0xa9b2),
        (0xa9cf, 0xa9cf),
        (0xa9e0, 0xa9e4),
        (0xa9e6, 0xa9ef),
        (0xa9fa, 0xa9fe),
        (0xaa00, 0xaa28),
        (0xaa40, 0xaa42),
        (0xaa44, 0xaa4b),
        (0xaa60, 0xaa76),
        (0xaa7a, 0xaa7a),
        (0xaa7e, 0xaaaf),
        (0xaab1, 0xaab1),
        (0xaab5, 0xaab6),
        (0xaab9, 0xaabd),
        (0xaac0, 0xaac0),
        (0xaac2, 0xaac2),
        (0xaadb, 0xaadd),
        (0xaae0, 0xaaea),
        (0xaaf2, 0xaaf4),
        (0xab01, 0xab06),
        (0xab09, 0xab0e),
        (0xab11, 0xab16),
        (0xab20, 0xab26),
        (0xab28, 0xab2e),
        (0xab30, 0xab5a),
        (0xab5c, 0xab69),
        (0xab70, 0xabe2),
        (0xac00, 0xd7a3),
        (0xd7b0, 0xd7c6),
        (0xd7cb, 0xd7fb),
        (0xf900, 0xfa6d),
        (0xfa70, 0xfad9),
        (0xfb00, 0xfb06),
        (0xfb13, 0xfb17),
        (0xfb1d, 0xfb1d),
        (0xfb1f, 0xfb28),
        (0xfb2a, 0xfb36),
        (0xfb38, 0xfb3c),
        (0xfb3e, 0xfb3e),
        (0xfb40, 0xfb41),
        (0xfb43, 0xfb44),
        (0xfb46, 0xfbb1),
        (0xfbd3, 0xfc5d),
        (0xfc64, 0xfd3d),
        (0xfd50, 0xfd8f),
        (0xfd92, 0xfdc7),
        (0xfdf0, 0xfdf9),
        (0xfe71, 0xfe71),
        (0xfe73, 0xfe73),
        (0xfe77, 0xfe77),
        (0xfe79, 0xfe79),
        (0xfe7b, 0xfe7b),
        (0xfe7d, 0xfe7d),
        (0xfe7f, 0xfefc),
        (0xff21, 0xff3a),
        (0xff41, 0xff5a),
        (0xff66, 0xff9d),
        (0xffa0, 0xffbe),
        (0xffc2, 0xffc7),
        (0xffca, 0xffcf),
        (0xffd2, 0xffd7),
        (0xffda, 0xffdc),
        (0x10000, 0x1000b),
        (0x1000d, 0x10026),
        (0x10028, 0x1003a),
        (0x1003c, 0x1003d),
        (0x1003f, 0x1004d),
        (0x10050, 0x1005d),
        (0x10080, 0x100fa),
        (0x10140, 0x10174),
        (0x10280, 0x1029c),
        (0x102a0, 0x102d0),
        (0x10300, 0x1031f),
        (0x1032d, 0x1034a),
        (0x10350, 0x10375),
        (0x10380, 0x1039d),
        (0x103a0, 0x103c3),
        (0x103c8, 0x103cf),
        (0x103d1, 0x103d5),
        (0x10400, 0x1049d),
        (0x104b0, 0x104d3),
        (0x104d8, 0x104fb),
        (0x10500, 0x10527),
        (0x10530, 0x10563),
        (0x10570, 0x1057a),
        (0x1057c, 0x1058a),
        (0x1058c, 0x10592),
        (0x10594, 0x10595),
        (0x10597, 0x105a1),
        (0x105a3, 0x105b1),
        (0x105b3, 0x105b9),
        (0x105bb, 0x105bc),
        (0x105c0, 0x105f3),
        (0x10600, 0x10736),
        (0x10740, 0x10755),
        (0x10760, 0x10767),
        (0x10780, 0x10785),
        (0x10787, 0x107b0),
        (0x107b2, 0x107ba),
        (0x10800, 0x10805),
        (0x10808, 0x10808),
        (0x1080a, 0x10835),
        (0x10837, 0x10838),
        (0x1083c, 0x1083c),
        (0x1083f, 0x10855),
        (0x10860, 0x10876),
        (0x10880, 0x1089e),
        (0x108e0, 0x108f2),
        (0x108f4, 0x108f5),
        (0x10900, 0x10915),
        (0x10920, 0x10939),
        (0x10940, 0x10959),
        (0x10980, 0x109b7),
        (0x109be, 0x109bf),
        (0x10a00, 0x10a00),
        (0x10a10, 0x10a13),
        (0x10a15, 0x10a17),
        (0x10a19, 0x10a35),
        (0x10a60, 0x10a7c),
        (0x10a80, 0x10a9c),
        (0x10ac0, 0x10ac7),
        (0x10ac9, 0x10ae4),
        (0x10b00, 0x10b35),
        (0x10b40, 0x10b55),
        (0x10b60, 0x10b72),
        (0x10b80, 0x10b91),
        (0x10c00, 0x10c48),
        (0x10c80, 0x10cb2),
        (0x10cc0, 0x10cf2),
        (0x10d00, 0x10d23),
        (0x10d4a, 0x10d65),
        (0x10d6f, 0x10d85),
        (0x10e80, 0x10ea9),
        (0x10eb0, 0x10eb1),
        (0x10ec2, 0x10ec7),
        (0x10f00, 0x10f1c),
        (0x10f27, 0x10f27),
        (0x10f30, 0x10f45),
        (0x10f70, 0x10f81),
        (0x10fb0, 0x10fc4),
        (0x10fe0, 0x10ff6),
        (0x11003, 0x11037),
        (0x11071, 0x11072),
        (0x11075, 0x11075),
        (0x11083, 0x110af),
        (0x110d0, 0x110e8),
        (0x11103, 0x11126),
        (0x11144, 0x11144),
        (0x11147, 0x11147),
        (0x11150, 0x11172),
        (0x11176, 0x11176),
        (0x11183, 0x111b2),
        (0x111c1, 0x111c4),
        (0x111da, 0x111da),
        (0x111dc, 0x111dc),
        (0x11200, 0x11211),
        (0x11213, 0x1122b),
        (0x1123f, 0x11240),
        (0x11280, 0x11286),
        (0x11288, 0x11288),
        (0x1128a, 0x1128d),
        (0x1128f, 0x1129d),
        (0x1129f, 0x112a8),
        (0x112b0, 0x112de),
        (0x11305, 0x1130c),
        (0x1130f, 0x11310),
        (0x11313, 0x11328),
        (0x1132a, 0x11330),
        (0x11332, 0x11333),
        (0x11335, 0x11339),
        (0x1133d, 0x1133d),
        (0x11350, 0x11350),
        (0x1135d, 0x11361),
        (0x11380, 0x11389),
        (0x1138b, 0x1138b),
        (0x1138e, 0x1138e),
        (0x11390, 0x113b5),
        (0x113b7, 0x113b7),
        (0x113d1, 0x113d1),
        (0x113d3, 0x113d3),
        (0x11400, 0x11434),
        (0x11447, 0x1144a),
        (0x1145f, 0x11461),
        (0x11480, 0x114af),
        (0x114c4, 0x114c5),
        (0x114c7, 0x114c7),
        (0x11580, 0x115ae),
        (0x115d8, 0x115db),
        (0x11600, 0x1162f),
        (0x11644, 0x11644),
        (0x11680, 0x116aa),
        (0x116b8, 0x116b8),
        (0x11700, 0x1171a),
        (0x11740, 0x11746),
        (0x11800, 0x1182b),
        (0x118a0, 0x118df),
        (0x118ff, 0x11906),
        (0x11909, 0x11909),
        (0x1190c, 0x11913),
        (0x11915, 0x11916),
        (0x11918, 0x1192f),
        (0x1193f, 0x1193f),
        (0x11941, 0x11941),
        (0x119a0, 0x119a7),
        (0x119aa, 0x119d0),
        (0x119e1, 0x119e1),
        (0x119e3, 0x119e3),
        (0x11a00, 0x11a00),
        (0x11a0b, 0x11a32),
        (0x11a3a, 0x11a3a),
        (0x11a50, 0x11a50),
        (0x11a5c, 0x11a89),
        (0x11a9d, 0x11a9d),
        (0x11ab0, 0x11af8),
        (0x11bc0, 0x11be0),
        (0x11c00, 0x11c08),
        (0x11c0a, 0x11c2e),
        (0x11c40, 0x11c40),
        (0x11c72, 0x11c8f),
        (0x11d00, 0x11d06),
        (0x11d08, 0x11d09),
        (0x11d0b, 0x11d30),
        (0x11d46, 0x11d46),
        (0x11d60, 0x11d65),
        (0x11d67, 0x11d68),
        (0x11d6a, 0x11d89),
        (0x11d98, 0x11d98),
        (0x11db0, 0x11ddb),
        (0x11ee0, 0x11ef2),
        (0x11f02, 0x11f02),
        (0x11f04, 0x11f10),
        (0x11f12, 0x11f33),
        (0x11fb0, 0x11fb0),
        (0x12000, 0x12399),
        (0x12400, 0x1246e),
        (0x12480, 0x12543),
        (0x12f90, 0x12ff0),
        (0x13000, 0x1342f),
        (0x13441, 0x13446),
        (0x13460, 0x143fa),
        (0x14400, 0x14646),
        (0x16100, 0x1611d),
        (0x16800, 0x16a38),
        (0x16a40, 0x16a5e),
        (0x16a70, 0x16abe),
        (0x16ad0, 0x16aed),
        (0x16b00, 0x16b2f),
        (0x16b40, 0x16b43),
        (0x16b63, 0x16b77),
        (0x16b7d, 0x16b8f),
        (0x16d40, 0x16d6c),
        (0x16e40, 0x16e7f),
        (0x16ea0, 0x16eb8),
        (0x16ebb, 0x16ed3),
        (0x16f00, 0x16f4a),
        (0x16f50, 0x16f50),
        (0x16f93, 0x16f9f),
        (0x16fe0, 0x16fe1),
        (0x16fe3, 0x16fe3),
        (0x16ff2, 0x16ff6),
        (0x17000, 0x18cd5),
        (0x18cff, 0x18d1e),
        (0x18d80, 0x18df2),
        (0x1aff0, 0x1aff3),
        (0x1aff5, 0x1affb),
        (0x1affd, 0x1affe),
        (0x1b000, 0x1b122),
        (0x1b132, 0x1b132),
        (0x1b150, 0x1b152),
        (0x1b155, 0x1b155),
        (0x1b164, 0x1b167),
        (0x1b170, 0x1b2fb),
        (0x1bc00, 0x1bc6a),
        (0x1bc70, 0x1bc7c),
        (0x1bc80, 0x1bc88),
        (0x1bc90, 0x1bc99),
        (0x1d400, 0x1d454),
        (0x1d456, 0x1d49c),
        (0x1d49e, 0x1d49f),
        (0x1d4a2, 0x1d4a2),
        (0x1d4a5, 0x1d4a6),
        (0x1d4a9, 0x1d4ac),
        (0x1d4ae, 0x1d4b9),
        (0x1d4bb, 0x1d4bb),
        (0x1d4bd, 0x1d4c3),
        (0x1d4c5, 0x1d505),
        (0x1d507, 0x1d50a),
        (0x1d50d, 0x1d514),
        (0x1d516, 0x1d51c),
        (0x1d51e, 0x1d539),
        (0x1d53b, 0x1d53e),
        (0x1d540, 0x1d544),
        (0x1d546, 0x1d546),
        (0x1d54a, 0x1d550),
        (0x1d552, 0x1d6a5),
        (0x1d6a8, 0x1d6c0),
        (0x1d6c2, 0x1d6da),
        (0x1d6dc, 0x1d6fa),
        (0x1d6fc, 0x1d714),
        (0x1d716, 0x1d734),
        (0x1d736, 0x1d74e),
        (0x1d750, 0x1d76e),
        (0x1d770, 0x1d788),
        (0x1d78a, 0x1d7a8),
        (0x1d7aa, 0x1d7c2),
        (0x1d7c4, 0x1d7cb),
        (0x1df00, 0x1df1e),
        (0x1df25, 0x1df2a),
        (0x1e030, 0x1e06d),
        (0x1e100, 0x1e12c),
        (0x1e137, 0x1e13d),
        (0x1e14e, 0x1e14e),
        (0x1e290, 0x1e2ad),
        (0x1e2c0, 0x1e2eb),
        (0x1e4d0, 0x1e4eb),
        (0x1e5d0, 0x1e5ed),
        (0x1e5f0, 0x1e5f0),
        (0x1e6c0, 0x1e6de),
        (0x1e6e0, 0x1e6e2),
        (0x1e6e4, 0x1e6e5),
        (0x1e6e7, 0x1e6ed),
        (0x1e6f0, 0x1e6f4),
        (0x1e6fe, 0x1e6ff),
        (0x1e7e0, 0x1e7e6),
        (0x1e7e8, 0x1e7eb),
        (0x1e7ed, 0x1e7ee),
        (0x1e7f0, 0x1e7fe),
        (0x1e800, 0x1e8c4),
        (0x1e900, 0x1e943),
        (0x1e94b, 0x1e94b),
        (0x1ee00, 0x1ee03),
        (0x1ee05, 0x1ee1f),
        (0x1ee21, 0x1ee22),
        (0x1ee24, 0x1ee24),
        (0x1ee27, 0x1ee27),
        (0x1ee29, 0x1ee32),
        (0x1ee34, 0x1ee37),
        (0x1ee39, 0x1ee39),
        (0x1ee3b, 0x1ee3b),
        (0x1ee42, 0x1ee42),
        (0x1ee47, 0x1ee47),
        (0x1ee49, 0x1ee49),
        (0x1ee4b, 0x1ee4b),
        (0x1ee4d, 0x1ee4f),
        (0x1ee51, 0x1ee52),
        (0x1ee54, 0x1ee54),
        (0x1ee57, 0x1ee57),
        (0x1ee59, 0x1ee59),
        (0x1ee5b, 0x1ee5b),
        (0x1ee5d, 0x1ee5d),
        (0x1ee5f, 0x1ee5f),
        (0x1ee61, 0x1ee62),
        (0x1ee64, 0x1ee64),
        (0x1ee67, 0x1ee6a),
        (0x1ee6c, 0x1ee72),
        (0x1ee74, 0x1ee77),
        (0x1ee79, 0x1ee7c),
        (0x1ee7e, 0x1ee7e),
        (0x1ee80, 0x1ee89),
        (0x1ee8b, 0x1ee9b),
        (0x1eea1, 0x1eea3),
        (0x1eea5, 0x1eea9),
        (0x1eeab, 0x1eebb),
        (0x20000, 0x2a6df),
        (0x2a700, 0x2b81d),
        (0x2b820, 0x2cead),
        (0x2ceb0, 0x2ebe0),
        (0x2ebf0, 0x2ee5d),
        (0x2f800, 0x2fa1d),
        (0x30000, 0x3134a),
        (0x31350, 0x33479),
    ],
];

pub static CASE_FOLD_MAP: &[(u32, u16)] = &[
    (0x41, 0),
    (0x42, 1),
    (0x43, 2),
    (0x44, 3),
    (0x45, 4),
    (0x46, 5),
    (0x47, 6),
    (0x48, 7),
    (0x49, 8),
    (0x4a, 9),
    (0x4b, 10),
    (0x4c, 11),
    (0x4d, 12),
    (0x4e, 13),
    (0x4f, 14),
    (0x50, 15),
    (0x51, 16),
    (0x52, 17),
    (0x53, 18),
    (0x54, 19),
    (0x55, 20),
    (0x56, 21),
    (0x57, 22),
    (0x58, 23),
    (0x59, 24),
    (0x5a, 25),
    (0x61, 0),
    (0x62, 1),
    (0x63, 2),
    (0x64, 3),
    (0x65, 4),
    (0x66, 5),
    (0x67, 6),
    (0x68, 7),
    (0x69, 8),
    (0x6a, 9),
    (0x6b, 10),
    (0x6c, 11),
    (0x6d, 12),
    (0x6e, 13),
    (0x6f, 14),
    (0x70, 15),
    (0x71, 16),
    (0x72, 17),
    (0x73, 18),
    (0x74, 19),
    (0x75, 20),
    (0x76, 21),
    (0x77, 22),
    (0x78, 23),
    (0x79, 24),
    (0x7a, 25),
    (0xb5, 263),
    (0xc0, 27),
    (0xc1, 28),
    (0xc2, 29),
    (0xc3, 30),
    (0xc4, 31),
    (0xc5, 32),
    (0xc6, 33),
    (0xc7, 34),
    (0xc8, 35),
    (0xc9, 36),
    (0xca, 37),
    (0xcb, 38),
    (0xcc, 39),
    (0xcd, 40),
    (0xce, 41),
    (0xcf, 42),
    (0xd0, 43),
    (0xd1, 44),
    (0xd2, 45),
    (0xd3, 46),
    (0xd4, 47),
    (0xd5, 48),
    (0xd6, 49),
    (0xd8, 50),
    (0xd9, 51),
    (0xda, 52),
    (0xdb, 53),
    (0xdc, 54),
    (0xdd, 55),
    (0xde, 56),
    (0xdf, 26),
    (0xe0, 27),
    (0xe1, 28),
    (0xe2, 29),
    (0xe3, 30),
    (0xe4, 31),
    (0xe5, 32),
    (0xe6, 33),
    (0xe7, 34),
    (0xe8, 35),
    (0xe9, 36),
    (0xea, 37),
    (0xeb, 38),
    (0xec, 39),
    (0xed, 40),
    (0xee, 41),
    (0xef, 42),
    (0xf0, 43),
    (0xf1, 44),
    (0xf2, 45),
    (0xf3, 46),
    (0xf4, 47),
    (0xf5, 48),
    (0xf6, 49),
    (0xf8, 50),
    (0xf9, 51),
    (0xfa, 52),
    (0xfb, 53),
    (0xfc, 54),
    (0xfd, 55),
    (0xfe, 56),
    (0xff, 57),
    (0x100, 58),
    (0x101, 58),
    (0x102, 59),
    (0x103, 59),
    (0x104, 60),
    (0x105, 60),
    (0x106, 61),
    (0x107, 61),
    (0x108, 62),
    (0x109, 62),
    (0x10a, 63),
    (0x10b, 63),
    (0x10c, 64),
    (0x10d, 64),
    (0x10e, 65),
    (0x10f, 65),
    (0x110, 66),
    (0x111, 66),
    (0x112, 67),
    (0x113, 67),
    (0x114, 68),
    (0x115, 68),
    (0x116, 69),
    (0x117, 69),
    (0x118, 70),
    (0x119, 70),
    (0x11a, 71),
    (0x11b, 71),
    (0x11c, 72),
    (0x11d, 72),
    (0x11e, 73),
    (0x11f, 73),
    (0x120, 74),
    (0x121, 74),
    (0x122, 75),
    (0x123, 75),
    (0x124, 76),
    (0x125, 76),
    (0x126, 77),
    (0x127, 77),
    (0x128, 78),
    (0x129, 78),
    (0x12a, 79),
    (0x12b, 79),
    (0x12c, 80),
    (0x12d, 80),
    (0x12e, 81),
    (0x12f, 81),
    (0x132, 82),
    (0x133, 82),
    (0x134, 83),
    (0x135, 83),
    (0x136, 84),
    (0x137, 84),
    (0x139, 85),
    (0x13a, 85),
    (0x13b, 86),
    (0x13c, 86),
    (0x13d, 87),
    (0x13e, 87),
    (0x13f, 88),
    (0x140, 88),
    (0x141, 89),
    (0x142, 89),
    (0x143, 90),
    (0x144, 90),
    (0x145, 91),
    (0x146, 91),
    (0x147, 92),
    (0x148, 92),
    (0x14a, 93),
    (0x14b, 93),
    (0x14c, 94),
    (0x14d, 94),
    (0x14e, 95),
    (0x14f, 95),
    (0x150, 96),
    (0x151, 96),
    (0x152, 97),
    (0x153, 97),
    (0x154, 98),
    (0x155, 98),
    (0x156, 99),
    (0x157, 99),
    (0x158, 100),
    (0x159, 100),
    (0x15a, 101),
    (0x15b, 101),
    (0x15c, 102),
    (0x15d, 102),
    (0x15e, 103),
    (0x15f, 103),
    (0x160, 104),
    (0x161, 104),
    (0x162, 105),
    (0x163, 105),
    (0x164, 106),
    (0x165, 106),
    (0x166, 107),
    (0x167, 107),
    (0x168, 108),
    (0x169, 108),
    (0x16a, 109),
    (0x16b, 109),
    (0x16c, 110),
    (0x16d, 110),
    (0x16e, 111),
    (0x16f, 111),
    (0x170, 112),
    (0x171, 112),
    (0x172, 113),
    (0x173, 113),
    (0x174, 114),
    (0x175, 114),
    (0x176, 115),
    (0x177, 115),
    (0x178, 57),
    (0x179, 116),
    (0x17a, 116),
    (0x17b, 117),
    (0x17c, 117),
    (0x17d, 118),
    (0x17e, 118),
    (0x17f, 18),
    (0x180, 119),
    (0x181, 205),
    (0x182, 120),
    (0x183, 120),
    (0x184, 121),
    (0x185, 121),
    (0x186, 206),
    (0x187, 122),
    (0x188, 122),
    (0x189, 207),
    (0x18a, 208),
    (0x18b, 123),
    (0x18c, 123),
    (0x18e, 152),
    (0x18f, 209),
    (0x190, 210),
    (0x191, 124),
    (0x192, 124),
    (0x193, 212),
    (0x194, 214),
    (0x195, 125),
    (0x196, 219),
    (0x197, 218),
    (0x198, 126),
    (0x199, 126),
    (0x19a, 127),
    (0x19b, 128),
    (0x19c, 223),
    (0x19d, 225),
    (0x19e, 129),
    (0x19f, 226),
    (0x1a0, 130),
    (0x1a1, 130),
    (0x1a2, 131),
    (0x1a3, 131),
    (0x1a4, 132),
    (0x1a5, 132),
    (0x1a6, 228),
    (0x1a7, 133),
    (0x1a8, 133),
    (0x1a9, 230),
    (0x1ac, 134),
    (0x1ad, 134),
    (0x1ae, 232),
    (0x1af, 135),
    (0x1b0, 135),
    (0x1b1, 234),
    (0x1b2, 235),
    (0x1b3, 136),
    (0x1b4, 136),
    (0x1b5, 137),
    (0x1b6, 137),
    (0x1b7, 237),
    (0x1b8, 138),
    (0x1b9, 138),
    (0x1bc, 139),
    (0x1bd, 139),
    (0x1bf, 140),
    (0x1c4, 141),
    (0x1c5, 141),
    (0x1c6, 141),
    (0x1c7, 142),
    (0x1c8, 142),
    (0x1c9, 142),
    (0x1ca, 143),
    (0x1cb, 143),
    (0x1cc, 143),
    (0x1cd, 144),
    (0x1ce, 144),
    (0x1cf, 145),
    (0x1d0, 145),
    (0x1d1, 146),
    (0x1d2, 146),
    (0x1d3, 147),
    (0x1d4, 147),
    (0x1d5, 148),
    (0x1d6, 148),
    (0x1d7, 149),
    (0x1d8, 149),
    (0x1d9, 150),
    (0x1da, 150),
    (0x1db, 151),
    (0x1dc, 151),
    (0x1dd, 152),
    (0x1de, 153),
    (0x1df, 153),
    (0x1e0, 154),
    (0x1e1, 154),
    (0x1e2, 155),
    (0x1e3, 155),
    (0x1e4, 156),
    (0x1e5, 156),
    (0x1e6, 157),
    (0x1e7, 157),
    (0x1e8, 158),
    (0x1e9, 158),
    (0x1ea, 159),
    (0x1eb, 159),
    (0x1ec, 160),
    (0x1ed, 160),
    (0x1ee, 161),
    (0x1ef, 161),
    (0x1f1, 162),
    (0x1f2, 162),
    (0x1f3, 162),
    (0x1f4, 163),
    (0x1f5, 163),
    (0x1f6, 125),
    (0x1f7, 140),
    (0x1f8, 164),
    (0x1f9, 164),
    (0x1fa, 165),
    (0x1fb, 165),
    (0x1fc, 166),
    (0x1fd, 166),
    (0x1fe, 167),
    (0x1ff, 167),
    (0x200, 168),
    (0x201, 168),
    (0x202, 169),
    (0x203, 169),
    (0x204, 170),
    (0x205, 170),
    (0x206, 171),
    (0x207, 171),
    (0x208, 172),
    (0x209, 172),
    (0x20a, 173),
    (0x20b, 173),
    (0x20c, 174),
    (0x20d, 174),
    (0x20e, 175),
    (0x20f, 175),
    (0x210, 176),
    (0x211, 176),
    (0x212, 177),
    (0x213, 177),
    (0x214, 178),
    (0x215, 178),
    (0x216, 179),
    (0x217, 179),
    (0x218, 180),
    (0x219, 180),
    (0x21a, 181),
    (0x21b, 181),
    (0x21c, 182),
    (0x21d, 182),
    (0x21e, 183),
    (0x21f, 183),
    (0x220, 129),
    (0x222, 184),
    (0x223, 184),
    (0x224, 185),
    (0x225, 185),
    (0x226, 186),
    (0x227, 186),
    (0x228, 187),
    (0x229, 187),
    (0x22a, 188),
    (0x22b, 188),
    (0x22c, 189),
    (0x22d, 189),
    (0x22e, 190),
    (0x22f, 190),
    (0x230, 191),
    (0x231, 191),
    (0x232, 192),
    (0x233, 192),
    (0x23a, 932),
    (0x23b, 193),
    (0x23c, 193),
    (0x23d, 127),
    (0x23e, 933),
    (0x23f, 194),
    (0x240, 195),
    (0x241, 196),
    (0x242, 196),
    (0x243, 119),
    (0x244, 233),
    (0x245, 236),
    (0x246, 197),
    (0x247, 197),
    (0x248, 198),
    (0x249, 198),
    (0x24a, 199),
    (0x24b, 199),
    (0x24c, 200),
    (0x24d, 200),
    (0x24e, 201),
    (0x24f, 201),
    (0x250, 202),
    (0x251, 203),
    (0x252, 204),
    (0x253, 205),
    (0x254, 206),
    (0x256, 207),
    (0x257, 208),
    (0x259, 209),
    (0x25b, 210),
    (0x25c, 211),
    (0x260, 212),
    (0x261, 213),
    (0x263, 214),
    (0x264, 215),
    (0x265, 216),
    (0x266, 217),
    (0x268, 218),
    (0x269, 219),
    (0x26a, 220),
    (0x26b, 221),
    (0x26c, 222),
    (0x26f, 223),
    (0x271, 224),
    (0x272, 225),
    (0x275, 226),
    (0x27d, 227),
    (0x280, 228),
    (0x282, 229),
    (0x283, 230),
    (0x287, 231),
    (0x288, 232),
    (0x289, 233),
    (0x28a, 234),
    (0x28b, 235),
    (0x28c, 236),
    (0x292, 237),
    (0x29d, 238),
    (0x29e, 239),
    (0x345, 260),
    (0x370, 240),
    (0x371, 240),
    (0x372, 241),
    (0x373, 241),
    (0x376, 242),
    (0x377, 242),
    (0x37b, 243),
    (0x37c, 244),
    (0x37d, 245),
    (0x37f, 295),
    (0x386, 247),
    (0x388, 248),
    (0x389, 249),
    (0x38a, 250),
    (0x38c, 278),
    (0x38e, 279),
    (0x38f, 280),
    (0x390, 246),
    (0x391, 252),
    (0x392, 253),
    (0x393, 254),
    (0x394, 255),
    (0x395, 256),
    (0x396, 257),
    (0x397, 258),
    (0x398, 259),
    (0x399, 260),
    (0x39a, 261),
    (0x39b, 262),
    (0x39c, 263),
    (0x39d, 264),
    (0x39e, 265),
    (0x39f, 266),
    (0x3a0, 267),
    (0x3a1, 268),
    (0x3a3, 269),
    (0x3a4, 270),
    (0x3a5, 271),
    (0x3a6, 272),
    (0x3a7, 273),
    (0x3a8, 274),
    (0x3a9, 275),
    (0x3aa, 276),
    (0x3ab, 277),
    (0x3ac, 247),
    (0x3ad, 248),
    (0x3ae, 249),
    (0x3af, 250),
    (0x3b0, 251),
    (0x3b1, 252),
    (0x3b2, 253),
    (0x3b3, 254),
    (0x3b4, 255),
    (0x3b5, 256),
    (0x3b6, 257),
    (0x3b7, 258),
    (0x3b8, 259),
    (0x3b9, 260),
    (0x3ba, 261),
    (0x3bb, 262),
    (0x3bc, 263),
    (0x3bd, 264),
    (0x3be, 265),
    (0x3bf, 266),
    (0x3c0, 267),
    (0x3c1, 268),
    (0x3c2, 269),
    (0x3c3, 269),
    (0x3c4, 270),
    (0x3c5, 271),
    (0x3c6, 272),
    (0x3c7, 273),
    (0x3c8, 274),
    (0x3c9, 275),
    (0x3ca, 276),
    (0x3cb, 277),
    (0x3cc, 278),
    (0x3cd, 279),
    (0x3ce, 280),
    (0x3cf, 281),
    (0x3d0, 253),
    (0x3d1, 259),
    (0x3d5, 272),
    (0x3d6, 267),
    (0x3d7, 281),
    (0x3d8, 282),
    (0x3d9, 282),
    (0x3da, 283),
    (0x3db, 283),
    (0x3dc, 284),
    (0x3dd, 284),
    (0x3de, 285),
    (0x3df, 285),
    (0x3e0, 286),
    (0x3e1, 286),
    (0x3e2, 287),
    (0x3e3, 287),
    (0x3e4, 288),
    (0x3e5, 288),
    (0x3e6, 289),
    (0x3e7, 289),
    (0x3e8, 290),
    (0x3e9, 290),
    (0x3ea, 291),
    (0x3eb, 291),
    (0x3ec, 292),
    (0x3ed, 292),
    (0x3ee, 293),
    (0x3ef, 293),
    (0x3f0, 261),
    (0x3f1, 268),
    (0x3f2, 294),
    (0x3f3, 295),
    (0x3f4, 259),
    (0x3f5, 256),
    (0x3f7, 296),
    (0x3f8, 296),
    (0x3f9, 294),
    (0x3fa, 297),
    (0x3fb, 297),
    (0x3fd, 243),
    (0x3fe, 244),
    (0x3ff, 245),
    (0x400, 330),
    (0x401, 331),
    (0x402, 332),
    (0x403, 333),
    (0x404, 334),
    (0x405, 335),
    (0x406, 336),
    (0x407, 337),
    (0x408, 338),
    (0x409, 339),
    (0x40a, 340),
    (0x40b, 341),
    (0x40c, 342),
    (0x40d, 343),
    (0x40e, 344),
    (0x40f, 345),
    (0x410, 298),
    (0x411, 299),
    (0x412, 300),
    (0x413, 301),
    (0x414, 302),
    (0x415, 303),
    (0x416, 304),
    (0x417, 305),
    (0x418, 306),
    (0x419, 307),
    (0x41a, 308),
    (0x41b, 309),
    (0x41c, 310),
    (0x41d, 311),
    (0x41e, 312),
    (0x41f, 313),
    (0x420, 314),
    (0x421, 315),
    (0x422, 316),
    (0x423, 317),
    (0x424, 318),
    (0x425, 319),
    (0x426, 320),
    (0x427, 321),
    (0x428, 322),
    (0x429, 323),
    (0x42a, 324),
    (0x42b, 325),
    (0x42c, 326),
    (0x42d, 327),
    (0x42e, 328),
    (0x42f, 329),
    (0x430, 298),
    (0x431, 299),
    (0x432, 300),
    (0x433, 301),
    (0x434, 302),
    (0x435, 303),
    (0x436, 304),
    (0x437, 305),
    (0x438, 306),
    (0x439, 307),
    (0x43a, 308),
    (0x43b, 309),
    (0x43c, 310),
    (0x43d, 311),
    (0x43e, 312),
    (0x43f, 313),
    (0x440, 314),
    (0x441, 315),
    (0x442, 316),
    (0x443, 317),
    (0x444, 318),
    (0x445, 319),
    (0x446, 320),
    (0x447, 321),
    (0x448, 322),
    (0x449, 323),
    (0x44a, 324),
    (0x44b, 325),
    (0x44c, 326),
    (0x44d, 327),
    (0x44e, 328),
    (0x44f, 329),
    (0x450, 330),
    (0x451, 331),
    (0x452, 332),
    (0x453, 333),
    (0x454, 334),
    (0x455, 335),
    (0x456, 336),
    (0x457, 337),
    (0x458, 338),
    (0x459, 339),
    (0x45a, 340),
    (0x45b, 341),
    (0x45c, 342),
    (0x45d, 343),
    (0x45e, 344),
    (0x45f, 345),
    (0x460, 346),
    (0x461, 346),
    (0x462, 347),
    (0x463, 347),
    (0x464, 348),
    (0x465, 348),
    (0x466, 349),
    (0x467, 349),
    (0x468, 350),
    (0x469, 350),
    (0x46a, 351),
    (0x46b, 351),
    (0x46c, 352),
    (0x46d, 352),
    (0x46e, 353),
    (0x46f, 353),
    (0x470, 354),
    (0x471, 354),
    (0x472, 355),
    (0x473, 355),
    (0x474, 356),
    (0x475, 356),
    (0x476, 357),
    (0x477, 357),
    (0x478, 358),
    (0x479, 358),
    (0x47a, 359),
    (0x47b, 359),
    (0x47c, 360),
    (0x47d, 360),
    (0x47e, 361),
    (0x47f, 361),
    (0x480, 362),
    (0x481, 362),
    (0x48a, 363),
    (0x48b, 363),
    (0x48c, 364),
    (0x48d, 364),
    (0x48e, 365),
    (0x48f, 365),
    (0x490, 366),
    (0x491, 366),
    (0x492, 367),
    (0x493, 367),
    (0x494, 368),
    (0x495, 368),
    (0x496, 369),
    (0x497, 369),
    (0x498, 370),
    (0x499, 370),
    (0x49a, 371),
    (0x49b, 371),
    (0x49c, 372),
    (0x49d, 372),
    (0x49e, 373),
    (0x49f, 373),
    (0x4a0, 374),
    (0x4a1, 374),
    (0x4a2, 375),
    (0x4a3, 375),
    (0x4a4, 376),
    (0x4a5, 376),
    (0x4a6, 377),
    (0x4a7, 377),
    (0x4a8, 378),
    (0x4a9, 378),
    (0x4aa, 379),
    (0x4ab, 379),
    (0x4ac, 380),
    (0x4ad, 380),
    (0x4ae, 381),
    (0x4af, 381),
    (0x4b0, 382),
    (0x4b1, 382),
    (0x4b2, 383),
    (0x4b3, 383),
    (0x4b4, 384),
    (0x4b5, 384),
    (0x4b6, 385),
    (0x4b7, 385),
    (0x4b8, 386),
    (0x4b9, 386),
    (0x4ba, 387),
    (0x4bb, 387),
    (0x4bc, 388),
    (0x4bd, 388),
    (0x4be, 389),
    (0x4bf, 389),
    (0x4c0, 397),
    (0x4c1, 390),
    (0x4c2, 390),
    (0x4c3, 391),
    (0x4c4, 391),
    (0x4c5, 392),
    (0x4c6, 392),
    (0x4c7, 393),
    (0x4c8, 393),
    (0x4c9, 394),
    (0x4ca, 394),
    (0x4cb, 395),
    (0x4cc, 395),
    (0x4cd, 396),
    (0x4ce, 396),
    (0x4cf, 397),
    (0x4d0, 398),
    (0x4d1, 398),
    (0x4d2, 399),
    (0x4d3, 399),
    (0x4d4, 400),
    (0x4d5, 400),
    (0x4d6, 401),
    (0x4d7, 401),
    (0x4d8, 402),
    (0x4d9, 402),
    (0x4da, 403),
    (0x4db, 403),
    (0x4dc, 404),
    (0x4dd, 404),
    (0x4de, 405),
    (0x4df, 405),
    (0x4e0, 406),
    (0x4e1, 406),
    (0x4e2, 407),
    (0x4e3, 407),
    (0x4e4, 408),
    (0x4e5, 408),
    (0x4e6, 409),
    (0x4e7, 409),
    (0x4e8, 410),
    (0x4e9, 410),
    (0x4ea, 411),
    (0x4eb, 411),
    (0x4ec, 412),
    (0x4ed, 412),
    (0x4ee, 413),
    (0x4ef, 413),
    (0x4f0, 414),
    (0x4f1, 414),
    (0x4f2, 415),
    (0x4f3, 415),
    (0x4f4, 416),
    (0x4f5, 416),
    (0x4f6, 417),
    (0x4f7, 417),
    (0x4f8, 418),
    (0x4f9, 418),
    (0x4fa, 419),
    (0x4fb, 419),
    (0x4fc, 420),
    (0x4fd, 420),
    (0x4fe, 421),
    (0x4ff, 421),
    (0x500, 422),
    (0x501, 422),
    (0x502, 423),
    (0x503, 423),
    (0x504, 424),
    (0x505, 424),
    (0x506, 425),
    (0x507, 425),
    (0x508, 426),
    (0x509, 426),
    (0x50a, 427),
    (0x50b, 427),
    (0x50c, 428),
    (0x50d, 428),
    (0x50e, 429),
    (0x50f, 429),
    (0x510, 430),
    (0x511, 430),
    (0x512, 431),
    (0x513, 431),
    (0x514, 432),
    (0x515, 432),
    (0x516, 433),
    (0x517, 433),
    (0x518, 434),
    (0x519, 434),
    (0x51a, 435),
    (0x51b, 435),
    (0x51c, 436),
    (0x51d, 436),
    (0x51e, 437),
    (0x51f, 437),
    (0x520, 438),
    (0x521, 438),
    (0x522, 439),
    (0x523, 439),
    (0x524, 440),
    (0x525, 440),
    (0x526, 441),
    (0x527, 441),
    (0x528, 442),
    (0x529, 442),
    (0x52a, 443),
    (0x52b, 443),
    (0x52c, 444),
    (0x52d, 444),
    (0x52e, 445),
    (0x52f, 445),
    (0x531, 446),
    (0x532, 447),
    (0x533, 448),
    (0x534, 449),
    (0x535, 450),
    (0x536, 451),
    (0x537, 452),
    (0x538, 453),
    (0x539, 454),
    (0x53a, 455),
    (0x53b, 456),
    (0x53c, 457),
    (0x53d, 458),
    (0x53e, 459),
    (0x53f, 460),
    (0x540, 461),
    (0x541, 462),
    (0x542, 463),
    (0x543, 464),
    (0x544, 465),
    (0x545, 466),
    (0x546, 467),
    (0x547, 468),
    (0x548, 469),
    (0x549, 470),
    (0x54a, 471),
    (0x54b, 472),
    (0x54c, 473),
    (0x54d, 474),
    (0x54e, 475),
    (0x54f, 476),
    (0x550, 477),
    (0x551, 478),
    (0x552, 479),
    (0x553, 480),
    (0x554, 481),
    (0x555, 482),
    (0x556, 483),
    (0x561, 446),
    (0x562, 447),
    (0x563, 448),
    (0x564, 449),
    (0x565, 450),
    (0x566, 451),
    (0x567, 452),
    (0x568, 453),
    (0x569, 454),
    (0x56a, 455),
    (0x56b, 456),
    (0x56c, 457),
    (0x56d, 458),
    (0x56e, 459),
    (0x56f, 460),
    (0x570, 461),
    (0x571, 462),
    (0x572, 463),
    (0x573, 464),
    (0x574, 465),
    (0x575, 466),
    (0x576, 467),
    (0x577, 468),
    (0x578, 469),
    (0x579, 470),
    (0x57a, 471),
    (0x57b, 472),
    (0x57c, 473),
    (0x57d, 474),
    (0x57e, 475),
    (0x57f, 476),
    (0x580, 477),
    (0x581, 478),
    (0x582, 479),
    (0x583, 480),
    (0x584, 481),
    (0x585, 482),
    (0x586, 483),
    (0x10a0, 992),
    (0x10a1, 993),
    (0x10a2, 994),
    (0x10a3, 995),
    (0x10a4, 996),
    (0x10a5, 997),
    (0x10a6, 998),
    (0x10a7, 999),
    (0x10a8, 1000),
    (0x10a9, 1001),
    (0x10aa, 1002),
    (0x10ab, 1003),
    (0x10ac, 1004),
    (0x10ad, 1005),
    (0x10ae, 1006),
    (0x10af, 1007),
    (0x10b0, 1008),
    (0x10b1, 1009),
    (0x10b2, 1010),
    (0x10b3, 1011),
    (0x10b4, 1012),
    (0x10b5, 1013),
    (0x10b6, 1014),
    (0x10b7, 1015),
    (0x10b8, 1016),
    (0x10b9, 1017),
    (0x10ba, 1018),
    (0x10bb, 1019),
    (0x10bc, 1020),
    (0x10bd, 1021),
    (0x10be, 1022),
    (0x10bf, 1023),
    (0x10c0, 1024),
    (0x10c1, 1025),
    (0x10c2, 1026),
    (0x10c3, 1027),
    (0x10c4, 1028),
    (0x10c5, 1029),
    (0x10c7, 1030),
    (0x10cd, 1031),
    (0x10d0, 484),
    (0x10d1, 485),
    (0x10d2, 486),
    (0x10d3, 487),
    (0x10d4, 488),
    (0x10d5, 489),
    (0x10d6, 490),
    (0x10d7, 491),
    (0x10d8, 492),
    (0x10d9, 493),
    (0x10da, 494),
    (0x10db, 495),
    (0x10dc, 496),
    (0x10dd, 497),
    (0x10de, 498),
    (0x10df, 499),
    (0x10e0, 500),
    (0x10e1, 501),
    (0x10e2, 502),
    (0x10e3, 503),
    (0x10e4, 504),
    (0x10e5, 505),
    (0x10e6, 506),
    (0x10e7, 507),
    (0x10e8, 508),
    (0x10e9, 509),
    (0x10ea, 510),
    (0x10eb, 511),
    (0x10ec, 512),
    (0x10ed, 513),
    (0x10ee, 514),
    (0x10ef, 515),
    (0x10f0, 516),
    (0x10f1, 517),
    (0x10f2, 518),
    (0x10f3, 519),
    (0x10f4, 520),
    (0x10f5, 521),
    (0x10f6, 522),
    (0x10f7, 523),
    (0x10f8, 524),
    (0x10f9, 525),
    (0x10fa, 526),
    (0x10fd, 527),
    (0x10fe, 528),
    (0x10ff, 529),
    (0x13a0, 530),
    (0x13a1, 531),
    (0x13a2, 532),
    (0x13a3, 533),
    (0x13a4, 534),
    (0x13a5, 535),
    (0x13a6, 536),
    (0x13a7, 537),
    (0x13a8, 538),
    (0x13a9, 539),
    (0x13aa, 540),
    (0x13ab, 541),
    (0x13ac, 542),
    (0x13ad, 543),
    (0x13ae, 544),
    (0x13af, 545),
    (0x13b0, 546),
    (0x13b1, 547),
    (0x13b2, 548),
    (0x13b3, 549),
    (0x13b4, 550),
    (0x13b5, 551),
    (0x13b6, 552),
    (0x13b7, 553),
    (0x13b8, 554),
    (0x13b9, 555),
    (0x13ba, 556),
    (0x13bb, 557),
    (0x13bc, 558),
    (0x13bd, 559),
    (0x13be, 560),
    (0x13bf, 561),
    (0x13c0, 562),
    (0x13c1, 563),
    (0x13c2, 564),
    (0x13c3, 565),
    (0x13c4, 566),
    (0x13c5, 567),
    (0x13c6, 568),
    (0x13c7, 569),
    (0x13c8, 570),
    (0x13c9, 571),
    (0x13ca, 572),
    (0x13cb, 573),
    (0x13cc, 574),
    (0x13cd, 575),
    (0x13ce, 576),
    (0x13cf, 577),
    (0x13d0, 578),
    (0x13d1, 579),
    (0x13d2, 580),
    (0x13d3, 581),
    (0x13d4, 582),
    (0x13d5, 583),
    (0x13d6, 584),
    (0x13d7, 585),
    (0x13d8, 586),
    (0x13d9, 587),
    (0x13da, 588),
    (0x13db, 589),
    (0x13dc, 590),
    (0x13dd, 591),
    (0x13de, 592),
    (0x13df, 593),
    (0x13e0, 594),
    (0x13e1, 595),
    (0x13e2, 596),
    (0x13e3, 597),
    (0x13e4, 598),
    (0x13e5, 599),
    (0x13e6, 600),
    (0x13e7, 601),
    (0x13e8, 602),
    (0x13e9, 603),
    (0x13ea, 604),
    (0x13eb, 605),
    (0x13ec, 606),
    (0x13ed, 607),
    (0x13ee, 608),
    (0x13ef, 609),
    (0x13f0, 610),
    (0x13f1, 611),
    (0x13f2, 612),
    (0x13f3, 613),
    (0x13f4, 614),
    (0x13f5, 615),
    (0x13f8, 610),
    (0x13f9, 611),
    (0x13fa, 612),
    (0x13fb, 613),
    (0x13fc, 614),
    (0x13fd, 615),
    (0x1c80, 300),
    (0x1c81, 302),
    (0x1c82, 312),
    (0x1c83, 315),
    (0x1c84, 316),
    (0x1c85, 316),
    (0x1c86, 324),
    (0x1c87, 347),
    (0x1c88, 1037),
    (0x1c89, 616),
    (0x1c8a, 616),
    (0x1c90, 484),
    (0x1c91, 485),
    (0x1c92, 486),
    (0x1c93, 487),
    (0x1c94, 488),
    (0x1c95, 489),
    (0x1c96, 490),
    (0x1c97, 491),
    (0x1c98, 492),
    (0x1c99, 493),
    (0x1c9a, 494),
    (0x1c9b, 495),
    (0x1c9c, 496),
    (0x1c9d, 497),
    (0x1c9e, 498),
    (0x1c9f, 499),
    (0x1ca0, 500),
    (0x1ca1, 501),
    (0x1ca2, 502),
    (0x1ca3, 503),
    (0x1ca4, 504),
    (0x1ca5, 505),
    (0x1ca6, 506),
    (0x1ca7, 507),
    (0x1ca8, 508),
    (0x1ca9, 509),
    (0x1caa, 510),
    (0x1cab, 511),
    (0x1cac, 512),
    (0x1cad, 513),
    (0x1cae, 514),
    (0x1caf, 515),
    (0x1cb0, 516),
    (0x1cb1, 517),
    (0x1cb2, 518),
    (0x1cb3, 519),
    (0x1cb4, 520),
    (0x1cb5, 521),
    (0x1cb6, 522),
    (0x1cb7, 523),
    (0x1cb8, 524),
    (0x1cb9, 525),
    (0x1cba, 526),
    (0x1cbd, 527),
    (0x1cbe, 528),
    (0x1cbf, 529),
    (0x1d79, 617),
    (0x1d7d, 618),
    (0x1d8e, 619),
    (0x1e00, 620),
    (0x1e01, 620),
    (0x1e02, 621),
    (0x1e03, 621),
    (0x1e04, 622),
    (0x1e05, 622),
    (0x1e06, 623),
    (0x1e07, 623),
    (0x1e08, 624),
    (0x1e09, 624),
    (0x1e0a, 625),
    (0x1e0b, 625),
    (0x1e0c, 626),
    (0x1e0d, 626),
    (0x1e0e, 627),
    (0x1e0f, 627),
    (0x1e10, 628),
    (0x1e11, 628),
    (0x1e12, 629),
    (0x1e13, 629),
    (0x1e14, 630),
    (0x1e15, 630),
    (0x1e16, 631),
    (0x1e17, 631),
    (0x1e18, 632),
    (0x1e19, 632),
    (0x1e1a, 633),
    (0x1e1b, 633),
    (0x1e1c, 634),
    (0x1e1d, 634),
    (0x1e1e, 635),
    (0x1e1f, 635),
    (0x1e20, 636),
    (0x1e21, 636),
    (0x1e22, 637),
    (0x1e23, 637),
    (0x1e24, 638),
    (0x1e25, 638),
    (0x1e26, 639),
    (0x1e27, 639),
    (0x1e28, 640),
    (0x1e29, 640),
    (0x1e2a, 641),
    (0x1e2b, 641),
    (0x1e2c, 642),
    (0x1e2d, 642),
    (0x1e2e, 643),
    (0x1e2f, 643),
    (0x1e30, 644),
    (0x1e31, 644),
    (0x1e32, 645),
    (0x1e33, 645),
    (0x1e34, 646),
    (0x1e35, 646),
    (0x1e36, 647),
    (0x1e37, 647),
    (0x1e38, 648),
    (0x1e39, 648),
    (0x1e3a, 649),
    (0x1e3b, 649),
    (0x1e3c, 650),
    (0x1e3d, 650),
    (0x1e3e, 651),
    (0x1e3f, 651),
    (0x1e40, 652),
    (0x1e41, 652),
    (0x1e42, 653),
    (0x1e43, 653),
    (0x1e44, 654),
    (0x1e45, 654),
    (0x1e46, 655),
    (0x1e47, 655),
    (0x1e48, 656),
    (0x1e49, 656),
    (0x1e4a, 657),
    (0x1e4b, 657),
    (0x1e4c, 658),
    (0x1e4d, 658),
    (0x1e4e, 659),
    (0x1e4f, 659),
    (0x1e50, 660),
    (0x1e51, 660),
    (0x1e52, 661),
    (0x1e53, 661),
    (0x1e54, 662),
    (0x1e55, 662),
    (0x1e56, 663),
    (0x1e57, 663),
    (0x1e58, 664),
    (0x1e59, 664),
    (0x1e5a, 665),
    (0x1e5b, 665),
    (0x1e5c, 666),
    (0x1e5d, 666),
    (0x1e5e, 667),
    (0x1e5f, 667),
    (0x1e60, 668),
    (0x1e61, 668),
    (0x1e62, 669),
    (0x1e63, 669),
    (0x1e64, 670),
    (0x1e65, 670),
    (0x1e66, 671),
    (0x1e67, 671),
    (0x1e68, 672),
    (0x1e69, 672),
    (0x1e6a, 673),
    (0x1e6b, 673),
    (0x1e6c, 674),
    (0x1e6d, 674),
    (0x1e6e, 675),
    (0x1e6f, 675),
    (0x1e70, 676),
    (0x1e71, 676),
    (0x1e72, 677),
    (0x1e73, 677),
    (0x1e74, 678),
    (0x1e75, 678),
    (0x1e76, 679),
    (0x1e77, 679),
    (0x1e78, 680),
    (0x1e79, 680),
    (0x1e7a, 681),
    (0x1e7b, 681),
    (0x1e7c, 682),
    (0x1e7d, 682),
    (0x1e7e, 683),
    (0x1e7f, 683),
    (0x1e80, 684),
    (0x1e81, 684),
    (0x1e82, 685),
    (0x1e83, 685),
    (0x1e84, 686),
    (0x1e85, 686),
    (0x1e86, 687),
    (0x1e87, 687),
    (0x1e88, 688),
    (0x1e89, 688),
    (0x1e8a, 689),
    (0x1e8b, 689),
    (0x1e8c, 690),
    (0x1e8d, 690),
    (0x1e8e, 691),
    (0x1e8f, 691),
    (0x1e90, 692),
    (0x1e91, 692),
    (0x1e92, 693),
    (0x1e93, 693),
    (0x1e94, 694),
    (0x1e95, 694),
    (0x1e9b, 668),
    (0x1e9e, 26),
    (0x1ea0, 695),
    (0x1ea1, 695),
    (0x1ea2, 696),
    (0x1ea3, 696),
    (0x1ea4, 697),
    (0x1ea5, 697),
    (0x1ea6, 698),
    (0x1ea7, 698),
    (0x1ea8, 699),
    (0x1ea9, 699),
    (0x1eaa, 700),
    (0x1eab, 700),
    (0x1eac, 701),
    (0x1ead, 701),
    (0x1eae, 702),
    (0x1eaf, 702),
    (0x1eb0, 703),
    (0x1eb1, 703),
    (0x1eb2, 704),
    (0x1eb3, 704),
    (0x1eb4, 705),
    (0x1eb5, 705),
    (0x1eb6, 706),
    (0x1eb7, 706),
    (0x1eb8, 707),
    (0x1eb9, 707),
    (0x1eba, 708),
    (0x1ebb, 708),
    (0x1ebc, 709),
    (0x1ebd, 709),
    (0x1ebe, 710),
    (0x1ebf, 710),
    (0x1ec0, 711),
    (0x1ec1, 711),
    (0x1ec2, 712),
    (0x1ec3, 712),
    (0x1ec4, 713),
    (0x1ec5, 713),
    (0x1ec6, 714),
    (0x1ec7, 714),
    (0x1ec8, 715),
    (0x1ec9, 715),
    (0x1eca, 716),
    (0x1ecb, 716),
    (0x1ecc, 717),
    (0x1ecd, 717),
    (0x1ece, 718),
    (0x1ecf, 718),
    (0x1ed0, 719),
    (0x1ed1, 719),
    (0x1ed2, 720),
    (0x1ed3, 720),
    (0x1ed4, 721),
    (0x1ed5, 721),
    (0x1ed6, 722),
    (0x1ed7, 722),
    (0x1ed8, 723),
    (0x1ed9, 723),
    (0x1eda, 724),
    (0x1edb, 724),
    (0x1edc, 725),
    (0x1edd, 725),
    (0x1ede, 726),
    (0x1edf, 726),
    (0x1ee0, 727),
    (0x1ee1, 727),
    (0x1ee2, 728),
    (0x1ee3, 728),
    (0x1ee4, 729),
    (0x1ee5, 729),
    (0x1ee6, 730),
    (0x1ee7, 730),
    (0x1ee8, 731),
    (0x1ee9, 731),
    (0x1eea, 732),
    (0x1eeb, 732),
    (0x1eec, 733),
    (0x1eed, 733),
    (0x1eee, 734),
    (0x1eef, 734),
    (0x1ef0, 735),
    (0x1ef1, 735),
    (0x1ef2, 736),
    (0x1ef3, 736),
    (0x1ef4, 737),
    (0x1ef5, 737),
    (0x1ef6, 738),
    (0x1ef7, 738),
    (0x1ef8, 739),
    (0x1ef9, 739),
    (0x1efa, 740),
    (0x1efb, 740),
    (0x1efc, 741),
    (0x1efd, 741),
    (0x1efe, 742),
    (0x1eff, 742),
    (0x1f00, 743),
    (0x1f01, 744),
    (0x1f02, 745),
    (0x1f03, 746),
    (0x1f04, 747),
    (0x1f05, 748),
    (0x1f06, 749),
    (0x1f07, 750),
    (0x1f08, 743),
    (0x1f09, 744),
    (0x1f0a, 745),
    (0x1f0b, 746),
    (0x1f0c, 747),
    (0x1f0d, 748),
    (0x1f0e, 749),
    (0x1f0f, 750),
    (0x1f10, 751),
    (0x1f11, 752),
    (0x1f12, 753),
    (0x1f13, 754),
    (0x1f14, 755),
    (0x1f15, 756),
    (0x1f18, 751),
    (0x1f19, 752),
    (0x1f1a, 753),
    (0x1f1b, 754),
    (0x1f1c, 755),
    (0x1f1d, 756),
    (0x1f20, 757),
    (0x1f21, 758),
    (0x1f22, 759),
    (0x1f23, 760),
    (0x1f24, 761),
    (0x1f25, 762),
    (0x1f26, 763),
    (0x1f27, 764),
    (0x1f28, 757),
    (0x1f29, 758),
    (0x1f2a, 759),
    (0x1f2b, 760),
    (0x1f2c, 761),
    (0x1f2d, 762),
    (0x1f2e, 763),
    (0x1f2f, 764),
    (0x1f30, 765),
    (0x1f31, 766),
    (0x1f32, 767),
    (0x1f33, 768),
    (0x1f34, 769),
    (0x1f35, 770),
    (0x1f36, 771),
    (0x1f37, 772),
    (0x1f38, 765),
    (0x1f39, 766),
    (0x1f3a, 767),
    (0x1f3b, 768),
    (0x1f3c, 769),
    (0x1f3d, 770),
    (0x1f3e, 771),
    (0x1f3f, 772),
    (0x1f40, 773),
    (0x1f41, 774),
    (0x1f42, 775),
    (0x1f43, 776),
    (0x1f44, 777),
    (0x1f45, 778),
    (0x1f48, 773),
    (0x1f49, 774),
    (0x1f4a, 775),
    (0x1f4b, 776),
    (0x1f4c, 777),
    (0x1f4d, 778),
    (0x1f51, 779),
    (0x1f53, 780),
    (0x1f55, 781),
    (0x1f57, 782),
    (0x1f59, 779),
    (0x1f5b, 780),
    (0x1f5d, 781),
    (0x1f5f, 782),
    (0x1f60, 783),
    (0x1f61, 784),
    (0x1f62, 785),
    (0x1f63, 786),
    (0x1f64, 787),
    (0x1f65, 788),
    (0x1f66, 789),
    (0x1f67, 790),
    (0x1f68, 783),
    (0x1f69, 784),
    (0x1f6a, 785),
    (0x1f6b, 786),
    (0x1f6c, 787),
    (0x1f6d, 788),
    (0x1f6e, 789),
    (0x1f6f, 790),
    (0x1f70, 791),
    (0x1f71, 792),
    (0x1f72, 793),
    (0x1f73, 794),
    (0x1f74, 795),
    (0x1f75, 796),
    (0x1f76, 797),
    (0x1f77, 798),
    (0x1f78, 799),
    (0x1f79, 800),
    (0x1f7a, 801),
    (0x1f7b, 802),
    (0x1f7c, 803),
    (0x1f7d, 804),
    (0x1f80, 805),
    (0x1f81, 806),
    (0x1f82, 807),
    (0x1f83, 808),
    (0x1f84, 809),
    (0x1f85, 810),
    (0x1f86, 811),
    (0x1f87, 812),
    (0x1f88, 805),
    (0x1f89, 806),
    (0x1f8a, 807),
    (0x1f8b, 808),
    (0x1f8c, 809),
    (0x1f8d, 810),
    (0x1f8e, 811),
    (0x1f8f, 812),
    (0x1f90, 813),
    (0x1f91, 814),
    (0x1f92, 815),
    (0x1f93, 816),
    (0x1f94, 817),
    (0x1f95, 818),
    (0x1f96, 819),
    (0x1f97, 820),
    (0x1f98, 813),
    (0x1f99, 814),
    (0x1f9a, 815),
    (0x1f9b, 816),
    (0x1f9c, 817),
    (0x1f9d, 818),
    (0x1f9e, 819),
    (0x1f9f, 820),
    (0x1fa0, 821),
    (0x1fa1, 822),
    (0x1fa2, 823),
    (0x1fa3, 824),
    (0x1fa4, 825),
    (0x1fa5, 826),
    (0x1fa6, 827),
    (0x1fa7, 828),
    (0x1fa8, 821),
    (0x1fa9, 822),
    (0x1faa, 823),
    (0x1fab, 824),
    (0x1fac, 825),
    (0x1fad, 826),
    (0x1fae, 827),
    (0x1faf, 828),
    (0x1fb0, 829),
    (0x1fb1, 830),
    (0x1fb3, 831),
    (0x1fb8, 829),
    (0x1fb9, 830),
    (0x1fba, 791),
    (0x1fbb, 792),
    (0x1fbc, 831),
    (0x1fbe, 260),
    (0x1fc3, 832),
    (0x1fc8, 793),
    (0x1fc9, 794),
    (0x1fca, 795),
    (0x1fcb, 796),
    (0x1fcc, 832),
    (0x1fd0, 833),
    (0x1fd1, 834),
    (0x1fd3, 246),
    (0x1fd8, 833),
    (0x1fd9, 834),
    (0x1fda, 797),
    (0x1fdb, 798),
    (0x1fe0, 835),
    (0x1fe1, 836),
    (0x1fe3, 251),
    (0x1fe5, 837),
    (0x1fe8, 835),
    (0x1fe9, 836),
    (0x1fea, 801),
    (0x1feb, 802),
    (0x1fec, 837),
    (0x1ff3, 838),
    (0x1ff8, 799),
    (0x1ff9, 800),
    (0x1ffa, 803),
    (0x1ffb, 804),
    (0x1ffc, 838),
    (0x2126, 275),
    (0x212a, 10),
    (0x212b, 32),
    (0x2132, 839),
    (0x214e, 839),
    (0x2160, 840),
    (0x2161, 841),
    (0x2162, 842),
    (0x2163, 843),
    (0x2164, 844),
    (0x2165, 845),
    (0x2166, 846),
    (0x2167, 847),
    (0x2168, 848),
    (0x2169, 849),
    (0x216a, 850),
    (0x216b, 851),
    (0x216c, 852),
    (0x216d, 853),
    (0x216e, 854),
    (0x216f, 855),
    (0x2170, 840),
    (0x2171, 841),
    (0x2172, 842),
    (0x2173, 843),
    (0x2174, 844),
    (0x2175, 845),
    (0x2176, 846),
    (0x2177, 847),
    (0x2178, 848),
    (0x2179, 849),
    (0x217a, 850),
    (0x217b, 851),
    (0x217c, 852),
    (0x217d, 853),
    (0x217e, 854),
    (0x217f, 855),
    (0x2183, 856),
    (0x2184, 856),
    (0x24b6, 857),
    (0x24b7, 858),
    (0x24b8, 859),
    (0x24b9, 860),
    (0x24ba, 861),
    (0x24bb, 862),
    (0x24bc, 863),
    (0x24bd, 864),
    (0x24be, 865),
    (0x24bf, 866),
    (0x24c0, 867),
    (0x24c1, 868),
    (0x24c2, 869),
    (0x24c3, 870),
    (0x24c4, 871),
    (0x24c5, 872),
    (0x24c6, 873),
    (0x24c7, 874),
    (0x24c8, 875),
    (0x24c9, 876),
    (0x24ca, 877),
    (0x24cb, 878),
    (0x24cc, 879),
    (0x24cd, 880),
    (0x24ce, 881),
    (0x24cf, 882),
    (0x24d0, 857),
    (0x24d1, 858),
    (0x24d2, 859),
    (0x24d3, 860),
    (0x24d4, 861),
    (0x24d5, 862),
    (0x24d6, 863),
    (0x24d7, 864),
    (0x24d8, 865),
    (0x24d9, 866),
    (0x24da, 867),
    (0x24db, 868),
    (0x24dc, 869),
    (0x24dd, 870),
    (0x24de, 871),
    (0x24df, 872),
    (0x24e0, 873),
    (0x24e1, 874),
    (0x24e2, 875),
    (0x24e3, 876),
    (0x24e4, 877),
    (0x24e5, 878),
    (0x24e6, 879),
    (0x24e7, 880),
    (0x24e8, 881),
    (0x24e9, 882),
    (0x2c00, 883),
    (0x2c01, 884),
    (0x2c02, 885),
    (0x2c03, 886),
    (0x2c04, 887),
    (0x2c05, 888),
    (0x2c06, 889),
    (0x2c07, 890),
    (0x2c08, 891),
    (0x2c09, 892),
    (0x2c0a, 893),
    (0x2c0b, 894),
    (0x2c0c, 895),
    (0x2c0d, 896),
    (0x2c0e, 897),
    (0x2c0f, 898),
    (0x2c10, 899),
    (0x2c11, 900),
    (0x2c12, 901),
    (0x2c13, 902),
    (0x2c14, 903),
    (0x2c15, 904),
    (0x2c16, 905),
    (0x2c17, 906),
    (0x2c18, 907),
    (0x2c19, 908),
    (0x2c1a, 909),
    (0x2c1b, 910),
    (0x2c1c, 911),
    (0x2c1d, 912),
    (0x2c1e, 913),
    (0x2c1f, 914),
    (0x2c20, 915),
    (0x2c21, 916),
    (0x2c22, 917),
    (0x2c23, 918),
    (0x2c24, 919),
    (0x2c25, 920),
    (0x2c26, 921),
    (0x2c27, 922),
    (0x2c28, 923),
    (0x2c29, 924),
    (0x2c2a, 925),
    (0x2c2b, 926),
    (0x2c2c, 927),
    (0x2c2d, 928),
    (0x2c2e, 929),
    (0x2c2f, 930),
    (0x2c30, 883),
    (0x2c31, 884),
    (0x2c32, 885),
    (0x2c33, 886),
    (0x2c34, 887),
    (0x2c35, 888),
    (0x2c36, 889),
    (0x2c37, 890),
    (0x2c38, 891),
    (0x2c39, 892),
    (0x2c3a, 893),
    (0x2c3b, 894),
    (0x2c3c, 895),
    (0x2c3d, 896),
    (0x2c3e, 897),
    (0x2c3f, 898),
    (0x2c40, 899),
    (0x2c41, 900),
    (0x2c42, 901),
    (0x2c43, 902),
    (0x2c44, 903),
    (0x2c45, 904),
    (0x2c46, 905),
    (0x2c47, 906),
    (0x2c48, 907),
    (0x2c49, 908),
    (0x2c4a, 909),
    (0x2c4b, 910),
    (0x2c4c, 911),
    (0x2c4d, 912),
    (0x2c4e, 913),
    (0x2c4f, 914),
    (0x2c50, 915),
    (0x2c51, 916),
    (0x2c52, 917),
    (0x2c53, 918),
    (0x2c54, 919),
    (0x2c55, 920),
    (0x2c56, 921),
    (0x2c57, 922),
    (0x2c58, 923),
    (0x2c59, 924),
    (0x2c5a, 925),
    (0x2c5b, 926),
    (0x2c5c, 927),
    (0x2c5d, 928),
    (0x2c5e, 929),
    (0x2c5f, 930),
    (0x2c60, 931),
    (0x2c61, 931),
    (0x2c62, 221),
    (0x2c63, 618),
    (0x2c64, 227),
    (0x2c65, 932),
    (0x2c66, 933),
    (0x2c67, 934),
    (0x2c68, 934),
    (0x2c69, 935),
    (0x2c6a, 935),
    (0x2c6b, 936),
    (0x2c6c, 936),
    (0x2c6d, 203),
    (0x2c6e, 224),
    (0x2c6f, 202),
    (0x2c70, 204),
    (0x2c72, 937),
    (0x2c73, 937),
    (0x2c75, 938),
    (0x2c76, 938),
    (0x2c7e, 194),
    (0x2c7f, 195),
    (0x2c80, 939),
    (0x2c81, 939),
    (0x2c82, 940),
    (0x2c83, 940),
    (0x2c84, 941),
    (0x2c85, 941),
    (0x2c86, 942),
    (0x2c87, 942),
    (0x2c88, 943),
    (0x2c89, 943),
    (0x2c8a, 944),
    (0x2c8b, 944),
    (0x2c8c, 945),
    (0x2c8d, 945),
    (0x2c8e, 946),
    (0x2c8f, 946),
    (0x2c90, 947),
    (0x2c91, 947),
    (0x2c92, 948),
    (0x2c93, 948),
    (0x2c94, 949),
    (0x2c95, 949),
    (0x2c96, 950),
    (0x2c97, 950),
    (0x2c98, 951),
    (0x2c99, 951),
    (0x2c9a, 952),
    (0x2c9b, 952),
    (0x2c9c, 953),
    (0x2c9d, 953),
    (0x2c9e, 954),
    (0x2c9f, 954),
    (0x2ca0, 955),
    (0x2ca1, 955),
    (0x2ca2, 956),
    (0x2ca3, 956),
    (0x2ca4, 957),
    (0x2ca5, 957),
    (0x2ca6, 958),
    (0x2ca7, 958),
    (0x2ca8, 959),
    (0x2ca9, 959),
    (0x2caa, 960),
    (0x2cab, 960),
    (0x2cac, 961),
    (0x2cad, 961),
    (0x2cae, 962),
    (0x2caf, 962),
    (0x2cb0, 963),
    (0x2cb1, 963),
    (0x2cb2, 964),
    (0x2cb3, 964),
    (0x2cb4, 965),
    (0x2cb5, 965),
    (0x2cb6, 966),
    (0x2cb7, 966),
    (0x2cb8, 967),
    (0x2cb9, 967),
    (0x2cba, 968),
    (0x2cbb, 968),
    (0x2cbc, 969),
    (0x2cbd, 969),
    (0x2cbe, 970),
    (0x2cbf, 970),
    (0x2cc0, 971),
    (0x2cc1, 971),
    (0x2cc2, 972),
    (0x2cc3, 972),
    (0x2cc4, 973),
    (0x2cc5, 973),
    (0x2cc6, 974),
    (0x2cc7, 974),
    (0x2cc8, 975),
    (0x2cc9, 975),
    (0x2cca, 976),
    (0x2ccb, 976),
    (0x2ccc, 977),
    (0x2ccd, 977),
    (0x2cce, 978),
    (0x2ccf, 978),
    (0x2cd0, 979),
    (0x2cd1, 979),
    (0x2cd2, 980),
    (0x2cd3, 980),
    (0x2cd4, 981),
    (0x2cd5, 981),
    (0x2cd6, 982),
    (0x2cd7, 982),
    (0x2cd8, 983),
    (0x2cd9, 983),
    (0x2cda, 984),
    (0x2cdb, 984),
    (0x2cdc, 985),
    (0x2cdd, 985),
    (0x2cde, 986),
    (0x2cdf, 986),
    (0x2ce0, 987),
    (0x2ce1, 987),
    (0x2ce2, 988),
    (0x2ce3, 988),
    (0x2ceb, 989),
    (0x2cec, 989),
    (0x2ced, 990),
    (0x2cee, 990),
    (0x2cf2, 991),
    (0x2cf3, 991),
    (0x2d00, 992),
    (0x2d01, 993),
    (0x2d02, 994),
    (0x2d03, 995),
    (0x2d04, 996),
    (0x2d05, 997),
    (0x2d06, 998),
    (0x2d07, 999),
    (0x2d08, 1000),
    (0x2d09, 1001),
    (0x2d0a, 1002),
    (0x2d0b, 1003),
    (0x2d0c, 1004),
    (0x2d0d, 1005),
    (0x2d0e, 1006),
    (0x2d0f, 1007),
    (0x2d10, 1008),
    (0x2d11, 1009),
    (0x2d12, 1010),
    (0x2d13, 1011),
    (0x2d14, 1012),
    (0x2d15, 1013),
    (0x2d16, 1014),
    (0x2d17, 1015),
    (0x2d18, 1016),
    (0x2d19, 1017),
    (0x2d1a, 1018),
    (0x2d1b, 1019),
    (0x2d1c, 1020),
    (0x2d1d, 1021),
    (0x2d1e, 1022),
    (0x2d1f, 1023),
    (0x2d20, 1024),
    (0x2d21, 1025),
    (0x2d22, 1026),
    (0x2d23, 1027),
    (0x2d24, 1028),
    (0x2d25, 1029),
    (0x2d27, 1030),
    (0x2d2d, 1031),
    (0xa640, 1032),
    (0xa641, 1032),
    (0xa642, 1033),
    (0xa643, 1033),
    (0xa644, 1034),
    (0xa645, 1034),
    (0xa646, 1035),
    (0xa647, 1035),
    (0xa648, 1036),
    (0xa649, 1036),
    (0xa64a, 1037),
    (0xa64b, 1037),
    (0xa64c, 1038),
    (0xa64d, 1038),
    (0xa64e, 1039),
    (0xa64f, 1039),
    (0xa650, 1040),
    (0xa651, 1040),
    (0xa652, 1041),
    (0xa653, 1041),
    (0xa654, 1042),
    (0xa655, 1042),
    (0xa656, 1043),
    (0xa657, 1043),
    (0xa658, 1044),
    (0xa659, 1044),
    (0xa65a, 1045),
    (0xa65b, 1045),
    (0xa65c, 1046),
    (0xa65d, 1046),
    (0xa65e, 1047),
    (0xa65f, 1047),
    (0xa660, 1048),
    (0xa661, 1048),
    (0xa662, 1049),
    (0xa663, 1049),
    (0xa664, 1050),
    (0xa665, 1050),
    (0xa666, 1051),
    (0xa667, 1051),
    (0xa668, 1052),
    (0xa669, 1052),
    (0xa66a, 1053),
    (0xa66b, 1053),
    (0xa66c, 1054),
    (0xa66d, 1054),
    (0xa680, 1055),
    (0xa681, 1055),
    (0xa682, 1056),
    (0xa683, 1056),
    (0xa684, 1057),
    (0xa685, 1057),
    (0xa686, 1058),
    (0xa687, 1058),
    (0xa688, 1059),
    (0xa689, 1059),
    (0xa68a, 1060),
    (0xa68b, 1060),
    (0xa68c, 1061),
    (0xa68d, 1061),
    (0xa68e, 1062),
    (0xa68f, 1062),
    (0xa690, 1063),
    (0xa691, 1063),
    (0xa692, 1064),
    (0xa693, 1064),
    (0xa694, 1065),
    (0xa695, 1065),
    (0xa696, 1066),
    (0xa697, 1066),
    (0xa698, 1067),
    (0xa699, 1067),
    (0xa69a, 1068),
    (0xa69b, 1068),
    (0xa722, 1069),
    (0xa723, 1069),
    (0xa724, 1070),
    (0xa725, 1070),
    (0xa726, 1071),
    (0xa727, 1071),
    (0xa728, 1072),
    (0xa729, 1072),
    (0xa72a, 1073),
    (0xa72b, 1073),
    (0xa72c, 1074),
    (0xa72d, 1074),
    (0xa72e, 1075),
    (0xa72f, 1075),
    (0xa732, 1076),
    (0xa733, 1076),
    (0xa734, 1077),
    (0xa735, 1077),
    (0xa736, 1078),
    (0xa737, 1078),
    (0xa738, 1079),
    (0xa739, 1079),
    (0xa73a, 1080),
    (0xa73b, 1080),
    (0xa73c, 1081),
    (0xa73d, 1081),
    (0xa73e, 1082),
    (0xa73f, 1082),
    (0xa740, 1083),
    (0xa741, 1083),
    (0xa742, 1084),
    (0xa743, 1084),
    (0xa744, 1085),
    (0xa745, 1085),
    (0xa746, 1086),
    (0xa747, 1086),
    (0xa748, 1087),
    (0xa749, 1087),
    (0xa74a, 1088),
    (0xa74b, 1088),
    (0xa74c, 1089),
    (0xa74d, 1089),
    (0xa74e, 1090),
    (0xa74f, 1090),
    (0xa750, 1091),
    (0xa751, 1091),
    (0xa752, 1092),
    (0xa753, 1092),
    (0xa754, 1093),
    (0xa755, 1093),
    (0xa756, 1094),
    (0xa757, 1094),
    (0xa758, 1095),
    (0xa759, 1095),
    (0xa75a, 1096),
    (0xa75b, 1096),
    (0xa75c, 1097),
    (0xa75d, 1097),
    (0xa75e, 1098),
    (0xa75f, 1098),
    (0xa760, 1099),
    (0xa761, 1099),
    (0xa762, 1100),
    (0xa763, 1100),
    (0xa764, 1101),
    (0xa765, 1101),
    (0xa766, 1102),
    (0xa767, 1102),
    (0xa768, 1103),
    (0xa769, 1103),
    (0xa76a, 1104),
    (0xa76b, 1104),
    (0xa76c, 1105),
    (0xa76d, 1105),
    (0xa76e, 1106),
    (0xa76f, 1106),
    (0xa779, 1107),
    (0xa77a, 1107),
    (0xa77b, 1108),
    (0xa77c, 1108),
    (0xa77d, 617),
    (0xa77e, 1109),
    (0xa77f, 1109),
    (0xa780, 1110),
    (0xa781, 1110),
    (0xa782, 1111),
    (0xa783, 1111),
    (0xa784, 1112),
    (0xa785, 1112),
    (0xa786, 1113),
    (0xa787, 1113),
    (0xa78b, 1114),
    (0xa78c, 1114),
    (0xa78d, 216),
    (0xa790, 1115),
    (0xa791, 1115),
    (0xa792, 1116),
    (0xa793, 1116),
    (0xa794, 1117),
    (0xa796, 1118),
    (0xa797, 1118),
    (0xa798, 1119),
    (0xa799, 1119),
    (0xa79a, 1120),
    (0xa79b, 1120),
    (0xa79c, 1121),
    (0xa79d, 1121),
    (0xa79e, 1122),
    (0xa79f, 1122),
    (0xa7a0, 1123),
    (0xa7a1, 1123),
    (0xa7a2, 1124),
    (0xa7a3, 1124),
    (0xa7a4, 1125),
    (0xa7a5, 1125),
    (0xa7a6, 1126),
    (0xa7a7, 1126),
    (0xa7a8, 1127),
    (0xa7a9, 1127),
    (0xa7aa, 217),
    (0xa7ab, 211),
    (0xa7ac, 213),
    (0xa7ad, 222),
    (0xa7ae, 220),
    (0xa7b0, 239),
    (0xa7b1, 231),
    (0xa7b2, 238),
    (0xa7b3, 1147),
    (0xa7b4, 1128),
    (0xa7b5, 1128),
    (0xa7b6, 1129),
    (0xa7b7, 1129),
    (0xa7b8, 1130),
    (0xa7b9, 1130),
    (0xa7ba, 1131),
    (0xa7bb, 1131),
    (0xa7bc, 1132),
    (0xa7bd, 1132),
    (0xa7be, 1133),
    (0xa7bf, 1133),
    (0xa7c0, 1134),
    (0xa7c1, 1134),
    (0xa7c2, 1135),
    (0xa7c3, 1135),
    (0xa7c4, 1117),
    (0xa7c5, 229),
    (0xa7c6, 619),
    (0xa7c7, 1136),
    (0xa7c8, 1136),
    (0xa7c9, 1137),
    (0xa7ca, 1137),
    (0xa7cb, 215),
    (0xa7cc, 1138),
    (0xa7cd, 1138),
    (0xa7ce, 1139),
    (0xa7cf, 1139),
    (0xa7d0, 1140),
    (0xa7d1, 1140),
    (0xa7d2, 1141),
    (0xa7d3, 1141),
    (0xa7d4, 1142),
    (0xa7d5, 1142),
    (0xa7d6, 1143),
    (0xa7d7, 1143),
    (0xa7d8, 1144),
    (0xa7d9, 1144),
    (0xa7da, 1145),
    (0xa7db, 1145),
    (0xa7dc, 128),
    (0xa7f5, 1146),
    (0xa7f6, 1146),
    (0xab53, 1147),
    (0xab70, 530),
    (0xab71, 531),
    (0xab72, 532),
    (0xab73, 533),
    (0xab74, 534),
    (0xab75, 535),
    (0xab76, 536),
    (0xab77, 537),
    (0xab78, 538),
    (0xab79, 539),
    (0xab7a, 540),
    (0xab7b, 541),
    (0xab7c, 542),
    (0xab7d, 543),
    (0xab7e, 544),
    (0xab7f, 545),
    (0xab80, 546),
    (0xab81, 547),
    (0xab82, 548),
    (0xab83, 549),
    (0xab84, 550),
    (0xab85, 551),
    (0xab86, 552),
    (0xab87, 553),
    (0xab88, 554),
    (0xab89, 555),
    (0xab8a, 556),
    (0xab8b, 557),
    (0xab8c, 558),
    (0xab8d, 559),
    (0xab8e, 560),
    (0xab8f, 561),
    (0xab90, 562),
    (0xab91, 563),
    (0xab92, 564),
    (0xab93, 565),
    (0xab94, 566),
    (0xab95, 567),
    (0xab96, 568),
    (0xab97, 569),
    (0xab98, 570),
    (0xab99, 571),
    (0xab9a, 572),
    (0xab9b, 573),
    (0xab9c, 574),
    (0xab9d, 575),
    (0xab9e, 576),
    (0xab9f, 577),
    (0xaba0, 578),
    (0xaba1, 579),
    (0xaba2, 580),
    (0xaba3, 581),
    (0xaba4, 582),
    (0xaba5, 583),
    (0xaba6, 584),
    (0xaba7, 585),
    (0xaba8, 586),
    (0xaba9, 587),
    (0xabaa, 588),
    (0xabab, 589),
    (0xabac, 590),
    (0xabad, 591),
    (0xabae, 592),
    (0xabaf, 593),
    (0xabb0, 594),
    (0xabb1, 595),
    (0xabb2, 596),
    (0xabb3, 597),
    (0xabb4, 598),
    (0xabb5, 599),
    (0xabb6, 600),
    (0xabb7, 601),
    (0xabb8, 602),
    (0xabb9, 603),
    (0xabba, 604),
    (0xabbb, 605),
    (0xabbc, 606),
    (0xabbd, 607),
    (0xabbe, 608),
    (0xabbf, 609),
    (0xfb05, 1148),
    (0xfb06, 1148),
    (0xff21, 1149),
    (0xff22, 1150),
    (0xff23, 1151),
    (0xff24, 1152),
    (0xff25, 1153),
    (0xff26, 1154),
    (0xff27, 1155),
    (0xff28, 1156),
    (0xff29, 1157),
    (0xff2a, 1158),
    (0xff2b, 1159),
    (0xff2c, 1160),
    (0xff2d, 1161),
    (0xff2e, 1162),
    (0xff2f, 1163),
    (0xff30, 1164),
    (0xff31, 1165),
    (0xff32, 1166),
    (0xff33, 1167),
    (0xff34, 1168),
    (0xff35, 1169),
    (0xff36, 1170),
    (0xff37, 1171),
    (0xff38, 1172),
    (0xff39, 1173),
    (0xff3a, 1174),
    (0xff41, 1149),
    (0xff42, 1150),
    (0xff43, 1151),
    (0xff44, 1152),
    (0xff45, 1153),
    (0xff46, 1154),
    (0xff47, 1155),
    (0xff48, 1156),
    (0xff49, 1157),
    (0xff4a, 1158),
    (0xff4b, 1159),
    (0xff4c, 1160),
    (0xff4d, 1161),
    (0xff4e, 1162),
    (0xff4f, 1163),
    (0xff50, 1164),
    (0xff51, 1165),
    (0xff52, 1166),
    (0xff53, 1167),
    (0xff54, 1168),
    (0xff55, 1169),
    (0xff56, 1170),
    (0xff57, 1171),
    (0xff58, 1172),
    (0xff59, 1173),
    (0xff5a, 1174),
    (0x10400, 1175),
    (0x10401, 1176),
    (0x10402, 1177),
    (0x10403, 1178),
    (0x10404, 1179),
    (0x10405, 1180),
    (0x10406, 1181),
    (0x10407, 1182),
    (0x10408, 1183),
    (0x10409, 1184),
    (0x1040a, 1185),
    (0x1040b, 1186),
    (0x1040c, 1187),
    (0x1040d, 1188),
    (0x1040e, 1189),
    (0x1040f, 1190),
    (0x10410, 1191),
    (0x10411, 1192),
    (0x10412, 1193),
    (0x10413, 1194),
    (0x10414, 1195),
    (0x10415, 1196),
    (0x10416, 1197),
    (0x10417, 1198),
    (0x10418, 1199),
    (0x10419, 1200),
    (0x1041a, 1201),
    (0x1041b, 1202),
    (0x1041c, 1203),
    (0x1041d, 1204),
    (0x1041e, 1205),
    (0x1041f, 1206),
    (0x10420, 1207),
    (0x10421, 1208),
    (0x10422, 1209),
    (0x10423, 1210),
    (0x10424, 1211),
    (0x10425, 1212),
    (0x10426, 1213),
    (0x10427, 1214),
    (0x10428, 1175),
    (0x10429, 1176),
    (0x1042a, 1177),
    (0x1042b, 1178),
    (0x1042c, 1179),
    (0x1042d, 1180),
    (0x1042e, 1181),
    (0x1042f, 1182),
    (0x10430, 1183),
    (0x10431, 1184),
    (0x10432, 1185),
    (0x10433, 1186),
    (0x10434, 1187),
    (0x10435, 1188),
    (0x10436, 1189),
    (0x10437, 1190),
    (0x10438, 1191),
    (0x10439, 1192),
    (0x1043a, 1193),
    (0x1043b, 1194),
    (0x1043c, 1195),
    (0x1043d, 1196),
    (0x1043e, 1197),
    (0x1043f, 1198),
    (0x10440, 1199),
    (0x10441, 1200),
    (0x10442, 1201),
    (0x10443, 1202),
    (0x10444, 1203),
    (0x10445, 1204),
    (0x10446, 1205),
    (0x10447, 1206),
    (0x10448, 1207),
    (0x10449, 1208),
    (0x1044a, 1209),
    (0x1044b, 1210),
    (0x1044c, 1211),
    (0x1044d, 1212),
    (0x1044e, 1213),
    (0x1044f, 1214),
    (0x104b0, 1215),
    (0x104b1, 1216),
    (0x104b2, 1217),
    (0x104b3, 1218),
    (0x104b4, 1219),
    (0x104b5, 1220),
    (0x104b6, 1221),
    (0x104b7, 1222),
    (0x104b8, 1223),
    (0x104b9, 1224),
    (0x104ba, 1225),
    (0x104bb, 1226),
    (0x104bc, 1227),
    (0x104bd, 1228),
    (0x104be, 1229),
    (0x104bf, 1230),
    (0x104c0, 1231),
    (0x104c1, 1232),
    (0x104c2, 1233),
    (0x104c3, 1234),
    (0x104c4, 1235),
    (0x104c5, 1236),
    (0x104c6, 1237),
    (0x104c7, 1238),
    (0x104c8, 1239),
    (0x104c9, 1240),
    (0x104ca, 1241),
    (0x104cb, 1242),
    (0x104cc, 1243),
    (0x104cd, 1244),
    (0x104ce, 1245),
    (0x104cf, 1246),
    (0x104d0, 1247),
    (0x104d1, 1248),
    (0x104d2, 1249),
    (0x104d3, 1250),
    (0x104d8, 1215),
    (0x104d9, 1216),
    (0x104da, 1217),
    (0x104db, 1218),
    (0x104dc, 1219),
    (0x104dd, 1220),
    (0x104de, 1221),
    (0x104df, 1222),
    (0x104e0, 1223),
    (0x104e1, 1224),
    (0x104e2, 1225),
    (0x104e3, 1226),
    (0x104e4, 1227),
    (0x104e5, 1228),
    (0x104e6, 1229),
    (0x104e7, 1230),
    (0x104e8, 1231),
    (0x104e9, 1232),
    (0x104ea, 1233),
    (0x104eb, 1234),
    (0x104ec, 1235),
    (0x104ed, 1236),
    (0x104ee, 1237),
    (0x104ef, 1238),
    (0x104f0, 1239),
    (0x104f1, 1240),
    (0x104f2, 1241),
    (0x104f3, 1242),
    (0x104f4, 1243),
    (0x104f5, 1244),
    (0x104f6, 1245),
    (0x104f7, 1246),
    (0x104f8, 1247),
    (0x104f9, 1248),
    (0x104fa, 1249),
    (0x104fb, 1250),
    (0x10570, 1251),
    (0x10571, 1252),
    (0x10572, 1253),
    (0x10573, 1254),
    (0x10574, 1255),
    (0x10575, 1256),
    (0x10576, 1257),
    (0x10577, 1258),
    (0x10578, 1259),
    (0x10579, 1260),
    (0x1057a, 1261),
    (0x1057c, 1262),
    (0x1057d, 1263),
    (0x1057e, 1264),
    (0x1057f, 1265),
    (0x10580, 1266),
    (0x10581, 1267),
    (0x10582, 1268),
    (0x10583, 1269),
    (0x10584, 1270),
    (0x10585, 1271),
    (0x10586, 1272),
    (0x10587, 1273),
    (0x10588, 1274),
    (0x10589, 1275),
    (0x1058a, 1276),
    (0x1058c, 1277),
    (0x1058d, 1278),
    (0x1058e, 1279),
    (0x1058f, 1280),
    (0x10590, 1281),
    (0x10591, 1282),
    (0x10592, 1283),
    (0x10594, 1284),
    (0x10595, 1285),
    (0x10597, 1251),
    (0x10598, 1252),
    (0x10599, 1253),
    (0x1059a, 1254),
    (0x1059b, 1255),
    (0x1059c, 1256),
    (0x1059d, 1257),
    (0x1059e, 1258),
    (0x1059f, 1259),
    (0x105a0, 1260),
    (0x105a1, 1261),
    (0x105a3, 1262),
    (0x105a4, 1263),
    (0x105a5, 1264),
    (0x105a6, 1265),
    (0x105a7, 1266),
    (0x105a8, 1267),
    (0x105a9, 1268),
    (0x105aa, 1269),
    (0x105ab, 1270),
    (0x105ac, 1271),
    (0x105ad, 1272),
    (0x105ae, 1273),
    (0x105af, 1274),
    (0x105b0, 1275),
    (0x105b1, 1276),
    (0x105b3, 1277),
    (0x105b4, 1278),
    (0x105b5, 1279),
    (0x105b6, 1280),
    (0x105b7, 1281),
    (0x105b8, 1282),
    (0x105b9, 1283),
    (0x105bb, 1284),
    (0x105bc, 1285),
    (0x10c80, 1286),
    (0x10c81, 1287),
    (0x10c82, 1288),
    (0x10c83, 1289),
    (0x10c84, 1290),
    (0x10c85, 1291),
    (0x10c86, 1292),
    (0x10c87, 1293),
    (0x10c88, 1294),
    (0x10c89, 1295),
    (0x10c8a, 1296),
    (0x10c8b, 1297),
    (0x10c8c, 1298),
    (0x10c8d, 1299),
    (0x10c8e, 1300),
    (0x10c8f, 1301),
    (0x10c90, 1302),
    (0x10c91, 1303),
    (0x10c92, 1304),
    (0x10c93, 1305),
    (0x10c94, 1306),
    (0x10c95, 1307),
    (0x10c96, 1308),
    (0x10c97, 1309),
    (0x10c98, 1310),
    (0x10c99, 1311),
    (0x10c9a, 1312),
    (0x10c9b, 1313),
    (0x10c9c, 1314),
    (0x10c9d, 1315),
    (0x10c9e, 1316),
    (0x10c9f, 1317),
    (0x10ca0, 1318),
    (0x10ca1, 1319),
    (0x10ca2, 1320),
    (0x10ca3, 1321),
    (0x10ca4, 1322),
    (0x10ca5, 1323),
    (0x10ca6, 1324),
    (0x10ca7, 1325),
    (0x10ca8, 1326),
    (0x10ca9, 1327),
    (0x10caa, 1328),
    (0x10cab, 1329),
    (0x10cac, 1330),
    (0x10cad, 1331),
    (0x10cae, 1332),
    (0x10caf, 1333),
    (0x10cb0, 1334),
    (0x10cb1, 1335),
    (0x10cb2, 1336),
    (0x10cc0, 1286),
    (0x10cc1, 1287),
    (0x10cc2, 1288),
    (0x10cc3, 1289),
    (0x10cc4, 1290),
    (0x10cc5, 1291),
    (0x10cc6, 1292),
    (0x10cc7, 1293),
    (0x10cc8, 1294),
    (0x10cc9, 1295),
    (0x10cca, 1296),
    (0x10ccb, 1297),
    (0x10ccc, 1298),
    (0x10ccd, 1299),
    (0x10cce, 1300),
    (0x10ccf, 1301),
    (0x10cd0, 1302),
    (0x10cd1, 1303),
    (0x10cd2, 1304),
    (0x10cd3, 1305),
    (0x10cd4, 1306),
    (0x10cd5, 1307),
    (0x10cd6, 1308),
    (0x10cd7, 1309),
    (0x10cd8, 1310),
    (0x10cd9, 1311),
    (0x10cda, 1312),
    (0x10cdb, 1313),
    (0x10cdc, 1314),
    (0x10cdd, 1315),
    (0x10cde, 1316),
    (0x10cdf, 1317),
    (0x10ce0, 1318),
    (0x10ce1, 1319),
    (0x10ce2, 1320),
    (0x10ce3, 1321),
    (0x10ce4, 1322),
    (0x10ce5, 1323),
    (0x10ce6, 1324),
    (0x10ce7, 1325),
    (0x10ce8, 1326),
    (0x10ce9, 1327),
    (0x10cea, 1328),
    (0x10ceb, 1329),
    (0x10cec, 1330),
    (0x10ced, 1331),
    (0x10cee, 1332),
    (0x10cef, 1333),
    (0x10cf0, 1334),
    (0x10cf1, 1335),
    (0x10cf2, 1336),
    (0x10d50, 1337),
    (0x10d51, 1338),
    (0x10d52, 1339),
    (0x10d53, 1340),
    (0x10d54, 1341),
    (0x10d55, 1342),
    (0x10d56, 1343),
    (0x10d57, 1344),
    (0x10d58, 1345),
    (0x10d59, 1346),
    (0x10d5a, 1347),
    (0x10d5b, 1348),
    (0x10d5c, 1349),
    (0x10d5d, 1350),
    (0x10d5e, 1351),
    (0x10d5f, 1352),
    (0x10d60, 1353),
    (0x10d61, 1354),
    (0x10d62, 1355),
    (0x10d63, 1356),
    (0x10d64, 1357),
    (0x10d65, 1358),
    (0x10d70, 1337),
    (0x10d71, 1338),
    (0x10d72, 1339),
    (0x10d73, 1340),
    (0x10d74, 1341),
    (0x10d75, 1342),
    (0x10d76, 1343),
    (0x10d77, 1344),
    (0x10d78, 1345),
    (0x10d79, 1346),
    (0x10d7a, 1347),
    (0x10d7b, 1348),
    (0x10d7c, 1349),
    (0x10d7d, 1350),
    (0x10d7e, 1351),
    (0x10d7f, 1352),
    (0x10d80, 1353),
    (0x10d81, 1354),
    (0x10d82, 1355),
    (0x10d83, 1356),
    (0x10d84, 1357),
    (0x10d85, 1358),
    (0x118a0, 1359),
    (0x118a1, 1360),
    (0x118a2, 1361),
    (0x118a3, 1362),
    (0x118a4, 1363),
    (0x118a5, 1364),
    (0x118a6, 1365),
    (0x118a7, 1366),
    (0x118a8, 1367),
    (0x118a9, 1368),
    (0x118aa, 1369),
    (0x118ab, 1370),
    (0x118ac, 1371),
    (0x118ad, 1372),
    (0x118ae, 1373),
    (0x118af, 1374),
    (0x118b0, 1375),
    (0x118b1, 1376),
    (0x118b2, 1377),
    (0x118b3, 1378),
    (0x118b4, 1379),
    (0x118b5, 1380),
    (0x118b6, 1381),
    (0x118b7, 1382),
    (0x118b8, 1383),
    (0x118b9, 1384),
    (0x118ba, 1385),
    (0x118bb, 1386),
    (0x118bc, 1387),
    (0x118bd, 1388),
    (0x118be, 1389),
    (0x118bf, 1390),
    (0x118c0, 1359),
    (0x118c1, 1360),
    (0x118c2, 1361),
    (0x118c3, 1362),
    (0x118c4, 1363),
    (0x118c5, 1364),
    (0x118c6, 1365),
    (0x118c7, 1366),
    (0x118c8, 1367),
    (0x118c9, 1368),
    (0x118ca, 1369),
    (0x118cb, 1370),
    (0x118cc, 1371),
    (0x118cd, 1372),
    (0x118ce, 1373),
    (0x118cf, 1374),
    (0x118d0, 1375),
    (0x118d1, 1376),
    (0x118d2, 1377),
    (0x118d3, 1378),
    (0x118d4, 1379),
    (0x118d5, 1380),
    (0x118d6, 1381),
    (0x118d7, 1382),
    (0x118d8, 1383),
    (0x118d9, 1384),
    (0x118da, 1385),
    (0x118db, 1386),
    (0x118dc, 1387),
    (0x118dd, 1388),
    (0x118de, 1389),
    (0x118df, 1390),
    (0x16e40, 1391),
    (0x16e41, 1392),
    (0x16e42, 1393),
    (0x16e43, 1394),
    (0x16e44, 1395),
    (0x16e45, 1396),
    (0x16e46, 1397),
    (0x16e47, 1398),
    (0x16e48, 1399),
    (0x16e49, 1400),
    (0x16e4a, 1401),
    (0x16e4b, 1402),
    (0x16e4c, 1403),
    (0x16e4d, 1404),
    (0x16e4e, 1405),
    (0x16e4f, 1406),
    (0x16e50, 1407),
    (0x16e51, 1408),
    (0x16e52, 1409),
    (0x16e53, 1410),
    (0x16e54, 1411),
    (0x16e55, 1412),
    (0x16e56, 1413),
    (0x16e57, 1414),
    (0x16e58, 1415),
    (0x16e59, 1416),
    (0x16e5a, 1417),
    (0x16e5b, 1418),
    (0x16e5c, 1419),
    (0x16e5d, 1420),
    (0x16e5e, 1421),
    (0x16e5f, 1422),
    (0x16e60, 1391),
    (0x16e61, 1392),
    (0x16e62, 1393),
    (0x16e63, 1394),
    (0x16e64, 1395),
    (0x16e65, 1396),
    (0x16e66, 1397),
    (0x16e67, 1398),
    (0x16e68, 1399),
    (0x16e69, 1400),
    (0x16e6a, 1401),
    (0x16e6b, 1402),
    (0x16e6c, 1403),
    (0x16e6d, 1404),
    (0x16e6e, 1405),
    (0x16e6f, 1406),
    (0x16e70, 1407),
    (0x16e71, 1408),
    (0x16e72, 1409),
    (0x16e73, 1410),
    (0x16e74, 1411),
    (0x16e75, 1412),
    (0x16e76, 1413),
    (0x16e77, 1414),
    (0x16e78, 1415),
    (0x16e79, 1416),
    (0x16e7a, 1417),
    (0x16e7b, 1418),
    (0x16e7c, 1419),
    (0x16e7d, 1420),
    (0x16e7e, 1421),
    (0x16e7f, 1422),
    (0x16ea0, 1423),
    (0x16ea1, 1424),
    (0x16ea2, 1425),
    (0x16ea3, 1426),
    (0x16ea4, 1427),
    (0x16ea5, 1428),
    (0x16ea6, 1429),
    (0x16ea7, 1430),
    (0x16ea8, 1431),
    (0x16ea9, 1432),
    (0x16eaa, 1433),
    (0x16eab, 1434),
    (0x16eac, 1435),
    (0x16ead, 1436),
    (0x16eae, 1437),
    (0x16eaf, 1438),
    (0x16eb0, 1439),
    (0x16eb1, 1440),
    (0x16eb2, 1441),
    (0x16eb3, 1442),
    (0x16eb4, 1443),
    (0x16eb5, 1444),
    (0x16eb6, 1445),
    (0x16eb7, 1446),
    (0x16eb8, 1447),
    (0x16ebb, 1423),
    (0x16ebc, 1424),
    (0x16ebd, 1425),
    (0x16ebe, 1426),
    (0x16ebf, 1427),
    (0x16ec0, 1428),
    (0x16ec1, 1429),
    (0x16ec2, 1430),
    (0x16ec3, 1431),
    (0x16ec4, 1432),
    (0x16ec5, 1433),
    (0x16ec6, 1434),
    (0x16ec7, 1435),
    (0x16ec8, 1436),
    (0x16ec9, 1437),
    (0x16eca, 1438),
    (0x16ecb, 1439),
    (0x16ecc, 1440),
    (0x16ecd, 1441),
    (0x16ece, 1442),
    (0x16ecf, 1443),
    (0x16ed0, 1444),
    (0x16ed1, 1445),
    (0x16ed2, 1446),
    (0x16ed3, 1447),
    (0x1e900, 1448),
    (0x1e901, 1449),
    (0x1e902, 1450),
    (0x1e903, 1451),
    (0x1e904, 1452),
    (0x1e905, 1453),
    (0x1e906, 1454),
    (0x1e907, 1455),
    (0x1e908, 1456),
    (0x1e909, 1457),
    (0x1e90a, 1458),
    (0x1e90b, 1459),
    (0x1e90c, 1460),
    (0x1e90d, 1461),
    (0x1e90e, 1462),
    (0x1e90f, 1463),
    (0x1e910, 1464),
    (0x1e911, 1465),
    (0x1e912, 1466),
    (0x1e913, 1467),
    (0x1e914, 1468),
    (0x1e915, 1469),
    (0x1e916, 1470),
    (0x1e917, 1471),
    (0x1e918, 1472),
    (0x1e919, 1473),
    (0x1e91a, 1474),
    (0x1e91b, 1475),
    (0x1e91c, 1476),
    (0x1e91d, 1477),
    (0x1e91e, 1478),
    (0x1e91f, 1479),
    (0x1e920, 1480),
    (0x1e921, 1481),
    (0x1e922, 1448),
    (0x1e923, 1449),
    (0x1e924, 1450),
    (0x1e925, 1451),
    (0x1e926, 1452),
    (0x1e927, 1453),
    (0x1e928, 1454),
    (0x1e929, 1455),
    (0x1e92a, 1456),
    (0x1e92b, 1457),
    (0x1e92c, 1458),
    (0x1e92d, 1459),
    (0x1e92e, 1460),
    (0x1e92f, 1461),
    (0x1e930, 1462),
    (0x1e931, 1463),
    (0x1e932, 1464),
    (0x1e933, 1465),
    (0x1e934, 1466),
    (0x1e935, 1467),
    (0x1e936, 1468),
    (0x1e937, 1469),
    (0x1e938, 1470),
    (0x1e939, 1471),
    (0x1e93a, 1472),
    (0x1e93b, 1473),
    (0x1e93c, 1474),
    (0x1e93d, 1475),
    (0x1e93e, 1476),
    (0x1e93f, 1477),
    (0x1e940, 1478),
    (0x1e941, 1479),
    (0x1e942, 1480),
    (0x1e943, 1481),
];

pub static CASE_FOLD_SETS: &[&[u32]] = &[
    &[0x41, 0x61],
    &[0x42, 0x62],
    &[0x43, 0x63],
    &[0x44, 0x64],
    &[0x45, 0x65],
    &[0x46, 0x66],
    &[0x47, 0x67],
    &[0x48, 0x68],
    &[0x49, 0x69],
    &[0x4a, 0x6a],
    &[0x4b, 0x6b, 0x212a],
    &[0x4c, 0x6c],
    &[0x4d, 0x6d],
    &[0x4e, 0x6e],
    &[0x4f, 0x6f],
    &[0x50, 0x70],
    &[0x51, 0x71],
    &[0x52, 0x72],
    &[0x53, 0x73, 0x17f],
    &[0x54, 0x74],
    &[0x55, 0x75],
    &[0x56, 0x76],
    &[0x57, 0x77],
    &[0x58, 0x78],
    &[0x59, 0x79],
    &[0x5a, 0x7a],
    &[0xdf, 0x1e9e],
    &[0xc0, 0xe0],
    &[0xc1, 0xe1],
    &[0xc2, 0xe2],
    &[0xc3, 0xe3],
    &[0xc4, 0xe4],
    &[0xc5, 0xe5, 0x212b],
    &[0xc6, 0xe6],
    &[0xc7, 0xe7],
    &[0xc8, 0xe8],
    &[0xc9, 0xe9],
    &[0xca, 0xea],
    &[0xcb, 0xeb],
    &[0xcc, 0xec],
    &[0xcd, 0xed],
    &[0xce, 0xee],
    &[0xcf, 0xef],
    &[0xd0, 0xf0],
    &[0xd1, 0xf1],
    &[0xd2, 0xf2],
    &[0xd3, 0xf3],
    &[0xd4, 0xf4],
    &[0xd5, 0xf5],
    &[0xd6, 0xf6],
    &[0xd8, 0xf8],
    &[0xd9, 0xf9],
    &[0xda, 0xfa],
    &[0xdb, 0xfb],
    &[0xdc, 0xfc],
    &[0xdd, 0xfd],
    &[0xde, 0xfe],
    &[0xff, 0x178],
    &[0x100, 0x101],
    &[0x102, 0x103],
    &[0x104, 0x105],
    &[0x106, 0x107],
    &[0x108, 0x109],
    &[0x10a, 0x10b],
    &[0x10c, 0x10d],
    &[0x10e, 0x10f],
    &[0x110, 0x111],
    &[0x112, 0x113],
    &[0x114, 0x115],
    &[0x116, 0x117],
    &[0x118, 0x119],
    &[0x11a, 0x11b],
    &[0x11c, 0x11d],
    &[0x11e, 0x11f],
    &[0x120, 0x121],
    &[0x122, 0x123],
    &[0x124, 0x125],
    &[0x126, 0x127],
    &[0x128, 0x129],
    &[0x12a, 0x12b],
    &[0x12c, 0x12d],
    &[0x12e, 0x12f],
    &[0x132, 0x133],
    &[0x134, 0x135],
    &[0x136, 0x137],
    &[0x139, 0x13a],
    &[0x13b, 0x13c],
    &[0x13d, 0x13e],
    &[0x13f, 0x140],
    &[0x141, 0x142],
    &[0x143, 0x144],
    &[0x145, 0x146],
    &[0x147, 0x148],
    &[0x14a, 0x14b],
    &[0x14c, 0x14d],
    &[0x14e, 0x14f],
    &[0x150, 0x151],
    &[0x152, 0x153],
    &[0x154, 0x155],
    &[0x156, 0x157],
    &[0x158, 0x159],
    &[0x15a, 0x15b],
    &[0x15c, 0x15d],
    &[0x15e, 0x15f],
    &[0x160, 0x161],
    &[0x162, 0x163],
    &[0x164, 0x165],
    &[0x166, 0x167],
    &[0x168, 0x169],
    &[0x16a, 0x16b],
    &[0x16c, 0x16d],
    &[0x16e, 0x16f],
    &[0x170, 0x171],
    &[0x172, 0x173],
    &[0x174, 0x175],
    &[0x176, 0x177],
    &[0x179, 0x17a],
    &[0x17b, 0x17c],
    &[0x17d, 0x17e],
    &[0x180, 0x243],
    &[0x182, 0x183],
    &[0x184, 0x185],
    &[0x187, 0x188],
    &[0x18b, 0x18c],
    &[0x191, 0x192],
    &[0x195, 0x1f6],
    &[0x198, 0x199],
    &[0x19a, 0x23d],
    &[0x19b, 0xa7dc],
    &[0x19e, 0x220],
    &[0x1a0, 0x1a1],
    &[0x1a2, 0x1a3],
    &[0x1a4, 0x1a5],
    &[0x1a7, 0x1a8],
    &[0x1ac, 0x1ad],
    &[0x1af, 0x1b0],
    &[0x1b3, 0x1b4],
    &[0x1b5, 0x1b6],
    &[0x1b8, 0x1b9],
    &[0x1bc, 0x1bd],
    &[0x1bf, 0x1f7],
    &[0x1c4, 0x1c5, 0x1c6],
    &[0x1c7, 0x1c8, 0x1c9],
    &[0x1ca, 0x1cb, 0x1cc],
    &[0x1cd, 0x1ce],
    &[0x1cf, 0x1d0],
    &[0x1d1, 0x1d2],
    &[0x1d3, 0x1d4],
    &[0x1d5, 0x1d6],
    &[0x1d7, 0x1d8],
    &[0x1d9, 0x1da],
    &[0x1db, 0x1dc],
    &[0x18e, 0x1dd],
    &[0x1de, 0x1df],
    &[0x1e0, 0x1e1],
    &[0x1e2, 0x1e3],
    &[0x1e4, 0x1e5],
    &[0x1e6, 0x1e7],
    &[0x1e8, 0x1e9],
    &[0x1ea, 0x1eb],
    &[0x1ec, 0x1ed],
    &[0x1ee, 0x1ef],
    &[0x1f1, 0x1f2, 0x1f3],
    &[0x1f4, 0x1f5],
    &[0x1f8, 0x1f9],
    &[0x1fa, 0x1fb],
    &[0x1fc, 0x1fd],
    &[0x1fe, 0x1ff],
    &[0x200, 0x201],
    &[0x202, 0x203],
    &[0x204, 0x205],
    &[0x206, 0x207],
    &[0x208, 0x209],
    &[0x20a, 0x20b],
    &[0x20c, 0x20d],
    &[0x20e, 0x20f],
    &[0x210, 0x211],
    &[0x212, 0x213],
    &[0x214, 0x215],
    &[0x216, 0x217],
    &[0x218, 0x219],
    &[0x21a, 0x21b],
    &[0x21c, 0x21d],
    &[0x21e, 0x21f],
    &[0x222, 0x223],
    &[0x224, 0x225],
    &[0x226, 0x227],
    &[0x228, 0x229],
    &[0x22a, 0x22b],
    &[0x22c, 0x22d],
    &[0x22e, 0x22f],
    &[0x230, 0x231],
    &[0x232, 0x233],
    &[0x23b, 0x23c],
    &[0x23f, 0x2c7e],
    &[0x240, 0x2c7f],
    &[0x241, 0x242],
    &[0x246, 0x247],
    &[0x248, 0x249],
    &[0x24a, 0x24b],
    &[0x24c, 0x24d],
    &[0x24e, 0x24f],
    &[0x250, 0x2c6f],
    &[0x251, 0x2c6d],
    &[0x252, 0x2c70],
    &[0x181, 0x253],
    &[0x186, 0x254],
    &[0x189, 0x256],
    &[0x18a, 0x257],
    &[0x18f, 0x259],
    &[0x190, 0x25b],
    &[0x25c, 0xa7ab],
    &[0x193, 0x260],
    &[0x261, 0xa7ac],
    &[0x194, 0x263],
    &[0x264, 0xa7cb],
    &[0x265, 0xa78d],
    &[0x266, 0xa7aa],
    &[0x197, 0x268],
    &[0x196, 0x269],
    &[0x26a, 0xa7ae],
    &[0x26b, 0x2c62],
    &[0x26c, 0xa7ad],
    &[0x19c, 0x26f],
    &[0x271, 0x2c6e],
    &[0x19d, 0x272],
    &[0x19f, 0x275],
    &[0x27d, 0x2c64],
    &[0x1a6, 0x280],
    &[0x282, 0xa7c5],
    &[0x1a9, 0x283],
    &[0x287, 0xa7b1],
    &[0x1ae, 0x288],
    &[0x244, 0x289],
    &[0x1b1, 0x28a],
    &[0x1b2, 0x28b],
    &[0x245, 0x28c],
    &[0x1b7, 0x292],
    &[0x29d, 0xa7b2],
    &[0x29e, 0xa7b0],
    &[0x370, 0x371],
    &[0x372, 0x373],
    &[0x376, 0x377],
    &[0x37b, 0x3fd],
    &[0x37c, 0x3fe],
    &[0x37d, 0x3ff],
    &[0x390, 0x1fd3],
    &[0x386, 0x3ac],
    &[0x388, 0x3ad],
    &[0x389, 0x3ae],
    &[0x38a, 0x3af],
    &[0x3b0, 0x1fe3],
    &[0x391, 0x3b1],
    &[0x392, 0x3b2, 0x3d0],
    &[0x393, 0x3b3],
    &[0x394, 0x3b4],
    &[0x395, 0x3b5, 0x3f5],
    &[0x396, 0x3b6],
    &[0x397, 0x3b7],
    &[0x398, 0x3b8, 0x3d1, 0x3f4],
    &[0x345, 0x399, 0x3b9, 0x1fbe],
    &[0x39a, 0x3ba, 0x3f0],
    &[0x39b, 0x3bb],
    &[0xb5, 0x39c, 0x3bc],
    &[0x39d, 0x3bd],
    &[0x39e, 0x3be],
    &[0x39f, 0x3bf],
    &[0x3a0, 0x3c0, 0x3d6],
    &[0x3a1, 0x3c1, 0x3f1],
    &[0x3a3, 0x3c2, 0x3c3],
    &[0x3a4, 0x3c4],
    &[0x3a5, 0x3c5],
    &[0x3a6, 0x3c6, 0x3d5],
    &[0x3a7, 0x3c7],
    &[0x3a8, 0x3c8],
    &[0x3a9, 0x3c9, 0x2126],
    &[0x3aa, 0x3ca],
    &[0x3ab, 0x3cb],
    &[0x38c, 0x3cc],
    &[0x38e, 0x3cd],
    &[0x38f, 0x3ce],
    &[0x3cf, 0x3d7],
    &[0x3d8, 0x3d9],
    &[0x3da, 0x3db],
    &[0x3dc, 0x3dd],
    &[0x3de, 0x3df],
    &[0x3e0, 0x3e1],
    &[0x3e2, 0x3e3],
    &[0x3e4, 0x3e5],
    &[0x3e6, 0x3e7],
    &[0x3e8, 0x3e9],
    &[0x3ea, 0x3eb],
    &[0x3ec, 0x3ed],
    &[0x3ee, 0x3ef],
    &[0x3f2, 0x3f9],
    &[0x37f, 0x3f3],
    &[0x3f7, 0x3f8],
    &[0x3fa, 0x3fb],
    &[0x410, 0x430],
    &[0x411, 0x431],
    &[0x412, 0x432, 0x1c80],
    &[0x413, 0x433],
    &[0x414, 0x434, 0x1c81],
    &[0x415, 0x435],
    &[0x416, 0x436],
    &[0x417, 0x437],
    &[0x418, 0x438],
    &[0x419, 0x439],
    &[0x41a, 0x43a],
    &[0x41b, 0x43b],
    &[0x41c, 0x43c],
    &[0x41d, 0x43d],
    &[0x41e, 0x43e, 0x1c82],
    &[0x41f, 0x43f],
    &[0x420, 0x440],
    &[0x421, 0x441, 0x1c83],
    &[0x422, 0x442, 0x1c84, 0x1c85],
    &[0x423, 0x443],
    &[0x424, 0x444],
    &[0x425, 0x445],
    &[0x426, 0x446],
    &[0x427, 0x447],
    &[0x428, 0x448],
    &[0x429, 0x449],
    &[0x42a, 0x44a, 0x1c86],
    &[0x42b, 0x44b],
    &[0x42c, 0x44c],
    &[0x42d, 0x44d],
    &[0x42e, 0x44e],
    &[0x42f, 0x44f],
    &[0x400, 0x450],
    &[0x401, 0x451],
    &[0x402, 0x452],
    &[0x403, 0x453],
    &[0x404, 0x454],
    &[0x405, 0x455],
    &[0x406, 0x456],
    &[0x407, 0x457],
    &[0x408, 0x458],
    &[0x409, 0x459],
    &[0x40a, 0x45a],
    &[0x40b, 0x45b],
    &[0x40c, 0x45c],
    &[0x40d, 0x45d],
    &[0x40e, 0x45e],
    &[0x40f, 0x45f],
    &[0x460, 0x461],
    &[0x462, 0x463, 0x1c87],
    &[0x464, 0x465],
    &[0x466, 0x467],
    &[0x468, 0x469],
    &[0x46a, 0x46b],
    &[0x46c, 0x46d],
    &[0x46e, 0x46f],
    &[0x470, 0x471],
    &[0x472, 0x473],
    &[0x474, 0x475],
    &[0x476, 0x477],
    &[0x478, 0x479],
    &[0x47a, 0x47b],
    &[0x47c, 0x47d],
    &[0x47e, 0x47f],
    &[0x480, 0x481],
    &[0x48a, 0x48b],
    &[0x48c, 0x48d],
    &[0x48e, 0x48f],
    &[0x490, 0x491],
    &[0x492, 0x493],
    &[0x494, 0x495],
    &[0x496, 0x497],
    &[0x498, 0x499],
    &[0x49a, 0x49b],
    &[0x49c, 0x49d],
    &[0x49e, 0x49f],
    &[0x4a0, 0x4a1],
    &[0x4a2, 0x4a3],
    &[0x4a4, 0x4a5],
    &[0x4a6, 0x4a7],
    &[0x4a8, 0x4a9],
    &[0x4aa, 0x4ab],
    &[0x4ac, 0x4ad],
    &[0x4ae, 0x4af],
    &[0x4b0, 0x4b1],
    &[0x4b2, 0x4b3],
    &[0x4b4, 0x4b5],
    &[0x4b6, 0x4b7],
    &[0x4b8, 0x4b9],
    &[0x4ba, 0x4bb],
    &[0x4bc, 0x4bd],
    &[0x4be, 0x4bf],
    &[0x4c1, 0x4c2],
    &[0x4c3, 0x4c4],
    &[0x4c5, 0x4c6],
    &[0x4c7, 0x4c8],
    &[0x4c9, 0x4ca],
    &[0x4cb, 0x4cc],
    &[0x4cd, 0x4ce],
    &[0x4c0, 0x4cf],
    &[0x4d0, 0x4d1],
    &[0x4d2, 0x4d3],
    &[0x4d4, 0x4d5],
    &[0x4d6, 0x4d7],
    &[0x4d8, 0x4d9],
    &[0x4da, 0x4db],
    &[0x4dc, 0x4dd],
    &[0x4de, 0x4df],
    &[0x4e0, 0x4e1],
    &[0x4e2, 0x4e3],
    &[0x4e4, 0x4e5],
    &[0x4e6, 0x4e7],
    &[0x4e8, 0x4e9],
    &[0x4ea, 0x4eb],
    &[0x4ec, 0x4ed],
    &[0x4ee, 0x4ef],
    &[0x4f0, 0x4f1],
    &[0x4f2, 0x4f3],
    &[0x4f4, 0x4f5],
    &[0x4f6, 0x4f7],
    &[0x4f8, 0x4f9],
    &[0x4fa, 0x4fb],
    &[0x4fc, 0x4fd],
    &[0x4fe, 0x4ff],
    &[0x500, 0x501],
    &[0x502, 0x503],
    &[0x504, 0x505],
    &[0x506, 0x507],
    &[0x508, 0x509],
    &[0x50a, 0x50b],
    &[0x50c, 0x50d],
    &[0x50e, 0x50f],
    &[0x510, 0x511],
    &[0x512, 0x513],
    &[0x514, 0x515],
    &[0x516, 0x517],
    &[0x518, 0x519],
    &[0x51a, 0x51b],
    &[0x51c, 0x51d],
    &[0x51e, 0x51f],
    &[0x520, 0x521],
    &[0x522, 0x523],
    &[0x524, 0x525],
    &[0x526, 0x527],
    &[0x528, 0x529],
    &[0x52a, 0x52b],
    &[0x52c, 0x52d],
    &[0x52e, 0x52f],
    &[0x531, 0x561],
    &[0x532, 0x562],
    &[0x533, 0x563],
    &[0x534, 0x564],
    &[0x535, 0x565],
    &[0x536, 0x566],
    &[0x537, 0x567],
    &[0x538, 0x568],
    &[0x539, 0x569],
    &[0x53a, 0x56a],
    &[0x53b, 0x56b],
    &[0x53c, 0x56c],
    &[0x53d, 0x56d],
    &[0x53e, 0x56e],
    &[0x53f, 0x56f],
    &[0x540, 0x570],
    &[0x541, 0x571],
    &[0x542, 0x572],
    &[0x543, 0x573],
    &[0x544, 0x574],
    &[0x545, 0x575],
    &[0x546, 0x576],
    &[0x547, 0x577],
    &[0x548, 0x578],
    &[0x549, 0x579],
    &[0x54a, 0x57a],
    &[0x54b, 0x57b],
    &[0x54c, 0x57c],
    &[0x54d, 0x57d],
    &[0x54e, 0x57e],
    &[0x54f, 0x57f],
    &[0x550, 0x580],
    &[0x551, 0x581],
    &[0x552, 0x582],
    &[0x553, 0x583],
    &[0x554, 0x584],
    &[0x555, 0x585],
    &[0x556, 0x586],
    &[0x10d0, 0x1c90],
    &[0x10d1, 0x1c91],
    &[0x10d2, 0x1c92],
    &[0x10d3, 0x1c93],
    &[0x10d4, 0x1c94],
    &[0x10d5, 0x1c95],
    &[0x10d6, 0x1c96],
    &[0x10d7, 0x1c97],
    &[0x10d8, 0x1c98],
    &[0x10d9, 0x1c99],
    &[0x10da, 0x1c9a],
    &[0x10db, 0x1c9b],
    &[0x10dc, 0x1c9c],
    &[0x10dd, 0x1c9d],
    &[0x10de, 0x1c9e],
    &[0x10df, 0x1c9f],
    &[0x10e0, 0x1ca0],
    &[0x10e1, 0x1ca1],
    &[0x10e2, 0x1ca2],
    &[0x10e3, 0x1ca3],
    &[0x10e4, 0x1ca4],
    &[0x10e5, 0x1ca5],
    &[0x10e6, 0x1ca6],
    &[0x10e7, 0x1ca7],
    &[0x10e8, 0x1ca8],
    &[0x10e9, 0x1ca9],
    &[0x10ea, 0x1caa],
    &[0x10eb, 0x1cab],
    &[0x10ec, 0x1cac],
    &[0x10ed, 0x1cad],
    &[0x10ee, 0x1cae],
    &[0x10ef, 0x1caf],
    &[0x10f0, 0x1cb0],
    &[0x10f1, 0x1cb1],
    &[0x10f2, 0x1cb2],
    &[0x10f3, 0x1cb3],
    &[0x10f4, 0x1cb4],
    &[0x10f5, 0x1cb5],
    &[0x10f6, 0x1cb6],
    &[0x10f7, 0x1cb7],
    &[0x10f8, 0x1cb8],
    &[0x10f9, 0x1cb9],
    &[0x10fa, 0x1cba],
    &[0x10fd, 0x1cbd],
    &[0x10fe, 0x1cbe],
    &[0x10ff, 0x1cbf],
    &[0x13a0, 0xab70],
    &[0x13a1, 0xab71],
    &[0x13a2, 0xab72],
    &[0x13a3, 0xab73],
    &[0x13a4, 0xab74],
    &[0x13a5, 0xab75],
    &[0x13a6, 0xab76],
    &[0x13a7, 0xab77],
    &[0x13a8, 0xab78],
    &[0x13a9, 0xab79],
    &[0x13aa, 0xab7a],
    &[0x13ab, 0xab7b],
    &[0x13ac, 0xab7c],
    &[0x13ad, 0xab7d],
    &[0x13ae, 0xab7e],
    &[0x13af, 0xab7f],
    &[0x13b0, 0xab80],
    &[0x13b1, 0xab81],
    &[0x13b2, 0xab82],
    &[0x13b3, 0xab83],
    &[0x13b4, 0xab84],
    &[0x13b5, 0xab85],
    &[0x13b6, 0xab86],
    &[0x13b7, 0xab87],
    &[0x13b8, 0xab88],
    &[0x13b9, 0xab89],
    &[0x13ba, 0xab8a],
    &[0x13bb, 0xab8b],
    &[0x13bc, 0xab8c],
    &[0x13bd, 0xab8d],
    &[0x13be, 0xab8e],
    &[0x13bf, 0xab8f],
    &[0x13c0, 0xab90],
    &[0x13c1, 0xab91],
    &[0x13c2, 0xab92],
    &[0x13c3, 0xab93],
    &[0x13c4, 0xab94],
    &[0x13c5, 0xab95],
    &[0x13c6, 0xab96],
    &[0x13c7, 0xab97],
    &[0x13c8, 0xab98],
    &[0x13c9, 0xab99],
    &[0x13ca, 0xab9a],
    &[0x13cb, 0xab9b],
    &[0x13cc, 0xab9c],
    &[0x13cd, 0xab9d],
    &[0x13ce, 0xab9e],
    &[0x13cf, 0xab9f],
    &[0x13d0, 0xaba0],
    &[0x13d1, 0xaba1],
    &[0x13d2, 0xaba2],
    &[0x13d3, 0xaba3],
    &[0x13d4, 0xaba4],
    &[0x13d5, 0xaba5],
    &[0x13d6, 0xaba6],
    &[0x13d7, 0xaba7],
    &[0x13d8, 0xaba8],
    &[0x13d9, 0xaba9],
    &[0x13da, 0xabaa],
    &[0x13db, 0xabab],
    &[0x13dc, 0xabac],
    &[0x13dd, 0xabad],
    &[0x13de, 0xabae],
    &[0x13df, 0xabaf],
    &[0x13e0, 0xabb0],
    &[0x13e1, 0xabb1],
    &[0x13e2, 0xabb2],
    &[0x13e3, 0xabb3],
    &[0x13e4, 0xabb4],
    &[0x13e5, 0xabb5],
    &[0x13e6, 0xabb6],
    &[0x13e7, 0xabb7],
    &[0x13e8, 0xabb8],
    &[0x13e9, 0xabb9],
    &[0x13ea, 0xabba],
    &[0x13eb, 0xabbb],
    &[0x13ec, 0xabbc],
    &[0x13ed, 0xabbd],
    &[0x13ee, 0xabbe],
    &[0x13ef, 0xabbf],
    &[0x13f0, 0x13f8],
    &[0x13f1, 0x13f9],
    &[0x13f2, 0x13fa],
    &[0x13f3, 0x13fb],
    &[0x13f4, 0x13fc],
    &[0x13f5, 0x13fd],
    &[0x1c89, 0x1c8a],
    &[0x1d79, 0xa77d],
    &[0x1d7d, 0x2c63],
    &[0x1d8e, 0xa7c6],
    &[0x1e00, 0x1e01],
    &[0x1e02, 0x1e03],
    &[0x1e04, 0x1e05],
    &[0x1e06, 0x1e07],
    &[0x1e08, 0x1e09],
    &[0x1e0a, 0x1e0b],
    &[0x1e0c, 0x1e0d],
    &[0x1e0e, 0x1e0f],
    &[0x1e10, 0x1e11],
    &[0x1e12, 0x1e13],
    &[0x1e14, 0x1e15],
    &[0x1e16, 0x1e17],
    &[0x1e18, 0x1e19],
    &[0x1e1a, 0x1e1b],
    &[0x1e1c, 0x1e1d],
    &[0x1e1e, 0x1e1f],
    &[0x1e20, 0x1e21],
    &[0x1e22, 0x1e23],
    &[0x1e24, 0x1e25],
    &[0x1e26, 0x1e27],
    &[0x1e28, 0x1e29],
    &[0x1e2a, 0x1e2b],
    &[0x1e2c, 0x1e2d],
    &[0x1e2e, 0x1e2f],
    &[0x1e30, 0x1e31],
    &[0x1e32, 0x1e33],
    &[0x1e34, 0x1e35],
    &[0x1e36, 0x1e37],
    &[0x1e38, 0x1e39],
    &[0x1e3a, 0x1e3b],
    &[0x1e3c, 0x1e3d],
    &[0x1e3e, 0x1e3f],
    &[0x1e40, 0x1e41],
    &[0x1e42, 0x1e43],
    &[0x1e44, 0x1e45],
    &[0x1e46, 0x1e47],
    &[0x1e48, 0x1e49],
    &[0x1e4a, 0x1e4b],
    &[0x1e4c, 0x1e4d],
    &[0x1e4e, 0x1e4f],
    &[0x1e50, 0x1e51],
    &[0x1e52, 0x1e53],
    &[0x1e54, 0x1e55],
    &[0x1e56, 0x1e57],
    &[0x1e58, 0x1e59],
    &[0x1e5a, 0x1e5b],
    &[0x1e5c, 0x1e5d],
    &[0x1e5e, 0x1e5f],
    &[0x1e60, 0x1e61, 0x1e9b],
    &[0x1e62, 0x1e63],
    &[0x1e64, 0x1e65],
    &[0x1e66, 0x1e67],
    &[0x1e68, 0x1e69],
    &[0x1e6a, 0x1e6b],
    &[0x1e6c, 0x1e6d],
    &[0x1e6e, 0x1e6f],
    &[0x1e70, 0x1e71],
    &[0x1e72, 0x1e73],
    &[0x1e74, 0x1e75],
    &[0x1e76, 0x1e77],
    &[0x1e78, 0x1e79],
    &[0x1e7a, 0x1e7b],
    &[0x1e7c, 0x1e7d],
    &[0x1e7e, 0x1e7f],
    &[0x1e80, 0x1e81],
    &[0x1e82, 0x1e83],
    &[0x1e84, 0x1e85],
    &[0x1e86, 0x1e87],
    &[0x1e88, 0x1e89],
    &[0x1e8a, 0x1e8b],
    &[0x1e8c, 0x1e8d],
    &[0x1e8e, 0x1e8f],
    &[0x1e90, 0x1e91],
    &[0x1e92, 0x1e93],
    &[0x1e94, 0x1e95],
    &[0x1ea0, 0x1ea1],
    &[0x1ea2, 0x1ea3],
    &[0x1ea4, 0x1ea5],
    &[0x1ea6, 0x1ea7],
    &[0x1ea8, 0x1ea9],
    &[0x1eaa, 0x1eab],
    &[0x1eac, 0x1ead],
    &[0x1eae, 0x1eaf],
    &[0x1eb0, 0x1eb1],
    &[0x1eb2, 0x1eb3],
    &[0x1eb4, 0x1eb5],
    &[0x1eb6, 0x1eb7],
    &[0x1eb8, 0x1eb9],
    &[0x1eba, 0x1ebb],
    &[0x1ebc, 0x1ebd],
    &[0x1ebe, 0x1ebf],
    &[0x1ec0, 0x1ec1],
    &[0x1ec2, 0x1ec3],
    &[0x1ec4, 0x1ec5],
    &[0x1ec6, 0x1ec7],
    &[0x1ec8, 0x1ec9],
    &[0x1eca, 0x1ecb],
    &[0x1ecc, 0x1ecd],
    &[0x1ece, 0x1ecf],
    &[0x1ed0, 0x1ed1],
    &[0x1ed2, 0x1ed3],
    &[0x1ed4, 0x1ed5],
    &[0x1ed6, 0x1ed7],
    &[0x1ed8, 0x1ed9],
    &[0x1eda, 0x1edb],
    &[0x1edc, 0x1edd],
    &[0x1ede, 0x1edf],
    &[0x1ee0, 0x1ee1],
    &[0x1ee2, 0x1ee3],
    &[0x1ee4, 0x1ee5],
    &[0x1ee6, 0x1ee7],
    &[0x1ee8, 0x1ee9],
    &[0x1eea, 0x1eeb],
    &[0x1eec, 0x1eed],
    &[0x1eee, 0x1eef],
    &[0x1ef0, 0x1ef1],
    &[0x1ef2, 0x1ef3],
    &[0x1ef4, 0x1ef5],
    &[0x1ef6, 0x1ef7],
    &[0x1ef8, 0x1ef9],
    &[0x1efa, 0x1efb],
    &[0x1efc, 0x1efd],
    &[0x1efe, 0x1eff],
    &[0x1f00, 0x1f08],
    &[0x1f01, 0x1f09],
    &[0x1f02, 0x1f0a],
    &[0x1f03, 0x1f0b],
    &[0x1f04, 0x1f0c],
    &[0x1f05, 0x1f0d],
    &[0x1f06, 0x1f0e],
    &[0x1f07, 0x1f0f],
    &[0x1f10, 0x1f18],
    &[0x1f11, 0x1f19],
    &[0x1f12, 0x1f1a],
    &[0x1f13, 0x1f1b],
    &[0x1f14, 0x1f1c],
    &[0x1f15, 0x1f1d],
    &[0x1f20, 0x1f28],
    &[0x1f21, 0x1f29],
    &[0x1f22, 0x1f2a],
    &[0x1f23, 0x1f2b],
    &[0x1f24, 0x1f2c],
    &[0x1f25, 0x1f2d],
    &[0x1f26, 0x1f2e],
    &[0x1f27, 0x1f2f],
    &[0x1f30, 0x1f38],
    &[0x1f31, 0x1f39],
    &[0x1f32, 0x1f3a],
    &[0x1f33, 0x1f3b],
    &[0x1f34, 0x1f3c],
    &[0x1f35, 0x1f3d],
    &[0x1f36, 0x1f3e],
    &[0x1f37, 0x1f3f],
    &[0x1f40, 0x1f48],
    &[0x1f41, 0x1f49],
    &[0x1f42, 0x1f4a],
    &[0x1f43, 0x1f4b],
    &[0x1f44, 0x1f4c],
    &[0x1f45, 0x1f4d],
    &[0x1f51, 0x1f59],
    &[0x1f53, 0x1f5b],
    &[0x1f55, 0x1f5d],
    &[0x1f57, 0x1f5f],
    &[0x1f60, 0x1f68],
    &[0x1f61, 0x1f69],
    &[0x1f62, 0x1f6a],
    &[0x1f63, 0x1f6b],
    &[0x1f64, 0x1f6c],
    &[0x1f65, 0x1f6d],
    &[0x1f66, 0x1f6e],
    &[0x1f67, 0x1f6f],
    &[0x1f70, 0x1fba],
    &[0x1f71, 0x1fbb],
    &[0x1f72, 0x1fc8],
    &[0x1f73, 0x1fc9],
    &[0x1f74, 0x1fca],
    &[0x1f75, 0x1fcb],
    &[0x1f76, 0x1fda],
    &[0x1f77, 0x1fdb],
    &[0x1f78, 0x1ff8],
    &[0x1f79, 0x1ff9],
    &[0x1f7a, 0x1fea],
    &[0x1f7b, 0x1feb],
    &[0x1f7c, 0x1ffa],
    &[0x1f7d, 0x1ffb],
    &[0x1f80, 0x1f88],
    &[0x1f81, 0x1f89],
    &[0x1f82, 0x1f8a],
    &[0x1f83, 0x1f8b],
    &[0x1f84, 0x1f8c],
    &[0x1f85, 0x1f8d],
    &[0x1f86, 0x1f8e],
    &[0x1f87, 0x1f8f],
    &[0x1f90, 0x1f98],
    &[0x1f91, 0x1f99],
    &[0x1f92, 0x1f9a],
    &[0x1f93, 0x1f9b],
    &[0x1f94, 0x1f9c],
    &[0x1f95, 0x1f9d],
    &[0x1f96, 0x1f9e],
    &[0x1f97, 0x1f9f],
    &[0x1fa0, 0x1fa8],
    &[0x1fa1, 0x1fa9],
    &[0x1fa2, 0x1faa],
    &[0x1fa3, 0x1fab],
    &[0x1fa4, 0x1fac],
    &[0x1fa5, 0x1fad],
    &[0x1fa6, 0x1fae],
    &[0x1fa7, 0x1faf],
    &[0x1fb0, 0x1fb8],
    &[0x1fb1, 0x1fb9],
    &[0x1fb3, 0x1fbc],
    &[0x1fc3, 0x1fcc],
    &[0x1fd0, 0x1fd8],
    &[0x1fd1, 0x1fd9],
    &[0x1fe0, 0x1fe8],
    &[0x1fe1, 0x1fe9],
    &[0x1fe5, 0x1fec],
    &[0x1ff3, 0x1ffc],
    &[0x2132, 0x214e],
    &[0x2160, 0x2170],
    &[0x2161, 0x2171],
    &[0x2162, 0x2172],
    &[0x2163, 0x2173],
    &[0x2164, 0x2174],
    &[0x2165, 0x2175],
    &[0x2166, 0x2176],
    &[0x2167, 0x2177],
    &[0x2168, 0x2178],
    &[0x2169, 0x2179],
    &[0x216a, 0x217a],
    &[0x216b, 0x217b],
    &[0x216c, 0x217c],
    &[0x216d, 0x217d],
    &[0x216e, 0x217e],
    &[0x216f, 0x217f],
    &[0x2183, 0x2184],
    &[0x24b6, 0x24d0],
    &[0x24b7, 0x24d1],
    &[0x24b8, 0x24d2],
    &[0x24b9, 0x24d3],
    &[0x24ba, 0x24d4],
    &[0x24bb, 0x24d5],
    &[0x24bc, 0x24d6],
    &[0x24bd, 0x24d7],
    &[0x24be, 0x24d8],
    &[0x24bf, 0x24d9],
    &[0x24c0, 0x24da],
    &[0x24c1, 0x24db],
    &[0x24c2, 0x24dc],
    &[0x24c3, 0x24dd],
    &[0x24c4, 0x24de],
    &[0x24c5, 0x24df],
    &[0x24c6, 0x24e0],
    &[0x24c7, 0x24e1],
    &[0x24c8, 0x24e2],
    &[0x24c9, 0x24e3],
    &[0x24ca, 0x24e4],
    &[0x24cb, 0x24e5],
    &[0x24cc, 0x24e6],
    &[0x24cd, 0x24e7],
    &[0x24ce, 0x24e8],
    &[0x24cf, 0x24e9],
    &[0x2c00, 0x2c30],
    &[0x2c01, 0x2c31],
    &[0x2c02, 0x2c32],
    &[0x2c03, 0x2c33],
    &[0x2c04, 0x2c34],
    &[0x2c05, 0x2c35],
    &[0x2c06, 0x2c36],
    &[0x2c07, 0x2c37],
    &[0x2c08, 0x2c38],
    &[0x2c09, 0x2c39],
    &[0x2c0a, 0x2c3a],
    &[0x2c0b, 0x2c3b],
    &[0x2c0c, 0x2c3c],
    &[0x2c0d, 0x2c3d],
    &[0x2c0e, 0x2c3e],
    &[0x2c0f, 0x2c3f],
    &[0x2c10, 0x2c40],
    &[0x2c11, 0x2c41],
    &[0x2c12, 0x2c42],
    &[0x2c13, 0x2c43],
    &[0x2c14, 0x2c44],
    &[0x2c15, 0x2c45],
    &[0x2c16, 0x2c46],
    &[0x2c17, 0x2c47],
    &[0x2c18, 0x2c48],
    &[0x2c19, 0x2c49],
    &[0x2c1a, 0x2c4a],
    &[0x2c1b, 0x2c4b],
    &[0x2c1c, 0x2c4c],
    &[0x2c1d, 0x2c4d],
    &[0x2c1e, 0x2c4e],
    &[0x2c1f, 0x2c4f],
    &[0x2c20, 0x2c50],
    &[0x2c21, 0x2c51],
    &[0x2c22, 0x2c52],
    &[0x2c23, 0x2c53],
    &[0x2c24, 0x2c54],
    &[0x2c25, 0x2c55],
    &[0x2c26, 0x2c56],
    &[0x2c27, 0x2c57],
    &[0x2c28, 0x2c58],
    &[0x2c29, 0x2c59],
    &[0x2c2a, 0x2c5a],
    &[0x2c2b, 0x2c5b],
    &[0x2c2c, 0x2c5c],
    &[0x2c2d, 0x2c5d],
    &[0x2c2e, 0x2c5e],
    &[0x2c2f, 0x2c5f],
    &[0x2c60, 0x2c61],
    &[0x23a, 0x2c65],
    &[0x23e, 0x2c66],
    &[0x2c67, 0x2c68],
    &[0x2c69, 0x2c6a],
    &[0x2c6b, 0x2c6c],
    &[0x2c72, 0x2c73],
    &[0x2c75, 0x2c76],
    &[0x2c80, 0x2c81],
    &[0x2c82, 0x2c83],
    &[0x2c84, 0x2c85],
    &[0x2c86, 0x2c87],
    &[0x2c88, 0x2c89],
    &[0x2c8a, 0x2c8b],
    &[0x2c8c, 0x2c8d],
    &[0x2c8e, 0x2c8f],
    &[0x2c90, 0x2c91],
    &[0x2c92, 0x2c93],
    &[0x2c94, 0x2c95],
    &[0x2c96, 0x2c97],
    &[0x2c98, 0x2c99],
    &[0x2c9a, 0x2c9b],
    &[0x2c9c, 0x2c9d],
    &[0x2c9e, 0x2c9f],
    &[0x2ca0, 0x2ca1],
    &[0x2ca2, 0x2ca3],
    &[0x2ca4, 0x2ca5],
    &[0x2ca6, 0x2ca7],
    &[0x2ca8, 0x2ca9],
    &[0x2caa, 0x2cab],
    &[0x2cac, 0x2cad],
    &[0x2cae, 0x2caf],
    &[0x2cb0, 0x2cb1],
    &[0x2cb2, 0x2cb3],
    &[0x2cb4, 0x2cb5],
    &[0x2cb6, 0x2cb7],
    &[0x2cb8, 0x2cb9],
    &[0x2cba, 0x2cbb],
    &[0x2cbc, 0x2cbd],
    &[0x2cbe, 0x2cbf],
    &[0x2cc0, 0x2cc1],
    &[0x2cc2, 0x2cc3],
    &[0x2cc4, 0x2cc5],
    &[0x2cc6, 0x2cc7],
    &[0x2cc8, 0x2cc9],
    &[0x2cca, 0x2ccb],
    &[0x2ccc, 0x2ccd],
    &[0x2cce, 0x2ccf],
    &[0x2cd0, 0x2cd1],
    &[0x2cd2, 0x2cd3],
    &[0x2cd4, 0x2cd5],
    &[0x2cd6, 0x2cd7],
    &[0x2cd8, 0x2cd9],
    &[0x2cda, 0x2cdb],
    &[0x2cdc, 0x2cdd],
    &[0x2cde, 0x2cdf],
    &[0x2ce0, 0x2ce1],
    &[0x2ce2, 0x2ce3],
    &[0x2ceb, 0x2cec],
    &[0x2ced, 0x2cee],
    &[0x2cf2, 0x2cf3],
    &[0x10a0, 0x2d00],
    &[0x10a1, 0x2d01],
    &[0x10a2, 0x2d02],
    &[0x10a3, 0x2d03],
    &[0x10a4, 0x2d04],
    &[0x10a5, 0x2d05],
    &[0x10a6, 0x2d06],
    &[0x10a7, 0x2d07],
    &[0x10a8, 0x2d08],
    &[0x10a9, 0x2d09],
    &[0x10aa, 0x2d0a],
    &[0x10ab, 0x2d0b],
    &[0x10ac, 0x2d0c],
    &[0x10ad, 0x2d0d],
    &[0x10ae, 0x2d0e],
    &[0x10af, 0x2d0f],
    &[0x10b0, 0x2d10],
    &[0x10b1, 0x2d11],
    &[0x10b2, 0x2d12],
    &[0x10b3, 0x2d13],
    &[0x10b4, 0x2d14],
    &[0x10b5, 0x2d15],
    &[0x10b6, 0x2d16],
    &[0x10b7, 0x2d17],
    &[0x10b8, 0x2d18],
    &[0x10b9, 0x2d19],
    &[0x10ba, 0x2d1a],
    &[0x10bb, 0x2d1b],
    &[0x10bc, 0x2d1c],
    &[0x10bd, 0x2d1d],
    &[0x10be, 0x2d1e],
    &[0x10bf, 0x2d1f],
    &[0x10c0, 0x2d20],
    &[0x10c1, 0x2d21],
    &[0x10c2, 0x2d22],
    &[0x10c3, 0x2d23],
    &[0x10c4, 0x2d24],
    &[0x10c5, 0x2d25],
    &[0x10c7, 0x2d27],
    &[0x10cd, 0x2d2d],
    &[0xa640, 0xa641],
    &[0xa642, 0xa643],
    &[0xa644, 0xa645],
    &[0xa646, 0xa647],
    &[0xa648, 0xa649],
    &[0x1c88, 0xa64a, 0xa64b],
    &[0xa64c, 0xa64d],
    &[0xa64e, 0xa64f],
    &[0xa650, 0xa651],
    &[0xa652, 0xa653],
    &[0xa654, 0xa655],
    &[0xa656, 0xa657],
    &[0xa658, 0xa659],
    &[0xa65a, 0xa65b],
    &[0xa65c, 0xa65d],
    &[0xa65e, 0xa65f],
    &[0xa660, 0xa661],
    &[0xa662, 0xa663],
    &[0xa664, 0xa665],
    &[0xa666, 0xa667],
    &[0xa668, 0xa669],
    &[0xa66a, 0xa66b],
    &[0xa66c, 0xa66d],
    &[0xa680, 0xa681],
    &[0xa682, 0xa683],
    &[0xa684, 0xa685],
    &[0xa686, 0xa687],
    &[0xa688, 0xa689],
    &[0xa68a, 0xa68b],
    &[0xa68c, 0xa68d],
    &[0xa68e, 0xa68f],
    &[0xa690, 0xa691],
    &[0xa692, 0xa693],
    &[0xa694, 0xa695],
    &[0xa696, 0xa697],
    &[0xa698, 0xa699],
    &[0xa69a, 0xa69b],
    &[0xa722, 0xa723],
    &[0xa724, 0xa725],
    &[0xa726, 0xa727],
    &[0xa728, 0xa729],
    &[0xa72a, 0xa72b],
    &[0xa72c, 0xa72d],
    &[0xa72e, 0xa72f],
    &[0xa732, 0xa733],
    &[0xa734, 0xa735],
    &[0xa736, 0xa737],
    &[0xa738, 0xa739],
    &[0xa73a, 0xa73b],
    &[0xa73c, 0xa73d],
    &[0xa73e, 0xa73f],
    &[0xa740, 0xa741],
    &[0xa742, 0xa743],
    &[0xa744, 0xa745],
    &[0xa746, 0xa747],
    &[0xa748, 0xa749],
    &[0xa74a, 0xa74b],
    &[0xa74c, 0xa74d],
    &[0xa74e, 0xa74f],
    &[0xa750, 0xa751],
    &[0xa752, 0xa753],
    &[0xa754, 0xa755],
    &[0xa756, 0xa757],
    &[0xa758, 0xa759],
    &[0xa75a, 0xa75b],
    &[0xa75c, 0xa75d],
    &[0xa75e, 0xa75f],
    &[0xa760, 0xa761],
    &[0xa762, 0xa763],
    &[0xa764, 0xa765],
    &[0xa766, 0xa767],
    &[0xa768, 0xa769],
    &[0xa76a, 0xa76b],
    &[0xa76c, 0xa76d],
    &[0xa76e, 0xa76f],
    &[0xa779, 0xa77a],
    &[0xa77b, 0xa77c],
    &[0xa77e, 0xa77f],
    &[0xa780, 0xa781],
    &[0xa782, 0xa783],
    &[0xa784, 0xa785],
    &[0xa786, 0xa787],
    &[0xa78b, 0xa78c],
    &[0xa790, 0xa791],
    &[0xa792, 0xa793],
    &[0xa794, 0xa7c4],
    &[0xa796, 0xa797],
    &[0xa798, 0xa799],
    &[0xa79a, 0xa79b],
    &[0xa79c, 0xa79d],
    &[0xa79e, 0xa79f],
    &[0xa7a0, 0xa7a1],
    &[0xa7a2, 0xa7a3],
    &[0xa7a4, 0xa7a5],
    &[0xa7a6, 0xa7a7],
    &[0xa7a8, 0xa7a9],
    &[0xa7b4, 0xa7b5],
    &[0xa7b6, 0xa7b7],
    &[0xa7b8, 0xa7b9],
    &[0xa7ba, 0xa7bb],
    &[0xa7bc, 0xa7bd],
    &[0xa7be, 0xa7bf],
    &[0xa7c0, 0xa7c1],
    &[0xa7c2, 0xa7c3],
    &[0xa7c7, 0xa7c8],
    &[0xa7c9, 0xa7ca],
    &[0xa7cc, 0xa7cd],
    &[0xa7ce, 0xa7cf],
    &[0xa7d0, 0xa7d1],
    &[0xa7d2, 0xa7d3],
    &[0xa7d4, 0xa7d5],
    &[0xa7d6, 0xa7d7],
    &[0xa7d8, 0xa7d9],
    &[0xa7da, 0xa7db],
    &[0xa7f5, 0xa7f6],
    &[0xa7b3, 0xab53],
    &[0xfb05, 0xfb06],
    &[0xff21, 0xff41],
    &[0xff22, 0xff42],
    &[0xff23, 0xff43],
    &[0xff24, 0xff44],
    &[0xff25, 0xff45],
    &[0xff26, 0xff46],
    &[0xff27, 0xff47],
    &[0xff28, 0xff48],
    &[0xff29, 0xff49],
    &[0xff2a, 0xff4a],
    &[0xff2b, 0xff4b],
    &[0xff2c, 0xff4c],
    &[0xff2d, 0xff4d],
    &[0xff2e, 0xff4e],
    &[0xff2f, 0xff4f],
    &[0xff30, 0xff50],
    &[0xff31, 0xff51],
    &[0xff32, 0xff52],
    &[0xff33, 0xff53],
    &[0xff34, 0xff54],
    &[0xff35, 0xff55],
    &[0xff36, 0xff56],
    &[0xff37, 0xff57],
    &[0xff38, 0xff58],
    &[0xff39, 0xff59],
    &[0xff3a, 0xff5a],
    &[0x10400, 0x10428],
    &[0x10401, 0x10429],
    &[0x10402, 0x1042a],
    &[0x10403, 0x1042b],
    &[0x10404, 0x1042c],
    &[0x10405, 0x1042d],
    &[0x10406, 0x1042e],
    &[0x10407, 0x1042f],
    &[0x10408, 0x10430],
    &[0x10409, 0x10431],
    &[0x1040a, 0x10432],
    &[0x1040b, 0x10433],
    &[0x1040c, 0x10434],
    &[0x1040d, 0x10435],
    &[0x1040e, 0x10436],
    &[0x1040f, 0x10437],
    &[0x10410, 0x10438],
    &[0x10411, 0x10439],
    &[0x10412, 0x1043a],
    &[0x10413, 0x1043b],
    &[0x10414, 0x1043c],
    &[0x10415, 0x1043d],
    &[0x10416, 0x1043e],
    &[0x10417, 0x1043f],
    &[0x10418, 0x10440],
    &[0x10419, 0x10441],
    &[0x1041a, 0x10442],
    &[0x1041b, 0x10443],
    &[0x1041c, 0x10444],
    &[0x1041d, 0x10445],
    &[0x1041e, 0x10446],
    &[0x1041f, 0x10447],
    &[0x10420, 0x10448],
    &[0x10421, 0x10449],
    &[0x10422, 0x1044a],
    &[0x10423, 0x1044b],
    &[0x10424, 0x1044c],
    &[0x10425, 0x1044d],
    &[0x10426, 0x1044e],
    &[0x10427, 0x1044f],
    &[0x104b0, 0x104d8],
    &[0x104b1, 0x104d9],
    &[0x104b2, 0x104da],
    &[0x104b3, 0x104db],
    &[0x104b4, 0x104dc],
    &[0x104b5, 0x104dd],
    &[0x104b6, 0x104de],
    &[0x104b7, 0x104df],
    &[0x104b8, 0x104e0],
    &[0x104b9, 0x104e1],
    &[0x104ba, 0x104e2],
    &[0x104bb, 0x104e3],
    &[0x104bc, 0x104e4],
    &[0x104bd, 0x104e5],
    &[0x104be, 0x104e6],
    &[0x104bf, 0x104e7],
    &[0x104c0, 0x104e8],
    &[0x104c1, 0x104e9],
    &[0x104c2, 0x104ea],
    &[0x104c3, 0x104eb],
    &[0x104c4, 0x104ec],
    &[0x104c5, 0x104ed],
    &[0x104c6, 0x104ee],
    &[0x104c7, 0x104ef],
    &[0x104c8, 0x104f0],
    &[0x104c9, 0x104f1],
    &[0x104ca, 0x104f2],
    &[0x104cb, 0x104f3],
    &[0x104cc, 0x104f4],
    &[0x104cd, 0x104f5],
    &[0x104ce, 0x104f6],
    &[0x104cf, 0x104f7],
    &[0x104d0, 0x104f8],
    &[0x104d1, 0x104f9],
    &[0x104d2, 0x104fa],
    &[0x104d3, 0x104fb],
    &[0x10570, 0x10597],
    &[0x10571, 0x10598],
    &[0x10572, 0x10599],
    &[0x10573, 0x1059a],
    &[0x10574, 0x1059b],
    &[0x10575, 0x1059c],
    &[0x10576, 0x1059d],
    &[0x10577, 0x1059e],
    &[0x10578, 0x1059f],
    &[0x10579, 0x105a0],
    &[0x1057a, 0x105a1],
    &[0x1057c, 0x105a3],
    &[0x1057d, 0x105a4],
    &[0x1057e, 0x105a5],
    &[0x1057f, 0x105a6],
    &[0x10580, 0x105a7],
    &[0x10581, 0x105a8],
    &[0x10582, 0x105a9],
    &[0x10583, 0x105aa],
    &[0x10584, 0x105ab],
    &[0x10585, 0x105ac],
    &[0x10586, 0x105ad],
    &[0x10587, 0x105ae],
    &[0x10588, 0x105af],
    &[0x10589, 0x105b0],
    &[0x1058a, 0x105b1],
    &[0x1058c, 0x105b3],
    &[0x1058d, 0x105b4],
    &[0x1058e, 0x105b5],
    &[0x1058f, 0x105b6],
    &[0x10590, 0x105b7],
    &[0x10591, 0x105b8],
    &[0x10592, 0x105b9],
    &[0x10594, 0x105bb],
    &[0x10595, 0x105bc],
    &[0x10c80, 0x10cc0],
    &[0x10c81, 0x10cc1],
    &[0x10c82, 0x10cc2],
    &[0x10c83, 0x10cc3],
    &[0x10c84, 0x10cc4],
    &[0x10c85, 0x10cc5],
    &[0x10c86, 0x10cc6],
    &[0x10c87, 0x10cc7],
    &[0x10c88, 0x10cc8],
    &[0x10c89, 0x10cc9],
    &[0x10c8a, 0x10cca],
    &[0x10c8b, 0x10ccb],
    &[0x10c8c, 0x10ccc],
    &[0x10c8d, 0x10ccd],
    &[0x10c8e, 0x10cce],
    &[0x10c8f, 0x10ccf],
    &[0x10c90, 0x10cd0],
    &[0x10c91, 0x10cd1],
    &[0x10c92, 0x10cd2],
    &[0x10c93, 0x10cd3],
    &[0x10c94, 0x10cd4],
    &[0x10c95, 0x10cd5],
    &[0x10c96, 0x10cd6],
    &[0x10c97, 0x10cd7],
    &[0x10c98, 0x10cd8],
    &[0x10c99, 0x10cd9],
    &[0x10c9a, 0x10cda],
    &[0x10c9b, 0x10cdb],
    &[0x10c9c, 0x10cdc],
    &[0x10c9d, 0x10cdd],
    &[0x10c9e, 0x10cde],
    &[0x10c9f, 0x10cdf],
    &[0x10ca0, 0x10ce0],
    &[0x10ca1, 0x10ce1],
    &[0x10ca2, 0x10ce2],
    &[0x10ca3, 0x10ce3],
    &[0x10ca4, 0x10ce4],
    &[0x10ca5, 0x10ce5],
    &[0x10ca6, 0x10ce6],
    &[0x10ca7, 0x10ce7],
    &[0x10ca8, 0x10ce8],
    &[0x10ca9, 0x10ce9],
    &[0x10caa, 0x10cea],
    &[0x10cab, 0x10ceb],
    &[0x10cac, 0x10cec],
    &[0x10cad, 0x10ced],
    &[0x10cae, 0x10cee],
    &[0x10caf, 0x10cef],
    &[0x10cb0, 0x10cf0],
    &[0x10cb1, 0x10cf1],
    &[0x10cb2, 0x10cf2],
    &[0x10d50, 0x10d70],
    &[0x10d51, 0x10d71],
    &[0x10d52, 0x10d72],
    &[0x10d53, 0x10d73],
    &[0x10d54, 0x10d74],
    &[0x10d55, 0x10d75],
    &[0x10d56, 0x10d76],
    &[0x10d57, 0x10d77],
    &[0x10d58, 0x10d78],
    &[0x10d59, 0x10d79],
    &[0x10d5a, 0x10d7a],
    &[0x10d5b, 0x10d7b],
    &[0x10d5c, 0x10d7c],
    &[0x10d5d, 0x10d7d],
    &[0x10d5e, 0x10d7e],
    &[0x10d5f, 0x10d7f],
    &[0x10d60, 0x10d80],
    &[0x10d61, 0x10d81],
    &[0x10d62, 0x10d82],
    &[0x10d63, 0x10d83],
    &[0x10d64, 0x10d84],
    &[0x10d65, 0x10d85],
    &[0x118a0, 0x118c0],
    &[0x118a1, 0x118c1],
    &[0x118a2, 0x118c2],
    &[0x118a3, 0x118c3],
    &[0x118a4, 0x118c4],
    &[0x118a5, 0x118c5],
    &[0x118a6, 0x118c6],
    &[0x118a7, 0x118c7],
    &[0x118a8, 0x118c8],
    &[0x118a9, 0x118c9],
    &[0x118aa, 0x118ca],
    &[0x118ab, 0x118cb],
    &[0x118ac, 0x118cc],
    &[0x118ad, 0x118cd],
    &[0x118ae, 0x118ce],
    &[0x118af, 0x118cf],
    &[0x118b0, 0x118d0],
    &[0x118b1, 0x118d1],
    &[0x118b2, 0x118d2],
    &[0x118b3, 0x118d3],
    &[0x118b4, 0x118d4],
    &[0x118b5, 0x118d5],
    &[0x118b6, 0x118d6],
    &[0x118b7, 0x118d7],
    &[0x118b8, 0x118d8],
    &[0x118b9, 0x118d9],
    &[0x118ba, 0x118da],
    &[0x118bb, 0x118db],
    &[0x118bc, 0x118dc],
    &[0x118bd, 0x118dd],
    &[0x118be, 0x118de],
    &[0x118bf, 0x118df],
    &[0x16e40, 0x16e60],
    &[0x16e41, 0x16e61],
    &[0x16e42, 0x16e62],
    &[0x16e43, 0x16e63],
    &[0x16e44, 0x16e64],
    &[0x16e45, 0x16e65],
    &[0x16e46, 0x16e66],
    &[0x16e47, 0x16e67],
    &[0x16e48, 0x16e68],
    &[0x16e49, 0x16e69],
    &[0x16e4a, 0x16e6a],
    &[0x16e4b, 0x16e6b],
    &[0x16e4c, 0x16e6c],
    &[0x16e4d, 0x16e6d],
    &[0x16e4e, 0x16e6e],
    &[0x16e4f, 0x16e6f],
    &[0x16e50, 0x16e70],
    &[0x16e51, 0x16e71],
    &[0x16e52, 0x16e72],
    &[0x16e53, 0x16e73],
    &[0x16e54, 0x16e74],
    &[0x16e55, 0x16e75],
    &[0x16e56, 0x16e76],
    &[0x16e57, 0x16e77],
    &[0x16e58, 0x16e78],
    &[0x16e59, 0x16e79],
    &[0x16e5a, 0x16e7a],
    &[0x16e5b, 0x16e7b],
    &[0x16e5c, 0x16e7c],
    &[0x16e5d, 0x16e7d],
    &[0x16e5e, 0x16e7e],
    &[0x16e5f, 0x16e7f],
    &[0x16ea0, 0x16ebb],
    &[0x16ea1, 0x16ebc],
    &[0x16ea2, 0x16ebd],
    &[0x16ea3, 0x16ebe],
    &[0x16ea4, 0x16ebf],
    &[0x16ea5, 0x16ec0],
    &[0x16ea6, 0x16ec1],
    &[0x16ea7, 0x16ec2],
    &[0x16ea8, 0x16ec3],
    &[0x16ea9, 0x16ec4],
    &[0x16eaa, 0x16ec5],
    &[0x16eab, 0x16ec6],
    &[0x16eac, 0x16ec7],
    &[0x16ead, 0x16ec8],
    &[0x16eae, 0x16ec9],
    &[0x16eaf, 0x16eca],
    &[0x16eb0, 0x16ecb],
    &[0x16eb1, 0x16ecc],
    &[0x16eb2, 0x16ecd],
    &[0x16eb3, 0x16ece],
    &[0x16eb4, 0x16ecf],
    &[0x16eb5, 0x16ed0],
    &[0x16eb6, 0x16ed1],
    &[0x16eb7, 0x16ed2],
    &[0x16eb8, 0x16ed3],
    &[0x1e900, 0x1e922],
    &[0x1e901, 0x1e923],
    &[0x1e902, 0x1e924],
    &[0x1e903, 0x1e925],
    &[0x1e904, 0x1e926],
    &[0x1e905, 0x1e927],
    &[0x1e906, 0x1e928],
    &[0x1e907, 0x1e929],
    &[0x1e908, 0x1e92a],
    &[0x1e909, 0x1e92b],
    &[0x1e90a, 0x1e92c],
    &[0x1e90b, 0x1e92d],
    &[0x1e90c, 0x1e92e],
    &[0x1e90d, 0x1e92f],
    &[0x1e90e, 0x1e930],
    &[0x1e90f, 0x1e931],
    &[0x1e910, 0x1e932],
    &[0x1e911, 0x1e933],
    &[0x1e912, 0x1e934],
    &[0x1e913, 0x1e935],
    &[0x1e914, 0x1e936],
    &[0x1e915, 0x1e937],
    &[0x1e916, 0x1e938],
    &[0x1e917, 0x1e939],
    &[0x1e918, 0x1e93a],
    &[0x1e919, 0x1e93b],
    &[0x1e91a, 0x1e93c],
    &[0x1e91b, 0x1e93d],
    &[0x1e91c, 0x1e93e],
    &[0x1e91d, 0x1e93f],
    &[0x1e91e, 0x1e940],
    &[0x1e91f, 0x1e941],
    &[0x1e920, 0x1e942],
    &[0x1e921, 0x1e943],
];

pub static PROPERTY_NAMES: &[(&str, PropKind, u16)] = &[
    ("adlam", PropKind::Sc, 132),
    ("adlm", PropKind::Sc, 132),
    ("aghb", PropKind::Sc, 103),
    ("ahex", PropKind::Bool, 1),
    ("ahom", PropKind::Sc, 126),
    ("alpha", PropKind::Bool, 2),
    ("alphabetic", PropKind::Bool, 2),
    ("anatolianhieroglyphs", PropKind::Sc, 127),
    ("any", PropKind::Any, 0),
    ("arab", PropKind::Sc, 7),
    ("arabic", PropKind::Sc, 7),
    ("armenian", PropKind::Sc, 5),
    ("armi", PropKind::Sc, 87),
    ("armn", PropKind::Sc, 5),
    ("ascii", PropKind::Bool, 0),
    ("asciihexdigit", PropKind::Bool, 1),
    ("avestan", PropKind::Sc, 80),
    ("avst", PropKind::Sc, 80),
    ("bali", PropKind::Sc, 62),
    ("balinese", PropKind::Sc, 62),
    ("bamu", PropKind::Sc, 84),
    ("bamum", PropKind::Sc, 84),
    ("bass", PropKind::Sc, 104),
    ("bassavah", PropKind::Sc, 104),
    ("batak", PropKind::Sc, 93),
    ("batk", PropKind::Sc, 93),
    ("beng", PropKind::Sc, 11),
    ("bengali", PropKind::Sc, 11),
    ("berf", PropKind::Sc, 174),
    ("beriaerfe", PropKind::Sc, 174),
    ("bhaiksuki", PropKind::Sc, 133),
    ("bhks", PropKind::Sc, 133),
    ("bidial", PropKind::Bidi, 0),
    ("bidian", PropKind::Bidi, 1),
    ("bidib", PropKind::Bidi, 2),
    ("bidibn", PropKind::Bidi, 3),
    ("bidic", PropKind::Bool, 3),
    ("bidicontrol", PropKind::Bool, 3),
    ("bidics", PropKind::Bidi, 4),
    ("bidien", PropKind::Bidi, 5),
    ("bidies", PropKind::Bidi, 6),
    ("bidiet", PropKind::Bidi, 7),
    ("bidifsi", PropKind::Bidi, 8),
    ("bidil", PropKind::Bidi, 9),
    ("bidilre", PropKind::Bidi, 10),
    ("bidilri", PropKind::Bidi, 11),
    ("bidilro", PropKind::Bidi, 12),
    ("bidim", PropKind::Bool, 4),
    ("bidimirrored", PropKind::Bool, 4),
    ("bidinsm", PropKind::Bidi, 13),
    ("bidion", PropKind::Bidi, 14),
    ("bidipdf", PropKind::Bidi, 15),
    ("bidipdi", PropKind::Bidi, 16),
    ("bidir", PropKind::Bidi, 17),
    ("bidirle", PropKind::Bidi, 18),
    ("bidirli", PropKind::Bidi, 19),
    ("bidirlo", PropKind::Bidi, 20),
    ("bidis", PropKind::Bidi, 21),
    ("bidiws", PropKind::Bidi, 22),
    ("bopo", PropKind::Sc, 35),
    ("bopomofo", PropKind::Sc, 35),
    ("brah", PropKind::Sc, 94),
    ("brahmi", PropKind::Sc, 94),
    ("brai", PropKind::Sc, 53),
    ("braille", PropKind::Sc, 53),
    ("bugi", PropKind::Sc, 54),
    ("buginese", PropKind::Sc, 54),
    ("buhd", PropKind::Sc, 44),
    ("buhid", PropKind::Sc, 44),
    ("c", PropKind::Gc, 0),
    ("cakm", PropKind::Sc, 96),
    ("canadianaboriginal", PropKind::Sc, 28),
    ("cans", PropKind::Sc, 28),
    ("cari", PropKind::Sc, 75),
    ("carian", PropKind::Sc, 75),
    ("cased", PropKind::Bool, 6),
    ("caseignorable", PropKind::Bool, 5),
    ("caucasianalbanian", PropKind::Sc, 103),
    ("cc", PropKind::Pc, 0),
    ("cf", PropKind::Pc, 1),
    ("chakma", PropKind::Sc, 96),
    ("cham", PropKind::Sc, 77),
    ("changeswhencasefolded", PropKind::Bool, 7),
    ("changeswhencasemapped", PropKind::Bool, 8),
    ("changeswhenlowercased", PropKind::Bool, 9),
    ("changeswhentitlecased", PropKind::Bool, 10),
    ("changeswhenuppercased", PropKind::Bool, 11),
    ("cher", PropKind::Sc, 27),
    ("cherokee", PropKind::Sc, 27),
    ("chorasmian", PropKind::Sc, 153),
    ("chrs", PropKind::Sc, 153),
    ("ci", PropKind::Bool, 5),
    ("cn", PropKind::Pc, 2),
    ("co", PropKind::Pc, 3),
    ("common", PropKind::Sc, 1),
    ("copt", PropKind::Sc, 55),
    ("coptic", PropKind::Sc, 55),
    ("cpmn", PropKind::Sc, 157),
    ("cprt", PropKind::Sc, 52),
    ("cs", PropKind::Pc, 4),
    ("cuneiform", PropKind::Sc, 63),
    ("cwcf", PropKind::Bool, 7),
    ("cwcm", PropKind::Bool, 8),
    ("cwl", PropKind::Bool, 9),
    ("cwt", PropKind::Bool, 10),
    ("cwu", PropKind::Bool, 11),
    ("cypriot", PropKind::Sc, 52),
    ("cyprominoan", PropKind::Sc, 157),
    ("cyrillic", PropKind::Sc, 4),
    ("cyrl", PropKind::Sc, 4),
    ("dash", PropKind::Bool, 12),
    ("defaultignorablecodepoint", PropKind::Bool, 13),
    ("dep", PropKind::Bool, 14),
    ("deprecated", PropKind::Bool, 14),
    ("deseret", PropKind::Sc, 40),
    ("deva", PropKind::Sc, 10),
    ("devanagari", PropKind::Sc, 10),
    ("di", PropKind::Bool, 13),
    ("dia", PropKind::Bool, 15),
    ("diacritic", PropKind::Bool, 15),
    ("diak", PropKind::Sc, 154),
    ("divesakuru", PropKind::Sc, 154),
    ("dogr", PropKind::Sc, 142),
    ("dogra", PropKind::Sc, 142),
    ("dsrt", PropKind::Sc, 40),
    ("dupl", PropKind::Sc, 105),
    ("duployan", PropKind::Sc, 105),
    ("ebase", PropKind::Bool, 19),
    ("ecomp", PropKind::Bool, 17),
    ("egyp", PropKind::Sc, 81),
    ("egyptianhieroglyphs", PropKind::Sc, 81),
    ("elba", PropKind::Sc, 106),
    ("elbasan", PropKind::Sc, 106),
    ("elym", PropKind::Sc, 149),
    ("elymaic", PropKind::Sc, 149),
    ("emod", PropKind::Bool, 18),
    ("emoji", PropKind::Bool, 16),
    ("emojicomponent", PropKind::Bool, 17),
    ("emojimodifier", PropKind::Bool, 18),
    ("emojimodifierbase", PropKind::Bool, 19),
    ("emojipresentation", PropKind::Bool, 20),
    ("epres", PropKind::Bool, 20),
    ("ethi", PropKind::Sc, 26),
    ("ethiopic", PropKind::Sc, 26),
    ("ext", PropKind::Bool, 22),
    ("extendedpictographic", PropKind::Bool, 21),
    ("extender", PropKind::Bool, 22),
    ("extpict", PropKind::Bool, 21),
    ("gara", PropKind::Sc, 164),
    ("garay", PropKind::Sc, 164),
    ("geor", PropKind::Sc, 24),
    ("georgian", PropKind::Sc, 24),
    ("glag", PropKind::Sc, 57),
    ("glagolitic", PropKind::Sc, 57),
    ("gong", PropKind::Sc, 143),
    ("gonm", PropKind::Sc, 138),
    ("goth", PropKind::Sc, 39),
    ("gothic", PropKind::Sc, 39),
    ("gran", PropKind::Sc, 107),
    ("grantha", PropKind::Sc, 107),
    ("graphemebase", PropKind::Bool, 23),
    ("graphemeextend", PropKind::Bool, 24),
    ("graphemelink", PropKind::Bool, 25),
    ("grbase", PropKind::Bool, 23),
    ("greek", PropKind::Sc, 3),
    ("grek", PropKind::Sc, 3),
    ("grext", PropKind::Bool, 24),
    ("grlink", PropKind::Bool, 25),
    ("gujarati", PropKind::Sc, 13),
    ("gujr", PropKind::Sc, 13),
    ("gukh", PropKind::Sc, 165),
    ("gunjalagondi", PropKind::Sc, 143),
    ("gurmukhi", PropKind::Sc, 12),
    ("guru", PropKind::Sc, 12),
    ("gurungkhema", PropKind::Sc, 165),
    ("han", PropKind::Sc, 36),
    ("hang", PropKind::Sc, 25),
    ("hangul", PropKind::Sc, 25),
    ("hani", PropKind::Sc, 36),
    ("hanifirohingya", PropKind::Sc, 146),
    ("hano", PropKind::Sc, 43),
    ("hanunoo", PropKind::Sc, 43),
    ("hatr", PropKind::Sc, 128),
    ("hatran", PropKind::Sc, 128),
    ("hebr", PropKind::Sc, 6),
    ("hebrew", PropKind::Sc, 6),
    ("hex", PropKind::Bool, 26),
    ("hexdigit", PropKind::Bool, 26),
    ("hira", PropKind::Sc, 33),
    ("hiragana", PropKind::Sc, 33),
    ("hluw", PropKind::Sc, 127),
    ("hmng", PropKind::Sc, 108),
    ("hmnp", PropKind::Sc, 151),
    ("hung", PropKind::Sc, 130),
    ("idc", PropKind::Bool, 32),
    ("idcompatmathcontinue", PropKind::Bool, 30),
    ("idcompatmathstart", PropKind::Bool, 31),
    ("idcontinue", PropKind::Bool, 32),
    ("ideo", PropKind::Bool, 34),
    ("ideographic", PropKind::Bool, 34),
    ("ids", PropKind::Bool, 33),
    ("idsb", PropKind::Bool, 27),
    ("idsbinaryoperator", PropKind::Bool, 27),
    ("idst", PropKind::Bool, 28),
    ("idstart", PropKind::Bool, 33),
    ("idstrinaryoperator", PropKind::Bool, 28),
    ("idsu", PropKind::Bool, 29),
    ("idsunaryoperator", PropKind::Bool, 29),
    ("imperialaramaic", PropKind::Sc, 87),
    ("incb", PropKind::Bool, 35),
    ("inherited", PropKind::Sc, 41),
    ("inscriptionalpahlavi", PropKind::Sc, 90),
    ("inscriptionalparthian", PropKind::Sc, 89),
    ("ital", PropKind::Sc, 38),
    ("java", PropKind::Sc, 85),
    ("javanese", PropKind::Sc, 85),
    ("joinc", PropKind::Bool, 36),
    ("joincontrol", PropKind::Bool, 36),
    ("kaithi", PropKind::Sc, 92),
    ("kali", PropKind::Sc, 72),
    ("kana", PropKind::Sc, 34),
    ("kannada", PropKind::Sc, 17),
    ("katakana", PropKind::Sc, 34),
    ("kawi", PropKind::Sc, 162),
    ("kayahli", PropKind::Sc, 72),
    ("khar", PropKind::Sc, 61),
    ("kharoshthi", PropKind::Sc, 61),
    ("khitansmallscript", PropKind::Sc, 155),
    ("khmer", PropKind::Sc, 31),
    ("khmr", PropKind::Sc, 31),
    ("khoj", PropKind::Sc, 109),
    ("khojki", PropKind::Sc, 109),
    ("khudawadi", PropKind::Sc, 123),
    ("kiratrai", PropKind::Sc, 166),
    ("kits", PropKind::Sc, 155),
    ("knda", PropKind::Sc, 17),
    ("krai", PropKind::Sc, 166),
    ("kthi", PropKind::Sc, 92),
    ("l", PropKind::Gc, 1),
    ("l&", PropKind::Lamp, 0),
    ("lana", PropKind::Sc, 78),
    ("lao", PropKind::Sc, 21),
    ("laoo", PropKind::Sc, 21),
    ("latin", PropKind::Sc, 2),
    ("latn", PropKind::Sc, 2),
    ("lc", PropKind::Lamp, 0),
    ("lepc", PropKind::Sc, 68),
    ("lepcha", PropKind::Sc, 68),
    ("limb", PropKind::Sc, 46),
    ("limbu", PropKind::Sc, 46),
    ("lina", PropKind::Sc, 110),
    ("linb", PropKind::Sc, 48),
    ("lineara", PropKind::Sc, 110),
    ("linearb", PropKind::Sc, 48),
    ("lisu", PropKind::Sc, 83),
    ("ll", PropKind::Pc, 5),
    ("lm", PropKind::Pc, 6),
    ("lo", PropKind::Pc, 7),
    ("loe", PropKind::Bool, 37),
    ("logicalorderexception", PropKind::Bool, 37),
    ("lower", PropKind::Bool, 38),
    ("lowercase", PropKind::Bool, 38),
    ("lt", PropKind::Pc, 8),
    ("lu", PropKind::Pc, 9),
    ("lyci", PropKind::Sc, 74),
    ("lycian", PropKind::Sc, 74),
    ("lydi", PropKind::Sc, 76),
    ("lydian", PropKind::Sc, 76),
    ("m", PropKind::Gc, 2),
    ("mahajani", PropKind::Sc, 111),
    ("mahj", PropKind::Sc, 111),
    ("maka", PropKind::Sc, 144),
    ("makasar", PropKind::Sc, 144),
    ("malayalam", PropKind::Sc, 18),
    ("mand", PropKind::Sc, 95),
    ("mandaic", PropKind::Sc, 95),
    ("mani", PropKind::Sc, 112),
    ("manichaean", PropKind::Sc, 112),
    ("marc", PropKind::Sc, 134),
    ("marchen", PropKind::Sc, 134),
    ("masaramgondi", PropKind::Sc, 138),
    ("math", PropKind::Bool, 39),
    ("mc", PropKind::Pc, 10),
    ("mcm", PropKind::Bool, 40),
    ("me", PropKind::Pc, 11),
    ("medefaidrin", PropKind::Sc, 145),
    ("medf", PropKind::Sc, 145),
    ("meeteimayek", PropKind::Sc, 86),
    ("mend", PropKind::Sc, 113),
    ("mendekikakui", PropKind::Sc, 113),
    ("merc", PropKind::Sc, 97),
    ("mero", PropKind::Sc, 98),
    ("meroiticcursive", PropKind::Sc, 97),
    ("meroitichieroglyphs", PropKind::Sc, 98),
    ("miao", PropKind::Sc, 99),
    ("mlym", PropKind::Sc, 18),
    ("mn", PropKind::Pc, 12),
    ("modi", PropKind::Sc, 114),
    ("modifiercombiningmark", PropKind::Bool, 40),
    ("mong", PropKind::Sc, 32),
    ("mongolian", PropKind::Sc, 32),
    ("mro", PropKind::Sc, 115),
    ("mroo", PropKind::Sc, 115),
    ("mtei", PropKind::Sc, 86),
    ("mult", PropKind::Sc, 129),
    ("multani", PropKind::Sc, 129),
    ("myanmar", PropKind::Sc, 23),
    ("mymr", PropKind::Sc, 23),
    ("n", PropKind::Gc, 3),
    ("nabataean", PropKind::Sc, 117),
    ("nagm", PropKind::Sc, 163),
    ("nagmundari", PropKind::Sc, 163),
    ("nand", PropKind::Sc, 150),
    ("nandinagari", PropKind::Sc, 150),
    ("narb", PropKind::Sc, 116),
    ("nbat", PropKind::Sc, 117),
    ("nchar", PropKind::Bool, 41),
    ("nd", PropKind::Pc, 13),
    ("newa", PropKind::Sc, 135),
    ("newtailue", PropKind::Sc, 56),
    ("nko", PropKind::Sc, 66),
    ("nkoo", PropKind::Sc, 66),
    ("nl", PropKind::Pc, 14),
    ("no", PropKind::Pc, 15),
    ("noncharactercodepoint", PropKind::Bool, 41),
    ("nshu", PropKind::Sc, 139),
    ("nushu", PropKind::Sc, 139),
    ("nyiakengpuachuehmong", PropKind::Sc, 151),
    ("ogam", PropKind::Sc, 29),
    ("ogham", PropKind::Sc, 29),
    ("olchiki", PropKind::Sc, 69),
    ("olck", PropKind::Sc, 69),
    ("oldhungarian", PropKind::Sc, 130),
    ("olditalic", PropKind::Sc, 38),
    ("oldnortharabian", PropKind::Sc, 116),
    ("oldpermic", PropKind::Sc, 120),
    ("oldpersian", PropKind::Sc, 60),
    ("oldsogdian", PropKind::Sc, 148),
    ("oldsoutharabian", PropKind::Sc, 88),
    ("oldturkic", PropKind::Sc, 91),
    ("olduyghur", PropKind::Sc, 158),
    ("olonal", PropKind::Sc, 167),
    ("onao", PropKind::Sc, 167),
    ("oriya", PropKind::Sc, 14),
    ("orkh", PropKind::Sc, 91),
    ("orya", PropKind::Sc, 14),
    ("osage", PropKind::Sc, 136),
    ("osge", PropKind::Sc, 136),
    ("osma", PropKind::Sc, 51),
    ("osmanya", PropKind::Sc, 51),
    ("ougr", PropKind::Sc, 158),
    ("p", PropKind::Gc, 4),
    ("pahawhhmong", PropKind::Sc, 108),
    ("palm", PropKind::Sc, 118),
    ("palmyrene", PropKind::Sc, 118),
    ("patsyn", PropKind::Bool, 42),
    ("patternsyntax", PropKind::Bool, 42),
    ("patternwhitespace", PropKind::Bool, 43),
    ("patws", PropKind::Bool, 43),
    ("pauc", PropKind::Sc, 119),
    ("paucinhau", PropKind::Sc, 119),
    ("pc", PropKind::Pc, 16),
    ("pcm", PropKind::Bool, 44),
    ("pd", PropKind::Pc, 17),
    ("pe", PropKind::Pc, 18),
    ("perm", PropKind::Sc, 120),
    ("pf", PropKind::Pc, 19),
    ("phag", PropKind::Sc, 65),
    ("phagspa", PropKind::Sc, 65),
    ("phli", PropKind::Sc, 90),
    ("phlp", PropKind::Sc, 121),
    ("phnx", PropKind::Sc, 64),
    ("phoenician", PropKind::Sc, 64),
    ("pi", PropKind::Pc, 20),
    ("plrd", PropKind::Sc, 99),
    ("po", PropKind::Pc, 21),
    ("prependedconcatenationmark", PropKind::Bool, 44),
    ("prti", PropKind::Sc, 89),
    ("ps", PropKind::Pc, 22),
    ("psalterpahlavi", PropKind::Sc, 121),
    ("qaac", PropKind::Sc, 55),
    ("qaai", PropKind::Sc, 41),
    ("qmark", PropKind::Bool, 45),
    ("quotationmark", PropKind::Bool, 45),
    ("radical", PropKind::Bool, 46),
    ("regionalindicator", PropKind::Bool, 47),
    ("rejang", PropKind::Sc, 73),
    ("ri", PropKind::Bool, 47),
    ("rjng", PropKind::Sc, 73),
    ("rohg", PropKind::Sc, 146),
    ("runic", PropKind::Sc, 30),
    ("runr", PropKind::Sc, 30),
    ("s", PropKind::Gc, 5),
    ("samaritan", PropKind::Sc, 82),
    ("samr", PropKind::Sc, 82),
    ("sarb", PropKind::Sc, 88),
    ("saur", PropKind::Sc, 71),
    ("saurashtra", PropKind::Sc, 71),
    ("sc", PropKind::Pc, 23),
    ("sd", PropKind::Bool, 49),
    ("sentenceterminal", PropKind::Bool, 48),
    ("sgnw", PropKind::Sc, 131),
    ("sharada", PropKind::Sc, 100),
    ("shavian", PropKind::Sc, 50),
    ("shaw", PropKind::Sc, 50),
    ("shrd", PropKind::Sc, 100),
    ("sidd", PropKind::Sc, 122),
    ("siddham", PropKind::Sc, 122),
    ("sidetic", PropKind::Sc, 171),
    ("sidt", PropKind::Sc, 171),
    ("signwriting", PropKind::Sc, 131),
    ("sind", PropKind::Sc, 123),
    ("sinh", PropKind::Sc, 19),
    ("sinhala", PropKind::Sc, 19),
    ("sk", PropKind::Pc, 24),
    ("sm", PropKind::Pc, 25),
    ("so", PropKind::Pc, 26),
    ("softdotted", PropKind::Bool, 49),
    ("sogd", PropKind::Sc, 147),
    ("sogdian", PropKind::Sc, 147),
    ("sogo", PropKind::Sc, 148),
    ("sora", PropKind::Sc, 101),
    ("sorasompeng", PropKind::Sc, 101),
    ("soyo", PropKind::Sc, 140),
    ("soyombo", PropKind::Sc, 140),
    ("space", PropKind::Bool, 54),
    ("sterm", PropKind::Bool, 48),
    ("sund", PropKind::Sc, 67),
    ("sundanese", PropKind::Sc, 67),
    ("sunu", PropKind::Sc, 168),
    ("sunuwar", PropKind::Sc, 168),
    ("sylo", PropKind::Sc, 59),
    ("sylotinagri", PropKind::Sc, 59),
    ("syrc", PropKind::Sc, 8),
    ("syriac", PropKind::Sc, 8),
    ("tagalog", PropKind::Sc, 42),
    ("tagb", PropKind::Sc, 45),
    ("tagbanwa", PropKind::Sc, 45),
    ("taile", PropKind::Sc, 47),
    ("taitham", PropKind::Sc, 78),
    ("taiviet", PropKind::Sc, 79),
    ("taiyo", PropKind::Sc, 172),
    ("takr", PropKind::Sc, 102),
    ("takri", PropKind::Sc, 102),
    ("tale", PropKind::Sc, 47),
    ("talu", PropKind::Sc, 56),
    ("tamil", PropKind::Sc, 15),
    ("taml", PropKind::Sc, 15),
    ("tang", PropKind::Sc, 137),
    ("tangsa", PropKind::Sc, 159),
    ("tangut", PropKind::Sc, 137),
    ("tavt", PropKind::Sc, 79),
    ("tayo", PropKind::Sc, 172),
    ("telu", PropKind::Sc, 16),
    ("telugu", PropKind::Sc, 16),
    ("term", PropKind::Bool, 50),
    ("terminalpunctuation", PropKind::Bool, 50),
    ("tfng", PropKind::Sc, 58),
    ("tglg", PropKind::Sc, 42),
    ("thaa", PropKind::Sc, 9),
    ("thaana", PropKind::Sc, 9),
    ("thai", PropKind::Sc, 20),
    ("tibetan", PropKind::Sc, 22),
    ("tibt", PropKind::Sc, 22),
    ("tifinagh", PropKind::Sc, 58),
    ("tirh", PropKind::Sc, 124),
    ("tirhuta", PropKind::Sc, 124),
    ("tnsa", PropKind::Sc, 159),
    ("todhri", PropKind::Sc, 169),
    ("todr", PropKind::Sc, 169),
    ("tolongsiki", PropKind::Sc, 173),
    ("tols", PropKind::Sc, 173),
    ("toto", PropKind::Sc, 160),
    ("tulutigalari", PropKind::Sc, 170),
    ("tutg", PropKind::Sc, 170),
    ("ugar", PropKind::Sc, 49),
    ("ugaritic", PropKind::Sc, 49),
    ("uideo", PropKind::Bool, 51),
    ("unifiedideograph", PropKind::Bool, 51),
    ("unknown", PropKind::Sc, 0),
    ("upper", PropKind::Bool, 52),
    ("uppercase", PropKind::Bool, 52),
    ("vai", PropKind::Sc, 70),
    ("vaii", PropKind::Sc, 70),
    ("variationselector", PropKind::Bool, 53),
    ("vith", PropKind::Sc, 161),
    ("vithkuqi", PropKind::Sc, 161),
    ("vs", PropKind::Bool, 53),
    ("wancho", PropKind::Sc, 152),
    ("wara", PropKind::Sc, 125),
    ("warangciti", PropKind::Sc, 125),
    ("wcho", PropKind::Sc, 152),
    ("whitespace", PropKind::Bool, 54),
    ("wspace", PropKind::Bool, 54),
    ("xan", PropKind::Alnum, 0),
    ("xidc", PropKind::Bool, 55),
    ("xidcontinue", PropKind::Bool, 55),
    ("xids", PropKind::Bool, 56),
    ("xidstart", PropKind::Bool, 56),
    ("xpeo", PropKind::Sc, 60),
    ("xps", PropKind::PxSpace, 0),
    ("xsp", PropKind::Space, 0),
    ("xsux", PropKind::Sc, 63),
    ("xuc", PropKind::Ucnc, 0),
    ("xwd", PropKind::Word, 0),
    ("yezi", PropKind::Sc, 156),
    ("yezidi", PropKind::Sc, 156),
    ("yi", PropKind::Sc, 37),
    ("yiii", PropKind::Sc, 37),
    ("z", PropKind::Gc, 6),
    ("zanabazarsquare", PropKind::Sc, 141),
    ("zanb", PropKind::Sc, 141),
    ("zinh", PropKind::Sc, 41),
    ("zl", PropKind::Pc, 27),
    ("zp", PropKind::Pc, 28),
    ("zs", PropKind::Pc, 29),
    ("zyyy", PropKind::Sc, 1),
    ("zzzz", PropKind::Sc, 0),
];
