use super::super::colors::Colors;
use super::super::output::{LineInfo, LineKind, OutputConfig};
use super::{Dialect, Options, PatternSet, Scope};

type StatusCase = (&'static [u8], u8, &'static [u8], u8, u8);
type OnlyCase = (&'static [u8], &'static str, &'static [u8], &'static [u8]);
type PortCase = (
    u8,
    &'static [&'static [u8]],
    &'static [u8],
    u8,
    &'static [u8],
);

pub(super) const STATUS_CASES: &[StatusCase] = &[
    (b"\x61\x62\x63", 1, b"\x61\x62\x63", 0, 0),
    (b"\x61\x62\x63", 1, b"\x61\x62\x63", 1, 0),
    (b"\x61\x62\x63", 1, b"\x78\x62\x63", 0, 1),
    (b"\x61\x62\x63", 1, b"\x78\x62\x63", 1, 1),
    (b"\x61\x62\x63", 1, b"\x61\x78\x63", 0, 1),
    (b"\x61\x62\x63", 1, b"\x61\x78\x63", 1, 1),
    (b"\x61\x62\x63", 1, b"\x61\x62\x78", 0, 1),
    (b"\x61\x62\x63", 1, b"\x61\x62\x78", 1, 1),
    (b"\x61\x62\x63", 1, b"\x78\x61\x62\x63\x79", 0, 0),
    (b"\x61\x62\x63", 1, b"\x78\x61\x62\x63\x79", 1, 0),
    (b"\x61\x62\x63", 1, b"\x61\x62\x61\x62\x63", 0, 0),
    (b"\x61\x62\x63", 1, b"\x61\x62\x61\x62\x63", 1, 0),
    (b"\x61\x62\x2a\x63", 1, b"\x61\x62\x63", 0, 0),
    (b"\x61\x62\x2a\x63", 1, b"\x61\x62\x63", 1, 0),
    (b"\x61\x62\x2a\x62\x63", 1, b"\x61\x62\x63", 0, 0),
    (b"\x61\x62\x2a\x62\x63", 1, b"\x61\x62\x63", 1, 0),
    (b"\x61\x62\x2a\x62\x63", 1, b"\x61\x62\x62\x63", 0, 0),
    (b"\x61\x62\x2a\x62\x63", 1, b"\x61\x62\x62\x63", 1, 0),
    (b"\x61\x62\x2a\x62\x63", 1, b"\x61\x62\x62\x62\x62\x63", 0, 0),
    (b"\x61\x62\x2a\x62\x63", 1, b"\x61\x62\x62\x62\x62\x63", 1, 0),
    (b"\x61\x62\x2b\x62\x63", 1, b"\x61\x62\x62\x63", 0, 0),
    (b"\x61\x62\x2b\x62\x63", 1, b"\x61\x62\x62\x63", 1, 0),
    (b"\x61\x62\x2b\x62\x63", 1, b"\x61\x62\x63", 0, 1),
    (b"\x61\x62\x2b\x62\x63", 1, b"\x61\x62\x63", 1, 1),
    (b"\x61\x62\x2b\x62\x63", 1, b"\x61\x62\x71", 0, 1),
    (b"\x61\x62\x2b\x62\x63", 1, b"\x61\x62\x71", 1, 1),
    (b"\x61\x62\x2b\x62\x63", 1, b"\x61\x62\x62\x62\x62\x63", 0, 0),
    (b"\x61\x62\x2b\x62\x63", 1, b"\x61\x62\x62\x62\x62\x63", 1, 0),
    (b"\x61\x62\x3f\x62\x63", 1, b"\x61\x62\x62\x63", 0, 0),
    (b"\x61\x62\x3f\x62\x63", 1, b"\x61\x62\x62\x63", 1, 0),
    (b"\x61\x62\x3f\x62\x63", 1, b"\x61\x62\x63", 0, 0),
    (b"\x61\x62\x3f\x62\x63", 1, b"\x61\x62\x63", 1, 0),
    (b"\x61\x62\x3f\x62\x63", 1, b"\x61\x62\x62\x62\x62\x63", 0, 1),
    (b"\x61\x62\x3f\x62\x63", 1, b"\x61\x62\x62\x62\x62\x63", 1, 1),
    (b"\x61\x62\x3f\x63", 1, b"\x61\x62\x63", 0, 0),
    (b"\x61\x62\x3f\x63", 1, b"\x61\x62\x63", 1, 0),
    (b"\x5e\x61\x62\x63\x24", 1, b"\x61\x62\x63", 0, 0),
    (b"\x5e\x61\x62\x63\x24", 1, b"\x61\x62\x63", 1, 0),
    (b"\x5e\x61\x62\x63\x24", 1, b"\x61\x62\x63\x63", 0, 1),
    (b"\x5e\x61\x62\x63\x24", 1, b"\x61\x62\x63\x63", 1, 1),
    (b"\x5e\x61\x62\x63", 1, b"\x61\x62\x63\x63", 0, 0),
    (b"\x5e\x61\x62\x63", 1, b"\x61\x62\x63\x63", 1, 0),
    (b"\x5e\x61\x62\x63\x24", 1, b"\x61\x61\x62\x63", 0, 1),
    (b"\x5e\x61\x62\x63\x24", 1, b"\x61\x61\x62\x63", 1, 1),
    (b"\x61\x62\x63\x24", 1, b"\x61\x61\x62\x63", 0, 0),
    (b"\x61\x62\x63\x24", 1, b"\x61\x61\x62\x63", 1, 0),
    (b"\x5e", 1, b"\x61\x62\x63", 0, 0),
    (b"\x5e", 1, b"\x61\x62\x63", 1, 0),
    (b"\x24", 1, b"\x61\x62\x63", 0, 0),
    (b"\x24", 1, b"\x61\x62\x63", 1, 0),
    (b"\x61\x2e\x63", 1, b"\x61\x62\x63", 0, 0),
    (b"\x61\x2e\x63", 1, b"\x61\x62\x63", 1, 0),
    (b"\x61\x2e\x63", 1, b"\x61\x78\x63", 0, 0),
    (b"\x61\x2e\x63", 1, b"\x61\x78\x63", 1, 0),
    (b"\x61\x2e\x2a\x63", 1, b"\x61\x78\x79\x7a\x63", 0, 0),
    (b"\x61\x2e\x2a\x63", 1, b"\x61\x78\x79\x7a\x63", 1, 0),
    (b"\x61\x2e\x2a\x63", 1, b"\x61\x78\x79\x7a\x64", 0, 1),
    (b"\x61\x2e\x2a\x63", 1, b"\x61\x78\x79\x7a\x64", 1, 1),
    (b"\x61\x5b\x62\x63\x5d\x64", 1, b"\x61\x62\x63", 0, 1),
    (b"\x61\x5b\x62\x63\x5d\x64", 1, b"\x61\x62\x63", 1, 1),
    (b"\x61\x5b\x62\x63\x5d\x64", 1, b"\x61\x62\x64", 0, 0),
    (b"\x61\x5b\x62\x63\x5d\x64", 1, b"\x61\x62\x64", 1, 0),
    (b"\x61\x5b\x62\x2d\x64\x5d\x65", 1, b"\x61\x62\x64", 0, 1),
    (b"\x61\x5b\x62\x2d\x64\x5d\x65", 1, b"\x61\x62\x64", 1, 1),
    (b"\x61\x5b\x62\x2d\x64\x5d\x65", 1, b"\x61\x63\x65", 0, 0),
    (b"\x61\x5b\x62\x2d\x64\x5d\x65", 1, b"\x61\x63\x65", 1, 0),
    (b"\x61\x5b\x62\x2d\x64\x5d", 1, b"\x61\x61\x63", 0, 0),
    (b"\x61\x5b\x62\x2d\x64\x5d", 1, b"\x61\x61\x63", 1, 0),
    (b"\x61\x5b\x2d\x62\x5d", 1, b"\x61\x2d", 0, 0),
    (b"\x61\x5b\x2d\x62\x5d", 1, b"\x61\x2d", 1, 0),
    (b"\x61\x5b\x62\x2d\x5d", 1, b"\x61\x2d", 0, 0),
    (b"\x61\x5b\x62\x2d\x5d", 1, b"\x61\x2d", 1, 0),
    (b"\x61\x5b\x62\x2d\x61\x5d", 1, b"\x2d", 0, 2),
    (b"\x61\x5b\x62\x2d\x61\x5d", 1, b"\x2d", 1, 2),
    (b"\x61\x5b\x5d\x62", 1, b"\x2d", 0, 2),
    (b"\x61\x5b\x5d\x62", 1, b"\x2d", 1, 2),
    (b"\x61\x5b", 1, b"\x2d", 0, 2),
    (b"\x61\x5b", 1, b"\x2d", 1, 2),
    (b"\x61\x5d", 1, b"\x61\x5d", 0, 0),
    (b"\x61\x5d", 1, b"\x61\x5d", 1, 0),
    (b"\x61\x5b\x5d\x5d\x62", 1, b"\x61\x5d\x62", 0, 0),
    (b"\x61\x5b\x5d\x5d\x62", 1, b"\x61\x5d\x62", 1, 0),
    (b"\x61\x5b\x5e\x62\x63\x5d\x64", 1, b"\x61\x65\x64", 0, 0),
    (b"\x61\x5b\x5e\x62\x63\x5d\x64", 1, b"\x61\x65\x64", 1, 0),
    (b"\x61\x5b\x5e\x62\x63\x5d\x64", 1, b"\x61\x62\x64", 0, 1),
    (b"\x61\x5b\x5e\x62\x63\x5d\x64", 1, b"\x61\x62\x64", 1, 1),
    (b"\x61\x5b\x5e\x2d\x62\x5d\x63", 1, b"\x61\x64\x63", 0, 0),
    (b"\x61\x5b\x5e\x2d\x62\x5d\x63", 1, b"\x61\x64\x63", 1, 0),
    (b"\x61\x5b\x5e\x2d\x62\x5d\x63", 1, b"\x61\x2d\x63", 0, 1),
    (b"\x61\x5b\x5e\x2d\x62\x5d\x63", 1, b"\x61\x2d\x63", 1, 1),
    (b"\x61\x5b\x5e\x5d\x62\x5d\x63", 1, b"\x61\x5d\x63", 0, 1),
    (b"\x61\x5b\x5e\x5d\x62\x5d\x63", 1, b"\x61\x5d\x63", 1, 1),
    (b"\x61\x5b\x5e\x5d\x62\x5d\x63", 1, b"\x61\x64\x63", 0, 0),
    (b"\x61\x5b\x5e\x5d\x62\x5d\x63", 1, b"\x61\x64\x63", 1, 0),
    (b"\x61\x62\x7c\x63\x64", 1, b"\x61\x62\x63", 0, 0),
    (b"\x61\x62\x7c\x63\x64", 1, b"\x61\x62\x63", 1, 0),
    (b"\x61\x62\x7c\x63\x64", 1, b"\x61\x62\x63\x64", 0, 0),
    (b"\x61\x62\x7c\x63\x64", 1, b"\x61\x62\x63\x64", 1, 0),
    (b"\x28\x29\x65\x66", 1, b"\x64\x65\x66", 0, 0),
    (b"\x28\x29\x65\x66", 1, b"\x64\x65\x66", 1, 0),
    (b"\x28\x29\x2a", 1, b"\x2d", 0, 0),
    (b"\x28\x29\x2a", 1, b"\x2d", 1, 0),
    (b"\x2a\x61", 1, b"\x2d", 0, 1),
    (b"\x2a\x61", 1, b"\x2d", 1, 1),
    (b"\x5e\x2a", 1, b"\x2d", 0, 0),
    (b"\x5e\x2a", 1, b"\x2d", 1, 0),
    (b"\x24\x2a", 1, b"\x2d", 0, 0),
    (b"\x24\x2a", 1, b"\x2d", 1, 0),
    (b"\x28\x2a\x29\x62", 1, b"\x2d", 0, 2),
    (b"\x28\x2a\x29\x62", 1, b"\x2d", 1, 2),
    (b"\x24\x62", 1, b"\x62", 0, 1),
    (b"\x24\x62", 1, b"\x62", 1, 1),
    (b"\x61\x5c", 1, b"\x2d", 0, 2),
    (b"\x61\x5c", 1, b"\x2d", 1, 2),
    (b"\x61\x5c\x28\x62", 1, b"\x61\x28\x62", 0, 0),
    (b"\x61\x5c\x28\x62", 1, b"\x61\x28\x62", 1, 0),
    (b"\x61\x5c\x28\x2a\x62", 1, b"\x61\x62", 0, 0),
    (b"\x61\x5c\x28\x2a\x62", 1, b"\x61\x62", 1, 0),
    (b"\x61\x5c\x28\x2a\x62", 1, b"\x61\x28\x28\x62", 0, 0),
    (b"\x61\x5c\x28\x2a\x62", 1, b"\x61\x28\x28\x62", 1, 0),
    (b"\x61\x5c\x5c\x78", 1, b"\x61\x5c\x78", 0, 0),
    (b"\x61\x5c\x5c\x78", 1, b"\x61\x5c\x78", 1, 0),
    (b"\x61\x5b\x5c\x5d\x78", 1, b"\x61\x5c\x78", 0, 0),
    (b"\x61\x5b\x5c\x5d\x78", 1, b"\x61\x5c\x78", 1, 0),
    (b"\x61\x78", 1, b"\x61\x5c\x78", 0, 1),
    (b"\x61\x78", 1, b"\x61\x5c\x78", 1, 1),
    (b"\x61\x62\x63\x29", 1, b"\x2d", 0, 1),
    (b"\x61\x62\x63\x29", 1, b"\x2d", 1, 1),
    (b"\x28\x61\x62\x63", 1, b"\x2d", 0, 2),
    (b"\x28\x61\x62\x63", 1, b"\x2d", 1, 2),
    (b"\x28\x28\x61\x29\x29", 1, b"\x61\x62\x63", 0, 0),
    (b"\x28\x28\x61\x29\x29", 1, b"\x61\x62\x63", 1, 0),
    (b"\x28\x61\x29\x62\x28\x63\x29", 1, b"\x61\x62\x63", 0, 0),
    (b"\x28\x61\x29\x62\x28\x63\x29", 1, b"\x61\x62\x63", 1, 0),
    (b"\x61\x2b\x62\x2b\x63", 1, b"\x61\x61\x62\x62\x61\x62\x63", 0, 0),
    (b"\x61\x2b\x62\x2b\x63", 1, b"\x61\x61\x62\x62\x61\x62\x63", 1, 0),
    (b"\x61\x2a\x2a", 1, b"\x2d", 0, 0),
    (b"\x61\x2a\x2a", 1, b"\x2d", 1, 0),
    (b"\x61\x2a\x3f", 1, b"\x2d", 0, 0),
    (b"\x61\x2a\x3f", 1, b"\x2d", 1, 0),
    (b"\x28\x61\x2a\x29\x2a", 1, b"\x2d", 0, 0),
    (b"\x28\x61\x2a\x29\x2a", 1, b"\x2d", 1, 0),
    (b"\x28\x61\x2a\x29\x2b", 1, b"\x2d", 0, 0),
    (b"\x28\x61\x2a\x29\x2b", 1, b"\x2d", 1, 0),
    (b"\x28\x61\x7c\x29\x2a", 1, b"\x2d", 0, 0),
    (b"\x28\x61\x7c\x29\x2a", 1, b"\x2d", 1, 0),
    (b"\x28\x61\x2a\x7c\x62\x29\x2a", 1, b"\x2d", 0, 0),
    (b"\x28\x61\x2a\x7c\x62\x29\x2a", 1, b"\x2d", 1, 0),
    (b"\x28\x61\x2b\x7c\x62\x29\x2a", 1, b"\x61\x62", 0, 0),
    (b"\x28\x61\x2b\x7c\x62\x29\x2a", 1, b"\x61\x62", 1, 0),
    (b"\x28\x61\x2b\x7c\x62\x29\x2b", 1, b"\x61\x62", 0, 0),
    (b"\x28\x61\x2b\x7c\x62\x29\x2b", 1, b"\x61\x62", 1, 0),
    (b"\x28\x61\x2b\x7c\x62\x29\x3f", 1, b"\x61\x62", 0, 0),
    (b"\x28\x61\x2b\x7c\x62\x29\x3f", 1, b"\x61\x62", 1, 0),
    (b"\x5b\x5e\x61\x62\x5d\x2a", 1, b"\x63\x64\x65", 0, 0),
    (b"\x5b\x5e\x61\x62\x5d\x2a", 1, b"\x63\x64\x65", 1, 0),
    (b"\x28\x5e\x29\x2a", 1, b"\x2d", 0, 0),
    (b"\x28\x5e\x29\x2a", 1, b"\x2d", 1, 0),
    (b"\x28\x61\x62\x7c\x29\x2a", 1, b"\x2d", 0, 0),
    (b"\x28\x61\x62\x7c\x29\x2a", 1, b"\x2d", 1, 0),
    (b"\x29\x28", 1, b"\x2d", 0, 2),
    (b"\x29\x28", 1, b"\x2d", 1, 2),
    (b"\x61\x62\x63", 1, b"", 0, 1),
    (b"\x61\x62\x63", 1, b"", 1, 1),
    (b"\x61\x62\x63", 1, b"", 0, 1),
    (b"\x61\x62\x63", 1, b"", 1, 1),
    (b"\x61\x2a", 1, b"", 0, 0),
    (b"\x61\x2a", 1, b"", 1, 0),
    (b"\x28\x5b\x61\x62\x63\x5d\x29\x2a\x64", 1, b"\x61\x62\x62\x62\x63\x64", 0, 0),
    (b"\x28\x5b\x61\x62\x63\x5d\x29\x2a\x64", 1, b"\x61\x62\x62\x62\x63\x64", 1, 0),
    (b"\x28\x5b\x61\x62\x63\x5d\x29\x2a\x62\x63\x64", 1, b"\x61\x62\x63\x64", 0, 0),
    (b"\x28\x5b\x61\x62\x63\x5d\x29\x2a\x62\x63\x64", 1, b"\x61\x62\x63\x64", 1, 0),
    (b"\x61\x7c\x62\x7c\x63\x7c\x64\x7c\x65", 1, b"\x65", 0, 0),
    (b"\x61\x7c\x62\x7c\x63\x7c\x64\x7c\x65", 1, b"\x65", 1, 0),
    (b"\x28\x61\x7c\x62\x7c\x63\x7c\x64\x7c\x65\x29\x66", 1, b"\x65\x66", 0, 0),
    (b"\x28\x61\x7c\x62\x7c\x63\x7c\x64\x7c\x65\x29\x66", 1, b"\x65\x66", 1, 0),
    (b"\x28\x28\x61\x2a\x7c\x62\x29\x29\x2a", 1, b"\x2d", 0, 0),
    (b"\x28\x28\x61\x2a\x7c\x62\x29\x29\x2a", 1, b"\x2d", 1, 0),
    (b"\x61\x62\x63\x64\x2a\x65\x66\x67", 1, b"\x61\x62\x63\x64\x65\x66\x67", 0, 0),
    (b"\x61\x62\x63\x64\x2a\x65\x66\x67", 1, b"\x61\x62\x63\x64\x65\x66\x67", 1, 0),
    (b"\x61\x62\x2a", 1, b"\x78\x61\x62\x79\x61\x62\x62\x62\x7a", 0, 0),
    (b"\x61\x62\x2a", 1, b"\x78\x61\x62\x79\x61\x62\x62\x62\x7a", 1, 0),
    (b"\x61\x62\x2a", 1, b"\x78\x61\x79\x61\x62\x62\x62\x7a", 0, 0),
    (b"\x61\x62\x2a", 1, b"\x78\x61\x79\x61\x62\x62\x62\x7a", 1, 0),
    (b"\x28\x61\x62\x7c\x63\x64\x29\x65", 1, b"\x61\x62\x63\x64\x65", 0, 0),
    (b"\x28\x61\x62\x7c\x63\x64\x29\x65", 1, b"\x61\x62\x63\x64\x65", 1, 0),
    (b"\x5b\x61\x62\x68\x67\x65\x66\x64\x63\x5d\x69\x6a", 1, b"\x68\x69\x6a", 0, 0),
    (b"\x5b\x61\x62\x68\x67\x65\x66\x64\x63\x5d\x69\x6a", 1, b"\x68\x69\x6a", 1, 0),
    (b"\x5e\x28\x61\x62\x7c\x63\x64\x29\x65", 1, b"\x61\x62\x63\x64\x65", 0, 1),
    (b"\x5e\x28\x61\x62\x7c\x63\x64\x29\x65", 1, b"\x61\x62\x63\x64\x65", 1, 1),
    (b"\x28\x61\x62\x63\x7c\x29\x65\x66", 1, b"\x61\x62\x63\x64\x65\x66", 0, 0),
    (b"\x28\x61\x62\x63\x7c\x29\x65\x66", 1, b"\x61\x62\x63\x64\x65\x66", 1, 0),
    (b"\x28\x61\x7c\x62\x29\x63\x2a\x64", 1, b"\x61\x62\x63\x64", 0, 0),
    (b"\x28\x61\x7c\x62\x29\x63\x2a\x64", 1, b"\x61\x62\x63\x64", 1, 0),
    (b"\x28\x61\x62\x7c\x61\x62\x2a\x29\x62\x63", 1, b"\x61\x62\x63", 0, 0),
    (b"\x28\x61\x62\x7c\x61\x62\x2a\x29\x62\x63", 1, b"\x61\x62\x63", 1, 0),
    (b"\x61\x28\x5b\x62\x63\x5d\x2a\x29\x63\x2a", 1, b"\x61\x62\x63", 0, 0),
    (b"\x61\x28\x5b\x62\x63\x5d\x2a\x29\x63\x2a", 1, b"\x61\x62\x63", 1, 0),
    (b"\x61\x28\x5b\x62\x63\x5d\x2a\x29\x28\x63\x2a\x64\x29", 1, b"\x61\x62\x63\x64", 0, 0),
    (b"\x61\x28\x5b\x62\x63\x5d\x2a\x29\x28\x63\x2a\x64\x29", 1, b"\x61\x62\x63\x64", 1, 0),
    (b"\x61\x28\x5b\x62\x63\x5d\x2b\x29\x28\x63\x2a\x64\x29", 1, b"\x61\x62\x63\x64", 0, 0),
    (b"\x61\x28\x5b\x62\x63\x5d\x2b\x29\x28\x63\x2a\x64\x29", 1, b"\x61\x62\x63\x64", 1, 0),
    (b"\x61\x28\x5b\x62\x63\x5d\x2a\x29\x28\x63\x2b\x64\x29", 1, b"\x61\x62\x63\x64", 0, 0),
    (b"\x61\x28\x5b\x62\x63\x5d\x2a\x29\x28\x63\x2b\x64\x29", 1, b"\x61\x62\x63\x64", 1, 0),
    (b"\x61\x5b\x62\x63\x64\x5d\x2a\x64\x63\x64\x63\x64\x65", 1, b"\x61\x64\x63\x64\x63\x64\x65", 0, 0),
    (b"\x61\x5b\x62\x63\x64\x5d\x2a\x64\x63\x64\x63\x64\x65", 1, b"\x61\x64\x63\x64\x63\x64\x65", 1, 0),
    (b"\x61\x5b\x62\x63\x64\x5d\x2b\x64\x63\x64\x63\x64\x65", 1, b"\x61\x64\x63\x64\x63\x64\x65", 0, 1),
    (b"\x61\x5b\x62\x63\x64\x5d\x2b\x64\x63\x64\x63\x64\x65", 1, b"\x61\x64\x63\x64\x63\x64\x65", 1, 1),
    (b"\x28\x61\x62\x7c\x61\x29\x62\x2a\x63", 1, b"\x61\x62\x63", 0, 0),
    (b"\x28\x61\x62\x7c\x61\x29\x62\x2a\x63", 1, b"\x61\x62\x63", 1, 0),
    (b"\x28\x28\x61\x29\x28\x62\x29\x63\x29\x28\x64\x29", 1, b"\x61\x62\x63\x64", 0, 0),
    (b"\x28\x28\x61\x29\x28\x62\x29\x63\x29\x28\x64\x29", 1, b"\x61\x62\x63\x64", 1, 0),
    (b"\x5b\x41\x2d\x5a\x61\x2d\x7a\x5f\x5d\x5b\x41\x2d\x5a\x61\x2d\x7a\x30\x2d\x39\x5f\x5d\x2a", 1, b"\x61\x6c\x70\x68\x61", 0, 0),
    (b"\x5b\x41\x2d\x5a\x61\x2d\x7a\x5f\x5d\x5b\x41\x2d\x5a\x61\x2d\x7a\x30\x2d\x39\x5f\x5d\x2a", 1, b"\x61\x6c\x70\x68\x61", 1, 0),
    (b"\x5e\x61\x28\x62\x63\x2b\x7c\x62\x5b\x65\x68\x5d\x29\x67\x7c\x2e\x68\x24", 1, b"\x61\x62\x68", 0, 0),
    (b"\x5e\x61\x28\x62\x63\x2b\x7c\x62\x5b\x65\x68\x5d\x29\x67\x7c\x2e\x68\x24", 1, b"\x61\x62\x68", 1, 0),
    (b"\x28\x62\x63\x2b\x64\x24\x7c\x65\x66\x2a\x67\x2e\x7c\x68\x3f\x69\x28\x6a\x7c\x6b\x29\x29", 1, b"\x65\x66\x66\x67\x7a", 0, 0),
    (b"\x28\x62\x63\x2b\x64\x24\x7c\x65\x66\x2a\x67\x2e\x7c\x68\x3f\x69\x28\x6a\x7c\x6b\x29\x29", 1, b"\x65\x66\x66\x67\x7a", 1, 0),
    (b"\x28\x62\x63\x2b\x64\x24\x7c\x65\x66\x2a\x67\x2e\x7c\x68\x3f\x69\x28\x6a\x7c\x6b\x29\x29", 1, b"\x69\x6a", 0, 0),
    (b"\x28\x62\x63\x2b\x64\x24\x7c\x65\x66\x2a\x67\x2e\x7c\x68\x3f\x69\x28\x6a\x7c\x6b\x29\x29", 1, b"\x69\x6a", 1, 0),
    (b"\x28\x62\x63\x2b\x64\x24\x7c\x65\x66\x2a\x67\x2e\x7c\x68\x3f\x69\x28\x6a\x7c\x6b\x29\x29", 1, b"\x65\x66\x66\x67", 0, 1),
    (b"\x28\x62\x63\x2b\x64\x24\x7c\x65\x66\x2a\x67\x2e\x7c\x68\x3f\x69\x28\x6a\x7c\x6b\x29\x29", 1, b"\x65\x66\x66\x67", 1, 1),
    (b"\x28\x62\x63\x2b\x64\x24\x7c\x65\x66\x2a\x67\x2e\x7c\x68\x3f\x69\x28\x6a\x7c\x6b\x29\x29", 1, b"\x62\x63\x64\x64", 0, 1),
    (b"\x28\x62\x63\x2b\x64\x24\x7c\x65\x66\x2a\x67\x2e\x7c\x68\x3f\x69\x28\x6a\x7c\x6b\x29\x29", 1, b"\x62\x63\x64\x64", 1, 1),
    (b"\x28\x62\x63\x2b\x64\x24\x7c\x65\x66\x2a\x67\x2e\x7c\x68\x3f\x69\x28\x6a\x7c\x6b\x29\x29", 1, b"\x72\x65\x66\x66\x67\x7a", 0, 0),
    (b"\x28\x62\x63\x2b\x64\x24\x7c\x65\x66\x2a\x67\x2e\x7c\x68\x3f\x69\x28\x6a\x7c\x6b\x29\x29", 1, b"\x72\x65\x66\x66\x67\x7a", 1, 0),
    (b"\x28\x28\x28\x28\x28\x28\x28\x28\x28\x28\x61\x29\x29\x29\x29\x29\x29\x29\x29\x29\x29", 1, b"\x2d", 0, 1),
    (b"\x28\x28\x28\x28\x28\x28\x28\x28\x28\x28\x61\x29\x29\x29\x29\x29\x29\x29\x29\x29\x29", 1, b"\x2d", 1, 1),
    (b"\x28\x28\x28\x28\x28\x28\x28\x28\x28\x61\x29\x29\x29\x29\x29\x29\x29\x29\x29", 1, b"\x61", 0, 0),
    (b"\x28\x28\x28\x28\x28\x28\x28\x28\x28\x61\x29\x29\x29\x29\x29\x29\x29\x29\x29", 1, b"\x61", 1, 0),
    (b"\x63\x61\x7b\x30\x2c\x30\x7d\x62", 1, b"\x63\x62", 0, 0),
    (b"\x63\x61\x7b\x30\x2c\x30\x7d\x62", 1, b"\x63\x62", 1, 0),
    (b"\x63\x61\x7b\x30\x2c\x30\x7d\x62", 1, b"\x63\x61\x62", 0, 1),
    (b"\x63\x61\x7b\x30\x2c\x30\x7d\x62", 1, b"\x63\x61\x62", 1, 1),
    (b"\x63\x61\x7b\x30\x2c\x31\x7d\x62", 1, b"\x63\x62", 0, 0),
    (b"\x63\x61\x7b\x30\x2c\x31\x7d\x62", 1, b"\x63\x62", 1, 0),
    (b"\x63\x61\x7b\x30\x2c\x31\x7d\x62", 1, b"\x63\x61\x62", 0, 0),
    (b"\x63\x61\x7b\x30\x2c\x31\x7d\x62", 1, b"\x63\x61\x62", 1, 0),
    (b"\x63\x61\x7b\x30\x2c\x31\x7d\x62", 1, b"\x63\x61\x61\x62", 0, 1),
    (b"\x63\x61\x7b\x30\x2c\x31\x7d\x62", 1, b"\x63\x61\x61\x62", 1, 1),
    (b"\x63\x61\x7b\x31\x2c\x32\x7d\x62", 1, b"\x63\x62", 0, 1),
    (b"\x63\x61\x7b\x31\x2c\x32\x7d\x62", 1, b"\x63\x62", 1, 1),
    (b"\x63\x61\x7b\x31\x2c\x32\x7d\x62", 1, b"\x63\x61\x62", 0, 0),
    (b"\x63\x61\x7b\x31\x2c\x32\x7d\x62", 1, b"\x63\x61\x62", 1, 0),
    (b"\x63\x61\x7b\x31\x2c\x32\x7d\x62", 1, b"\x63\x61\x61\x62", 0, 0),
    (b"\x63\x61\x7b\x31\x2c\x32\x7d\x62", 1, b"\x63\x61\x61\x62", 1, 0),
    (b"\x63\x61\x7b\x31\x2c\x32\x7d\x62", 1, b"\x63\x61\x61\x61\x62", 0, 1),
    (b"\x63\x61\x7b\x31\x2c\x32\x7d\x62", 1, b"\x63\x61\x61\x61\x62", 1, 1),
    (b"\x6d\x75\x6c\x74\x69\x70\x6c\x65\x20\x77\x6f\x72\x64\x73\x20\x6f\x66\x20\x74\x65\x78\x74", 1, b"\x75\x68\x2d\x75\x68", 0, 1),
    (b"\x6d\x75\x6c\x74\x69\x70\x6c\x65\x20\x77\x6f\x72\x64\x73\x20\x6f\x66\x20\x74\x65\x78\x74", 1, b"\x75\x68\x2d\x75\x68", 1, 1),
    (b"\x6d\x75\x6c\x74\x69\x70\x6c\x65\x20\x77\x6f\x72\x64\x73", 1, b"\x6d\x75\x6c\x74\x69\x70\x6c\x65\x20\x77\x6f\x72\x64\x73\x2c\x20\x79\x65\x61\x68", 0, 0),
    (b"\x6d\x75\x6c\x74\x69\x70\x6c\x65\x20\x77\x6f\x72\x64\x73", 1, b"\x6d\x75\x6c\x74\x69\x70\x6c\x65\x20\x77\x6f\x72\x64\x73\x2c\x20\x79\x65\x61\x68", 1, 0),
    (b"\x28\x2e\x2a\x29\x63\x28\x2e\x2a\x29", 1, b"\x61\x62\x63\x64\x65", 0, 0),
    (b"\x28\x2e\x2a\x29\x63\x28\x2e\x2a\x29", 1, b"\x61\x62\x63\x64\x65", 1, 0),
    (b"\x5c\x28\x28\x2e\x2a\x29\x2c", 1, b"\x28\x2e\x2a\x29\x5c\x29", 0, 1),
    (b"\x5c\x28\x28\x2e\x2a\x29\x2c", 1, b"\x28\x2e\x2a\x29\x5c\x29", 1, 1),
    (b"\x5b\x6b\x5d", 1, b"\x61\x62", 0, 1),
    (b"\x5b\x6b\x5d", 1, b"\x61\x62", 1, 1),
    (b"\x61\x62\x63\x64", 1, b"\x61\x62\x63\x64", 0, 0),
    (b"\x61\x62\x63\x64", 1, b"\x61\x62\x63\x64", 1, 0),
    (b"\x61\x28\x62\x63\x29\x64", 1, b"\x61\x62\x63\x64", 0, 0),
    (b"\x61\x28\x62\x63\x29\x64", 1, b"\x61\x62\x63\x64", 1, 0),
    (b"\x61\x5b\x01\x2d\x03\x5d\x3f\x63", 1, b"\x61\x02\x63", 0, 0),
    (b"\x61\x5b\x01\x2d\x03\x5d\x3f\x63", 1, b"\x61\x02\x63", 1, 0),
    (b"\x61\x5b\x01\x02\x03\x5d\x3f\x63", 1, b"\x61\x02\x63", 0, 0),
    (b"\x61\x5b\x01\x02\x03\x5d\x3f\x63", 1, b"\x61\x02\x63", 1, 0),
    (b"\x28\x2e\x2e\x2e\x2e\x29\x2e\x2a\x5c\x31", 1, b"\x62\x65\x72\x69\x62\x65\x72\x69", 0, 0),
    (b"\x28\x2e\x2e\x2e\x2e\x29\x2e\x2a\x5c\x31", 1, b"\x62\x65\x72\x69\x62\x65\x72\x69", 1, 0),
    (b"\x28\x5e\x7c\x5c\x42\x29\x61", 1, b"\x61\x62\x63", 0, 0),
    (b"\x28\x5e\x7c\x5c\x42\x29\x61", 1, b"\x61\x62\x63", 1, 0),
    (b"\x28\x5e\x7c\x5c\x42\x29\x61", 1, b"\x78\x79\x7a\x61\x62\x63", 0, 0),
    (b"\x28\x5e\x7c\x5c\x42\x29\x61", 1, b"\x78\x79\x7a\x61\x62\x63", 1, 0),
    (b"\x28\x5e\x7c\x5c\x42\x29\x61", 1, b"\x78\x79\x7a\x20\x61\x62\x63", 0, 1),
    (b"\x28\x5e\x7c\x5c\x42\x29\x61", 1, b"\x78\x79\x7a\x20\x61\x62\x63", 1, 1),
    (b"\x5e\x61\x7c\x5c\x42\x61", 1, b"\x61\x62\x63", 0, 0),
    (b"\x5e\x61\x7c\x5c\x42\x61", 1, b"\x61\x62\x63", 1, 0),
    (b"\x5e\x61\x7c\x5c\x42\x61", 1, b"\x78\x79\x7a\x61\x62\x63", 0, 0),
    (b"\x5e\x61\x7c\x5c\x42\x61", 1, b"\x78\x79\x7a\x61\x62\x63", 1, 0),
    (b"\x5e\x61\x7c\x5c\x42\x61", 1, b"\x78\x79\x7a\x20\x61\x62\x63", 0, 1),
    (b"\x5e\x61\x7c\x5c\x42\x61", 1, b"\x78\x79\x7a\x20\x61\x62\x63", 1, 1),
    (b"\x28\x5e\x7c\x5c\x3e\x29\x61", 1, b"\x61\x62\x63", 0, 0),
    (b"\x28\x5e\x7c\x5c\x3e\x29\x61", 1, b"\x61\x62\x63", 1, 0),
    (b"\x28\x5e\x7c\x5c\x3e\x29\x61", 1, b"\x78\x79\x7a\x61\x62\x63", 0, 1),
    (b"\x28\x5e\x7c\x5c\x3e\x29\x61", 1, b"\x78\x79\x7a\x61\x62\x63", 1, 1),
    (b"\x28\x5e\x7c\x5c\x3e\x29\x61", 1, b"\x78\x79\x7a\x20\x61\x62\x63", 0, 1),
    (b"\x28\x5e\x7c\x5c\x3e\x29\x61", 1, b"\x78\x79\x7a\x20\x61\x62\x63", 1, 1),
    (b"\x5e\x61\x7c\x5c\x3e\x61", 1, b"\x61\x62\x63", 0, 0),
    (b"\x5e\x61\x7c\x5c\x3e\x61", 1, b"\x61\x62\x63", 1, 0),
    (b"\x5e\x61\x7c\x5c\x3e\x61", 1, b"\x78\x79\x7a\x61\x62\x63", 0, 1),
    (b"\x5e\x61\x7c\x5c\x3e\x61", 1, b"\x78\x79\x7a\x61\x62\x63", 1, 1),
    (b"\x5e\x61\x7c\x5c\x3e\x61", 1, b"\x78\x79\x7a\x20\x61\x62\x63", 0, 1),
    (b"\x5e\x61\x7c\x5c\x3e\x61", 1, b"\x78\x79\x7a\x20\x61\x62\x63", 1, 1),
    (b"\x61\x5c\x28\x62\x5c\x29\x63", 0, b"\x61\x62\x63", 0, 0),
    (b"\x61\x5c\x28\x62\x5c\x29\x63", 0, b"\x61\x62\x63", 1, 0),
    (b"\x61\x28", 0, b"\x61\x28", 0, 0),
    (b"\x61\x28", 0, b"\x61\x28", 1, 0),
    (b"\x61\x5c\x28", 0, b"\x45\x50\x41\x52\x45\x4e", 0, 2),
    (b"\x61\x5c\x28", 0, b"\x45\x50\x41\x52\x45\x4e", 1, 2),
    (b"\x61\x5c\x28\x62", 0, b"\x45\x50\x41\x52\x45\x4e", 0, 2),
    (b"\x61\x5c\x28\x62", 0, b"\x45\x50\x41\x52\x45\x4e", 1, 2),
    (b"\x61\x28\x62", 0, b"\x61\x28\x62", 0, 0),
    (b"\x61\x28\x62", 0, b"\x61\x28\x62", 1, 0),
    (b"\x61\x29", 0, b"\x61\x29", 0, 0),
    (b"\x61\x29", 0, b"\x61\x29", 1, 0),
    (b"\x61\x5c\x29", 0, b"\x45\x50\x41\x52\x45\x4e", 0, 2),
    (b"\x61\x5c\x29", 0, b"\x45\x50\x41\x52\x45\x4e", 1, 2),
    (b"\x5c\x29", 0, b"\x45\x50\x41\x52\x45\x4e", 0, 2),
    (b"\x5c\x29", 0, b"\x45\x50\x41\x52\x45\x4e", 1, 2),
    (b"\x61\x5c\x28\x5c\x29\x62", 0, b"\x61\x62", 0, 0),
    (b"\x61\x5c\x28\x5c\x29\x62", 0, b"\x61\x62", 1, 0),
    (b"\x61\x5e\x62", 0, b"\x61\x5e\x62", 0, 0),
    (b"\x61\x5e\x62", 0, b"\x61\x5e\x62", 1, 0),
    (b"\x61\x24\x62", 0, b"\x61\x24\x62", 0, 0),
    (b"\x61\x24\x62", 0, b"\x61\x24\x62", 1, 0),
    (b"\x5c\x28\x24\x5c\x29\x5c\x28\x5e\x5c\x29", 0, b"", 0, 0),
    (b"\x5c\x28\x24\x5c\x29\x5c\x28\x5e\x5c\x29", 0, b"", 1, 0),
    (b"\x61\x2a\x5c\x28\x5e\x62\x24\x5c\x29\x63\x2a", 0, b"\x62", 0, 0),
    (b"\x61\x2a\x5c\x28\x5e\x62\x24\x5c\x29\x63\x2a", 0, b"\x62", 1, 0),
    (b"\x7c", 0, b"\x7c", 0, 0),
    (b"\x7c", 0, b"\x7c", 1, 0),
    (b"\x2a", 0, b"\x2a", 0, 0),
    (b"\x2a", 0, b"\x2a", 1, 0),
    (b"\x5c\x28\x5c\x29", 0, b"\x61\x62\x63", 0, 0),
    (b"\x5c\x28\x5c\x29", 0, b"\x61\x62\x63", 1, 0),
    (b"\x5c\x28\x5c\x7b\x31\x5c\x7d\x61\x5c\x29", 0, b"\x42\x41\x44\x52\x50\x54", 0, 1),
    (b"\x5c\x28\x5c\x7b\x31\x5c\x7d\x61\x5c\x29", 0, b"\x42\x41\x44\x52\x50\x54", 1, 1),
    (b"\x5e\x2a", 0, b"\x2a", 0, 0),
    (b"\x5e\x2a", 0, b"\x2a", 1, 0),
    (b"\x5e\x5c\x7b\x31\x5c\x7d", 0, b"\x42\x41\x44\x52\x50\x54", 0, 1),
    (b"\x5e\x5c\x7b\x31\x5c\x7d", 0, b"\x42\x41\x44\x52\x50\x54", 1, 1),
    (b"\x7b", 0, b"\x7b", 0, 0),
    (b"\x7b", 0, b"\x7b", 1, 0),
    (b"\x61\x5c\x28\x62\x2a\x5c\x29\x63\x5c\x31\x64", 0, b"\x61\x62\x62\x63\x62\x64", 0, 1),
    (b"\x61\x5c\x28\x62\x2a\x5c\x29\x63\x5c\x31\x64", 0, b"\x61\x62\x62\x63\x62\x64", 1, 1),
    (b"\x61\x5c\x28\x62\x2a\x5c\x29\x63\x5c\x31\x64", 0, b"\x61\x62\x62\x63\x62\x62\x62\x64", 0, 1),
    (b"\x61\x5c\x28\x62\x2a\x5c\x29\x63\x5c\x31\x64", 0, b"\x61\x62\x62\x63\x62\x62\x62\x64", 1, 1),
    (b"\x5e\x5c\x28\x2e\x5c\x29\x5c\x31", 0, b"\x61\x62\x63", 0, 1),
    (b"\x5e\x5c\x28\x2e\x5c\x29\x5c\x31", 0, b"\x61\x62\x63", 1, 1),
    (b"\x61\x5c\x28\x5c\x28\x5b\x62\x63\x5d\x5c\x29\x5c\x32\x5c\x29\x2a\x64", 0, b"\x61\x62\x62\x63\x63\x64", 0, 0),
    (b"\x61\x5c\x28\x5c\x28\x5b\x62\x63\x5d\x5c\x29\x5c\x32\x5c\x29\x2a\x64", 0, b"\x61\x62\x62\x63\x63\x64", 1, 0),
    (b"\x61\x5c\x28\x5c\x28\x5b\x62\x63\x5d\x5c\x29\x5c\x32\x5c\x29\x2a\x64", 0, b"\x61\x62\x62\x63\x62\x64", 0, 1),
    (b"\x61\x5c\x28\x5c\x28\x5b\x62\x63\x5d\x5c\x29\x5c\x32\x5c\x29\x2a\x64", 0, b"\x61\x62\x62\x63\x62\x64", 1, 1),
    (b"\x61\x5c\x28\x5c\x28\x62\x5c\x29\x2a\x5c\x32\x5c\x29\x2a\x64", 0, b"\x61\x62\x62\x62\x64", 0, 0),
    (b"\x61\x5c\x28\x5c\x28\x62\x5c\x29\x2a\x5c\x32\x5c\x29\x2a\x64", 0, b"\x61\x62\x62\x62\x64", 1, 0),
    (b"\x5c\x28\x61\x5c\x29\x5c\x31\x62\x63\x64", 0, b"\x61\x61\x62\x63\x64", 0, 0),
    (b"\x5c\x28\x61\x5c\x29\x5c\x31\x62\x63\x64", 0, b"\x61\x61\x62\x63\x64", 1, 0),
    (b"\x5c\x28\x61\x5c\x29\x5c\x31\x62\x63\x2a\x64", 0, b"\x61\x61\x62\x63\x64", 0, 0),
    (b"\x5c\x28\x61\x5c\x29\x5c\x31\x62\x63\x2a\x64", 0, b"\x61\x61\x62\x63\x64", 1, 0),
    (b"\x5c\x28\x61\x5c\x29\x5c\x31\x62\x63\x2a\x64", 0, b"\x61\x61\x62\x64", 0, 0),
    (b"\x5c\x28\x61\x5c\x29\x5c\x31\x62\x63\x2a\x64", 0, b"\x61\x61\x62\x64", 1, 0),
    (b"\x5c\x28\x61\x5c\x29\x5c\x31\x62\x63\x2a\x64", 0, b"\x61\x61\x62\x63\x63\x63\x64", 0, 0),
    (b"\x5c\x28\x61\x5c\x29\x5c\x31\x62\x63\x2a\x64", 0, b"\x61\x61\x62\x63\x63\x63\x64", 1, 0),
    (b"\x5c\x28\x61\x5c\x29\x5c\x31\x62\x63\x2a\x5b\x63\x65\x5d\x64", 0, b"\x61\x61\x62\x63\x63\x63\x64", 0, 0),
    (b"\x5c\x28\x61\x5c\x29\x5c\x31\x62\x63\x2a\x5b\x63\x65\x5d\x64", 0, b"\x61\x61\x62\x63\x63\x63\x64", 1, 0),
    (b"\x5e\x5c\x28\x61\x5c\x29\x5c\x31\x62\x5c\x28\x63\x5c\x29\x2a\x63\x64\x24", 0, b"\x61\x61\x62\x63\x63\x63\x64", 0, 0),
    (b"\x5e\x5c\x28\x61\x5c\x29\x5c\x31\x62\x5c\x28\x63\x5c\x29\x2a\x63\x64\x24", 0, b"\x61\x61\x62\x63\x63\x63\x64", 1, 0),
    (b"\x61\x5c\x28\x2a\x5c\x29\x62", 0, b"\x61\x2a\x62", 0, 0),
    (b"\x61\x5c\x28\x2a\x5c\x29\x62", 0, b"\x61\x2a\x62", 1, 0),
    (b"\x61\x5c\x28\x2a\x2a\x5c\x29\x62", 0, b"\x61\x62", 0, 0),
    (b"\x61\x5c\x28\x2a\x2a\x5c\x29\x62", 0, b"\x61\x62", 1, 0),
    (b"\x61\x5c\x28\x2a\x2a\x2a\x5c\x29\x62", 0, b"\x42\x41\x44\x52\x50\x54", 0, 1),
    (b"\x61\x5c\x28\x2a\x2a\x2a\x5c\x29\x62", 0, b"\x42\x41\x44\x52\x50\x54", 1, 1),
    (b"\x2a\x61", 0, b"\x2a\x61", 0, 0),
    (b"\x2a\x61", 0, b"\x2a\x61", 1, 0),
    (b"\x2a\x2a\x61", 0, b"\x61", 0, 0),
    (b"\x2a\x2a\x61", 0, b"\x61", 1, 0),
    (b"\x2a\x2a\x2a\x61", 0, b"\x42\x41\x44\x52\x50\x54", 0, 1),
    (b"\x2a\x2a\x2a\x61", 0, b"\x42\x41\x44\x52\x50\x54", 1, 1),
    (b"\x61\x5c\x7b\x31\x5c\x7d\x62", 0, b"\x61\x62", 0, 0),
    (b"\x61\x5c\x7b\x31\x5c\x7d\x62", 0, b"\x61\x62", 1, 0),
    (b"\x61\x5c\x7b\x31\x2c\x5c\x7d\x62", 0, b"\x61\x62", 0, 0),
    (b"\x61\x5c\x7b\x31\x2c\x5c\x7d\x62", 0, b"\x61\x62", 1, 0),
    (b"\x61\x5c\x7b\x31\x2c\x32\x5c\x7d\x62", 0, b"\x61\x61\x62", 0, 0),
    (b"\x61\x5c\x7b\x31\x2c\x32\x5c\x7d\x62", 0, b"\x61\x61\x62", 1, 0),
    (b"\x61\x5c\x7b\x31", 0, b"\x45\x42\x52\x41\x43\x45", 0, 2),
    (b"\x61\x5c\x7b\x31", 0, b"\x45\x42\x52\x41\x43\x45", 1, 2),
    (b"\x61\x5c\x7b\x31\x61", 0, b"\x45\x42\x52\x41\x43\x45", 0, 2),
    (b"\x61\x5c\x7b\x31\x61", 0, b"\x45\x42\x52\x41\x43\x45", 1, 2),
    (b"\x61\x5c\x7b\x31\x61\x5c\x7d", 0, b"\x42\x41\x44\x42\x52", 0, 2),
    (b"\x61\x5c\x7b\x31\x61\x5c\x7d", 0, b"\x42\x41\x44\x42\x52", 1, 2),
    (b"\x61\x5c\x7b\x2c\x32\x5c\x7d", 0, b"\x61\x5c\x7b\x2c\x32\x5c\x7d", 0, 0),
    (b"\x61\x5c\x7b\x2c\x32\x5c\x7d", 0, b"\x61\x5c\x7b\x2c\x32\x5c\x7d", 1, 0),
    (b"\x61\x5c\x7b\x2c\x5c\x7d", 0, b"\x61\x5c\x7b\x2c\x5c\x7d", 0, 0),
    (b"\x61\x5c\x7b\x2c\x5c\x7d", 0, b"\x61\x5c\x7b\x2c\x5c\x7d", 1, 0),
    (b"\x61\x5c\x7b\x5c\x7d", 0, b"\x42\x41\x44\x42\x52", 0, 2),
    (b"\x61\x5c\x7b\x5c\x7d", 0, b"\x42\x41\x44\x42\x52", 1, 2),
    (b"\x61\x5c\x7b\x31\x2c\x78\x5c\x7d", 0, b"\x42\x41\x44\x42\x52", 0, 2),
    (b"\x61\x5c\x7b\x31\x2c\x78\x5c\x7d", 0, b"\x42\x41\x44\x42\x52", 1, 2),
    (b"\x61\x5c\x7b\x31\x2c\x78", 0, b"\x45\x42\x52\x41\x43\x45", 0, 2),
    (b"\x61\x5c\x7b\x31\x2c\x78", 0, b"\x45\x42\x52\x41\x43\x45", 1, 2),
    (b"\x61\x5c\x7b\x33\x32\x37\x36\x38\x5c\x7d", 0, b"\x42\x41\x44\x42\x52", 0, 2),
    (b"\x61\x5c\x7b\x33\x32\x37\x36\x38\x5c\x7d", 0, b"\x42\x41\x44\x42\x52", 1, 2),
    (b"\x61\x5c\x7b\x31\x2c\x30\x5c\x7d", 0, b"\x42\x41\x44\x42\x52", 0, 2),
    (b"\x61\x5c\x7b\x31\x2c\x30\x5c\x7d", 0, b"\x42\x41\x44\x42\x52", 1, 2),
    (b"\x61\x62\x5c\x7b\x30\x2c\x30\x5c\x7d\x63", 0, b"\x61\x62\x63\x61\x63", 0, 0),
    (b"\x61\x62\x5c\x7b\x30\x2c\x30\x5c\x7d\x63", 0, b"\x61\x62\x63\x61\x63", 1, 0),
    (b"\x61\x62\x5c\x7b\x30\x2c\x31\x5c\x7d\x63", 0, b"\x61\x62\x63\x61\x63", 0, 0),
    (b"\x61\x62\x5c\x7b\x30\x2c\x31\x5c\x7d\x63", 0, b"\x61\x62\x63\x61\x63", 1, 0),
    (b"\x61\x62\x5c\x7b\x30\x2c\x33\x5c\x7d\x63", 0, b"\x61\x62\x62\x63\x61\x63", 0, 0),
    (b"\x61\x62\x5c\x7b\x30\x2c\x33\x5c\x7d\x63", 0, b"\x61\x62\x62\x63\x61\x63", 1, 0),
    (b"\x61\x62\x5c\x7b\x31\x2c\x31\x5c\x7d\x63", 0, b"\x61\x63\x61\x62\x63", 0, 0),
    (b"\x61\x62\x5c\x7b\x31\x2c\x31\x5c\x7d\x63", 0, b"\x61\x63\x61\x62\x63", 1, 0),
    (b"\x61\x62\x5c\x7b\x31\x2c\x33\x5c\x7d\x63", 0, b"\x61\x63\x61\x62\x63", 0, 0),
    (b"\x61\x62\x5c\x7b\x31\x2c\x33\x5c\x7d\x63", 0, b"\x61\x63\x61\x62\x63", 1, 0),
    (b"\x61\x62\x5c\x7b\x32\x2c\x32\x5c\x7d\x63", 0, b"\x61\x62\x63\x61\x62\x62\x63", 0, 0),
    (b"\x61\x62\x5c\x7b\x32\x2c\x32\x5c\x7d\x63", 0, b"\x61\x62\x63\x61\x62\x62\x63", 1, 0),
    (b"\x61\x62\x5c\x7b\x32\x2c\x34\x5c\x7d\x63", 0, b"\x61\x62\x63\x61\x62\x62\x63", 0, 0),
    (b"\x61\x62\x5c\x7b\x32\x2c\x34\x5c\x7d\x63", 0, b"\x61\x62\x63\x61\x62\x62\x63", 1, 0),
    (b"\x61\x5c\x7b\x31\x5c\x7d\x5c\x7b\x31\x5c\x7d", 0, b"\x42\x41\x44\x52\x50\x54", 0, 1),
    (b"\x61\x5c\x7b\x31\x5c\x7d\x5c\x7b\x31\x5c\x7d", 0, b"\x42\x41\x44\x52\x50\x54", 1, 1),
    (b"\x61\x2a\x5c\x7b\x31\x5c\x7d", 0, b"\x42\x41\x44\x52\x50\x54", 0, 0),
    (b"\x61\x2a\x5c\x7b\x31\x5c\x7d", 0, b"\x42\x41\x44\x52\x50\x54", 1, 0),
    (b"\x61\x5c\x7b\x31\x5c\x7d\x2a", 0, b"\x42\x41\x44\x52\x50\x54", 0, 0),
    (b"\x61\x5c\x7b\x31\x5c\x7d\x2a", 0, b"\x42\x41\x44\x52\x50\x54", 1, 0),
    (b"\x61\x5c\x28\x62\x5c\x29\x3f\x63\x5c\x31\x64", 0, b"\x61\x63\x64", 0, 1),
    (b"\x61\x5c\x28\x62\x5c\x29\x3f\x63\x5c\x31\x64", 0, b"\x61\x63\x64", 1, 1),
    (b"\x2d\x5c\x7b\x30\x2c\x31\x5c\x7d\x5b\x30\x2d\x39\x5d\x2a\x24", 0, b"\x2d\x35", 0, 0),
    (b"\x2d\x5c\x7b\x30\x2c\x31\x5c\x7d\x5b\x30\x2d\x39\x5d\x2a\x24", 0, b"\x2d\x35", 1, 0),
    (b"\x62\x5c\x7b\x31\x30\x30\x30\x30\x30\x30\x30\x30\x30\x5c\x7d", 0, b"\x45\x53\x49\x5a\x45", 0, 2),
    (b"\x62\x5c\x7b\x31\x30\x30\x30\x30\x30\x30\x30\x30\x30\x5c\x7d", 0, b"\x45\x53\x49\x5a\x45", 1, 2),
    (b"\x61", 1, b"\x61", 0, 0),
    (b"\x61", 1, b"\x61", 1, 0),
    (b"\x61\x62\x63", 1, b"\x61\x62\x63", 0, 0),
    (b"\x61\x62\x63", 1, b"\x61\x62\x63", 1, 0),
    (b"\x61\x62\x63\x7c\x64\x65", 1, b"\x61\x62\x63", 0, 0),
    (b"\x61\x62\x63\x7c\x64\x65", 1, b"\x61\x62\x63", 1, 0),
    (b"\x61\x7c\x62\x7c\x63", 1, b"\x61\x62\x63", 0, 0),
    (b"\x61\x7c\x62\x7c\x63", 1, b"\x61\x62\x63", 1, 0),
    (b"\x61\x28\x62\x29\x63", 1, b"\x61\x62\x63", 0, 0),
    (b"\x61\x28\x62\x29\x63", 1, b"\x61\x62\x63", 1, 0),
    (b"\x61\x28", 1, b"\x45\x50\x41\x52\x45\x4e", 0, 2),
    (b"\x61\x28", 1, b"\x45\x50\x41\x52\x45\x4e", 1, 2),
    (b"\x61\x5c\x28", 1, b"\x61\x28", 0, 0),
    (b"\x61\x5c\x28", 1, b"\x61\x28", 1, 0),
    (b"\x61\x28\x62", 1, b"\x45\x50\x41\x52\x45\x4e", 0, 2),
    (b"\x61\x28\x62", 1, b"\x45\x50\x41\x52\x45\x4e", 1, 2),
    (b"\x61\x29", 1, b"\x61\x29", 0, 0),
    (b"\x61\x29", 1, b"\x61\x29", 1, 0),
    (b"\x29", 1, b"\x29", 0, 0),
    (b"\x29", 1, b"\x29", 1, 0),
    (b"\x61\x28\x29\x62", 1, b"\x61\x62", 0, 0),
    (b"\x61\x28\x29\x62", 1, b"\x61\x62", 1, 0),
    (b"\x5e\x61\x62\x63\x24", 1, b"\x61\x62\x63", 0, 0),
    (b"\x5e\x61\x62\x63\x24", 1, b"\x61\x62\x63", 1, 0),
    (b"\x61\x5e\x62", 1, b"\x61\x5e\x62", 0, 1),
    (b"\x61\x5e\x62", 1, b"\x61\x5e\x62", 1, 1),
    (b"\x61\x24\x62", 1, b"\x61\x24\x62", 0, 1),
    (b"\x61\x24\x62", 1, b"\x61\x24\x62", 1, 1),
    (b"\x5e", 1, b"\x61\x62\x63", 0, 0),
    (b"\x5e", 1, b"\x61\x62\x63", 1, 0),
    (b"\x24", 1, b"\x61\x62\x63", 0, 0),
    (b"\x24", 1, b"\x61\x62\x63", 1, 0),
    (b"\x5e\x24", 1, b"", 0, 0),
    (b"\x5e\x24", 1, b"", 1, 0),
    (b"\x24\x5e", 1, b"", 0, 0),
    (b"\x24\x5e", 1, b"", 1, 0),
    (b"\x5e\x5e", 1, b"", 0, 0),
    (b"\x5e\x5e", 1, b"", 1, 0),
    (b"\x24\x24", 1, b"", 0, 0),
    (b"\x24\x24", 1, b"", 1, 0),
    (b"\x61\x2a\x28\x5e\x62\x24\x29\x63\x2a", 1, b"\x62", 0, 0),
    (b"\x61\x2a\x28\x5e\x62\x24\x29\x63\x2a", 1, b"\x62", 1, 0),
    (b"\x7c", 1, b"\x45\x4d\x50\x54\x59", 0, 0),
    (b"\x7c", 1, b"\x45\x4d\x50\x54\x59", 1, 0),
    (b"\x2a", 1, b"\x42\x41\x44\x52\x50\x54", 0, 0),
    (b"\x2a", 1, b"\x42\x41\x44\x52\x50\x54", 1, 0),
    (b"\x2b", 1, b"\x42\x41\x44\x52\x50\x54", 0, 0),
    (b"\x2b", 1, b"\x42\x41\x44\x52\x50\x54", 1, 0),
    (b"\x3f", 1, b"\x42\x41\x44\x52\x50\x54", 0, 0),
    (b"\x3f", 1, b"\x42\x41\x44\x52\x50\x54", 1, 0),
    (b"\x26\x43", 1, b"\x50\x41\x53\x53", 0, 1),
    (b"\x26\x43", 1, b"\x50\x41\x53\x53", 1, 1),
    (b"\x28\x29", 1, b"\x61\x62\x63", 0, 0),
    (b"\x28\x29", 1, b"\x61\x62\x63", 1, 0),
    (b"\x61\x7c\x7c\x62", 1, b"\x45\x4d\x50\x54\x59", 0, 0),
    (b"\x61\x7c\x7c\x62", 1, b"\x45\x4d\x50\x54\x59", 1, 0),
    (b"\x7c\x61\x62", 1, b"\x45\x4d\x50\x54\x59", 0, 0),
    (b"\x7c\x61\x62", 1, b"\x45\x4d\x50\x54\x59", 1, 0),
    (b"\x61\x62\x7c", 1, b"\x45\x4d\x50\x54\x59", 0, 0),
    (b"\x61\x62\x7c", 1, b"\x45\x4d\x50\x54\x59", 1, 0),
    (b"\x28\x7c\x61\x29\x62", 1, b"\x45\x4d\x50\x54\x59", 0, 1),
    (b"\x28\x7c\x61\x29\x62", 1, b"\x45\x4d\x50\x54\x59", 1, 1),
    (b"\x28\x61\x7c\x29\x62", 1, b"\x45\x4d\x50\x54\x59", 0, 1),
    (b"\x28\x61\x7c\x29\x62", 1, b"\x45\x4d\x50\x54\x59", 1, 1),
    (b"\x28\x2a\x61\x29", 1, b"\x42\x41\x44\x52\x50\x54", 0, 1),
    (b"\x28\x2a\x61\x29", 1, b"\x42\x41\x44\x52\x50\x54", 1, 1),
    (b"\x28\x2b\x61\x29", 1, b"\x42\x41\x44\x52\x50\x54", 0, 1),
    (b"\x28\x2b\x61\x29", 1, b"\x42\x41\x44\x52\x50\x54", 1, 1),
    (b"\x28\x3f\x61\x29", 1, b"\x42\x41\x44\x52\x50\x54", 0, 1),
    (b"\x28\x3f\x61\x29", 1, b"\x42\x41\x44\x52\x50\x54", 1, 1),
    (b"\x28\x7b\x31\x7d\x61\x29", 1, b"\x42\x41\x44\x52\x50\x54", 0, 1),
    (b"\x28\x7b\x31\x7d\x61\x29", 1, b"\x42\x41\x44\x52\x50\x54", 1, 1),
    (b"\x28\x61\x7c\x2a\x62\x29", 1, b"\x42\x41\x44\x52\x50\x54", 0, 1),
    (b"\x28\x61\x7c\x2a\x62\x29", 1, b"\x42\x41\x44\x52\x50\x54", 1, 1),
    (b"\x28\x61\x7c\x2b\x62\x29", 1, b"\x42\x41\x44\x52\x50\x54", 0, 1),
    (b"\x28\x61\x7c\x2b\x62\x29", 1, b"\x42\x41\x44\x52\x50\x54", 1, 1),
    (b"\x28\x61\x7c\x3f\x62\x29", 1, b"\x42\x41\x44\x52\x50\x54", 0, 1),
    (b"\x28\x61\x7c\x3f\x62\x29", 1, b"\x42\x41\x44\x52\x50\x54", 1, 1),
    (b"\x28\x61\x7c\x7b\x31\x7d\x62\x29", 1, b"\x42\x41\x44\x52\x50\x54", 0, 1),
    (b"\x28\x61\x7c\x7b\x31\x7d\x62\x29", 1, b"\x42\x41\x44\x52\x50\x54", 1, 1),
    (b"\x5e\x2a", 1, b"\x42\x41\x44\x52\x50\x54", 0, 0),
    (b"\x5e\x2a", 1, b"\x42\x41\x44\x52\x50\x54", 1, 0),
    (b"\x5e\x2b", 1, b"\x42\x41\x44\x52\x50\x54", 0, 0),
    (b"\x5e\x2b", 1, b"\x42\x41\x44\x52\x50\x54", 1, 0),
    (b"\x5e\x3f", 1, b"\x42\x41\x44\x52\x50\x54", 0, 0),
    (b"\x5e\x3f", 1, b"\x42\x41\x44\x52\x50\x54", 1, 0),
    (b"\x5e\x7b\x31\x7d", 1, b"\x42\x41\x44\x52\x50\x54", 0, 0),
    (b"\x5e\x7b\x31\x7d", 1, b"\x42\x41\x44\x52\x50\x54", 1, 0),
    (b"\x61\x2e\x63", 1, b"\x61\x62\x63", 0, 0),
    (b"\x61\x2e\x63", 1, b"\x61\x62\x63", 1, 0),
    (b"\x61\x5b\x62\x63\x5d\x64", 1, b"\x61\x62\x64", 0, 0),
    (b"\x61\x5b\x62\x63\x5d\x64", 1, b"\x61\x62\x64", 1, 0),
    (b"\x61\x5c\x2a\x63", 1, b"\x61\x2a\x63", 0, 0),
    (b"\x61\x5c\x2a\x63", 1, b"\x61\x2a\x63", 1, 0),
    (b"\x61\x5c\x5c\x62", 1, b"\x61\x5c\x62", 0, 0),
    (b"\x61\x5c\x5c\x62", 1, b"\x61\x5c\x62", 1, 0),
    (b"\x61\x5c\x5c\x5c\x2a\x62", 1, b"\x61\x5c\x2a\x62", 0, 0),
    (b"\x61\x5c\x5c\x5c\x2a\x62", 1, b"\x61\x5c\x2a\x62", 1, 0),
    (b"\x61\x5c\x62\x63", 1, b"\x61\x62\x63", 0, 1),
    (b"\x61\x5c\x62\x63", 1, b"\x61\x62\x63", 1, 1),
    (b"\x61\x5c", 1, b"\x45\x45\x53\x43\x41\x50\x45", 0, 2),
    (b"\x61\x5c", 1, b"\x45\x45\x53\x43\x41\x50\x45", 1, 2),
    (b"\x61\x5c\x5c\x62\x63", 1, b"\x61\x5c\x62\x63", 0, 0),
    (b"\x61\x5c\x5c\x62\x63", 1, b"\x61\x5c\x62\x63", 1, 0),
    (b"\x61\x5c\x5b\x62", 1, b"\x61\x5b\x62", 0, 0),
    (b"\x61\x5c\x5b\x62", 1, b"\x61\x5b\x62", 1, 0),
    (b"\x61\x5b\x62", 1, b"\x45\x42\x52\x41\x43\x4b", 0, 2),
    (b"\x61\x5b\x62", 1, b"\x45\x42\x52\x41\x43\x4b", 1, 2),
    (b"\x61\x24", 1, b"\x61", 0, 0),
    (b"\x61\x24", 1, b"\x61", 1, 0),
    (b"\x61\x24", 1, b"\x61\x24", 0, 1),
    (b"\x61\x24", 1, b"\x61\x24", 1, 1),
    (b"\x61\x5c\x24", 1, b"\x61", 0, 1),
    (b"\x61\x5c\x24", 1, b"\x61", 1, 1),
    (b"\x61\x5c\x24", 1, b"\x61\x24", 0, 0),
    (b"\x61\x5c\x24", 1, b"\x61\x24", 1, 0),
    (b"\x61\x5c\x5c\x24", 1, b"\x61", 0, 1),
    (b"\x61\x5c\x5c\x24", 1, b"\x61", 1, 1),
    (b"\x61\x5c\x5c\x24", 1, b"\x61\x24", 0, 1),
    (b"\x61\x5c\x5c\x24", 1, b"\x61\x24", 1, 1),
    (b"\x61\x5c\x5c\x24", 1, b"\x61\x5c\x24", 0, 1),
    (b"\x61\x5c\x5c\x24", 1, b"\x61\x5c\x24", 1, 1),
    (b"\x61\x5c\x5c\x24", 1, b"\x61\x5c", 0, 0),
    (b"\x61\x5c\x5c\x24", 1, b"\x61\x5c", 1, 0),
    (b"\x61\x62\x2a\x63", 1, b"\x61\x62\x63", 0, 0),
    (b"\x61\x62\x2a\x63", 1, b"\x61\x62\x63", 1, 0),
    (b"\x61\x62\x2b\x63", 1, b"\x61\x62\x63", 0, 0),
    (b"\x61\x62\x2b\x63", 1, b"\x61\x62\x63", 1, 0),
    (b"\x61\x62\x3f\x63", 1, b"\x61\x62\x63", 0, 0),
    (b"\x61\x62\x3f\x63", 1, b"\x61\x62\x63", 1, 0),
    (b"\x7b", 1, b"\x7b", 0, 0),
    (b"\x7b", 1, b"\x7b", 1, 0),
    (b"\x7b\x61\x62\x63", 1, b"\x7b\x61\x62\x63", 0, 0),
    (b"\x7b\x61\x62\x63", 1, b"\x7b\x61\x62\x63", 1, 0),
    (b"\x7b\x31", 1, b"\x7b\x31", 0, 0),
    (b"\x7b\x31", 1, b"\x7b\x31", 1, 0),
    (b"\x7b\x31\x7d", 1, b"\x42\x41\x44\x52\x50\x54", 0, 0),
    (b"\x7b\x31\x7d", 1, b"\x42\x41\x44\x52\x50\x54", 1, 0),
    (b"\x61\x7b\x62", 1, b"\x61\x7b\x62", 0, 0),
    (b"\x61\x7b\x62", 1, b"\x61\x7b\x62", 1, 0),
    (b"\x61\x7b\x31\x7d\x62", 1, b"\x61\x62", 0, 0),
    (b"\x61\x7b\x31\x7d\x62", 1, b"\x61\x62", 1, 0),
    (b"\x61\x7b\x31\x2c\x7d\x62", 1, b"\x61\x62", 0, 0),
    (b"\x61\x7b\x31\x2c\x7d\x62", 1, b"\x61\x62", 1, 0),
    (b"\x61\x7b\x31\x2c\x32\x7d\x62", 1, b"\x61\x61\x62", 0, 0),
    (b"\x61\x7b\x31\x2c\x32\x7d\x62", 1, b"\x61\x61\x62", 1, 0),
    (b"\x61\x7b\x31", 1, b"\x61\x7b\x31", 0, 0),
    (b"\x61\x7b\x31", 1, b"\x61\x7b\x31", 1, 0),
    (b"\x61\x7b\x31\x61", 1, b"\x61\x61", 0, 1),
    (b"\x61\x7b\x31\x61", 1, b"\x61\x61", 1, 1),
    (b"\x61\x7b\x31\x61\x7d", 1, b"\x61\x7b\x31\x61\x7d", 0, 0),
    (b"\x61\x7b\x31\x61\x7d", 1, b"\x61\x7b\x31\x61\x7d", 1, 0),
    (b"\x61\x7b\x2c\x32\x7d", 1, b"\x61\x7b\x2c\x32\x7d", 0, 0),
    (b"\x61\x7b\x2c\x32\x7d", 1, b"\x61\x7b\x2c\x32\x7d", 1, 0),
    (b"\x61\x7b\x2c\x7d", 1, b"\x61\x7b\x2c\x7d", 0, 0),
    (b"\x61\x7b\x2c\x7d", 1, b"\x61\x7b\x2c\x7d", 1, 0),
    (b"\x61\x7b\x7d", 1, b"\x42\x41\x44\x42\x52", 0, 2),
    (b"\x61\x7b\x7d", 1, b"\x42\x41\x44\x42\x52", 1, 2),
    (b"\x61\x7b\x31\x2c\x2a\x7d", 1, b"\x61\x7b\x31\x2c\x2c\x2c\x7d", 0, 0),
    (b"\x61\x7b\x31\x2c\x2a\x7d", 1, b"\x61\x7b\x31\x2c\x2c\x2c\x7d", 1, 0),
    (b"\x61\x7b\x31\x2c\x78", 1, b"\x45\x42\x52\x41\x43\x45", 0, 1),
    (b"\x61\x7b\x31\x2c\x78", 1, b"\x45\x42\x52\x41\x43\x45", 1, 1),
    (b"\x61\x7b\x33\x30\x30\x7d", 1, b"\x42\x41\x44\x42\x52", 0, 1),
    (b"\x61\x7b\x33\x30\x30\x7d", 1, b"\x42\x41\x44\x42\x52", 1, 1),
    (b"\x61\x7b\x31\x2c\x30\x7d", 1, b"\x42\x41\x44\x42\x52", 0, 2),
    (b"\x61\x7b\x31\x2c\x30\x7d", 1, b"\x42\x41\x44\x42\x52", 1, 2),
    (b"\x61\x62\x7b\x30\x2c\x30\x7d\x63", 1, b"\x61\x62\x63\x61\x63", 0, 0),
    (b"\x61\x62\x7b\x30\x2c\x30\x7d\x63", 1, b"\x61\x62\x63\x61\x63", 1, 0),
    (b"\x61\x62\x7b\x30\x2c\x31\x7d\x63", 1, b"\x61\x62\x63\x61\x63", 0, 0),
    (b"\x61\x62\x7b\x30\x2c\x31\x7d\x63", 1, b"\x61\x62\x63\x61\x63", 1, 0),
    (b"\x61\x62\x7b\x30\x2c\x33\x7d\x63", 1, b"\x61\x62\x62\x63\x61\x63", 0, 0),
    (b"\x61\x62\x7b\x30\x2c\x33\x7d\x63", 1, b"\x61\x62\x62\x63\x61\x63", 1, 0),
    (b"\x61\x62\x7b\x31\x2c\x31\x7d\x63", 1, b"\x61\x63\x61\x62\x63", 0, 0),
    (b"\x61\x62\x7b\x31\x2c\x31\x7d\x63", 1, b"\x61\x63\x61\x62\x63", 1, 0),
    (b"\x61\x62\x7b\x31\x2c\x33\x7d\x63", 1, b"\x61\x63\x61\x62\x63", 0, 0),
    (b"\x61\x62\x7b\x31\x2c\x33\x7d\x63", 1, b"\x61\x63\x61\x62\x63", 1, 0),
    (b"\x61\x62\x7b\x32\x2c\x32\x7d\x63", 1, b"\x61\x62\x63\x61\x62\x62\x63", 0, 0),
    (b"\x61\x62\x7b\x32\x2c\x32\x7d\x63", 1, b"\x61\x62\x63\x61\x62\x62\x63", 1, 0),
    (b"\x61\x62\x7b\x32\x2c\x34\x7d\x63", 1, b"\x61\x62\x63\x61\x62\x62\x63", 0, 0),
    (b"\x61\x62\x7b\x32\x2c\x34\x7d\x63", 1, b"\x61\x62\x63\x61\x62\x62\x63", 1, 0),
    (b"\x61\x2a\x2a", 1, b"\x42\x41\x44\x52\x50\x54", 0, 0),
    (b"\x61\x2a\x2a", 1, b"\x42\x41\x44\x52\x50\x54", 1, 0),
    (b"\x61\x2b\x2b", 1, b"\x42\x41\x44\x52\x50\x54", 0, 1),
    (b"\x61\x2b\x2b", 1, b"\x42\x41\x44\x52\x50\x54", 1, 1),
    (b"\x61\x3f\x3f", 1, b"\x42\x41\x44\x52\x50\x54", 0, 0),
    (b"\x61\x3f\x3f", 1, b"\x42\x41\x44\x52\x50\x54", 1, 0),
    (b"\x61\x2a\x2b", 1, b"\x42\x41\x44\x52\x50\x54", 0, 0),
    (b"\x61\x2a\x2b", 1, b"\x42\x41\x44\x52\x50\x54", 1, 0),
    (b"\x61\x2a\x3f", 1, b"\x42\x41\x44\x52\x50\x54", 0, 0),
    (b"\x61\x2a\x3f", 1, b"\x42\x41\x44\x52\x50\x54", 1, 0),
    (b"\x61\x2b\x2a", 1, b"\x42\x41\x44\x52\x50\x54", 0, 0),
    (b"\x61\x2b\x2a", 1, b"\x42\x41\x44\x52\x50\x54", 1, 0),
    (b"\x61\x2b\x3f", 1, b"\x42\x41\x44\x52\x50\x54", 0, 0),
    (b"\x61\x2b\x3f", 1, b"\x42\x41\x44\x52\x50\x54", 1, 0),
    (b"\x61\x3f\x2a", 1, b"\x42\x41\x44\x52\x50\x54", 0, 0),
    (b"\x61\x3f\x2a", 1, b"\x42\x41\x44\x52\x50\x54", 1, 0),
    (b"\x61\x3f\x2b", 1, b"\x42\x41\x44\x52\x50\x54", 0, 0),
    (b"\x61\x3f\x2b", 1, b"\x42\x41\x44\x52\x50\x54", 1, 0),
    (b"\x61\x7b\x31\x7d\x7b\x31\x7d", 1, b"\x42\x41\x44\x52\x50\x54", 0, 1),
    (b"\x61\x7b\x31\x7d\x7b\x31\x7d", 1, b"\x42\x41\x44\x52\x50\x54", 1, 1),
    (b"\x61\x2a\x7b\x31\x7d", 1, b"\x42\x41\x44\x52\x50\x54", 0, 0),
    (b"\x61\x2a\x7b\x31\x7d", 1, b"\x42\x41\x44\x52\x50\x54", 1, 0),
    (b"\x61\x2b\x7b\x31\x7d", 1, b"\x42\x41\x44\x52\x50\x54", 0, 1),
    (b"\x61\x2b\x7b\x31\x7d", 1, b"\x42\x41\x44\x52\x50\x54", 1, 1),
    (b"\x61\x3f\x7b\x31\x7d", 1, b"\x42\x41\x44\x52\x50\x54", 0, 0),
    (b"\x61\x3f\x7b\x31\x7d", 1, b"\x42\x41\x44\x52\x50\x54", 1, 0),
    (b"\x61\x7b\x31\x7d\x2a", 1, b"\x42\x41\x44\x52\x50\x54", 0, 0),
    (b"\x61\x7b\x31\x7d\x2a", 1, b"\x42\x41\x44\x52\x50\x54", 1, 0),
    (b"\x61\x7b\x31\x7d\x2b", 1, b"\x42\x41\x44\x52\x50\x54", 0, 1),
    (b"\x61\x7b\x31\x7d\x2b", 1, b"\x42\x41\x44\x52\x50\x54", 1, 1),
    (b"\x61\x7b\x31\x7d\x3f", 1, b"\x42\x41\x44\x52\x50\x54", 0, 0),
    (b"\x61\x7b\x31\x7d\x3f", 1, b"\x42\x41\x44\x52\x50\x54", 1, 0),
    (b"\x61\x2a\x7b\x62\x7d", 1, b"\x61\x7b\x62\x7d", 0, 0),
    (b"\x61\x2a\x7b\x62\x7d", 1, b"\x61\x7b\x62\x7d", 1, 0),
    (b"\x61\x5b\x62\x5d\x63", 1, b"\x61\x62\x63", 0, 0),
    (b"\x61\x5b\x62\x5d\x63", 1, b"\x61\x62\x63", 1, 0),
    (b"\x61\x5b\x61\x62\x5d\x63", 1, b"\x61\x62\x63", 0, 0),
    (b"\x61\x5b\x61\x62\x5d\x63", 1, b"\x61\x62\x63", 1, 0),
    (b"\x61\x5b\x5e\x61\x62\x5d\x63", 1, b"\x61\x64\x63", 0, 0),
    (b"\x61\x5b\x5e\x61\x62\x5d\x63", 1, b"\x61\x64\x63", 1, 0),
    (b"\x61\x5b\x5d\x62\x5d\x63", 1, b"\x61\x5d\x63", 0, 0),
    (b"\x61\x5b\x5d\x62\x5d\x63", 1, b"\x61\x5d\x63", 1, 0),
    (b"\x61\x5b\x5b\x62\x5d\x63", 1, b"\x61\x5b\x63", 0, 0),
    (b"\x61\x5b\x5b\x62\x5d\x63", 1, b"\x61\x5b\x63", 1, 0),
    (b"\x61\x5b\x2d\x62\x5d\x63", 1, b"\x61\x2d\x63", 0, 0),
    (b"\x61\x5b\x2d\x62\x5d\x63", 1, b"\x61\x2d\x63", 1, 0),
    (b"\x61\x5b\x5e\x5d\x62\x5d\x63", 1, b"\x61\x64\x63", 0, 0),
    (b"\x61\x5b\x5e\x5d\x62\x5d\x63", 1, b"\x61\x64\x63", 1, 0),
    (b"\x61\x5b\x5e\x2d\x62\x5d\x63", 1, b"\x61\x64\x63", 0, 0),
    (b"\x61\x5b\x5e\x2d\x62\x5d\x63", 1, b"\x61\x64\x63", 1, 0),
    (b"\x61\x5b\x62\x2d\x5d\x63", 1, b"\x61\x2d\x63", 0, 0),
    (b"\x61\x5b\x62\x2d\x5d\x63", 1, b"\x61\x2d\x63", 1, 0),
    (b"\x61\x5b\x62", 1, b"\x45\x42\x52\x41\x43\x4b", 0, 2),
    (b"\x61\x5b\x62", 1, b"\x45\x42\x52\x41\x43\x4b", 1, 2),
    (b"\x61\x5b\x5d", 1, b"\x45\x42\x52\x41\x43\x4b", 0, 2),
    (b"\x61\x5b\x5d", 1, b"\x45\x42\x52\x41\x43\x4b", 1, 2),
    (b"\x61\x5b\x31\x2d\x33\x5d\x63", 1, b"\x61\x32\x63", 0, 0),
    (b"\x61\x5b\x31\x2d\x33\x5d\x63", 1, b"\x61\x32\x63", 1, 0),
    (b"\x61\x5b\x33\x2d\x31\x5d\x63", 1, b"\x45\x52\x41\x4e\x47\x45", 0, 2),
    (b"\x61\x5b\x33\x2d\x31\x5d\x63", 1, b"\x45\x52\x41\x4e\x47\x45", 1, 2),
    (b"\x61\x5b\x31\x2d\x33\x2d\x35\x5d\x63", 1, b"\x45\x52\x41\x4e\x47\x45", 0, 2),
    (b"\x61\x5b\x31\x2d\x33\x2d\x35\x5d\x63", 1, b"\x45\x52\x41\x4e\x47\x45", 1, 2),
    (b"\x61\x5b\x5b\x2e\x2d\x2e\x5d\x2d\x2d\x5d\x63", 1, b"\x61\x2d\x63", 0, 0),
    (b"\x61\x5b\x5b\x2e\x2d\x2e\x5d\x2d\x2d\x5d\x63", 1, b"\x61\x2d\x63", 1, 0),
    (b"\x61\x5b\x31\x2d", 1, b"\x45\x52\x41\x4e\x47\x45", 0, 2),
    (b"\x61\x5b\x31\x2d", 1, b"\x45\x52\x41\x4e\x47\x45", 1, 2),
    (b"\x61\x5b\x5b\x2e", 1, b"\x45\x42\x52\x41\x43\x4b", 0, 2),
    (b"\x61\x5b\x5b\x2e", 1, b"\x45\x42\x52\x41\x43\x4b", 1, 2),
    (b"\x61\x5b\x5b\x2e\x78", 1, b"\x45\x42\x52\x41\x43\x4b", 0, 2),
    (b"\x61\x5b\x5b\x2e\x78", 1, b"\x45\x42\x52\x41\x43\x4b", 1, 2),
    (b"\x61\x5b\x5b\x2e\x78\x2e", 1, b"\x45\x42\x52\x41\x43\x4b", 0, 2),
    (b"\x61\x5b\x5b\x2e\x78\x2e", 1, b"\x45\x42\x52\x41\x43\x4b", 1, 2),
    (b"\x61\x5b\x5b\x2e\x78\x2e\x5d", 1, b"\x45\x42\x52\x41\x43\x4b", 0, 2),
    (b"\x61\x5b\x5b\x2e\x78\x2e\x5d", 1, b"\x45\x42\x52\x41\x43\x4b", 1, 2),
    (b"\x61\x5b\x5b\x2e\x78\x2e\x5d\x5d", 1, b"\x61\x78", 0, 0),
    (b"\x61\x5b\x5b\x2e\x78\x2e\x5d\x5d", 1, b"\x61\x78", 1, 0),
    (b"\x61\x5b\x5b\x2e\x78\x2c\x2e\x5d\x5d", 1, b"\x45\x43\x4f\x4c\x4c\x41\x54\x45", 0, 2),
    (b"\x61\x5b\x5b\x2e\x78\x2c\x2e\x5d\x5d", 1, b"\x45\x43\x4f\x4c\x4c\x41\x54\x45", 1, 2),
    (b"\x61\x5b\x5b\x2e\x6f\x6e\x65\x2e\x5d\x5d\x62", 1, b"\x61\x31\x62", 0, 2),
    (b"\x61\x5b\x5b\x2e\x6f\x6e\x65\x2e\x5d\x5d\x62", 1, b"\x61\x31\x62", 1, 2),
    (b"\x61\x5b\x5b\x2e\x6e\x6f\x74\x64\x65\x66\x2e\x5d\x5d\x62", 1, b"\x45\x43\x4f\x4c\x4c\x41\x54\x45", 0, 2),
    (b"\x61\x5b\x5b\x2e\x6e\x6f\x74\x64\x65\x66\x2e\x5d\x5d\x62", 1, b"\x45\x43\x4f\x4c\x4c\x41\x54\x45", 1, 2),
    (b"\x61\x5b\x5b\x2e\x5d\x2e\x5d\x5d\x62", 1, b"\x61\x5d\x62", 0, 0),
    (b"\x61\x5b\x5b\x2e\x5d\x2e\x5d\x5d\x62", 1, b"\x61\x5d\x62", 1, 0),
    (b"\x61\x5b\x5b\x3a\x61\x6c\x70\x68\x61\x3a\x5d\x5d\x63", 1, b"\x61\x62\x63", 0, 0),
    (b"\x61\x5b\x5b\x3a\x61\x6c\x70\x68\x61\x3a\x5d\x5d\x63", 1, b"\x61\x62\x63", 1, 0),
    (b"\x61\x5b\x5b\x3a\x6e\x6f\x74\x64\x65\x66\x3a\x5d\x5d\x63", 1, b"\x45\x43\x54\x59\x50\x45", 0, 2),
    (b"\x61\x5b\x5b\x3a\x6e\x6f\x74\x64\x65\x66\x3a\x5d\x5d\x63", 1, b"\x45\x43\x54\x59\x50\x45", 1, 2),
    (b"\x61\x5b\x5b\x3a", 1, b"\x45\x42\x52\x41\x43\x4b", 0, 2),
    (b"\x61\x5b\x5b\x3a", 1, b"\x45\x42\x52\x41\x43\x4b", 1, 2),
    (b"\x61\x5b\x5b\x3a\x61\x6c\x70\x68\x61", 1, b"\x45\x42\x52\x41\x43\x4b", 0, 2),
    (b"\x61\x5b\x5b\x3a\x61\x6c\x70\x68\x61", 1, b"\x45\x42\x52\x41\x43\x4b", 1, 2),
    (b"\x61\x5b\x5b\x3a\x61\x6c\x70\x68\x61\x3a\x5d", 1, b"\x45\x42\x52\x41\x43\x4b", 0, 2),
    (b"\x61\x5b\x5b\x3a\x61\x6c\x70\x68\x61\x3a\x5d", 1, b"\x45\x42\x52\x41\x43\x4b", 1, 2),
    (b"\x61\x5b\x5b\x3a\x61\x6c\x70\x68\x61\x2c\x3a\x5d", 1, b"\x45\x43\x54\x59\x50\x45", 0, 2),
    (b"\x61\x5b\x5b\x3a\x61\x6c\x70\x68\x61\x2c\x3a\x5d", 1, b"\x45\x43\x54\x59\x50\x45", 1, 2),
    (b"\x61\x5b\x5b\x3a\x5d\x3a\x5d\x5d\x62", 1, b"\x45\x43\x54\x59\x50\x45", 0, 2),
    (b"\x61\x5b\x5b\x3a\x5d\x3a\x5d\x5d\x62", 1, b"\x45\x43\x54\x59\x50\x45", 1, 2),
    (b"\x61\x5b\x5b\x3a\x2d\x3a\x5d\x5d\x62", 1, b"\x45\x43\x54\x59\x50\x45", 0, 2),
    (b"\x61\x5b\x5b\x3a\x2d\x3a\x5d\x5d\x62", 1, b"\x45\x43\x54\x59\x50\x45", 1, 2),
    (b"\x61\x5b\x5b\x3a\x61\x6c\x70\x68\x3a\x5d\x5d", 1, b"\x45\x43\x54\x59\x50\x45", 0, 2),
    (b"\x61\x5b\x5b\x3a\x61\x6c\x70\x68\x3a\x5d\x5d", 1, b"\x45\x43\x54\x59\x50\x45", 1, 2),
    (b"\x61\x5b\x5b\x3a\x61\x6c\x70\x68\x61\x62\x65\x74\x3a\x5d\x5d", 1, b"\x45\x43\x54\x59\x50\x45", 0, 2),
    (b"\x61\x5b\x5b\x3a\x61\x6c\x70\x68\x61\x62\x65\x74\x3a\x5d\x5d", 1, b"\x45\x43\x54\x59\x50\x45", 1, 2),
    (b"\x5b\x5b\x3a\x64\x69\x67\x69\x74\x3a\x5d\x5d\x2b", 1, b"\x61\x30\x31\x39\x62", 0, 0),
    (b"\x5b\x5b\x3a\x64\x69\x67\x69\x74\x3a\x5d\x5d\x2b", 1, b"\x61\x30\x31\x39\x62", 1, 0),
    (b"\x5b\x5b\x3a\x6c\x6f\x77\x65\x72\x3a\x5d\x5d\x2b", 1, b"\x41\x61\x62\x43", 0, 0),
    (b"\x5b\x5b\x3a\x6c\x6f\x77\x65\x72\x3a\x5d\x5d\x2b", 1, b"\x41\x61\x62\x43", 1, 0),
    (b"\x5b\x5b\x3a\x75\x70\x70\x65\x72\x3a\x5d\x5d\x2b", 1, b"\x61\x42\x43\x64", 0, 0),
    (b"\x5b\x5b\x3a\x75\x70\x70\x65\x72\x3a\x5d\x5d\x2b", 1, b"\x61\x42\x43\x64", 1, 0),
    (b"\x5b\x5b\x3a\x78\x64\x69\x67\x69\x74\x3a\x5d\x5d\x2b", 1, b"\x70\x30\x66\x33\x43\x71", 0, 0),
    (b"\x5b\x5b\x3a\x78\x64\x69\x67\x69\x74\x3a\x5d\x5d\x2b", 1, b"\x70\x30\x66\x33\x43\x71", 1, 0),
    (b"\x61\x5b\x5b\x3d\x62\x3d\x5d\x5d\x63", 1, b"\x61\x62\x63", 0, 0),
    (b"\x61\x5b\x5b\x3d\x62\x3d\x5d\x5d\x63", 1, b"\x61\x62\x63", 1, 0),
    (b"\x61\x5b\x5b\x3d", 1, b"\x45\x42\x52\x41\x43\x4b", 0, 2),
    (b"\x61\x5b\x5b\x3d", 1, b"\x45\x42\x52\x41\x43\x4b", 1, 2),
    (b"\x61\x5b\x5b\x3d\x62", 1, b"\x45\x42\x52\x41\x43\x4b", 0, 2),
    (b"\x61\x5b\x5b\x3d\x62", 1, b"\x45\x42\x52\x41\x43\x4b", 1, 2),
    (b"\x61\x5b\x5b\x3d\x62\x3d", 1, b"\x45\x42\x52\x41\x43\x4b", 0, 2),
    (b"\x61\x5b\x5b\x3d\x62\x3d", 1, b"\x45\x42\x52\x41\x43\x4b", 1, 2),
    (b"\x61\x5b\x5b\x3d\x62\x3d\x5d", 1, b"\x45\x42\x52\x41\x43\x4b", 0, 2),
    (b"\x61\x5b\x5b\x3d\x62\x3d\x5d", 1, b"\x45\x42\x52\x41\x43\x4b", 1, 2),
    (b"\x61\x5b\x5b\x3d\x62\x2c\x3d\x5d\x5d", 1, b"\x45\x43\x4f\x4c\x4c\x41\x54\x45", 0, 2),
    (b"\x61\x5b\x5b\x3d\x62\x2c\x3d\x5d\x5d", 1, b"\x45\x43\x4f\x4c\x4c\x41\x54\x45", 1, 2),
    (b"\x61\x5b\x5b\x3d\x6f\x6e\x65\x3d\x5d\x5d\x62", 1, b"\x61\x31\x62", 0, 2),
    (b"\x61\x5b\x5b\x3d\x6f\x6e\x65\x3d\x5d\x5d\x62", 1, b"\x61\x31\x62", 1, 2),
    (b"\x61\x28\x28\x28\x62\x29\x29\x29\x63", 1, b"\x61\x62\x63", 0, 0),
    (b"\x61\x28\x28\x28\x62\x29\x29\x29\x63", 1, b"\x61\x62\x63", 1, 0),
    (b"\x61\x28\x62\x7c\x28\x63\x29\x29\x64", 1, b"\x61\x62\x64", 0, 0),
    (b"\x61\x28\x62\x7c\x28\x63\x29\x29\x64", 1, b"\x61\x62\x64", 1, 0),
    (b"\x61\x28\x62\x2a\x7c\x63\x29\x64", 1, b"\x61\x62\x62\x64", 0, 0),
    (b"\x61\x28\x62\x2a\x7c\x63\x29\x64", 1, b"\x61\x62\x62\x64", 1, 0),
    (b"\x61\x5b\x61\x62\x5d\x7b\x32\x30\x7d", 1, b"\x61\x61\x61\x61\x61\x62\x61\x61\x61\x61\x62\x61\x61\x61\x61\x62\x61\x61\x61\x61\x62", 0, 0),
    (b"\x61\x5b\x61\x62\x5d\x7b\x32\x30\x7d", 1, b"\x61\x61\x61\x61\x61\x62\x61\x61\x61\x61\x62\x61\x61\x61\x61\x62\x61\x61\x61\x61\x62", 1, 0),
    (b"\x61\x5b\x61\x62\x5d\x5b\x61\x62\x5d\x5b\x61\x62\x5d\x5b\x61\x62\x5d\x5b\x61\x62\x5d\x5b\x61\x62\x5d\x5b\x61\x62\x5d\x5b\x61\x62\x5d\x5b\x61\x62\x5d\x5b\x61\x62\x5d\x5b\x61\x62\x5d\x5b\x61\x62\x5d\x5b\x61\x62\x5d\x5b\x61\x62\x5d\x5b\x61\x62\x5d\x5b\x61\x62\x5d\x5b\x61\x62\x5d\x5b\x61\x62\x5d\x5b\x61\x62\x5d\x5b\x61\x62\x5d", 1, b"\x61\x61\x61\x61\x61\x62\x61\x61\x61\x61\x62\x61\x61\x61\x61\x62\x61\x61\x61\x61\x62", 0, 0),
    (b"\x61\x5b\x61\x62\x5d\x5b\x61\x62\x5d\x5b\x61\x62\x5d\x5b\x61\x62\x5d\x5b\x61\x62\x5d\x5b\x61\x62\x5d\x5b\x61\x62\x5d\x5b\x61\x62\x5d\x5b\x61\x62\x5d\x5b\x61\x62\x5d\x5b\x61\x62\x5d\x5b\x61\x62\x5d\x5b\x61\x62\x5d\x5b\x61\x62\x5d\x5b\x61\x62\x5d\x5b\x61\x62\x5d\x5b\x61\x62\x5d\x5b\x61\x62\x5d\x5b\x61\x62\x5d\x5b\x61\x62\x5d", 1, b"\x61\x61\x61\x61\x61\x62\x61\x61\x61\x61\x62\x61\x61\x61\x61\x62\x61\x61\x61\x61\x62", 1, 0),
    (b"\x61\x5b\x61\x62\x5d\x5b\x61\x62\x5d\x5b\x61\x62\x5d\x5b\x61\x62\x5d\x5b\x61\x62\x5d\x5b\x61\x62\x5d\x5b\x61\x62\x5d\x5b\x61\x62\x5d\x5b\x61\x62\x5d\x5b\x61\x62\x5d\x5b\x61\x62\x5d\x5b\x61\x62\x5d\x5b\x61\x62\x5d\x5b\x61\x62\x5d\x5b\x61\x62\x5d\x5b\x61\x62\x5d\x5b\x61\x62\x5d\x5b\x61\x62\x5d\x5b\x61\x62\x5d\x5b\x61\x62\x5d\x28\x77\x65\x65\x7c\x77\x65\x65\x6b\x29\x28\x6b\x6e\x69\x67\x68\x74\x73\x7c\x6e\x69\x67\x68\x74\x29", 1, b"\x61\x61\x61\x61\x61\x62\x61\x61\x61\x61\x62\x61\x61\x61\x61\x62\x61\x61\x61\x61\x62\x77\x65\x65\x6b\x6e\x69\x67\x68\x74\x73", 0, 0),
    (b"\x61\x5b\x61\x62\x5d\x5b\x61\x62\x5d\x5b\x61\x62\x5d\x5b\x61\x62\x5d\x5b\x61\x62\x5d\x5b\x61\x62\x5d\x5b\x61\x62\x5d\x5b\x61\x62\x5d\x5b\x61\x62\x5d\x5b\x61\x62\x5d\x5b\x61\x62\x5d\x5b\x61\x62\x5d\x5b\x61\x62\x5d\x5b\x61\x62\x5d\x5b\x61\x62\x5d\x5b\x61\x62\x5d\x5b\x61\x62\x5d\x5b\x61\x62\x5d\x5b\x61\x62\x5d\x5b\x61\x62\x5d\x28\x77\x65\x65\x7c\x77\x65\x65\x6b\x29\x28\x6b\x6e\x69\x67\x68\x74\x73\x7c\x6e\x69\x67\x68\x74\x29", 1, b"\x61\x61\x61\x61\x61\x62\x61\x61\x61\x61\x62\x61\x61\x61\x61\x62\x61\x61\x61\x61\x62\x77\x65\x65\x6b\x6e\x69\x67\x68\x74\x73", 1, 0),
    (b"\x31\x32\x33\x34\x35\x36\x37\x38\x39\x30\x31\x32\x33\x34\x35\x36\x37\x38\x39\x30\x31\x32\x33\x34\x35\x36\x37\x38\x39", 1, b"\x61\x31\x32\x33\x34\x35\x36\x37\x38\x39\x30\x31\x32\x33\x34\x35\x36\x37\x38\x39\x30\x31\x32\x33\x34\x35\x36\x37\x38\x39\x62", 0, 0),
    (b"\x31\x32\x33\x34\x35\x36\x37\x38\x39\x30\x31\x32\x33\x34\x35\x36\x37\x38\x39\x30\x31\x32\x33\x34\x35\x36\x37\x38\x39", 1, b"\x61\x31\x32\x33\x34\x35\x36\x37\x38\x39\x30\x31\x32\x33\x34\x35\x36\x37\x38\x39\x30\x31\x32\x33\x34\x35\x36\x37\x38\x39\x62", 1, 0),
    (b"\x31\x32\x33\x34\x35\x36\x37\x38\x39\x30\x31\x32\x33\x34\x35\x36\x37\x38\x39\x30\x31\x32\x33\x34\x35\x36\x37\x38\x39\x30", 1, b"\x61\x31\x32\x33\x34\x35\x36\x37\x38\x39\x30\x31\x32\x33\x34\x35\x36\x37\x38\x39\x30\x31\x32\x33\x34\x35\x36\x37\x38\x39\x30\x62", 0, 0),
    (b"\x31\x32\x33\x34\x35\x36\x37\x38\x39\x30\x31\x32\x33\x34\x35\x36\x37\x38\x39\x30\x31\x32\x33\x34\x35\x36\x37\x38\x39\x30", 1, b"\x61\x31\x32\x33\x34\x35\x36\x37\x38\x39\x30\x31\x32\x33\x34\x35\x36\x37\x38\x39\x30\x31\x32\x33\x34\x35\x36\x37\x38\x39\x30\x62", 1, 0),
    (b"\x31\x32\x33\x34\x35\x36\x37\x38\x39\x30\x31\x32\x33\x34\x35\x36\x37\x38\x39\x30\x31\x32\x33\x34\x35\x36\x37\x38\x39\x30\x31", 1, b"\x61\x31\x32\x33\x34\x35\x36\x37\x38\x39\x30\x31\x32\x33\x34\x35\x36\x37\x38\x39\x30\x31\x32\x33\x34\x35\x36\x37\x38\x39\x30\x31\x62", 0, 0),
    (b"\x31\x32\x33\x34\x35\x36\x37\x38\x39\x30\x31\x32\x33\x34\x35\x36\x37\x38\x39\x30\x31\x32\x33\x34\x35\x36\x37\x38\x39\x30\x31", 1, b"\x61\x31\x32\x33\x34\x35\x36\x37\x38\x39\x30\x31\x32\x33\x34\x35\x36\x37\x38\x39\x30\x31\x32\x33\x34\x35\x36\x37\x38\x39\x30\x31\x62", 1, 0),
    (b"\x31\x32\x33\x34\x35\x36\x37\x38\x39\x30\x31\x32\x33\x34\x35\x36\x37\x38\x39\x30\x31\x32\x33\x34\x35\x36\x37\x38\x39\x30\x31\x32", 1, b"\x61\x31\x32\x33\x34\x35\x36\x37\x38\x39\x30\x31\x32\x33\x34\x35\x36\x37\x38\x39\x30\x31\x32\x33\x34\x35\x36\x37\x38\x39\x30\x31\x32\x62", 0, 0),
    (b"\x31\x32\x33\x34\x35\x36\x37\x38\x39\x30\x31\x32\x33\x34\x35\x36\x37\x38\x39\x30\x31\x32\x33\x34\x35\x36\x37\x38\x39\x30\x31\x32", 1, b"\x61\x31\x32\x33\x34\x35\x36\x37\x38\x39\x30\x31\x32\x33\x34\x35\x36\x37\x38\x39\x30\x31\x32\x33\x34\x35\x36\x37\x38\x39\x30\x31\x32\x62", 1, 0),
    (b"\x31\x32\x33\x34\x35\x36\x37\x38\x39\x30\x31\x32\x33\x34\x35\x36\x37\x38\x39\x30\x31\x32\x33\x34\x35\x36\x37\x38\x39\x30\x31\x32\x33", 1, b"\x61\x31\x32\x33\x34\x35\x36\x37\x38\x39\x30\x31\x32\x33\x34\x35\x36\x37\x38\x39\x30\x31\x32\x33\x34\x35\x36\x37\x38\x39\x30\x31\x32\x33\x62", 0, 0),
    (b"\x31\x32\x33\x34\x35\x36\x37\x38\x39\x30\x31\x32\x33\x34\x35\x36\x37\x38\x39\x30\x31\x32\x33\x34\x35\x36\x37\x38\x39\x30\x31\x32\x33", 1, b"\x61\x31\x32\x33\x34\x35\x36\x37\x38\x39\x30\x31\x32\x33\x34\x35\x36\x37\x38\x39\x30\x31\x32\x33\x34\x35\x36\x37\x38\x39\x30\x31\x32\x33\x62", 1, 0),
    (b"\x31\x32\x33\x34\x35\x36\x37\x38\x39\x30\x31\x32\x33\x34\x35\x36\x37\x38\x39\x30\x31\x32\x33\x34\x35\x36\x37\x38\x39\x30\x31\x32\x33\x34\x35\x36\x37\x38\x39\x30\x31\x32\x33\x34\x35\x36\x37\x38\x39\x30\x31\x32\x33\x34\x35\x36\x37\x38\x39\x30\x31\x32\x33\x34\x35\x36\x37\x38\x39\x30", 1, b"\x61\x31\x32\x33\x34\x35\x36\x37\x38\x39\x30\x31\x32\x33\x34\x35\x36\x37\x38\x39\x30\x31\x32\x33\x34\x35\x36\x37\x38\x39\x30\x31\x32\x33\x34\x35\x36\x37\x38\x39\x30\x31\x32\x33\x34\x35\x36\x37\x38\x39\x30\x31\x32\x33\x34\x35\x36\x37\x38\x39\x30\x31\x32\x33\x34\x35\x36\x37\x38\x39\x30\x62", 0, 0),
    (b"\x31\x32\x33\x34\x35\x36\x37\x38\x39\x30\x31\x32\x33\x34\x35\x36\x37\x38\x39\x30\x31\x32\x33\x34\x35\x36\x37\x38\x39\x30\x31\x32\x33\x34\x35\x36\x37\x38\x39\x30\x31\x32\x33\x34\x35\x36\x37\x38\x39\x30\x31\x32\x33\x34\x35\x36\x37\x38\x39\x30\x31\x32\x33\x34\x35\x36\x37\x38\x39\x30", 1, b"\x61\x31\x32\x33\x34\x35\x36\x37\x38\x39\x30\x31\x32\x33\x34\x35\x36\x37\x38\x39\x30\x31\x32\x33\x34\x35\x36\x37\x38\x39\x30\x31\x32\x33\x34\x35\x36\x37\x38\x39\x30\x31\x32\x33\x34\x35\x36\x37\x38\x39\x30\x31\x32\x33\x34\x35\x36\x37\x38\x39\x30\x31\x32\x33\x34\x35\x36\x37\x38\x39\x30\x62", 1, 0),
    (b"\x5b\x61\x62\x5d\x5b\x63\x64\x5d\x5b\x65\x66\x5d\x5b\x67\x68\x5d\x5b\x69\x6a\x5d\x5b\x6b\x6c\x5d\x5b\x6d\x6e\x5d", 1, b"\x78\x61\x63\x65\x67\x69\x6b\x6d\x6f\x71", 0, 0),
    (b"\x5b\x61\x62\x5d\x5b\x63\x64\x5d\x5b\x65\x66\x5d\x5b\x67\x68\x5d\x5b\x69\x6a\x5d\x5b\x6b\x6c\x5d\x5b\x6d\x6e\x5d", 1, b"\x78\x61\x63\x65\x67\x69\x6b\x6d\x6f\x71", 1, 0),
    (b"\x5b\x61\x62\x5d\x5b\x63\x64\x5d\x5b\x65\x66\x5d\x5b\x67\x68\x5d\x5b\x69\x6a\x5d\x5b\x6b\x6c\x5d\x5b\x6d\x6e\x5d\x5b\x6f\x70\x5d", 1, b"\x78\x61\x63\x65\x67\x69\x6b\x6d\x6f\x71", 0, 0),
    (b"\x5b\x61\x62\x5d\x5b\x63\x64\x5d\x5b\x65\x66\x5d\x5b\x67\x68\x5d\x5b\x69\x6a\x5d\x5b\x6b\x6c\x5d\x5b\x6d\x6e\x5d\x5b\x6f\x70\x5d", 1, b"\x78\x61\x63\x65\x67\x69\x6b\x6d\x6f\x71", 1, 0),
    (b"\x5b\x61\x62\x5d\x5b\x63\x64\x5d\x5b\x65\x66\x5d\x5b\x67\x68\x5d\x5b\x69\x6a\x5d\x5b\x6b\x6c\x5d\x5b\x6d\x6e\x5d\x5b\x6f\x70\x5d\x5b\x71\x72\x5d", 1, b"\x78\x61\x63\x65\x67\x69\x6b\x6d\x6f\x71\x79", 0, 0),
    (b"\x5b\x61\x62\x5d\x5b\x63\x64\x5d\x5b\x65\x66\x5d\x5b\x67\x68\x5d\x5b\x69\x6a\x5d\x5b\x6b\x6c\x5d\x5b\x6d\x6e\x5d\x5b\x6f\x70\x5d\x5b\x71\x72\x5d", 1, b"\x78\x61\x63\x65\x67\x69\x6b\x6d\x6f\x71\x79", 1, 0),
    (b"\x5b\x61\x62\x5d\x5b\x63\x64\x5d\x5b\x65\x66\x5d\x5b\x67\x68\x5d\x5b\x69\x6a\x5d\x5b\x6b\x6c\x5d\x5b\x6d\x6e\x5d\x5b\x6f\x70\x5d\x5b\x71\x5d", 1, b"\x78\x61\x63\x65\x67\x69\x6b\x6d\x6f\x71\x79", 0, 0),
    (b"\x5b\x61\x62\x5d\x5b\x63\x64\x5d\x5b\x65\x66\x5d\x5b\x67\x68\x5d\x5b\x69\x6a\x5d\x5b\x6b\x6c\x5d\x5b\x6d\x6e\x5d\x5b\x6f\x70\x5d\x5b\x71\x5d", 1, b"\x78\x61\x63\x65\x67\x69\x6b\x6d\x6f\x71\x79", 1, 0),
    (b"\x61\x62\x63", 1, b"\x78\x61\x62\x63\x79", 0, 0),
    (b"\x61\x62\x63", 1, b"\x78\x61\x62\x63\x79", 1, 0),
    (b"\x61\x42\x63", 1, b"\x41\x62\x63", 0, 1),
    (b"\x61\x42\x63", 1, b"\x41\x62\x63", 1, 1),
    (b"\x61\x5b\x42\x63\x5d\x2a\x64", 1, b"\x61\x62\x42\x43\x63\x64", 0, 1),
    (b"\x61\x5b\x42\x63\x5d\x2a\x64", 1, b"\x61\x62\x42\x43\x63\x64", 1, 1),
    (b"\x30\x5b\x5b\x3a\x75\x70\x70\x65\x72\x3a\x5d\x5d\x31", 1, b"\x30\x61\x31", 0, 1),
    (b"\x30\x5b\x5b\x3a\x75\x70\x70\x65\x72\x3a\x5d\x5d\x31", 1, b"\x30\x61\x31", 1, 1),
    (b"\x30\x5b\x5b\x3a\x6c\x6f\x77\x65\x72\x3a\x5d\x5d\x31", 1, b"\x30\x41\x31", 0, 1),
    (b"\x30\x5b\x5b\x3a\x6c\x6f\x77\x65\x72\x3a\x5d\x5d\x31", 1, b"\x30\x41\x31", 1, 1),
    (b"\x61\x5b\x5e\x62\x5d\x63", 1, b"\x61\x62\x63", 0, 1),
    (b"\x61\x5b\x5e\x62\x5d\x63", 1, b"\x61\x62\x63", 1, 1),
    (b"\x61\x5b\x5e\x62\x5d\x63", 1, b"\x61\x42\x63", 0, 0),
    (b"\x61\x5b\x5e\x62\x5d\x63", 1, b"\x61\x42\x63", 1, 0),
    (b"\x61\x5b\x5e\x62\x5d\x63", 1, b"\x61\x64\x63", 0, 0),
    (b"\x61\x5b\x5e\x62\x5d\x63", 1, b"\x61\x64\x63", 1, 0),
    (b"\x5b\x61\x5d\x62\x5b\x63\x5d", 1, b"\x61\x62\x63", 0, 0),
    (b"\x5b\x61\x5d\x62\x5b\x63\x5d", 1, b"\x61\x62\x63", 1, 0),
    (b"\x5b\x61\x5d\x62\x5b\x61\x5d", 1, b"\x61\x62\x61", 0, 0),
    (b"\x5b\x61\x5d\x62\x5b\x61\x5d", 1, b"\x61\x62\x61", 1, 0),
    (b"\x5b\x61\x62\x63\x5d\x62\x5b\x61\x62\x63\x5d", 1, b"\x61\x62\x63", 0, 0),
    (b"\x5b\x61\x62\x63\x5d\x62\x5b\x61\x62\x63\x5d", 1, b"\x61\x62\x63", 1, 0),
    (b"\x5b\x61\x62\x63\x5d\x62\x5b\x61\x62\x64\x5d", 1, b"\x61\x62\x64", 0, 0),
    (b"\x5b\x61\x62\x63\x5d\x62\x5b\x61\x62\x64\x5d", 1, b"\x61\x62\x64", 1, 0),
    (b"\x61\x28\x62\x3f\x63\x29\x2b\x64", 1, b"\x61\x63\x63\x64", 0, 0),
    (b"\x61\x28\x62\x3f\x63\x29\x2b\x64", 1, b"\x61\x63\x63\x64", 1, 0),
    (b"\x28\x77\x65\x65\x7c\x77\x65\x65\x6b\x29\x28\x6b\x6e\x69\x67\x68\x74\x73\x7c\x6e\x69\x67\x68\x74\x29", 1, b"\x77\x65\x65\x6b\x6e\x69\x67\x68\x74\x73", 0, 0),
    (b"\x28\x77\x65\x65\x7c\x77\x65\x65\x6b\x29\x28\x6b\x6e\x69\x67\x68\x74\x73\x7c\x6e\x69\x67\x68\x74\x29", 1, b"\x77\x65\x65\x6b\x6e\x69\x67\x68\x74\x73", 1, 0),
    (b"\x28\x77\x65\x7c\x77\x65\x65\x7c\x77\x65\x65\x6b\x7c\x66\x72\x6f\x62\x29\x28\x6b\x6e\x69\x67\x68\x74\x73\x7c\x6e\x69\x67\x68\x74\x7c\x64\x61\x79\x29", 1, b"\x77\x65\x65\x6b\x6e\x69\x67\x68\x74\x73", 0, 0),
    (b"\x28\x77\x65\x7c\x77\x65\x65\x7c\x77\x65\x65\x6b\x7c\x66\x72\x6f\x62\x29\x28\x6b\x6e\x69\x67\x68\x74\x73\x7c\x6e\x69\x67\x68\x74\x7c\x64\x61\x79\x29", 1, b"\x77\x65\x65\x6b\x6e\x69\x67\x68\x74\x73", 1, 0),
    (b"\x61\x5b\x62\x63\x5d\x64", 1, b"\x78\x79\x7a\x61\x61\x61\x62\x63\x61\x61\x62\x61\x62\x64\x61\x63\x64", 0, 0),
    (b"\x61\x5b\x62\x63\x5d\x64", 1, b"\x78\x79\x7a\x61\x61\x61\x62\x63\x61\x61\x62\x61\x62\x64\x61\x63\x64", 1, 0),
    (b"\x61\x5b\x61\x62\x5d\x63", 1, b"\x61\x61\x61\x62\x63", 0, 0),
    (b"\x61\x5b\x61\x62\x5d\x63", 1, b"\x61\x61\x61\x62\x63", 1, 0),
    (b"\x61\x2a", 1, b"\x62", 0, 0),
    (b"\x61\x2a", 1, b"\x62", 1, 0),
    (b"\x2f\x5c\x2a\x2e\x2a\x5c\x2a\x2f", 1, b"\x2f\x2a\x78\x2a\x2f", 0, 0),
    (b"\x2f\x5c\x2a\x2e\x2a\x5c\x2a\x2f", 1, b"\x2f\x2a\x78\x2a\x2f", 1, 0),
    (b"\x2f\x5c\x2a\x2e\x2a\x5c\x2a\x2f", 1, b"\x2f\x2a\x78\x2a\x2f\x79\x2f\x2a\x7a\x2a\x2f", 0, 0),
    (b"\x2f\x5c\x2a\x2e\x2a\x5c\x2a\x2f", 1, b"\x2f\x2a\x78\x2a\x2f\x79\x2f\x2a\x7a\x2a\x2f", 1, 0),
    (b"\x2f\x5c\x2a\x28\x5b\x5e\x2a\x5d\x7c\x5c\x2a\x5b\x5e\x2f\x5d\x29\x2a\x5c\x2a\x2f", 1, b"\x2f\x2a\x78\x2a\x2f", 0, 0),
    (b"\x2f\x5c\x2a\x28\x5b\x5e\x2a\x5d\x7c\x5c\x2a\x5b\x5e\x2f\x5d\x29\x2a\x5c\x2a\x2f", 1, b"\x2f\x2a\x78\x2a\x2f", 1, 0),
    (b"\x2f\x5c\x2a\x28\x5b\x5e\x2a\x5d\x7c\x5c\x2a\x5b\x5e\x2f\x5d\x29\x2a\x5c\x2a\x2f", 1, b"\x2f\x2a\x78\x2a\x2f\x79\x2f\x2a\x7a\x2a\x2f", 0, 0),
    (b"\x2f\x5c\x2a\x28\x5b\x5e\x2a\x5d\x7c\x5c\x2a\x5b\x5e\x2f\x5d\x29\x2a\x5c\x2a\x2f", 1, b"\x2f\x2a\x78\x2a\x2f\x79\x2f\x2a\x7a\x2a\x2f", 1, 0),
    (b"\x2f\x5c\x2a\x28\x5b\x5e\x2a\x5d\x7c\x5c\x2a\x5b\x5e\x2f\x5d\x29\x2a\x5c\x2a\x2f", 1, b"\x2f\x2a\x78\x2a\x2a\x2f\x79\x2f\x2a\x7a\x2a\x2f", 0, 0),
    (b"\x2f\x5c\x2a\x28\x5b\x5e\x2a\x5d\x7c\x5c\x2a\x5b\x5e\x2f\x5d\x29\x2a\x5c\x2a\x2f", 1, b"\x2f\x2a\x78\x2a\x2a\x2f\x79\x2f\x2a\x7a\x2a\x2f", 1, 0),
    (b"\x2f\x5c\x2a\x28\x5b\x5e\x2a\x5d\x7c\x5c\x2a\x2b\x5b\x5e\x2a\x2f\x5d\x29\x2a\x5c\x2a\x2b\x2f", 1, b"\x2f\x2a\x78\x2a\x2f", 0, 0),
    (b"\x2f\x5c\x2a\x28\x5b\x5e\x2a\x5d\x7c\x5c\x2a\x2b\x5b\x5e\x2a\x2f\x5d\x29\x2a\x5c\x2a\x2b\x2f", 1, b"\x2f\x2a\x78\x2a\x2f", 1, 0),
    (b"\x2f\x5c\x2a\x28\x5b\x5e\x2a\x5d\x7c\x5c\x2a\x2b\x5b\x5e\x2a\x2f\x5d\x29\x2a\x5c\x2a\x2b\x2f", 1, b"\x2f\x2a\x78\x2a\x2f\x79\x2f\x2a\x7a\x2a\x2f", 0, 0),
    (b"\x2f\x5c\x2a\x28\x5b\x5e\x2a\x5d\x7c\x5c\x2a\x2b\x5b\x5e\x2a\x2f\x5d\x29\x2a\x5c\x2a\x2b\x2f", 1, b"\x2f\x2a\x78\x2a\x2f\x79\x2f\x2a\x7a\x2a\x2f", 1, 0),
    (b"\x2f\x5c\x2a\x28\x5b\x5e\x2a\x5d\x7c\x5c\x2a\x2b\x5b\x5e\x2a\x2f\x5d\x29\x2a\x5c\x2a\x2b\x2f", 1, b"\x2f\x2a\x78\x2a\x2a\x2f\x79\x2f\x2a\x7a\x2a\x2f", 0, 0),
    (b"\x2f\x5c\x2a\x28\x5b\x5e\x2a\x5d\x7c\x5c\x2a\x2b\x5b\x5e\x2a\x2f\x5d\x29\x2a\x5c\x2a\x2b\x2f", 1, b"\x2f\x2a\x78\x2a\x2a\x2f\x79\x2f\x2a\x7a\x2a\x2f", 1, 0),
    (b"\x2f\x5c\x2a\x28\x5b\x5e\x2a\x5d\x7c\x5c\x2a\x2b\x5b\x5e\x2a\x2f\x5d\x29\x2a\x5c\x2a\x2b\x2f", 1, b"\x2f\x2a\x78\x2a\x2a\x2a\x2a\x2f\x79\x2f\x2a\x7a\x2a\x2f", 0, 0),
    (b"\x2f\x5c\x2a\x28\x5b\x5e\x2a\x5d\x7c\x5c\x2a\x2b\x5b\x5e\x2a\x2f\x5d\x29\x2a\x5c\x2a\x2b\x2f", 1, b"\x2f\x2a\x78\x2a\x2a\x2a\x2a\x2f\x79\x2f\x2a\x7a\x2a\x2f", 1, 0),
    (b"\x2f\x5c\x2a\x28\x5b\x5e\x2a\x5d\x7c\x5c\x2a\x2b\x5b\x5e\x2a\x2f\x5d\x29\x2a\x5c\x2a\x2b\x2f", 1, b"\x2f\x2a\x78\x2a\x2a\x78\x2a\x2f\x79\x2f\x2a\x7a\x2a\x2f", 0, 0),
    (b"\x2f\x5c\x2a\x28\x5b\x5e\x2a\x5d\x7c\x5c\x2a\x2b\x5b\x5e\x2a\x2f\x5d\x29\x2a\x5c\x2a\x2b\x2f", 1, b"\x2f\x2a\x78\x2a\x2a\x78\x2a\x2f\x79\x2f\x2a\x7a\x2a\x2f", 1, 0),
    (b"\x2f\x5c\x2a\x28\x5b\x5e\x2a\x5d\x7c\x5c\x2a\x2b\x5b\x5e\x2a\x2f\x5d\x29\x2a\x5c\x2a\x2b\x2f", 1, b"\x2f\x2a\x78\x2a\x2a\x2a\x78\x2f\x79\x2f\x2a\x7a\x2a\x2f", 0, 0),
    (b"\x2f\x5c\x2a\x28\x5b\x5e\x2a\x5d\x7c\x5c\x2a\x2b\x5b\x5e\x2a\x2f\x5d\x29\x2a\x5c\x2a\x2b\x2f", 1, b"\x2f\x2a\x78\x2a\x2a\x2a\x78\x2f\x79\x2f\x2a\x7a\x2a\x2f", 1, 0),
    (b"\x61\x5a\x62", 1, b"\x61", 0, 1),
    (b"\x61\x5a\x62", 1, b"\x61", 1, 1),
    (b"\x5b\x5b\x3a\x3c\x3a\x5d\x5d\x61", 1, b"\x61", 0, 2),
    (b"\x5b\x5b\x3a\x3c\x3a\x5d\x5d\x61", 1, b"\x61", 1, 2),
    (b"\x5b\x5b\x3a\x3c\x3a\x5d\x5d\x61", 1, b"\x62\x61", 0, 2),
    (b"\x5b\x5b\x3a\x3c\x3a\x5d\x5d\x61", 1, b"\x62\x61", 1, 2),
    (b"\x5b\x5b\x3a\x3c\x3a\x5d\x5d\x61", 1, b"\x2d\x61", 0, 2),
    (b"\x5b\x5b\x3a\x3c\x3a\x5d\x5d\x61", 1, b"\x2d\x61", 1, 2),
    (b"\x61\x5b\x5b\x3a\x3e\x3a\x5d\x5d", 1, b"\x61", 0, 2),
    (b"\x61\x5b\x5b\x3a\x3e\x3a\x5d\x5d", 1, b"\x61", 1, 2),
    (b"\x61\x5b\x5b\x3a\x3e\x3a\x5d\x5d", 1, b"\x61\x62", 0, 2),
    (b"\x61\x5b\x5b\x3a\x3e\x3a\x5d\x5d", 1, b"\x61\x62", 1, 2),
    (b"\x61\x5b\x5b\x3a\x3e\x3a\x5d\x5d", 1, b"\x61\x2d", 0, 2),
    (b"\x61\x5b\x5b\x3a\x3e\x3a\x5d\x5d", 1, b"\x61\x2d", 1, 2),
    (b"\x5b\x5b\x3a\x3c\x3a\x5d\x5d\x61\x2e\x63\x5b\x5b\x3a\x3e\x3a\x5d\x5d", 1, b"\x61\x78\x63\x64\x2d\x64\x61\x79\x63\x2d\x64\x61\x7a\x63\x65\x2d\x61\x62\x63", 0, 2),
    (b"\x5b\x5b\x3a\x3c\x3a\x5d\x5d\x61\x2e\x63\x5b\x5b\x3a\x3e\x3a\x5d\x5d", 1, b"\x61\x78\x63\x64\x2d\x64\x61\x79\x63\x2d\x64\x61\x7a\x63\x65\x2d\x61\x62\x63", 1, 2),
    (b"\x5b\x5b\x3a\x3c\x3a\x5d\x5d\x61\x2e\x63\x5b\x5b\x3a\x3e\x3a\x5d\x5d", 1, b"\x61\x78\x63\x64\x2d\x64\x61\x79\x63\x2d\x64\x61\x7a\x63\x65\x2d\x61\x62\x63\x2d\x71", 0, 2),
    (b"\x5b\x5b\x3a\x3c\x3a\x5d\x5d\x61\x2e\x63\x5b\x5b\x3a\x3e\x3a\x5d\x5d", 1, b"\x61\x78\x63\x64\x2d\x64\x61\x79\x63\x2d\x64\x61\x7a\x63\x65\x2d\x61\x62\x63\x2d\x71", 1, 2),
    (b"\x5b\x5b\x3a\x3c\x3a\x5d\x5d\x61\x2e\x63\x5b\x5b\x3a\x3e\x3a\x5d\x5d", 1, b"\x61\x78\x63\x2d\x64\x61\x79\x63\x2d\x64\x61\x7a\x63\x65\x2d\x61\x62\x63", 0, 2),
    (b"\x5b\x5b\x3a\x3c\x3a\x5d\x5d\x61\x2e\x63\x5b\x5b\x3a\x3e\x3a\x5d\x5d", 1, b"\x61\x78\x63\x2d\x64\x61\x79\x63\x2d\x64\x61\x7a\x63\x65\x2d\x61\x62\x63", 1, 2),
    (b"\x5b\x5b\x3a\x3c\x3a\x5d\x5d\x62\x2e\x63\x5b\x5b\x3a\x3e\x3a\x5d\x5d", 1, b"\x61\x5f\x62\x78\x63\x2d\x62\x79\x63\x5f\x64\x2d\x62\x7a\x63\x2d\x71", 0, 2),
    (b"\x5b\x5b\x3a\x3c\x3a\x5d\x5d\x62\x2e\x63\x5b\x5b\x3a\x3e\x3a\x5d\x5d", 1, b"\x61\x5f\x62\x78\x63\x2d\x62\x79\x63\x5f\x64\x2d\x62\x7a\x63\x2d\x71", 1, 2),
    (b"\x5b\x5b\x3a\x3c\x3a\x5d\x5d\x2e\x78\x2e\x2e\x5b\x5b\x3a\x3e\x3a\x5d\x5d", 1, b"\x79\x5f\x78\x61\x5f\x2d\x5f\x78\x62\x5f\x79\x2d\x5f\x78\x63\x5f\x2d\x61\x78\x64\x63", 0, 2),
    (b"\x5b\x5b\x3a\x3c\x3a\x5d\x5d\x2e\x78\x2e\x2e\x5b\x5b\x3a\x3e\x3a\x5d\x5d", 1, b"\x79\x5f\x78\x61\x5f\x2d\x5f\x78\x62\x5f\x79\x2d\x5f\x78\x63\x5f\x2d\x61\x78\x64\x63", 1, 2),
    (b"\x5b\x5b\x3a\x3c\x3a\x5d\x5d\x61\x5f\x62\x5b\x5b\x3a\x3e\x3a\x5d\x5d", 1, b"\x78\x5f\x61\x5f\x62", 0, 2),
    (b"\x5b\x5b\x3a\x3c\x3a\x5d\x5d\x61\x5f\x62\x5b\x5b\x3a\x3e\x3a\x5d\x5d", 1, b"\x78\x5f\x61\x5f\x62", 1, 2),
    (b"\x28\x41\x5b\x31\x5d\x29\x7c\x28\x41\x5b\x32\x5d\x29\x7c\x28\x41\x5b\x33\x5d\x29\x7c\x28\x41\x5b\x34\x5d\x29\x7c\x28\x41\x5b\x35\x5d\x29\x7c\x28\x41\x5b\x36\x5d\x29\x7c\x28\x41\x5b\x37\x5d\x29\x7c\x28\x41\x5b\x38\x5d\x29\x7c\x28\x41\x5b\x39\x5d\x29\x7c\x28\x41\x5b\x41\x5d\x29", 1, b"\x41\x31", 0, 0),
    (b"\x28\x41\x5b\x31\x5d\x29\x7c\x28\x41\x5b\x32\x5d\x29\x7c\x28\x41\x5b\x33\x5d\x29\x7c\x28\x41\x5b\x34\x5d\x29\x7c\x28\x41\x5b\x35\x5d\x29\x7c\x28\x41\x5b\x36\x5d\x29\x7c\x28\x41\x5b\x37\x5d\x29\x7c\x28\x41\x5b\x38\x5d\x29\x7c\x28\x41\x5b\x39\x5d\x29\x7c\x28\x41\x5b\x41\x5d\x29", 1, b"\x41\x31", 1, 0),
    (b"\x61\x62\x63\x64\x65\x66\x67\x68\x69\x6a\x6b\x6c\x6d\x6e\x6f\x70", 1, b"\x61\x62\x63\x64\x65\x66\x67\x68\x69\x6a\x6b\x6c\x6d\x6e\x6f\x70", 0, 0),
    (b"\x61\x62\x63\x64\x65\x66\x67\x68\x69\x6a\x6b\x6c\x6d\x6e\x6f\x70", 1, b"\x61\x62\x63\x64\x65\x66\x67\x68\x69\x6a\x6b\x6c\x6d\x6e\x6f\x70", 1, 0),
    (b"\x61\x62\x63\x64\x65\x66\x67\x68\x69\x6a\x6b\x6c\x6d\x6e\x6f\x70\x71\x72\x73\x74\x75\x76", 1, b"\x61\x62\x63\x64\x65\x66\x67\x68\x69\x6a\x6b\x6c\x6d\x6e\x6f\x70\x71\x72\x73\x74\x75\x76", 0, 0),
    (b"\x61\x62\x63\x64\x65\x66\x67\x68\x69\x6a\x6b\x6c\x6d\x6e\x6f\x70\x71\x72\x73\x74\x75\x76", 1, b"\x61\x62\x63\x64\x65\x66\x67\x68\x69\x6a\x6b\x6c\x6d\x6e\x6f\x70\x71\x72\x73\x74\x75\x76", 1, 0),
    (b"\x43\x43\x5b\x31\x33\x5d\x31\x7c\x61\x7b\x32\x31\x7d\x5b\x32\x33\x5d\x5b\x45\x4f\x5d\x5b\x31\x32\x33\x5d\x5b\x45\x73\x5d\x5b\x31\x32\x5d\x61\x7b\x31\x35\x7d\x61\x61\x5b\x33\x34\x5d\x5b\x45\x57\x5d\x61\x61\x61\x61\x61\x61\x61\x5b\x58\x5d\x61", 1, b"\x43\x43\x31\x31", 0, 0),
    (b"\x43\x43\x5b\x31\x33\x5d\x31\x7c\x61\x7b\x32\x31\x7d\x5b\x32\x33\x5d\x5b\x45\x4f\x5d\x5b\x31\x32\x33\x5d\x5b\x45\x73\x5d\x5b\x31\x32\x5d\x61\x7b\x31\x35\x7d\x61\x61\x5b\x33\x34\x5d\x5b\x45\x57\x5d\x61\x61\x61\x61\x61\x61\x61\x5b\x58\x5d\x61", 1, b"\x43\x43\x31\x31", 1, 0),
    (b"\x61\x3f\x62", 1, b"\x61\x62", 0, 0),
    (b"\x61\x3f\x62", 1, b"\x61\x62", 1, 0),
    (b"\x62\x7b\x31\x30\x30\x30\x30\x30\x30\x30\x30\x30\x7d", 1, b"\x45\x53\x49\x5a\x45", 0, 2),
    (b"\x62\x7b\x31\x30\x30\x30\x30\x30\x30\x30\x30\x30\x7d", 1, b"\x45\x53\x49\x5a\x45", 1, 2),
    (b"\x29", 1, b"\x29", 0, 0),
    (b"\x29", 1, b"\x29", 1, 0),
    (b"\x29", 1, b"\x78", 0, 1),
    (b"\x29", 1, b"\x78", 1, 1),
    (b"\x5c\x28\x29\x5c\x28\x28\x61\x5c\x28\x29\x29\x28\x62\x29\x29", 1, b"\x28\x29\x28\x61\x28\x29\x62\x29", 0, 0),
    (b"\x5c\x28\x29\x5c\x28\x28\x61\x5c\x28\x29\x29\x28\x62\x29\x29", 1, b"\x28\x29\x28\x61\x28\x29\x62\x29", 1, 0),
    (b"\x61\x2b\x61\x2b\x61", 1, b"\x61\x61", 0, 1),
    (b"\x61\x2b\x61\x2b\x61", 1, b"\x61\x61", 1, 1),
];

pub(super) const ONLY_CASES: &[OnlyCase] = &[
    (
        b"\x61\x7c\x61\x62",
        "-E",
        b"\x61\x62\x61\x62",
        b"\x61\x62\x0a\x61\x62\x0a",
    ),
    (b"\x61\x2a", "-G", b"\x62\x61\x61\x61", b"\x61\x61\x61\x0a"),
    (
        b"\x5c\x28\x61\x62\x63\x5c\x29\x5c\x31",
        "-G",
        b"\x78\x61\x62\x63\x61\x62\x63",
        b"\x61\x62\x63\x61\x62\x63\x0a",
    ),
    (
        b"\x28\x61\x7c\x61\x62\x29\x28\x63\x7c\x62\x61\x62\x29",
        "-E",
        b"\x61\x62\x61\x62",
        b"\x61\x62\x61\x62\x0a",
    ),
    (
        b"\x5c\x62\x2e",
        "-G",
        b"\x61\x62\x20\x63\x64",
        b"\x61\x0a\x20\x0a\x63\x0a",
    ),
    (
        b"\x5c\x3c\x77\x2e",
        "-G",
        b"\x77\x6f\x72\x64\x20\x77\x6f\x72\x64\x73",
        b"\x77\x6f\x0a\x77\x6f\x0a",
    ),
    (
        b"\x66\x6f\x6f",
        "-w",
        b"\x66\x6f\x6f\x5f\x62\x61\x72\x20\x66\x6f\x6f\x20\x78\x66\x6f\x6f",
        b"\x66\x6f\x6f\x0a",
    ),
    (
        b"\x77\x6f\x72\x64",
        "-iw",
        b"\x57\x6f\x72\x64\x2c\x20\x57\x4f\x52\x44\x20\x77\x6f\x72\x64\x79",
        b"\x57\x6f\x72\x64\x0a\x57\x4f\x52\x44\x0a",
    ),
    (b"\x78\x2a", "-E", b"\x78\x79\x7a", b"\x78\x0a"),
    (b"\x79\x2a", "-G", b"\x78\x79\x7a", b"\x79\x0a"),
    (b"\x5c\x61", "-i", b"\x61\x20\x41", b""),
    (b"\x5e\x2a\x61", "-E", b"\x62\x61\x20\x61\x62", b""),
    (
        b"\x7b\x31\x7d\x61",
        "-E",
        b"\x78\x61\x20\x31\x7d\x61",
        b"\x31\x7d\x61\x0a",
    ),
    (b"\x61\x62\x63", "-x", b"\x61\x62\x63", b"\x61\x62\x63\x0a"),
    (
        b"\x61\x62",
        "-F",
        b"\x61\x62\x61\x62",
        b"\x61\x62\x0a\x61\x62\x0a",
    ),
    (
        b"\x61\x62",
        "-Fi",
        b"\x41\x62\x61\x42",
        b"\x41\x62\x0a\x61\x42\x0a",
    ),
    (
        b"\x61\x62",
        "-Fw",
        b"\x61\x62\x20\x78\x61\x62\x20\x61\x62",
        b"\x61\x62\x0a\x61\x62\x0a",
    ),
    (
        b"\x5b\x5b\x3a\x61\x6c\x70\x68\x61\x3a\x5d\x5d\x2a",
        "-G",
        b"\x63\x61\x66\xc3\xa9\x20\x31\x32\x33\x20\xe6\x97\xa5\xe6\x9c\xac",
        b"\x63\x61\x66\xc3\xa9\x0a\xe6\x97\xa5\xe6\x9c\xac\x0a",
    ),
    (
        b"\x73\x2b",
        "-iE",
        b"\xc5\xbf\x20\x53\x20\x73",
        b"\xc5\xbf\x0a\x53\x0a\x73\x0a",
    ),
    (
        b"\x2e",
        "-G",
        b"\xe6\x97\xa5\xe9\x61",
        b"\xe6\x97\xa5\x0a\x61\x0a",
    ),
];

pub(super) const DIAG_CASES: &[(&[u8], u8, &str)] = &[
    (b"\x61\x5c\x28", 0, "Unmatched ( or \\(\n"),
    (b"\x61\x28", 1, "Unmatched ( or \\(\n"),
    (b"\x28", 1, "Unmatched ( or \\(\n"),
    (b"\x61\x5c\x7b\x31", 0, "Unmatched \\{\n"),
    (
        b"\x61\x7b\x32\x2c\x31\x7d",
        1,
        "Invalid content of \\{\\}\n",
    ),
    (b"\x61\x5c\x29", 0, "Unmatched ) or \\)\n"),
    (b"\x5b", 0, "Invalid regular expression\n"),
    (b"\x5b\x61", 0, "Unmatched [, [^, [:, [., or [=\n"),
    (
        b"\x5b\x5b\x3a\x66\x6f\x6f\x3a\x5d\x5d",
        0,
        "Invalid character class name\n",
    ),
    (
        b"\x5b\x5b\x3a\x73\x70\x61\x63\x65\x3a\x5d",
        0,
        "Unmatched [, [^, [:, [., or [=\n",
    ),
    (
        b"\x5b\x3a\x73\x70\x61\x63\x65\x3a\x5d",
        0,
        "character class syntax is [[:space:]], not [:space:]\n",
    ),
    (b"\x5b\x7a\x2d\x61\x5d", 0, "Invalid range end\n"),
    (b"\x61\x5c", 0, "Trailing backslash\n"),
    (b"\x5c\x31", 0, "Invalid back reference\n"),
    (
        b"\x5c\x28\x61\x5c\x29\x5c\x32",
        0,
        "Invalid back reference\n",
    ),
    (b"\x2a\x61", 1, "warning: * at start of expression\n"),
    (b"\x2b\x61", 1, "warning: + at start of expression\n"),
    (b"\x3f\x61", 1, "warning: ? at start of expression\n"),
    (
        b"\x7b\x31\x7d\x61",
        1,
        "warning: {...} at start of expression\n",
    ),
    (b"\x5c\x64", 0, "warning: stray \\ before d\n"),
    (
        b"\x61\x5c\x20\x62",
        0,
        "warning: stray \\ before white space\n",
    ),
    (
        b"\x61\x5c\x7b\x39\x39\x39\x39\x39\x5c\x7d",
        0,
        "Regular expression too big\n",
    ),
    (
        b"\x61\x7b\x33\x32\x37\x36\x38\x7d",
        1,
        "Regular expression too big\n",
    ),
    (
        b"\x5b\x5b\x3d\x61\x62\x3d\x5d\x5d",
        0,
        "Invalid collation character\n",
    ),
    (
        b"\x5b\x5b\x2e\x73\x70\x61\x63\x65\x2e\x5d\x5d",
        0,
        "Invalid collation character\n",
    ),
    (b"\x28\x2a\x29", 1, "Unmatched ( or \\(\n"),
    (b"\x61\x7b\x7d", 1, "Invalid content of \\{\\}\n"),
    (
        b"\x7b\x39\x39\x39\x39\x39\x7d\x61",
        1,
        "warning: {...} at start of expression\nregular expression too big\n",
    ),
    (b"\x5c\x7b", 0, "warning: stray \\ before {\n"),
    (
        b"\x61\x7c\x2a\x62",
        1,
        "warning: * at start of expression\n",
    ),
    (
        b"\x5c\x28\x61\x5c\x29\x5c\x7c\x5c\x31",
        0,
        "Invalid back reference\n",
    ),
    (b"\x78\x5c\x25", 0, "warning: stray \\ before %\n"),
    (
        b"\x5b\x5b\x3a\x61\x6c\x70\x68\x61\x3a\x5d\x2d\x7a\x5d",
        1,
        "Invalid range end\n",
    ),
    (b"\x5b\x61\x2d\x7a\x2d\x39\x5d", 0, "Invalid range end\n"),
];

pub(super) const PORT_CASES: &[PortCase] = &[
    (0, &[b"\x77\x6f\x72\x64", b"\x2d\x6f", b"\x2d\x69"], b"\x57\x6f\x72\x64\x41\x0a\x77\x6f\x72\x64\x42\x0a\x57\x4f\x52\x44\x43\x0a", 0, b"\x57\x6f\x72\x64\x0a\x77\x6f\x72\x64\x0a\x57\x4f\x52\x44\x0a"),
    (1, &[b"\x77\x6f\x72\x64", b"\x2d\x6f", b"\x2d\x69"], b"\x57\x6f\x72\x64\x41\x0a\x77\x6f\x72\x64\x42\x0a\x57\x4f\x52\x44\x43\x0a", 0, b"\x57\x6f\x72\x64\x0a\x77\x6f\x72\x64\x0a\x57\x4f\x52\x44\x0a"),
    (0, &[b"\x57\x6f\x72\x64", b"\x2d\x6f", b"\x2d\x69"], b"\x57\x6f\x72\x64\x41\x0a\x77\x6f\x72\x64\x42\x0a\x57\x4f\x52\x44\x43\x0a", 0, b"\x57\x6f\x72\x64\x0a\x77\x6f\x72\x64\x0a\x57\x4f\x52\x44\x0a"),
    (1, &[b"\x57\x6f\x72\x64", b"\x2d\x6f", b"\x2d\x69"], b"\x57\x6f\x72\x64\x41\x0a\x77\x6f\x72\x64\x42\x0a\x57\x4f\x52\x44\x43\x0a", 0, b"\x57\x6f\x72\x64\x0a\x77\x6f\x72\x64\x0a\x57\x4f\x52\x44\x0a"),
    (0, &[b"\x57\x4f\x52\x44", b"\x2d\x6f", b"\x2d\x69"], b"\x57\x6f\x72\x64\x41\x0a\x77\x6f\x72\x64\x42\x0a\x57\x4f\x52\x44\x43\x0a", 0, b"\x57\x6f\x72\x64\x0a\x77\x6f\x72\x64\x0a\x57\x4f\x52\x44\x0a"),
    (1, &[b"\x57\x4f\x52\x44", b"\x2d\x6f", b"\x2d\x69"], b"\x57\x6f\x72\x64\x41\x0a\x77\x6f\x72\x64\x42\x0a\x57\x4f\x52\x44\x43\x0a", 0, b"\x57\x6f\x72\x64\x0a\x77\x6f\x72\x64\x0a\x57\x4f\x52\x44\x0a"),
    (0, &[b"\x77\x2e", b"\x2d\x6f", b"\x2d\x6e"], b"\x77\x41\x20\x77\x42\x0a\x77\x43\x0a", 0, b"\x31\x3a\x77\x41\x0a\x31\x3a\x77\x42\x0a\x32\x3a\x77\x43\x0a"),
    (1, &[b"\x77\x2e", b"\x2d\x6f", b"\x2d\x6e"], b"\x77\x41\x20\x77\x42\x0a\x77\x43\x0a", 0, b"\x31\x3a\x77\x41\x0a\x31\x3a\x77\x42\x0a\x32\x3a\x77\x43\x0a"),
    (0, &[b"\x77\x2e", b"\x2d\x6f", b"\x2d\x6e", b"\x2d\x69"], b"\x77\x41\x20\x77\x42\x0a\x77\x43\x0a", 0, b"\x31\x3a\x77\x41\x0a\x31\x3a\x77\x42\x0a\x32\x3a\x77\x43\x0a"),
    (1, &[b"\x77\x2e", b"\x2d\x6f", b"\x2d\x6e", b"\x2d\x69"], b"\x77\x41\x20\x77\x42\x0a\x77\x43\x0a", 0, b"\x31\x3a\x77\x41\x0a\x31\x3a\x77\x42\x0a\x32\x3a\x77\x43\x0a"),
    (0, &[b"\x77\x2e", b"\x2d\x6f", b"\x2d\x6e", b"\x2d\x33"], b"\x77\x41\x20\x77\x42\x0a\x77\x43\x0a", 0, b"\x31\x3a\x77\x41\x0a\x31\x3a\x77\x42\x0a\x32\x3a\x77\x43\x0a"),
    (1, &[b"\x77\x2e", b"\x2d\x6f", b"\x2d\x6e", b"\x2d\x33"], b"\x77\x41\x20\x77\x42\x0a\x77\x43\x0a", 0, b"\x31\x3a\x77\x41\x0a\x31\x3a\x77\x42\x0a\x32\x3a\x77\x43\x0a"),
    (0, &[b"\x77\x2e", b"\x2d\x6f", b"\x2d\x62"], b"\x58\x77\x41\x20\x59\x77\x42\x0a\x5a\x77\x43\x0a", 0, b"\x31\x3a\x77\x41\x0a\x35\x3a\x77\x42\x0a\x39\x3a\x77\x43\x0a"),
    (1, &[b"\x77\x2e", b"\x2d\x6f", b"\x2d\x62"], b"\x58\x77\x41\x20\x59\x77\x42\x0a\x5a\x77\x43\x0a", 0, b"\x31\x3a\x77\x41\x0a\x35\x3a\x77\x42\x0a\x39\x3a\x77\x43\x0a"),
    (0, &[b"\x77\x2e", b"\x2d\x6f", b"\x2d\x62", b"\x2d\x69"], b"\x58\x77\x41\x20\x59\x77\x42\x0a\x5a\x77\x43\x0a", 0, b"\x31\x3a\x77\x41\x0a\x35\x3a\x77\x42\x0a\x39\x3a\x77\x43\x0a"),
    (1, &[b"\x77\x2e", b"\x2d\x6f", b"\x2d\x62", b"\x2d\x69"], b"\x58\x77\x41\x20\x59\x77\x42\x0a\x5a\x77\x43\x0a", 0, b"\x31\x3a\x77\x41\x0a\x35\x3a\x77\x42\x0a\x39\x3a\x77\x43\x0a"),
    (0, &[b"\x77\x2e", b"\x2d\x6f", b"\x2d\x62", b"\x2d\x33"], b"\x58\x77\x41\x20\x59\x77\x42\x0a\x5a\x77\x43\x0a", 0, b"\x31\x3a\x77\x41\x0a\x35\x3a\x77\x42\x0a\x39\x3a\x77\x43\x0a"),
    (1, &[b"\x77\x2e", b"\x2d\x6f", b"\x2d\x62", b"\x2d\x33"], b"\x58\x77\x41\x20\x59\x77\x42\x0a\x5a\x77\x43\x0a", 0, b"\x31\x3a\x77\x41\x0a\x35\x3a\x77\x42\x0a\x39\x3a\x77\x43\x0a"),
    (0, &[b"\x77", b"\x2d\x46", b"\x2d\x6f", b"\x2d\x62"], b"\x58\x77\x41\x20\x59\x77\x42\x0a\x5a\x77\x43\x0a", 0, b"\x31\x3a\x77\x0a\x35\x3a\x77\x0a\x39\x3a\x77\x0a"),
    (1, &[b"\x77", b"\x2d\x46", b"\x2d\x6f", b"\x2d\x62"], b"\x58\x77\x41\x20\x59\x77\x42\x0a\x5a\x77\x43\x0a", 0, b"\x31\x3a\x77\x0a\x35\x3a\x77\x0a\x39\x3a\x77\x0a"),
    (0, &[b"\x77", b"\x2d\x46", b"\x2d\x6f", b"\x2d\x62", b"\x2d\x69"], b"\x58\x77\x41\x20\x59\x77\x42\x0a\x5a\x77\x43\x0a", 0, b"\x31\x3a\x77\x0a\x35\x3a\x77\x0a\x39\x3a\x77\x0a"),
    (1, &[b"\x77", b"\x2d\x46", b"\x2d\x6f", b"\x2d\x62", b"\x2d\x69"], b"\x58\x77\x41\x20\x59\x77\x42\x0a\x5a\x77\x43\x0a", 0, b"\x31\x3a\x77\x0a\x35\x3a\x77\x0a\x39\x3a\x77\x0a"),
    (0, &[b"\x77", b"\x2d\x46", b"\x2d\x6f", b"\x2d\x62", b"\x2d\x33"], b"\x58\x77\x41\x20\x59\x77\x42\x0a\x5a\x77\x43\x0a", 0, b"\x31\x3a\x77\x0a\x35\x3a\x77\x0a\x39\x3a\x77\x0a"),
    (1, &[b"\x77", b"\x2d\x46", b"\x2d\x6f", b"\x2d\x62", b"\x2d\x33"], b"\x58\x77\x41\x20\x59\x77\x42\x0a\x5a\x77\x43\x0a", 0, b"\x31\x3a\x77\x0a\x35\x3a\x77\x0a\x39\x3a\x77\x0a"),
    (0, &[b"\x77\x2e", b"\x2d\x6f", b"\x2d\x48"], b"\x77\x41\x20\x77\x42\x0a", 0, b"\x28\x73\x74\x61\x6e\x64\x61\x72\x64\x20\x69\x6e\x70\x75\x74\x29\x3a\x77\x41\x0a\x28\x73\x74\x61\x6e\x64\x61\x72\x64\x20\x69\x6e\x70\x75\x74\x29\x3a\x77\x42\x0a"),
    (1, &[b"\x77\x2e", b"\x2d\x6f", b"\x2d\x48"], b"\x77\x41\x20\x77\x42\x0a", 0, b"\x28\x73\x74\x61\x6e\x64\x61\x72\x64\x20\x69\x6e\x70\x75\x74\x29\x3a\x77\x41\x0a\x28\x73\x74\x61\x6e\x64\x61\x72\x64\x20\x69\x6e\x70\x75\x74\x29\x3a\x77\x42\x0a"),
    (0, &[b"\x77\x2e", b"\x2d\x6f", b"\x2d\x48", b"\x2d\x69"], b"\x77\x41\x20\x77\x42\x0a", 0, b"\x28\x73\x74\x61\x6e\x64\x61\x72\x64\x20\x69\x6e\x70\x75\x74\x29\x3a\x77\x41\x0a\x28\x73\x74\x61\x6e\x64\x61\x72\x64\x20\x69\x6e\x70\x75\x74\x29\x3a\x77\x42\x0a"),
    (1, &[b"\x77\x2e", b"\x2d\x6f", b"\x2d\x48", b"\x2d\x69"], b"\x77\x41\x20\x77\x42\x0a", 0, b"\x28\x73\x74\x61\x6e\x64\x61\x72\x64\x20\x69\x6e\x70\x75\x74\x29\x3a\x77\x41\x0a\x28\x73\x74\x61\x6e\x64\x61\x72\x64\x20\x69\x6e\x70\x75\x74\x29\x3a\x77\x42\x0a"),
    (0, &[b"\x77\x2e", b"\x2d\x6f", b"\x2d\x48", b"\x2d\x33"], b"\x77\x41\x20\x77\x42\x0a", 0, b"\x28\x73\x74\x61\x6e\x64\x61\x72\x64\x20\x69\x6e\x70\x75\x74\x29\x3a\x77\x41\x0a\x28\x73\x74\x61\x6e\x64\x61\x72\x64\x20\x69\x6e\x70\x75\x74\x29\x3a\x77\x42\x0a"),
    (1, &[b"\x77\x2e", b"\x2d\x6f", b"\x2d\x48", b"\x2d\x33"], b"\x77\x41\x20\x77\x42\x0a", 0, b"\x28\x73\x74\x61\x6e\x64\x61\x72\x64\x20\x69\x6e\x70\x75\x74\x29\x3a\x77\x41\x0a\x28\x73\x74\x61\x6e\x64\x61\x72\x64\x20\x69\x6e\x70\x75\x74\x29\x3a\x77\x42\x0a"),
    (0, &[b"\x77\x2e"], b"\x77\x41\x20\x77\x42\x0a", 0, b"\x77\x41\x20\x77\x42\x0a"),
    (1, &[b"\x77\x2e"], b"\x77\x41\x20\x77\x42\x0a", 0, b"\x77\x41\x20\x77\x42\x0a"),
    (0, &[b"\x77\x2e", b"\x2d\x68"], b"\x77\x41\x20\x77\x42\x0a", 0, b"\x77\x41\x20\x77\x42\x0a"),
    (1, &[b"\x77\x2e", b"\x2d\x68"], b"\x77\x41\x20\x77\x42\x0a", 0, b"\x77\x41\x20\x77\x42\x0a"),
    (0, &[b"\x77\x2e", b"\x2d\x48", b"\x2d\x68"], b"\x77\x41\x20\x77\x42\x0a", 0, b"\x77\x41\x20\x77\x42\x0a"),
    (1, &[b"\x77\x2e", b"\x2d\x48", b"\x2d\x68"], b"\x77\x41\x20\x77\x42\x0a", 0, b"\x77\x41\x20\x77\x42\x0a"),
    (0, &[b"\x77\x2e", b"\x2d\x48"], b"\x77\x41\x20\x77\x42\x0a", 0, b"\x28\x73\x74\x61\x6e\x64\x61\x72\x64\x20\x69\x6e\x70\x75\x74\x29\x3a\x77\x41\x20\x77\x42\x0a"),
    (1, &[b"\x77\x2e", b"\x2d\x48"], b"\x77\x41\x20\x77\x42\x0a", 0, b"\x28\x73\x74\x61\x6e\x64\x61\x72\x64\x20\x69\x6e\x70\x75\x74\x29\x3a\x77\x41\x20\x77\x42\x0a"),
    (0, &[b"\x77\x2e", b"\x2d\x68", b"\x2d\x48"], b"\x77\x41\x20\x77\x42\x0a", 0, b"\x28\x73\x74\x61\x6e\x64\x61\x72\x64\x20\x69\x6e\x70\x75\x74\x29\x3a\x77\x41\x20\x77\x42\x0a"),
    (1, &[b"\x77\x2e", b"\x2d\x68", b"\x2d\x48"], b"\x77\x41\x20\x77\x42\x0a", 0, b"\x28\x73\x74\x61\x6e\x64\x61\x72\x64\x20\x69\x6e\x70\x75\x74\x29\x3a\x77\x41\x20\x77\x42\x0a"),
    (0, &[b"\x5e\x77\x6f\x72\x64\x5f\x2a", b"\x2d\x6f"], b"\x77\x6f\x72\x64\x5f\x77\x6f\x72\x64\x0a", 0, b"\x77\x6f\x72\x64\x5f\x0a"),
    (1, &[b"\x5e\x77\x6f\x72\x64\x5f\x2a", b"\x2d\x6f"], b"\x77\x6f\x72\x64\x5f\x77\x6f\x72\x64\x0a", 0, b"\x77\x6f\x72\x64\x5f\x0a"),
    (0, &[b"\x5c\x3c\x77\x6f\x72\x64", b"\x2d\x6f"], b"\x77\x6f\x72\x64\x77\x6f\x72\x64\x0a", 0, b"\x77\x6f\x72\x64\x0a"),
    (1, &[b"\x5c\x3c\x77\x6f\x72\x64", b"\x2d\x6f"], b"\x77\x6f\x72\x64\x77\x6f\x72\x64\x0a", 0, b"\x77\x6f\x72\x64\x0a"),
    (0, &[b"\x77\x6f\x72\x64", b"\x2d\x2d\x63\x6f\x6c\x6f\x72\x3d\x61\x6c\x77\x61\x79\x73", b"\x2d\x69"], b"\x57\x6f\x72\x64\x41\x0a\x77\x6f\x72\x64\x62\x0a\x57\x4f\x52\x44\x43\x0a", 0, b"\x1b\x5b\x30\x31\x3b\x33\x31\x6d\x1b\x5b\x4b\x57\x6f\x72\x64\x1b\x5b\x6d\x1b\x5b\x4b\x41\x0a\x1b\x5b\x30\x31\x3b\x33\x31\x6d\x1b\x5b\x4b\x77\x6f\x72\x64\x1b\x5b\x6d\x1b\x5b\x4b\x62\x0a\x1b\x5b\x30\x31\x3b\x33\x31\x6d\x1b\x5b\x4b\x57\x4f\x52\x44\x1b\x5b\x6d\x1b\x5b\x4b\x43\x0a"),
    (1, &[b"\x77\x6f\x72\x64", b"\x2d\x2d\x63\x6f\x6c\x6f\x72\x3d\x61\x6c\x77\x61\x79\x73", b"\x2d\x69"], b"\x57\x6f\x72\x64\x41\x0a\x77\x6f\x72\x64\x62\x0a\x57\x4f\x52\x44\x43\x0a", 0, b"\x1b\x5b\x30\x31\x3b\x33\x31\x6d\x1b\x5b\x4b\x57\x6f\x72\x64\x1b\x5b\x6d\x1b\x5b\x4b\x41\x0a\x1b\x5b\x30\x31\x3b\x33\x31\x6d\x1b\x5b\x4b\x77\x6f\x72\x64\x1b\x5b\x6d\x1b\x5b\x4b\x62\x0a\x1b\x5b\x30\x31\x3b\x33\x31\x6d\x1b\x5b\x4b\x57\x4f\x52\x44\x1b\x5b\x6d\x1b\x5b\x4b\x43\x0a"),
    (0, &[b"\x57\x6f\x72\x64", b"\x2d\x2d\x63\x6f\x6c\x6f\x72\x3d\x61\x6c\x77\x61\x79\x73", b"\x2d\x69"], b"\x57\x6f\x72\x64\x41\x0a\x77\x6f\x72\x64\x62\x0a\x57\x4f\x52\x44\x43\x0a", 0, b"\x1b\x5b\x30\x31\x3b\x33\x31\x6d\x1b\x5b\x4b\x57\x6f\x72\x64\x1b\x5b\x6d\x1b\x5b\x4b\x41\x0a\x1b\x5b\x30\x31\x3b\x33\x31\x6d\x1b\x5b\x4b\x77\x6f\x72\x64\x1b\x5b\x6d\x1b\x5b\x4b\x62\x0a\x1b\x5b\x30\x31\x3b\x33\x31\x6d\x1b\x5b\x4b\x57\x4f\x52\x44\x1b\x5b\x6d\x1b\x5b\x4b\x43\x0a"),
    (1, &[b"\x57\x6f\x72\x64", b"\x2d\x2d\x63\x6f\x6c\x6f\x72\x3d\x61\x6c\x77\x61\x79\x73", b"\x2d\x69"], b"\x57\x6f\x72\x64\x41\x0a\x77\x6f\x72\x64\x62\x0a\x57\x4f\x52\x44\x43\x0a", 0, b"\x1b\x5b\x30\x31\x3b\x33\x31\x6d\x1b\x5b\x4b\x57\x6f\x72\x64\x1b\x5b\x6d\x1b\x5b\x4b\x41\x0a\x1b\x5b\x30\x31\x3b\x33\x31\x6d\x1b\x5b\x4b\x77\x6f\x72\x64\x1b\x5b\x6d\x1b\x5b\x4b\x62\x0a\x1b\x5b\x30\x31\x3b\x33\x31\x6d\x1b\x5b\x4b\x57\x4f\x52\x44\x1b\x5b\x6d\x1b\x5b\x4b\x43\x0a"),
    (0, &[b"\x57\x4f\x52\x44", b"\x2d\x2d\x63\x6f\x6c\x6f\x72\x3d\x61\x6c\x77\x61\x79\x73", b"\x2d\x69"], b"\x57\x6f\x72\x64\x41\x0a\x77\x6f\x72\x64\x62\x0a\x57\x4f\x52\x44\x43\x0a", 0, b"\x1b\x5b\x30\x31\x3b\x33\x31\x6d\x1b\x5b\x4b\x57\x6f\x72\x64\x1b\x5b\x6d\x1b\x5b\x4b\x41\x0a\x1b\x5b\x30\x31\x3b\x33\x31\x6d\x1b\x5b\x4b\x77\x6f\x72\x64\x1b\x5b\x6d\x1b\x5b\x4b\x62\x0a\x1b\x5b\x30\x31\x3b\x33\x31\x6d\x1b\x5b\x4b\x57\x4f\x52\x44\x1b\x5b\x6d\x1b\x5b\x4b\x43\x0a"),
    (1, &[b"\x57\x4f\x52\x44", b"\x2d\x2d\x63\x6f\x6c\x6f\x72\x3d\x61\x6c\x77\x61\x79\x73", b"\x2d\x69"], b"\x57\x6f\x72\x64\x41\x0a\x77\x6f\x72\x64\x62\x0a\x57\x4f\x52\x44\x43\x0a", 0, b"\x1b\x5b\x30\x31\x3b\x33\x31\x6d\x1b\x5b\x4b\x57\x6f\x72\x64\x1b\x5b\x6d\x1b\x5b\x4b\x41\x0a\x1b\x5b\x30\x31\x3b\x33\x31\x6d\x1b\x5b\x4b\x77\x6f\x72\x64\x1b\x5b\x6d\x1b\x5b\x4b\x62\x0a\x1b\x5b\x30\x31\x3b\x33\x31\x6d\x1b\x5b\x4b\x57\x4f\x52\x44\x1b\x5b\x6d\x1b\x5b\x4b\x43\x0a"),
    (0, &[b"\x5e\x77\x6f\x72\x64\x5f\x2a", b"\x2d\x2d\x63\x6f\x6c\x6f\x72\x3d\x61\x6c\x77\x61\x79\x73"], b"\x77\x6f\x72\x64\x5f\x77\x6f\x72\x64\x0a", 0, b"\x1b\x5b\x30\x31\x3b\x33\x31\x6d\x1b\x5b\x4b\x77\x6f\x72\x64\x5f\x1b\x5b\x6d\x1b\x5b\x4b\x77\x6f\x72\x64\x0a"),
    (1, &[b"\x5e\x77\x6f\x72\x64\x5f\x2a", b"\x2d\x2d\x63\x6f\x6c\x6f\x72\x3d\x61\x6c\x77\x61\x79\x73"], b"\x77\x6f\x72\x64\x5f\x77\x6f\x72\x64\x0a", 0, b"\x1b\x5b\x30\x31\x3b\x33\x31\x6d\x1b\x5b\x4b\x77\x6f\x72\x64\x5f\x1b\x5b\x6d\x1b\x5b\x4b\x77\x6f\x72\x64\x0a"),
    (0, &[b"\x5c\x3c\x77\x6f\x72\x64", b"\x2d\x2d\x63\x6f\x6c\x6f\x72\x3d\x61\x6c\x77\x61\x79\x73"], b"\x77\x6f\x72\x64\x77\x6f\x72\x64\x0a", 0, b"\x1b\x5b\x30\x31\x3b\x33\x31\x6d\x1b\x5b\x4b\x77\x6f\x72\x64\x1b\x5b\x6d\x1b\x5b\x4b\x77\x6f\x72\x64\x0a"),
    (1, &[b"\x5c\x3c\x77\x6f\x72\x64", b"\x2d\x2d\x63\x6f\x6c\x6f\x72\x3d\x61\x6c\x77\x61\x79\x73"], b"\x77\x6f\x72\x64\x77\x6f\x72\x64\x0a", 0, b"\x1b\x5b\x30\x31\x3b\x33\x31\x6d\x1b\x5b\x4b\x77\x6f\x72\x64\x1b\x5b\x6d\x1b\x5b\x4b\x77\x6f\x72\x64\x0a"),
    (0, &[b"\x5e\x34\x24", b"\x2d\x6d\x31", b"\x2d\x41\x39\x39"], b"\x34\x0a\x34\x30\x0a", 0, b"\x34\x0a\x34\x30\x0a"),
    (1, &[b"\x5e\x34\x24", b"\x2d\x6d\x31", b"\x2d\x41\x39\x39"], b"\x34\x0a\x34\x30\x0a", 0, b"\x34\x0a\x34\x30\x0a"),
    (0, &[b"\x5e\x34\x24", b"\x2d\x6d\x31", b"\x2d\x41\x39\x39"], b"\x34\x0a\x30\x34\x0a", 0, b"\x34\x0a\x30\x34\x0a"),
    (1, &[b"\x5e\x34\x24", b"\x2d\x6d\x31", b"\x2d\x41\x39\x39"], b"\x34\x0a\x30\x34\x0a", 0, b"\x34\x0a\x30\x34\x0a"),
    (0, &[b"\x5e\x34\x24", b"\x2d\x6d\x31", b"\x2d\x41\x39\x39"], b"\x34\x0a\x34\x34\x34\x0a", 0, b"\x34\x0a\x34\x34\x34\x0a"),
    (1, &[b"\x5e\x34\x24", b"\x2d\x6d\x31", b"\x2d\x41\x39\x39"], b"\x34\x0a\x34\x34\x34\x0a", 0, b"\x34\x0a\x34\x34\x34\x0a"),
    (0, &[b"\x5e\x34", b"\x2d\x6d\x31", b"\x2d\x41\x39\x39"], b"\x34\x0a\x34\x30\x0a", 0, b"\x34\x0a\x34\x30\x0a"),
    (1, &[b"\x5e\x34", b"\x2d\x6d\x31", b"\x2d\x41\x39\x39"], b"\x34\x0a\x34\x30\x0a", 0, b"\x34\x0a\x34\x30\x0a"),
    (0, &[b"\x5e\x34", b"\x2d\x6d\x31", b"\x2d\x41\x39\x39"], b"\x34\x0a\x30\x34\x0a", 0, b"\x34\x0a\x30\x34\x0a"),
    (1, &[b"\x5e\x34", b"\x2d\x6d\x31", b"\x2d\x41\x39\x39"], b"\x34\x0a\x30\x34\x0a", 0, b"\x34\x0a\x30\x34\x0a"),
    (0, &[b"\x5e\x34", b"\x2d\x6d\x31", b"\x2d\x41\x39\x39"], b"\x34\x0a\x34\x34\x34\x0a", 0, b"\x34\x0a\x34\x34\x34\x0a"),
    (1, &[b"\x5e\x34", b"\x2d\x6d\x31", b"\x2d\x41\x39\x39"], b"\x34\x0a\x34\x34\x34\x0a", 0, b"\x34\x0a\x34\x34\x34\x0a"),
    (0, &[b"\x34\x24", b"\x2d\x6d\x31", b"\x2d\x41\x39\x39"], b"\x34\x0a\x34\x30\x0a", 0, b"\x34\x0a\x34\x30\x0a"),
    (1, &[b"\x34\x24", b"\x2d\x6d\x31", b"\x2d\x41\x39\x39"], b"\x34\x0a\x34\x30\x0a", 0, b"\x34\x0a\x34\x30\x0a"),
    (0, &[b"\x34\x24", b"\x2d\x6d\x31", b"\x2d\x41\x39\x39"], b"\x34\x0a\x30\x34\x0a", 0, b"\x34\x0a\x30\x34\x0a"),
    (1, &[b"\x34\x24", b"\x2d\x6d\x31", b"\x2d\x41\x39\x39"], b"\x34\x0a\x30\x34\x0a", 0, b"\x34\x0a\x30\x34\x0a"),
    (0, &[b"\x34\x24", b"\x2d\x6d\x31", b"\x2d\x41\x39\x39"], b"\x34\x0a\x34\x34\x34\x0a", 0, b"\x34\x0a\x34\x34\x34\x0a"),
    (1, &[b"\x34\x24", b"\x2d\x6d\x31", b"\x2d\x41\x39\x39"], b"\x34\x0a\x34\x34\x34\x0a", 0, b"\x34\x0a\x34\x34\x34\x0a"),
    (0, &[b"\x2d\x77\x46", b"\x2d\x65", b"\x41", b"\x2d\x65", b"\x42", b"\x2d\x65", b"\x43"], b"\x41\x0a\x43\x58\x0a\x42\x0a\x43\x0a", 0, b"\x41\x0a\x42\x0a\x43\x0a"),
    (1, &[b"\x2d\x77\x46", b"\x2d\x65", b"\x41", b"\x2d\x65", b"\x42", b"\x2d\x65", b"\x43"], b"\x41\x0a\x43\x58\x0a\x42\x0a\x43\x0a", 0, b"\x41\x0a\x42\x0a\x43\x0a"),
    (0, &[b"\x2d\x77\x46", b"\x2d\x65", b"\x35\x33\x32\x37", b"\x2d\x65", b"\x35\x35\x33\x32"], b"\x4c\x49\x4e\x37\x43\x20\x35\x35\x33\x32\x37\x0a", 1, b""),
    (1, &[b"\x2d\x77\x46", b"\x2d\x65", b"\x35\x33\x32\x37", b"\x2d\x65", b"\x35\x35\x33\x32"], b"\x4c\x49\x4e\x37\x43\x20\x35\x35\x33\x32\x37\x0a", 1, b""),
    (0, &[b"\x2d\x6f", b"\x79\x2a"], b"\x78\x79\x7a\x0a", 0, b"\x79\x0a"),
    (1, &[b"\x2d\x6f", b"\x79\x2a"], b"\x78\x79\x7a\x0a", 0, b"\x79\x0a"),
    (0, &[b"\x2d\x2d\x63\x6f\x6c\x6f\x72\x3d\x61\x6c\x77\x61\x79\x73", b"\x79\x2a"], b"\x78\x79\x7a\x0a", 0, b"\x78\x1b\x5b\x30\x31\x3b\x33\x31\x6d\x1b\x5b\x4b\x79\x1b\x5b\x6d\x1b\x5b\x4b\x7a\x0a"),
    (1, &[b"\x2d\x2d\x63\x6f\x6c\x6f\x72\x3d\x61\x6c\x77\x61\x79\x73", b"\x79\x2a"], b"\x78\x79\x7a\x0a", 0, b"\x78\x1b\x5b\x30\x31\x3b\x33\x31\x6d\x1b\x5b\x4b\x79\x1b\x5b\x6d\x1b\x5b\x4b\x7a\x0a"),
    (0, &[b"\x2d\x45", b"\x2d\x2d\x63\x6f\x6c\x6f\x72\x3d\x61\x6c\x77\x61\x79\x73", b"\x2d\x65", b"\x62\x62", b"\x2d\x65", b"\x63\x63", b"\x2d\x65", b"\x63\x63\x63"], b"\x61\x20\x62\x62\x20\x63\x63\x63\x20\x64\x64\x64\x64\x0a", 0, b"\x61\x20\x1b\x5b\x30\x31\x3b\x33\x31\x6d\x1b\x5b\x4b\x62\x62\x1b\x5b\x6d\x1b\x5b\x4b\x20\x1b\x5b\x30\x31\x3b\x33\x31\x6d\x1b\x5b\x4b\x63\x63\x63\x1b\x5b\x6d\x1b\x5b\x4b\x20\x64\x64\x64\x64\x0a"),
    (1, &[b"\x2d\x45", b"\x2d\x2d\x63\x6f\x6c\x6f\x72\x3d\x61\x6c\x77\x61\x79\x73", b"\x2d\x65", b"\x62\x62", b"\x2d\x65", b"\x63\x63", b"\x2d\x65", b"\x63\x63\x63"], b"\x61\x20\x62\x62\x20\x63\x63\x63\x20\x64\x64\x64\x64\x0a", 0, b"\x61\x20\x1b\x5b\x30\x31\x3b\x33\x31\x6d\x1b\x5b\x4b\x62\x62\x1b\x5b\x6d\x1b\x5b\x4b\x20\x1b\x5b\x30\x31\x3b\x33\x31\x6d\x1b\x5b\x4b\x63\x63\x63\x1b\x5b\x6d\x1b\x5b\x4b\x20\x64\x64\x64\x64\x0a"),
    (0, &[b"\x2d\x46", b"\x2d\x2d\x63\x6f\x6c\x6f\x72\x3d\x61\x6c\x77\x61\x79\x73", b"\x2d\x65", b"\x62\x62", b"\x2d\x65", b"\x63\x63", b"\x2d\x65", b"\x63\x63\x63"], b"\x61\x20\x62\x62\x20\x63\x63\x63\x20\x64\x64\x64\x64\x0a", 0, b"\x61\x20\x1b\x5b\x30\x31\x3b\x33\x31\x6d\x1b\x5b\x4b\x62\x62\x1b\x5b\x6d\x1b\x5b\x4b\x20\x1b\x5b\x30\x31\x3b\x33\x31\x6d\x1b\x5b\x4b\x63\x63\x63\x1b\x5b\x6d\x1b\x5b\x4b\x20\x64\x64\x64\x64\x0a"),
    (1, &[b"\x2d\x46", b"\x2d\x2d\x63\x6f\x6c\x6f\x72\x3d\x61\x6c\x77\x61\x79\x73", b"\x2d\x65", b"\x62\x62", b"\x2d\x65", b"\x63\x63", b"\x2d\x65", b"\x63\x63\x63"], b"\x61\x20\x62\x62\x20\x63\x63\x63\x20\x64\x64\x64\x64\x0a", 0, b"\x61\x20\x1b\x5b\x30\x31\x3b\x33\x31\x6d\x1b\x5b\x4b\x62\x62\x1b\x5b\x6d\x1b\x5b\x4b\x20\x1b\x5b\x30\x31\x3b\x33\x31\x6d\x1b\x5b\x4b\x63\x63\x63\x1b\x5b\x6d\x1b\x5b\x4b\x20\x64\x64\x64\x64\x0a"),
    (0, &[b"\x2d\x45", b"\x2d\x2d\x63\x6f\x6c\x6f\x72\x3d\x61\x6c\x77\x61\x79\x73", b"\x2d\x65", b"\x62\x62", b"\x2d\x65", b"\x63\x63\x63", b"\x2d\x65", b"\x63\x63"], b"\x61\x20\x62\x62\x20\x63\x63\x63\x20\x64\x64\x64\x64\x0a", 0, b"\x61\x20\x1b\x5b\x30\x31\x3b\x33\x31\x6d\x1b\x5b\x4b\x62\x62\x1b\x5b\x6d\x1b\x5b\x4b\x20\x1b\x5b\x30\x31\x3b\x33\x31\x6d\x1b\x5b\x4b\x63\x63\x63\x1b\x5b\x6d\x1b\x5b\x4b\x20\x64\x64\x64\x64\x0a"),
    (1, &[b"\x2d\x45", b"\x2d\x2d\x63\x6f\x6c\x6f\x72\x3d\x61\x6c\x77\x61\x79\x73", b"\x2d\x65", b"\x62\x62", b"\x2d\x65", b"\x63\x63\x63", b"\x2d\x65", b"\x63\x63"], b"\x61\x20\x62\x62\x20\x63\x63\x63\x20\x64\x64\x64\x64\x0a", 0, b"\x61\x20\x1b\x5b\x30\x31\x3b\x33\x31\x6d\x1b\x5b\x4b\x62\x62\x1b\x5b\x6d\x1b\x5b\x4b\x20\x1b\x5b\x30\x31\x3b\x33\x31\x6d\x1b\x5b\x4b\x63\x63\x63\x1b\x5b\x6d\x1b\x5b\x4b\x20\x64\x64\x64\x64\x0a"),
    (0, &[b"\x2d\x46", b"\x2d\x2d\x63\x6f\x6c\x6f\x72\x3d\x61\x6c\x77\x61\x79\x73", b"\x2d\x65", b"\x62\x62", b"\x2d\x65", b"\x63\x63\x63", b"\x2d\x65", b"\x63\x63"], b"\x61\x20\x62\x62\x20\x63\x63\x63\x20\x64\x64\x64\x64\x0a", 0, b"\x61\x20\x1b\x5b\x30\x31\x3b\x33\x31\x6d\x1b\x5b\x4b\x62\x62\x1b\x5b\x6d\x1b\x5b\x4b\x20\x1b\x5b\x30\x31\x3b\x33\x31\x6d\x1b\x5b\x4b\x63\x63\x63\x1b\x5b\x6d\x1b\x5b\x4b\x20\x64\x64\x64\x64\x0a"),
    (1, &[b"\x2d\x46", b"\x2d\x2d\x63\x6f\x6c\x6f\x72\x3d\x61\x6c\x77\x61\x79\x73", b"\x2d\x65", b"\x62\x62", b"\x2d\x65", b"\x63\x63\x63", b"\x2d\x65", b"\x63\x63"], b"\x61\x20\x62\x62\x20\x63\x63\x63\x20\x64\x64\x64\x64\x0a", 0, b"\x61\x20\x1b\x5b\x30\x31\x3b\x33\x31\x6d\x1b\x5b\x4b\x62\x62\x1b\x5b\x6d\x1b\x5b\x4b\x20\x1b\x5b\x30\x31\x3b\x33\x31\x6d\x1b\x5b\x4b\x63\x63\x63\x1b\x5b\x6d\x1b\x5b\x4b\x20\x64\x64\x64\x64\x0a"),
    (0, &[b"\x2d\x45", b"\x2d\x77", b"\x2d\x2d\x63\x6f\x6c\x6f\x72\x3d\x61\x6c\x77\x61\x79\x73", b"\x2d\x65", b"\x62\x62", b"\x2d\x65", b"\x63\x63\x63"], b"\x61\x20\x62\x62\x20\x63\x63\x63\x20\x64\x64\x64\x64\x0a", 0, b"\x61\x20\x1b\x5b\x30\x31\x3b\x33\x31\x6d\x1b\x5b\x4b\x62\x62\x1b\x5b\x6d\x1b\x5b\x4b\x20\x1b\x5b\x30\x31\x3b\x33\x31\x6d\x1b\x5b\x4b\x63\x63\x63\x1b\x5b\x6d\x1b\x5b\x4b\x20\x64\x64\x64\x64\x0a"),
    (1, &[b"\x2d\x45", b"\x2d\x77", b"\x2d\x2d\x63\x6f\x6c\x6f\x72\x3d\x61\x6c\x77\x61\x79\x73", b"\x2d\x65", b"\x62\x62", b"\x2d\x65", b"\x63\x63\x63"], b"\x61\x20\x62\x62\x20\x63\x63\x63\x20\x64\x64\x64\x64\x0a", 0, b"\x61\x20\x1b\x5b\x30\x31\x3b\x33\x31\x6d\x1b\x5b\x4b\x62\x62\x1b\x5b\x6d\x1b\x5b\x4b\x20\x1b\x5b\x30\x31\x3b\x33\x31\x6d\x1b\x5b\x4b\x63\x63\x63\x1b\x5b\x6d\x1b\x5b\x4b\x20\x64\x64\x64\x64\x0a"),
    (0, &[b"\x2d\x46", b"\x2d\x77", b"\x2d\x2d\x63\x6f\x6c\x6f\x72\x3d\x61\x6c\x77\x61\x79\x73", b"\x2d\x65", b"\x62\x62", b"\x2d\x65", b"\x63\x63\x63"], b"\x61\x20\x62\x62\x20\x63\x63\x63\x20\x64\x64\x64\x64\x0a", 0, b"\x61\x20\x1b\x5b\x30\x31\x3b\x33\x31\x6d\x1b\x5b\x4b\x62\x62\x1b\x5b\x6d\x1b\x5b\x4b\x20\x1b\x5b\x30\x31\x3b\x33\x31\x6d\x1b\x5b\x4b\x63\x63\x63\x1b\x5b\x6d\x1b\x5b\x4b\x20\x64\x64\x64\x64\x0a"),
    (1, &[b"\x2d\x46", b"\x2d\x77", b"\x2d\x2d\x63\x6f\x6c\x6f\x72\x3d\x61\x6c\x77\x61\x79\x73", b"\x2d\x65", b"\x62\x62", b"\x2d\x65", b"\x63\x63\x63"], b"\x61\x20\x62\x62\x20\x63\x63\x63\x20\x64\x64\x64\x64\x0a", 0, b"\x61\x20\x1b\x5b\x30\x31\x3b\x33\x31\x6d\x1b\x5b\x4b\x62\x62\x1b\x5b\x6d\x1b\x5b\x4b\x20\x1b\x5b\x30\x31\x3b\x33\x31\x6d\x1b\x5b\x4b\x63\x63\x63\x1b\x5b\x6d\x1b\x5b\x4b\x20\x64\x64\x64\x64\x0a"),
    (0, &[b"\x2d\x45", b"\x2d\x77", b"\x2d\x2d\x63\x6f\x6c\x6f\x72\x3d\x61\x6c\x77\x61\x79\x73", b"\x2d\x65", b"\x63\x63\x63", b"\x2d\x65", b"\x62\x62"], b"\x61\x20\x62\x62\x20\x63\x63\x63\x20\x64\x64\x64\x64\x0a", 0, b"\x61\x20\x1b\x5b\x30\x31\x3b\x33\x31\x6d\x1b\x5b\x4b\x62\x62\x1b\x5b\x6d\x1b\x5b\x4b\x20\x1b\x5b\x30\x31\x3b\x33\x31\x6d\x1b\x5b\x4b\x63\x63\x63\x1b\x5b\x6d\x1b\x5b\x4b\x20\x64\x64\x64\x64\x0a"),
    (1, &[b"\x2d\x45", b"\x2d\x77", b"\x2d\x2d\x63\x6f\x6c\x6f\x72\x3d\x61\x6c\x77\x61\x79\x73", b"\x2d\x65", b"\x63\x63\x63", b"\x2d\x65", b"\x62\x62"], b"\x61\x20\x62\x62\x20\x63\x63\x63\x20\x64\x64\x64\x64\x0a", 0, b"\x61\x20\x1b\x5b\x30\x31\x3b\x33\x31\x6d\x1b\x5b\x4b\x62\x62\x1b\x5b\x6d\x1b\x5b\x4b\x20\x1b\x5b\x30\x31\x3b\x33\x31\x6d\x1b\x5b\x4b\x63\x63\x63\x1b\x5b\x6d\x1b\x5b\x4b\x20\x64\x64\x64\x64\x0a"),
    (0, &[b"\x2d\x46", b"\x2d\x77", b"\x2d\x2d\x63\x6f\x6c\x6f\x72\x3d\x61\x6c\x77\x61\x79\x73", b"\x2d\x65", b"\x63\x63\x63", b"\x2d\x65", b"\x62\x62"], b"\x61\x20\x62\x62\x20\x63\x63\x63\x20\x64\x64\x64\x64\x0a", 0, b"\x61\x20\x1b\x5b\x30\x31\x3b\x33\x31\x6d\x1b\x5b\x4b\x62\x62\x1b\x5b\x6d\x1b\x5b\x4b\x20\x1b\x5b\x30\x31\x3b\x33\x31\x6d\x1b\x5b\x4b\x63\x63\x63\x1b\x5b\x6d\x1b\x5b\x4b\x20\x64\x64\x64\x64\x0a"),
    (1, &[b"\x2d\x46", b"\x2d\x77", b"\x2d\x2d\x63\x6f\x6c\x6f\x72\x3d\x61\x6c\x77\x61\x79\x73", b"\x2d\x65", b"\x63\x63\x63", b"\x2d\x65", b"\x62\x62"], b"\x61\x20\x62\x62\x20\x63\x63\x63\x20\x64\x64\x64\x64\x0a", 0, b"\x61\x20\x1b\x5b\x30\x31\x3b\x33\x31\x6d\x1b\x5b\x4b\x62\x62\x1b\x5b\x6d\x1b\x5b\x4b\x20\x1b\x5b\x30\x31\x3b\x33\x31\x6d\x1b\x5b\x4b\x63\x63\x63\x1b\x5b\x6d\x1b\x5b\x4b\x20\x64\x64\x64\x64\x0a"),
    (0, &[b"\x2d\x45", b"\x2d\x77", b"\x2d\x2d\x63\x6f\x6c\x6f\x72\x3d\x61\x6c\x77\x61\x79\x73", b"\x2d\x65", b"\x62\x62", b"\x2d\x65", b"\x63\x63\x63"], b"\x64\x64\x64\x64\x20\x63\x63\x63\x20\x62\x62\x20\x61\x0a", 0, b"\x64\x64\x64\x64\x20\x1b\x5b\x30\x31\x3b\x33\x31\x6d\x1b\x5b\x4b\x63\x63\x63\x1b\x5b\x6d\x1b\x5b\x4b\x20\x1b\x5b\x30\x31\x3b\x33\x31\x6d\x1b\x5b\x4b\x62\x62\x1b\x5b\x6d\x1b\x5b\x4b\x20\x61\x0a"),
    (1, &[b"\x2d\x45", b"\x2d\x77", b"\x2d\x2d\x63\x6f\x6c\x6f\x72\x3d\x61\x6c\x77\x61\x79\x73", b"\x2d\x65", b"\x62\x62", b"\x2d\x65", b"\x63\x63\x63"], b"\x64\x64\x64\x64\x20\x63\x63\x63\x20\x62\x62\x20\x61\x0a", 0, b"\x64\x64\x64\x64\x20\x1b\x5b\x30\x31\x3b\x33\x31\x6d\x1b\x5b\x4b\x63\x63\x63\x1b\x5b\x6d\x1b\x5b\x4b\x20\x1b\x5b\x30\x31\x3b\x33\x31\x6d\x1b\x5b\x4b\x62\x62\x1b\x5b\x6d\x1b\x5b\x4b\x20\x61\x0a"),
    (0, &[b"\x2d\x46", b"\x2d\x77", b"\x2d\x2d\x63\x6f\x6c\x6f\x72\x3d\x61\x6c\x77\x61\x79\x73", b"\x2d\x65", b"\x62\x62", b"\x2d\x65", b"\x63\x63\x63"], b"\x64\x64\x64\x64\x20\x63\x63\x63\x20\x62\x62\x20\x61\x0a", 0, b"\x64\x64\x64\x64\x20\x1b\x5b\x30\x31\x3b\x33\x31\x6d\x1b\x5b\x4b\x63\x63\x63\x1b\x5b\x6d\x1b\x5b\x4b\x20\x1b\x5b\x30\x31\x3b\x33\x31\x6d\x1b\x5b\x4b\x62\x62\x1b\x5b\x6d\x1b\x5b\x4b\x20\x61\x0a"),
    (1, &[b"\x2d\x46", b"\x2d\x77", b"\x2d\x2d\x63\x6f\x6c\x6f\x72\x3d\x61\x6c\x77\x61\x79\x73", b"\x2d\x65", b"\x62\x62", b"\x2d\x65", b"\x63\x63\x63"], b"\x64\x64\x64\x64\x20\x63\x63\x63\x20\x62\x62\x20\x61\x0a", 0, b"\x64\x64\x64\x64\x20\x1b\x5b\x30\x31\x3b\x33\x31\x6d\x1b\x5b\x4b\x63\x63\x63\x1b\x5b\x6d\x1b\x5b\x4b\x20\x1b\x5b\x30\x31\x3b\x33\x31\x6d\x1b\x5b\x4b\x62\x62\x1b\x5b\x6d\x1b\x5b\x4b\x20\x61\x0a"),
    (0, &[b"\x2d\x45", b"\x2d\x77", b"\x2d\x2d\x63\x6f\x6c\x6f\x72\x3d\x61\x6c\x77\x61\x79\x73", b"\x2d\x65", b"\x63\x63\x63", b"\x2d\x65", b"\x62\x62"], b"\x64\x64\x64\x64\x20\x63\x63\x63\x20\x62\x62\x20\x61\x0a", 0, b"\x64\x64\x64\x64\x20\x1b\x5b\x30\x31\x3b\x33\x31\x6d\x1b\x5b\x4b\x63\x63\x63\x1b\x5b\x6d\x1b\x5b\x4b\x20\x1b\x5b\x30\x31\x3b\x33\x31\x6d\x1b\x5b\x4b\x62\x62\x1b\x5b\x6d\x1b\x5b\x4b\x20\x61\x0a"),
    (1, &[b"\x2d\x45", b"\x2d\x77", b"\x2d\x2d\x63\x6f\x6c\x6f\x72\x3d\x61\x6c\x77\x61\x79\x73", b"\x2d\x65", b"\x63\x63\x63", b"\x2d\x65", b"\x62\x62"], b"\x64\x64\x64\x64\x20\x63\x63\x63\x20\x62\x62\x20\x61\x0a", 0, b"\x64\x64\x64\x64\x20\x1b\x5b\x30\x31\x3b\x33\x31\x6d\x1b\x5b\x4b\x63\x63\x63\x1b\x5b\x6d\x1b\x5b\x4b\x20\x1b\x5b\x30\x31\x3b\x33\x31\x6d\x1b\x5b\x4b\x62\x62\x1b\x5b\x6d\x1b\x5b\x4b\x20\x61\x0a"),
    (0, &[b"\x2d\x46", b"\x2d\x77", b"\x2d\x2d\x63\x6f\x6c\x6f\x72\x3d\x61\x6c\x77\x61\x79\x73", b"\x2d\x65", b"\x63\x63\x63", b"\x2d\x65", b"\x62\x62"], b"\x64\x64\x64\x64\x20\x63\x63\x63\x20\x62\x62\x20\x61\x0a", 0, b"\x64\x64\x64\x64\x20\x1b\x5b\x30\x31\x3b\x33\x31\x6d\x1b\x5b\x4b\x63\x63\x63\x1b\x5b\x6d\x1b\x5b\x4b\x20\x1b\x5b\x30\x31\x3b\x33\x31\x6d\x1b\x5b\x4b\x62\x62\x1b\x5b\x6d\x1b\x5b\x4b\x20\x61\x0a"),
    (1, &[b"\x2d\x46", b"\x2d\x77", b"\x2d\x2d\x63\x6f\x6c\x6f\x72\x3d\x61\x6c\x77\x61\x79\x73", b"\x2d\x65", b"\x63\x63\x63", b"\x2d\x65", b"\x62\x62"], b"\x64\x64\x64\x64\x20\x63\x63\x63\x20\x62\x62\x20\x61\x0a", 0, b"\x64\x64\x64\x64\x20\x1b\x5b\x30\x31\x3b\x33\x31\x6d\x1b\x5b\x4b\x63\x63\x63\x1b\x5b\x6d\x1b\x5b\x4b\x20\x1b\x5b\x30\x31\x3b\x33\x31\x6d\x1b\x5b\x4b\x62\x62\x1b\x5b\x6d\x1b\x5b\x4b\x20\x61\x0a"),
    (0, &[b"\x2d\x45", b"\x2d\x77", b"\x2d\x2d\x63\x6f\x6c\x6f\x72\x3d\x61\x6c\x77\x61\x79\x73", b"\x62\x63"], b"\x62\x63\x64\x20\x61\x62\x63\x64\x20\x61\x62\x63\x20\x62\x63\x20\x62\x63\x64\x20\x61\x62\x63\x0a", 0, b"\x62\x63\x64\x20\x61\x62\x63\x64\x20\x61\x62\x63\x20\x1b\x5b\x30\x31\x3b\x33\x31\x6d\x1b\x5b\x4b\x62\x63\x1b\x5b\x6d\x1b\x5b\x4b\x20\x62\x63\x64\x20\x61\x62\x63\x0a"),
    (1, &[b"\x2d\x45", b"\x2d\x77", b"\x2d\x2d\x63\x6f\x6c\x6f\x72\x3d\x61\x6c\x77\x61\x79\x73", b"\x62\x63"], b"\x62\x63\x64\x20\x61\x62\x63\x64\x20\x61\x62\x63\x20\x62\x63\x20\x62\x63\x64\x20\x61\x62\x63\x0a", 0, b"\x62\x63\x64\x20\x61\x62\x63\x64\x20\x61\x62\x63\x20\x1b\x5b\x30\x31\x3b\x33\x31\x6d\x1b\x5b\x4b\x62\x63\x1b\x5b\x6d\x1b\x5b\x4b\x20\x62\x63\x64\x20\x61\x62\x63\x0a"),
    (0, &[b"\x2d\x46", b"\x2d\x77", b"\x2d\x2d\x63\x6f\x6c\x6f\x72\x3d\x61\x6c\x77\x61\x79\x73", b"\x62\x63"], b"\x62\x63\x64\x20\x61\x62\x63\x64\x20\x61\x62\x63\x20\x62\x63\x20\x62\x63\x64\x20\x61\x62\x63\x0a", 0, b"\x62\x63\x64\x20\x61\x62\x63\x64\x20\x61\x62\x63\x20\x1b\x5b\x30\x31\x3b\x33\x31\x6d\x1b\x5b\x4b\x62\x63\x1b\x5b\x6d\x1b\x5b\x4b\x20\x62\x63\x64\x20\x61\x62\x63\x0a"),
    (1, &[b"\x2d\x46", b"\x2d\x77", b"\x2d\x2d\x63\x6f\x6c\x6f\x72\x3d\x61\x6c\x77\x61\x79\x73", b"\x62\x63"], b"\x62\x63\x64\x20\x61\x62\x63\x64\x20\x61\x62\x63\x20\x62\x63\x20\x62\x63\x64\x20\x61\x62\x63\x0a", 0, b"\x62\x63\x64\x20\x61\x62\x63\x64\x20\x61\x62\x63\x20\x1b\x5b\x30\x31\x3b\x33\x31\x6d\x1b\x5b\x4b\x62\x63\x1b\x5b\x6d\x1b\x5b\x4b\x20\x62\x63\x64\x20\x61\x62\x63\x0a"),
    (0, &[b"\x2d\x45", b"\x2d\x77", b"\x2d\x2d\x63\x6f\x6c\x6f\x72\x3d\x61\x6c\x77\x61\x79\x73", b"\x62\x63"], b"\x62\x63\x20\x61\x62\x63\x64\x20\x62\x63\x0a", 0, b"\x1b\x5b\x30\x31\x3b\x33\x31\x6d\x1b\x5b\x4b\x62\x63\x1b\x5b\x6d\x1b\x5b\x4b\x20\x61\x62\x63\x64\x20\x1b\x5b\x30\x31\x3b\x33\x31\x6d\x1b\x5b\x4b\x62\x63\x1b\x5b\x6d\x1b\x5b\x4b\x0a"),
    (1, &[b"\x2d\x45", b"\x2d\x77", b"\x2d\x2d\x63\x6f\x6c\x6f\x72\x3d\x61\x6c\x77\x61\x79\x73", b"\x62\x63"], b"\x62\x63\x20\x61\x62\x63\x64\x20\x62\x63\x0a", 0, b"\x1b\x5b\x30\x31\x3b\x33\x31\x6d\x1b\x5b\x4b\x62\x63\x1b\x5b\x6d\x1b\x5b\x4b\x20\x61\x62\x63\x64\x20\x1b\x5b\x30\x31\x3b\x33\x31\x6d\x1b\x5b\x4b\x62\x63\x1b\x5b\x6d\x1b\x5b\x4b\x0a"),
    (0, &[b"\x2d\x46", b"\x2d\x77", b"\x2d\x2d\x63\x6f\x6c\x6f\x72\x3d\x61\x6c\x77\x61\x79\x73", b"\x62\x63"], b"\x62\x63\x20\x61\x62\x63\x64\x20\x62\x63\x0a", 0, b"\x1b\x5b\x30\x31\x3b\x33\x31\x6d\x1b\x5b\x4b\x62\x63\x1b\x5b\x6d\x1b\x5b\x4b\x20\x61\x62\x63\x64\x20\x1b\x5b\x30\x31\x3b\x33\x31\x6d\x1b\x5b\x4b\x62\x63\x1b\x5b\x6d\x1b\x5b\x4b\x0a"),
    (1, &[b"\x2d\x46", b"\x2d\x77", b"\x2d\x2d\x63\x6f\x6c\x6f\x72\x3d\x61\x6c\x77\x61\x79\x73", b"\x62\x63"], b"\x62\x63\x20\x61\x62\x63\x64\x20\x62\x63\x0a", 0, b"\x1b\x5b\x30\x31\x3b\x33\x31\x6d\x1b\x5b\x4b\x62\x63\x1b\x5b\x6d\x1b\x5b\x4b\x20\x61\x62\x63\x64\x20\x1b\x5b\x30\x31\x3b\x33\x31\x6d\x1b\x5b\x4b\x62\x63\x1b\x5b\x6d\x1b\x5b\x4b\x0a"),
    (0, &[b"\x2d\x65", b"\x5c\x2e\x74\x61\x72", b"\x2d\x65", b"\x5c\x2e\x74\x62\x7a"], b"\x2e\x74\x61\x72\x0a", 0, b"\x2e\x74\x61\x72\x0a"),
    (1, &[b"\x2d\x65", b"\x5c\x2e\x74\x61\x72", b"\x2d\x65", b"\x5c\x2e\x74\x62\x7a"], b"\x2e\x74\x61\x72\x0a", 0, b"\x2e\x74\x61\x72\x0a"),
    (0, &[b"\x2d\x6f", b"\x2d\x65", b"\x5c\x2e\x74\x61\x72", b"\x2d\x65", b"\x74\x61\x72"], b"\x2e\x74\x61\x72\x0a", 0, b"\x2e\x74\x61\x72\x0a"),
    (1, &[b"\x2d\x6f", b"\x2d\x65", b"\x5c\x2e\x74\x61\x72", b"\x2d\x65", b"\x74\x61\x72"], b"\x2e\x74\x61\x72\x0a", 0, b"\x2e\x74\x61\x72\x0a"),
    (0, &[b"\x2d\x6f", b"\x2d\x65", b"\x5c\x24\x5c\x2a\x5c\x2e\x5c\x5b\x5c\x5e\x5c\x5c", b"\x2d\x65", b"\x61\x62\x63"], b"\x24\x2a\x2e\x5b\x5e\x5c\x0a", 0, b"\x24\x2a\x2e\x5b\x5e\x5c\x0a"),
    (1, &[b"\x2d\x6f", b"\x2d\x65", b"\x5c\x24\x5c\x2a\x5c\x2e\x5c\x5b\x5c\x5e\x5c\x5c", b"\x2d\x65", b"\x61\x62\x63"], b"\x24\x2a\x2e\x5b\x5e\x5c\x0a", 0, b"\x24\x2a\x2e\x5b\x5e\x5c\x0a"),
    (0, &[b"\x2d\x6f", b"\x2d\x45", b"\x2d\x65", b"\x5c\x24\x5c\x2a\x5c\x2e\x5c\x5b\x5c\x5e\x5c\x5c", b"\x2d\x65", b"\x5c\x28\x5c\x2b\x5c\x3f\x5c\x7b\x5c\x7c"], b"\x24\x2a\x2e\x5b\x5e\x5c\x0a\x28\x2b\x3f\x7b\x7c\x0a", 0, b"\x24\x2a\x2e\x5b\x5e\x5c\x0a\x28\x2b\x3f\x7b\x7c\x0a"),
    (1, &[b"\x2d\x6f", b"\x2d\x45", b"\x2d\x65", b"\x5c\x24\x5c\x2a\x5c\x2e\x5c\x5b\x5c\x5e\x5c\x5c", b"\x2d\x65", b"\x5c\x28\x5c\x2b\x5c\x3f\x5c\x7b\x5c\x7c"], b"\x24\x2a\x2e\x5b\x5e\x5c\x0a\x28\x2b\x3f\x7b\x7c\x0a", 0, b"\x24\x2a\x2e\x5b\x5e\x5c\x0a\x28\x2b\x3f\x7b\x7c\x0a"),
    (0, &[b"\x5b\x5b\x3a\x61\x6c\x70\x68\x61\x3a\x5d\x5d", b"\x2d\x45"], b"\x5b\x0a", 1, b""),
    (1, &[b"\x5b\x5b\x3a\x61\x6c\x70\x68\x61\x3a\x5d\x5d", b"\x2d\x45"], b"\x5b\x0a", 1, b""),
    (0, &[b"\xc3\xb1\xc3\xbf", b"\x2d\x6f", b"\x2d\x69", b"\x2d\x46"], b"\x61\xc3\xb1\xc3\xbf\x62\x0a\x41\xc3\x91\xc5\xb8\x42\x0a", 0, b"\xc3\xb1\xc3\xbf\x0a"),
    (1, &[b"\xc3\xb1\xc3\xbf", b"\x2d\x6f", b"\x2d\x69", b"\x2d\x46"], b"\x61\xc3\xb1\xc3\xbf\x62\x0a\x41\xc3\x91\xc5\xb8\x42\x0a", 0, b"\xc3\xb1\xc3\xbf\x0a\xc3\x91\xc5\xb8\x0a"),
    (0, &[b"\xc3\x91\xc5\xb8", b"\x2d\x6f", b"\x2d\x69", b"\x2d\x46"], b"\x61\xc3\xb1\xc3\xbf\x62\x0a\x41\xc3\x91\xc5\xb8\x42\x0a", 0, b"\xc3\x91\xc5\xb8\x0a"),
    (1, &[b"\xc3\x91\xc5\xb8", b"\x2d\x6f", b"\x2d\x69", b"\x2d\x46"], b"\x61\xc3\xb1\xc3\xbf\x62\x0a\x41\xc3\x91\xc5\xb8\x42\x0a", 0, b"\xc3\xb1\xc3\xbf\x0a\xc3\x91\xc5\xb8\x0a"),
    (0, &[b"\xc3\xb1\xc3\xbf", b"\x2d\x2d\x63\x6f\x6c\x6f\x72\x3d\x61\x6c\x77\x61\x79\x73", b"\x2d\x69", b"\x2d\x46"], b"\x61\xc3\xb1\xc3\xbf\x62\x0a\x41\xc3\x91\xc5\xb8\x42\x0a", 0, b"\x61\x1b\x5b\x30\x31\x3b\x33\x31\x6d\x1b\x5b\x4b\xc3\xb1\xc3\xbf\x1b\x5b\x6d\x1b\x5b\x4b\x62\x0a"),
    (1, &[b"\xc3\xb1\xc3\xbf", b"\x2d\x2d\x63\x6f\x6c\x6f\x72\x3d\x61\x6c\x77\x61\x79\x73", b"\x2d\x69", b"\x2d\x46"], b"\x61\xc3\xb1\xc3\xbf\x62\x0a\x41\xc3\x91\xc5\xb8\x42\x0a", 0, b"\x61\x1b\x5b\x30\x31\x3b\x33\x31\x6d\x1b\x5b\x4b\xc3\xb1\xc3\xbf\x1b\x5b\x6d\x1b\x5b\x4b\x62\x0a\x41\x1b\x5b\x30\x31\x3b\x33\x31\x6d\x1b\x5b\x4b\xc3\x91\xc5\xb8\x1b\x5b\x6d\x1b\x5b\x4b\x42\x0a"),
    (0, &[b"\xc3\x91\xc5\xb8", b"\x2d\x2d\x63\x6f\x6c\x6f\x72\x3d\x61\x6c\x77\x61\x79\x73", b"\x2d\x69", b"\x2d\x46"], b"\x61\xc3\xb1\xc3\xbf\x62\x0a\x41\xc3\x91\xc5\xb8\x42\x0a", 0, b"\x41\x1b\x5b\x30\x31\x3b\x33\x31\x6d\x1b\x5b\x4b\xc3\x91\xc5\xb8\x1b\x5b\x6d\x1b\x5b\x4b\x42\x0a"),
    (1, &[b"\xc3\x91\xc5\xb8", b"\x2d\x2d\x63\x6f\x6c\x6f\x72\x3d\x61\x6c\x77\x61\x79\x73", b"\x2d\x69", b"\x2d\x46"], b"\x61\xc3\xb1\xc3\xbf\x62\x0a\x41\xc3\x91\xc5\xb8\x42\x0a", 0, b"\x61\x1b\x5b\x30\x31\x3b\x33\x31\x6d\x1b\x5b\x4b\xc3\xb1\xc3\xbf\x1b\x5b\x6d\x1b\x5b\x4b\x62\x0a\x41\x1b\x5b\x30\x31\x3b\x33\x31\x6d\x1b\x5b\x4b\xc3\x91\xc5\xb8\x1b\x5b\x6d\x1b\x5b\x4b\x42\x0a"),
    (0, &[b"\x69", b"\x2d\x2d\x63\x6f\x6c\x6f\x72\x3d\x61\x6c\x77\x61\x79\x73", b"\x2d\x69", b"\x2d\x46"], b"\x61\xc4\xb0\x62\x0a", 1, b""),
    (1, &[b"\x69", b"\x2d\x2d\x63\x6f\x6c\x6f\x72\x3d\x61\x6c\x77\x61\x79\x73", b"\x2d\x69", b"\x2d\x46"], b"\x61\xc4\xb0\x62\x0a", 1, b""),
    (0, &[b"\xc4\xb0", b"\x2d\x2d\x63\x6f\x6c\x6f\x72\x3d\x61\x6c\x77\x61\x79\x73", b"\x2d\x69", b"\x2d\x46"], b"\x61\x69\x62\x0a", 1, b""),
    (1, &[b"\xc4\xb0", b"\x2d\x2d\x63\x6f\x6c\x6f\x72\x3d\x61\x6c\x77\x61\x79\x73", b"\x2d\x69", b"\x2d\x46"], b"\x61\x69\x62\x0a", 1, b""),
    (0, &[b"\x49", b"\x2d\x2d\x63\x6f\x6c\x6f\x72\x3d\x61\x6c\x77\x61\x79\x73", b"\x2d\x69", b"\x2d\x46"], b"\x61\xc4\xb0\x62\x0a", 1, b""),
    (1, &[b"\x49", b"\x2d\x2d\x63\x6f\x6c\x6f\x72\x3d\x61\x6c\x77\x61\x79\x73", b"\x2d\x69", b"\x2d\x46"], b"\x61\xc4\xb0\x62\x0a", 1, b""),
    (0, &[b"\x49", b"\x2d\x2d\x63\x6f\x6c\x6f\x72\x3d\x61\x6c\x77\x61\x79\x73", b"\x2d\x69", b"\x2d\x46"], b"\x61\xc4\xb1\x62\x0a", 1, b""),
    (1, &[b"\x49", b"\x2d\x2d\x63\x6f\x6c\x6f\x72\x3d\x61\x6c\x77\x61\x79\x73", b"\x2d\x69", b"\x2d\x46"], b"\x61\xc4\xb1\x62\x0a", 0, b"\x61\x1b\x5b\x30\x31\x3b\x33\x31\x6d\x1b\x5b\x4b\xc4\xb1\x1b\x5b\x6d\x1b\x5b\x4b\x62\x0a"),
    (0, &[b"\xc4\xb1", b"\x2d\x2d\x63\x6f\x6c\x6f\x72\x3d\x61\x6c\x77\x61\x79\x73", b"\x2d\x69", b"\x2d\x46"], b"\x61\x49\x62\x0a", 1, b""),
    (1, &[b"\xc4\xb1", b"\x2d\x2d\x63\x6f\x6c\x6f\x72\x3d\x61\x6c\x77\x61\x79\x73", b"\x2d\x69", b"\x2d\x46"], b"\x61\x49\x62\x0a", 0, b"\x61\x1b\x5b\x30\x31\x3b\x33\x31\x6d\x1b\x5b\x4b\x49\x1b\x5b\x6d\x1b\x5b\x4b\x62\x0a"),
    (0, &[b"\x69", b"\x2d\x2d\x63\x6f\x6c\x6f\x72\x3d\x61\x6c\x77\x61\x79\x73", b"\x2d\x69", b"\x2d\x46"], b"\x61\xc4\xb1\x62\x0a", 1, b""),
    (1, &[b"\x69", b"\x2d\x2d\x63\x6f\x6c\x6f\x72\x3d\x61\x6c\x77\x61\x79\x73", b"\x2d\x69", b"\x2d\x46"], b"\x61\xc4\xb1\x62\x0a", 0, b"\x61\x1b\x5b\x30\x31\x3b\x33\x31\x6d\x1b\x5b\x4b\xc4\xb1\x1b\x5b\x6d\x1b\x5b\x4b\x62\x0a"),
    (0, &[b"\x53", b"\x2d\x2d\x63\x6f\x6c\x6f\x72\x3d\x61\x6c\x77\x61\x79\x73", b"\x2d\x69", b"\x2d\x46"], b"\x61\xc5\xbf\x62\x0a", 1, b""),
    (1, &[b"\x53", b"\x2d\x2d\x63\x6f\x6c\x6f\x72\x3d\x61\x6c\x77\x61\x79\x73", b"\x2d\x69", b"\x2d\x46"], b"\x61\xc5\xbf\x62\x0a", 0, b"\x61\x1b\x5b\x30\x31\x3b\x33\x31\x6d\x1b\x5b\x4b\xc5\xbf\x1b\x5b\x6d\x1b\x5b\x4b\x62\x0a"),
    (0, &[b"\xc5\xbf", b"\x2d\x2d\x63\x6f\x6c\x6f\x72\x3d\x61\x6c\x77\x61\x79\x73", b"\x2d\x69", b"\x2d\x46"], b"\x61\x53\x62\x0a", 1, b""),
    (1, &[b"\xc5\xbf", b"\x2d\x2d\x63\x6f\x6c\x6f\x72\x3d\x61\x6c\x77\x61\x79\x73", b"\x2d\x69", b"\x2d\x46"], b"\x61\x53\x62\x0a", 0, b"\x61\x1b\x5b\x30\x31\x3b\x33\x31\x6d\x1b\x5b\x4b\x53\x1b\x5b\x6d\x1b\x5b\x4b\x62\x0a"),
    (0, &[b"\x73", b"\x2d\x2d\x63\x6f\x6c\x6f\x72\x3d\x61\x6c\x77\x61\x79\x73", b"\x2d\x69", b"\x2d\x46"], b"\x61\xc5\xbf\x62\x0a", 1, b""),
    (1, &[b"\x73", b"\x2d\x2d\x63\x6f\x6c\x6f\x72\x3d\x61\x6c\x77\x61\x79\x73", b"\x2d\x69", b"\x2d\x46"], b"\x61\xc5\xbf\x62\x0a", 0, b"\x61\x1b\x5b\x30\x31\x3b\x33\x31\x6d\x1b\x5b\x4b\xc5\xbf\x1b\x5b\x6d\x1b\x5b\x4b\x62\x0a"),
    (0, &[b"\xce\x99", b"\x2d\x2d\x63\x6f\x6c\x6f\x72\x3d\x61\x6c\x77\x61\x79\x73", b"\x2d\x69", b"\x2d\x46"], b"\x61\xe1\xbe\xbe\x62\x0a", 1, b""),
    (1, &[b"\xce\x99", b"\x2d\x2d\x63\x6f\x6c\x6f\x72\x3d\x61\x6c\x77\x61\x79\x73", b"\x2d\x69", b"\x2d\x46"], b"\x61\xe1\xbe\xbe\x62\x0a", 0, b"\x61\x1b\x5b\x30\x31\x3b\x33\x31\x6d\x1b\x5b\x4b\xe1\xbe\xbe\x1b\x5b\x6d\x1b\x5b\x4b\x62\x0a"),
    (0, &[b"\xe1\xbe\xbe", b"\x2d\x2d\x63\x6f\x6c\x6f\x72\x3d\x61\x6c\x77\x61\x79\x73", b"\x2d\x69", b"\x2d\x46"], b"\x61\xce\x99\x62\x0a", 1, b""),
    (1, &[b"\xe1\xbe\xbe", b"\x2d\x2d\x63\x6f\x6c\x6f\x72\x3d\x61\x6c\x77\x61\x79\x73", b"\x2d\x69", b"\x2d\x46"], b"\x61\xce\x99\x62\x0a", 0, b"\x61\x1b\x5b\x30\x31\x3b\x33\x31\x6d\x1b\x5b\x4b\xce\x99\x1b\x5b\x6d\x1b\x5b\x4b\x62\x0a"),
    (0, &[b"\xce\xb9", b"\x2d\x2d\x63\x6f\x6c\x6f\x72\x3d\x61\x6c\x77\x61\x79\x73", b"\x2d\x69", b"\x2d\x46"], b"\x61\xe1\xbe\xbe\x62\x0a", 1, b""),
    (1, &[b"\xce\xb9", b"\x2d\x2d\x63\x6f\x6c\x6f\x72\x3d\x61\x6c\x77\x61\x79\x73", b"\x2d\x69", b"\x2d\x46"], b"\x61\xe1\xbe\xbe\x62\x0a", 0, b"\x61\x1b\x5b\x30\x31\x3b\x33\x31\x6d\x1b\x5b\x4b\xe1\xbe\xbe\x1b\x5b\x6d\x1b\x5b\x4b\x62\x0a"),
    (0, &[b"\xcf\x89", b"\x2d\x2d\x63\x6f\x6c\x6f\x72\x3d\x61\x6c\x77\x61\x79\x73", b"\x2d\x69", b"\x2d\x46"], b"\x61\xe2\x84\xa6\x62\x0a", 1, b""),
    (1, &[b"\xcf\x89", b"\x2d\x2d\x63\x6f\x6c\x6f\x72\x3d\x61\x6c\x77\x61\x79\x73", b"\x2d\x69", b"\x2d\x46"], b"\x61\xe2\x84\xa6\x62\x0a", 1, b""),
    (0, &[b"\xe2\x84\xa6", b"\x2d\x2d\x63\x6f\x6c\x6f\x72\x3d\x61\x6c\x77\x61\x79\x73", b"\x2d\x69", b"\x2d\x46"], b"\x61\xcf\x89\x62\x0a", 1, b""),
    (1, &[b"\xe2\x84\xa6", b"\x2d\x2d\x63\x6f\x6c\x6f\x72\x3d\x61\x6c\x77\x61\x79\x73", b"\x2d\x69", b"\x2d\x46"], b"\x61\xcf\x89\x62\x0a", 1, b""),
    (0, &[b"\xce\xa9", b"\x2d\x2d\x63\x6f\x6c\x6f\x72\x3d\x61\x6c\x77\x61\x79\x73", b"\x2d\x69", b"\x2d\x46"], b"\x61\xe2\x84\xa6\x62\x0a", 1, b""),
    (1, &[b"\xce\xa9", b"\x2d\x2d\x63\x6f\x6c\x6f\x72\x3d\x61\x6c\x77\x61\x79\x73", b"\x2d\x69", b"\x2d\x46"], b"\x61\xe2\x84\xa6\x62\x0a", 1, b""),
    (0, &[b"\x6b", b"\x2d\x2d\x63\x6f\x6c\x6f\x72\x3d\x61\x6c\x77\x61\x79\x73", b"\x2d\x69", b"\x2d\x46"], b"\x61\xe2\x84\xaa\x62\x0a", 1, b""),
    (1, &[b"\x6b", b"\x2d\x2d\x63\x6f\x6c\x6f\x72\x3d\x61\x6c\x77\x61\x79\x73", b"\x2d\x69", b"\x2d\x46"], b"\x61\xe2\x84\xaa\x62\x0a", 1, b""),
    (0, &[b"\xe2\x84\xaa", b"\x2d\x2d\x63\x6f\x6c\x6f\x72\x3d\x61\x6c\x77\x61\x79\x73", b"\x2d\x69", b"\x2d\x46"], b"\x61\x6b\x62\x0a", 1, b""),
    (1, &[b"\xe2\x84\xaa", b"\x2d\x2d\x63\x6f\x6c\x6f\x72\x3d\x61\x6c\x77\x61\x79\x73", b"\x2d\x69", b"\x2d\x46"], b"\x61\x6b\x62\x0a", 1, b""),
    (0, &[b"\x4b", b"\x2d\x2d\x63\x6f\x6c\x6f\x72\x3d\x61\x6c\x77\x61\x79\x73", b"\x2d\x69", b"\x2d\x46"], b"\x61\xe2\x84\xaa\x62\x0a", 1, b""),
    (1, &[b"\x4b", b"\x2d\x2d\x63\x6f\x6c\x6f\x72\x3d\x61\x6c\x77\x61\x79\x73", b"\x2d\x69", b"\x2d\x46"], b"\x61\xe2\x84\xaa\x62\x0a", 1, b""),
    (0, &[b"\xc3\xa5", b"\x2d\x2d\x63\x6f\x6c\x6f\x72\x3d\x61\x6c\x77\x61\x79\x73", b"\x2d\x69", b"\x2d\x46"], b"\x61\xe2\x84\xab\x62\x0a", 1, b""),
    (1, &[b"\xc3\xa5", b"\x2d\x2d\x63\x6f\x6c\x6f\x72\x3d\x61\x6c\x77\x61\x79\x73", b"\x2d\x69", b"\x2d\x46"], b"\x61\xe2\x84\xab\x62\x0a", 1, b""),
    (0, &[b"\xe2\x84\xab", b"\x2d\x2d\x63\x6f\x6c\x6f\x72\x3d\x61\x6c\x77\x61\x79\x73", b"\x2d\x69", b"\x2d\x46"], b"\x61\xc3\xa5\x62\x0a", 1, b""),
    (1, &[b"\xe2\x84\xab", b"\x2d\x2d\x63\x6f\x6c\x6f\x72\x3d\x61\x6c\x77\x61\x79\x73", b"\x2d\x69", b"\x2d\x46"], b"\x61\xc3\xa5\x62\x0a", 1, b""),
    (0, &[b"\xc3\x85", b"\x2d\x2d\x63\x6f\x6c\x6f\x72\x3d\x61\x6c\x77\x61\x79\x73", b"\x2d\x69", b"\x2d\x46"], b"\x61\xe2\x84\xab\x62\x0a", 1, b""),
    (1, &[b"\xc3\x85", b"\x2d\x2d\x63\x6f\x6c\x6f\x72\x3d\x61\x6c\x77\x61\x79\x73", b"\x2d\x69", b"\x2d\x46"], b"\x61\xe2\x84\xab\x62\x0a", 1, b""),
    (0, &[b"\xc3\xb1\xc3\xbf", b"\x2d\x6f", b"\x2d\x69", b"\x2d\x47"], b"\x61\xc3\xb1\xc3\xbf\x62\x0a\x41\xc3\x91\xc5\xb8\x42\x0a", 0, b"\xc3\xb1\xc3\xbf\x0a"),
    (1, &[b"\xc3\xb1\xc3\xbf", b"\x2d\x6f", b"\x2d\x69", b"\x2d\x47"], b"\x61\xc3\xb1\xc3\xbf\x62\x0a\x41\xc3\x91\xc5\xb8\x42\x0a", 0, b"\xc3\xb1\xc3\xbf\x0a\xc3\x91\xc5\xb8\x0a"),
    (0, &[b"\xc3\x91\xc5\xb8", b"\x2d\x6f", b"\x2d\x69", b"\x2d\x47"], b"\x61\xc3\xb1\xc3\xbf\x62\x0a\x41\xc3\x91\xc5\xb8\x42\x0a", 0, b"\xc3\x91\xc5\xb8\x0a"),
    (1, &[b"\xc3\x91\xc5\xb8", b"\x2d\x6f", b"\x2d\x69", b"\x2d\x47"], b"\x61\xc3\xb1\xc3\xbf\x62\x0a\x41\xc3\x91\xc5\xb8\x42\x0a", 0, b"\xc3\xb1\xc3\xbf\x0a\xc3\x91\xc5\xb8\x0a"),
    (0, &[b"\xc3\xb1\xc3\xbf", b"\x2d\x2d\x63\x6f\x6c\x6f\x72\x3d\x61\x6c\x77\x61\x79\x73", b"\x2d\x69", b"\x2d\x47"], b"\x61\xc3\xb1\xc3\xbf\x62\x0a\x41\xc3\x91\xc5\xb8\x42\x0a", 0, b"\x61\x1b\x5b\x30\x31\x3b\x33\x31\x6d\x1b\x5b\x4b\xc3\xb1\xc3\xbf\x1b\x5b\x6d\x1b\x5b\x4b\x62\x0a"),
    (1, &[b"\xc3\xb1\xc3\xbf", b"\x2d\x2d\x63\x6f\x6c\x6f\x72\x3d\x61\x6c\x77\x61\x79\x73", b"\x2d\x69", b"\x2d\x47"], b"\x61\xc3\xb1\xc3\xbf\x62\x0a\x41\xc3\x91\xc5\xb8\x42\x0a", 0, b"\x61\x1b\x5b\x30\x31\x3b\x33\x31\x6d\x1b\x5b\x4b\xc3\xb1\xc3\xbf\x1b\x5b\x6d\x1b\x5b\x4b\x62\x0a\x41\x1b\x5b\x30\x31\x3b\x33\x31\x6d\x1b\x5b\x4b\xc3\x91\xc5\xb8\x1b\x5b\x6d\x1b\x5b\x4b\x42\x0a"),
    (0, &[b"\xc3\x91\xc5\xb8", b"\x2d\x2d\x63\x6f\x6c\x6f\x72\x3d\x61\x6c\x77\x61\x79\x73", b"\x2d\x69", b"\x2d\x47"], b"\x61\xc3\xb1\xc3\xbf\x62\x0a\x41\xc3\x91\xc5\xb8\x42\x0a", 0, b"\x41\x1b\x5b\x30\x31\x3b\x33\x31\x6d\x1b\x5b\x4b\xc3\x91\xc5\xb8\x1b\x5b\x6d\x1b\x5b\x4b\x42\x0a"),
    (1, &[b"\xc3\x91\xc5\xb8", b"\x2d\x2d\x63\x6f\x6c\x6f\x72\x3d\x61\x6c\x77\x61\x79\x73", b"\x2d\x69", b"\x2d\x47"], b"\x61\xc3\xb1\xc3\xbf\x62\x0a\x41\xc3\x91\xc5\xb8\x42\x0a", 0, b"\x61\x1b\x5b\x30\x31\x3b\x33\x31\x6d\x1b\x5b\x4b\xc3\xb1\xc3\xbf\x1b\x5b\x6d\x1b\x5b\x4b\x62\x0a\x41\x1b\x5b\x30\x31\x3b\x33\x31\x6d\x1b\x5b\x4b\xc3\x91\xc5\xb8\x1b\x5b\x6d\x1b\x5b\x4b\x42\x0a"),
    (0, &[b"\x69", b"\x2d\x2d\x63\x6f\x6c\x6f\x72\x3d\x61\x6c\x77\x61\x79\x73", b"\x2d\x69", b"\x2d\x47"], b"\x61\xc4\xb0\x62\x0a", 1, b""),
    (1, &[b"\x69", b"\x2d\x2d\x63\x6f\x6c\x6f\x72\x3d\x61\x6c\x77\x61\x79\x73", b"\x2d\x69", b"\x2d\x47"], b"\x61\xc4\xb0\x62\x0a", 1, b""),
    (0, &[b"\xc4\xb0", b"\x2d\x2d\x63\x6f\x6c\x6f\x72\x3d\x61\x6c\x77\x61\x79\x73", b"\x2d\x69", b"\x2d\x47"], b"\x61\x69\x62\x0a", 1, b""),
    (1, &[b"\xc4\xb0", b"\x2d\x2d\x63\x6f\x6c\x6f\x72\x3d\x61\x6c\x77\x61\x79\x73", b"\x2d\x69", b"\x2d\x47"], b"\x61\x69\x62\x0a", 1, b""),
    (0, &[b"\x49", b"\x2d\x2d\x63\x6f\x6c\x6f\x72\x3d\x61\x6c\x77\x61\x79\x73", b"\x2d\x69", b"\x2d\x47"], b"\x61\xc4\xb0\x62\x0a", 1, b""),
    (1, &[b"\x49", b"\x2d\x2d\x63\x6f\x6c\x6f\x72\x3d\x61\x6c\x77\x61\x79\x73", b"\x2d\x69", b"\x2d\x47"], b"\x61\xc4\xb0\x62\x0a", 1, b""),
    (0, &[b"\x49", b"\x2d\x2d\x63\x6f\x6c\x6f\x72\x3d\x61\x6c\x77\x61\x79\x73", b"\x2d\x69", b"\x2d\x47"], b"\x61\xc4\xb1\x62\x0a", 1, b""),
    (1, &[b"\x49", b"\x2d\x2d\x63\x6f\x6c\x6f\x72\x3d\x61\x6c\x77\x61\x79\x73", b"\x2d\x69", b"\x2d\x47"], b"\x61\xc4\xb1\x62\x0a", 0, b"\x61\x1b\x5b\x30\x31\x3b\x33\x31\x6d\x1b\x5b\x4b\xc4\xb1\x1b\x5b\x6d\x1b\x5b\x4b\x62\x0a"),
    (0, &[b"\xc4\xb1", b"\x2d\x2d\x63\x6f\x6c\x6f\x72\x3d\x61\x6c\x77\x61\x79\x73", b"\x2d\x69", b"\x2d\x47"], b"\x61\x49\x62\x0a", 1, b""),
    (1, &[b"\xc4\xb1", b"\x2d\x2d\x63\x6f\x6c\x6f\x72\x3d\x61\x6c\x77\x61\x79\x73", b"\x2d\x69", b"\x2d\x47"], b"\x61\x49\x62\x0a", 0, b"\x61\x1b\x5b\x30\x31\x3b\x33\x31\x6d\x1b\x5b\x4b\x49\x1b\x5b\x6d\x1b\x5b\x4b\x62\x0a"),
    (0, &[b"\x69", b"\x2d\x2d\x63\x6f\x6c\x6f\x72\x3d\x61\x6c\x77\x61\x79\x73", b"\x2d\x69", b"\x2d\x47"], b"\x61\xc4\xb1\x62\x0a", 1, b""),
    (1, &[b"\x69", b"\x2d\x2d\x63\x6f\x6c\x6f\x72\x3d\x61\x6c\x77\x61\x79\x73", b"\x2d\x69", b"\x2d\x47"], b"\x61\xc4\xb1\x62\x0a", 0, b"\x61\x1b\x5b\x30\x31\x3b\x33\x31\x6d\x1b\x5b\x4b\xc4\xb1\x1b\x5b\x6d\x1b\x5b\x4b\x62\x0a"),
    (0, &[b"\x53", b"\x2d\x2d\x63\x6f\x6c\x6f\x72\x3d\x61\x6c\x77\x61\x79\x73", b"\x2d\x69", b"\x2d\x47"], b"\x61\xc5\xbf\x62\x0a", 1, b""),
    (1, &[b"\x53", b"\x2d\x2d\x63\x6f\x6c\x6f\x72\x3d\x61\x6c\x77\x61\x79\x73", b"\x2d\x69", b"\x2d\x47"], b"\x61\xc5\xbf\x62\x0a", 0, b"\x61\x1b\x5b\x30\x31\x3b\x33\x31\x6d\x1b\x5b\x4b\xc5\xbf\x1b\x5b\x6d\x1b\x5b\x4b\x62\x0a"),
    (0, &[b"\xc5\xbf", b"\x2d\x2d\x63\x6f\x6c\x6f\x72\x3d\x61\x6c\x77\x61\x79\x73", b"\x2d\x69", b"\x2d\x47"], b"\x61\x53\x62\x0a", 1, b""),
    (1, &[b"\xc5\xbf", b"\x2d\x2d\x63\x6f\x6c\x6f\x72\x3d\x61\x6c\x77\x61\x79\x73", b"\x2d\x69", b"\x2d\x47"], b"\x61\x53\x62\x0a", 0, b"\x61\x1b\x5b\x30\x31\x3b\x33\x31\x6d\x1b\x5b\x4b\x53\x1b\x5b\x6d\x1b\x5b\x4b\x62\x0a"),
    (0, &[b"\x73", b"\x2d\x2d\x63\x6f\x6c\x6f\x72\x3d\x61\x6c\x77\x61\x79\x73", b"\x2d\x69", b"\x2d\x47"], b"\x61\xc5\xbf\x62\x0a", 1, b""),
    (1, &[b"\x73", b"\x2d\x2d\x63\x6f\x6c\x6f\x72\x3d\x61\x6c\x77\x61\x79\x73", b"\x2d\x69", b"\x2d\x47"], b"\x61\xc5\xbf\x62\x0a", 0, b"\x61\x1b\x5b\x30\x31\x3b\x33\x31\x6d\x1b\x5b\x4b\xc5\xbf\x1b\x5b\x6d\x1b\x5b\x4b\x62\x0a"),
    (0, &[b"\xce\x99", b"\x2d\x2d\x63\x6f\x6c\x6f\x72\x3d\x61\x6c\x77\x61\x79\x73", b"\x2d\x69", b"\x2d\x47"], b"\x61\xe1\xbe\xbe\x62\x0a", 1, b""),
    (1, &[b"\xce\x99", b"\x2d\x2d\x63\x6f\x6c\x6f\x72\x3d\x61\x6c\x77\x61\x79\x73", b"\x2d\x69", b"\x2d\x47"], b"\x61\xe1\xbe\xbe\x62\x0a", 0, b"\x61\x1b\x5b\x30\x31\x3b\x33\x31\x6d\x1b\x5b\x4b\xe1\xbe\xbe\x1b\x5b\x6d\x1b\x5b\x4b\x62\x0a"),
    (0, &[b"\xe1\xbe\xbe", b"\x2d\x2d\x63\x6f\x6c\x6f\x72\x3d\x61\x6c\x77\x61\x79\x73", b"\x2d\x69", b"\x2d\x47"], b"\x61\xce\x99\x62\x0a", 1, b""),
    (1, &[b"\xe1\xbe\xbe", b"\x2d\x2d\x63\x6f\x6c\x6f\x72\x3d\x61\x6c\x77\x61\x79\x73", b"\x2d\x69", b"\x2d\x47"], b"\x61\xce\x99\x62\x0a", 0, b"\x61\x1b\x5b\x30\x31\x3b\x33\x31\x6d\x1b\x5b\x4b\xce\x99\x1b\x5b\x6d\x1b\x5b\x4b\x62\x0a"),
    (0, &[b"\xce\xb9", b"\x2d\x2d\x63\x6f\x6c\x6f\x72\x3d\x61\x6c\x77\x61\x79\x73", b"\x2d\x69", b"\x2d\x47"], b"\x61\xe1\xbe\xbe\x62\x0a", 1, b""),
    (1, &[b"\xce\xb9", b"\x2d\x2d\x63\x6f\x6c\x6f\x72\x3d\x61\x6c\x77\x61\x79\x73", b"\x2d\x69", b"\x2d\x47"], b"\x61\xe1\xbe\xbe\x62\x0a", 0, b"\x61\x1b\x5b\x30\x31\x3b\x33\x31\x6d\x1b\x5b\x4b\xe1\xbe\xbe\x1b\x5b\x6d\x1b\x5b\x4b\x62\x0a"),
    (0, &[b"\xcf\x89", b"\x2d\x2d\x63\x6f\x6c\x6f\x72\x3d\x61\x6c\x77\x61\x79\x73", b"\x2d\x69", b"\x2d\x47"], b"\x61\xe2\x84\xa6\x62\x0a", 1, b""),
    (1, &[b"\xcf\x89", b"\x2d\x2d\x63\x6f\x6c\x6f\x72\x3d\x61\x6c\x77\x61\x79\x73", b"\x2d\x69", b"\x2d\x47"], b"\x61\xe2\x84\xa6\x62\x0a", 1, b""),
    (0, &[b"\xe2\x84\xa6", b"\x2d\x2d\x63\x6f\x6c\x6f\x72\x3d\x61\x6c\x77\x61\x79\x73", b"\x2d\x69", b"\x2d\x47"], b"\x61\xcf\x89\x62\x0a", 1, b""),
    (1, &[b"\xe2\x84\xa6", b"\x2d\x2d\x63\x6f\x6c\x6f\x72\x3d\x61\x6c\x77\x61\x79\x73", b"\x2d\x69", b"\x2d\x47"], b"\x61\xcf\x89\x62\x0a", 1, b""),
    (0, &[b"\xce\xa9", b"\x2d\x2d\x63\x6f\x6c\x6f\x72\x3d\x61\x6c\x77\x61\x79\x73", b"\x2d\x69", b"\x2d\x47"], b"\x61\xe2\x84\xa6\x62\x0a", 1, b""),
    (1, &[b"\xce\xa9", b"\x2d\x2d\x63\x6f\x6c\x6f\x72\x3d\x61\x6c\x77\x61\x79\x73", b"\x2d\x69", b"\x2d\x47"], b"\x61\xe2\x84\xa6\x62\x0a", 1, b""),
    (0, &[b"\x6b", b"\x2d\x2d\x63\x6f\x6c\x6f\x72\x3d\x61\x6c\x77\x61\x79\x73", b"\x2d\x69", b"\x2d\x47"], b"\x61\xe2\x84\xaa\x62\x0a", 1, b""),
    (1, &[b"\x6b", b"\x2d\x2d\x63\x6f\x6c\x6f\x72\x3d\x61\x6c\x77\x61\x79\x73", b"\x2d\x69", b"\x2d\x47"], b"\x61\xe2\x84\xaa\x62\x0a", 1, b""),
    (0, &[b"\xe2\x84\xaa", b"\x2d\x2d\x63\x6f\x6c\x6f\x72\x3d\x61\x6c\x77\x61\x79\x73", b"\x2d\x69", b"\x2d\x47"], b"\x61\x6b\x62\x0a", 1, b""),
    (1, &[b"\xe2\x84\xaa", b"\x2d\x2d\x63\x6f\x6c\x6f\x72\x3d\x61\x6c\x77\x61\x79\x73", b"\x2d\x69", b"\x2d\x47"], b"\x61\x6b\x62\x0a", 1, b""),
    (0, &[b"\x4b", b"\x2d\x2d\x63\x6f\x6c\x6f\x72\x3d\x61\x6c\x77\x61\x79\x73", b"\x2d\x69", b"\x2d\x47"], b"\x61\xe2\x84\xaa\x62\x0a", 1, b""),
    (1, &[b"\x4b", b"\x2d\x2d\x63\x6f\x6c\x6f\x72\x3d\x61\x6c\x77\x61\x79\x73", b"\x2d\x69", b"\x2d\x47"], b"\x61\xe2\x84\xaa\x62\x0a", 1, b""),
    (0, &[b"\xc3\xa5", b"\x2d\x2d\x63\x6f\x6c\x6f\x72\x3d\x61\x6c\x77\x61\x79\x73", b"\x2d\x69", b"\x2d\x47"], b"\x61\xe2\x84\xab\x62\x0a", 1, b""),
    (1, &[b"\xc3\xa5", b"\x2d\x2d\x63\x6f\x6c\x6f\x72\x3d\x61\x6c\x77\x61\x79\x73", b"\x2d\x69", b"\x2d\x47"], b"\x61\xe2\x84\xab\x62\x0a", 1, b""),
    (0, &[b"\xe2\x84\xab", b"\x2d\x2d\x63\x6f\x6c\x6f\x72\x3d\x61\x6c\x77\x61\x79\x73", b"\x2d\x69", b"\x2d\x47"], b"\x61\xc3\xa5\x62\x0a", 1, b""),
    (1, &[b"\xe2\x84\xab", b"\x2d\x2d\x63\x6f\x6c\x6f\x72\x3d\x61\x6c\x77\x61\x79\x73", b"\x2d\x69", b"\x2d\x47"], b"\x61\xc3\xa5\x62\x0a", 1, b""),
    (0, &[b"\xc3\x85", b"\x2d\x2d\x63\x6f\x6c\x6f\x72\x3d\x61\x6c\x77\x61\x79\x73", b"\x2d\x69", b"\x2d\x47"], b"\x61\xe2\x84\xab\x62\x0a", 1, b""),
    (1, &[b"\xc3\x85", b"\x2d\x2d\x63\x6f\x6c\x6f\x72\x3d\x61\x6c\x77\x61\x79\x73", b"\x2d\x69", b"\x2d\x47"], b"\x61\xe2\x84\xab\x62\x0a", 1, b""),
    (0, &[b"\xc3\xb1\xc3\xbf", b"\x2d\x6f", b"\x2d\x69", b"\x2d\x45"], b"\x61\xc3\xb1\xc3\xbf\x62\x0a\x41\xc3\x91\xc5\xb8\x42\x0a", 0, b"\xc3\xb1\xc3\xbf\x0a"),
    (1, &[b"\xc3\xb1\xc3\xbf", b"\x2d\x6f", b"\x2d\x69", b"\x2d\x45"], b"\x61\xc3\xb1\xc3\xbf\x62\x0a\x41\xc3\x91\xc5\xb8\x42\x0a", 0, b"\xc3\xb1\xc3\xbf\x0a\xc3\x91\xc5\xb8\x0a"),
    (0, &[b"\xc3\x91\xc5\xb8", b"\x2d\x6f", b"\x2d\x69", b"\x2d\x45"], b"\x61\xc3\xb1\xc3\xbf\x62\x0a\x41\xc3\x91\xc5\xb8\x42\x0a", 0, b"\xc3\x91\xc5\xb8\x0a"),
    (1, &[b"\xc3\x91\xc5\xb8", b"\x2d\x6f", b"\x2d\x69", b"\x2d\x45"], b"\x61\xc3\xb1\xc3\xbf\x62\x0a\x41\xc3\x91\xc5\xb8\x42\x0a", 0, b"\xc3\xb1\xc3\xbf\x0a\xc3\x91\xc5\xb8\x0a"),
    (0, &[b"\xc3\xb1\xc3\xbf", b"\x2d\x2d\x63\x6f\x6c\x6f\x72\x3d\x61\x6c\x77\x61\x79\x73", b"\x2d\x69", b"\x2d\x45"], b"\x61\xc3\xb1\xc3\xbf\x62\x0a\x41\xc3\x91\xc5\xb8\x42\x0a", 0, b"\x61\x1b\x5b\x30\x31\x3b\x33\x31\x6d\x1b\x5b\x4b\xc3\xb1\xc3\xbf\x1b\x5b\x6d\x1b\x5b\x4b\x62\x0a"),
    (1, &[b"\xc3\xb1\xc3\xbf", b"\x2d\x2d\x63\x6f\x6c\x6f\x72\x3d\x61\x6c\x77\x61\x79\x73", b"\x2d\x69", b"\x2d\x45"], b"\x61\xc3\xb1\xc3\xbf\x62\x0a\x41\xc3\x91\xc5\xb8\x42\x0a", 0, b"\x61\x1b\x5b\x30\x31\x3b\x33\x31\x6d\x1b\x5b\x4b\xc3\xb1\xc3\xbf\x1b\x5b\x6d\x1b\x5b\x4b\x62\x0a\x41\x1b\x5b\x30\x31\x3b\x33\x31\x6d\x1b\x5b\x4b\xc3\x91\xc5\xb8\x1b\x5b\x6d\x1b\x5b\x4b\x42\x0a"),
    (0, &[b"\xc3\x91\xc5\xb8", b"\x2d\x2d\x63\x6f\x6c\x6f\x72\x3d\x61\x6c\x77\x61\x79\x73", b"\x2d\x69", b"\x2d\x45"], b"\x61\xc3\xb1\xc3\xbf\x62\x0a\x41\xc3\x91\xc5\xb8\x42\x0a", 0, b"\x41\x1b\x5b\x30\x31\x3b\x33\x31\x6d\x1b\x5b\x4b\xc3\x91\xc5\xb8\x1b\x5b\x6d\x1b\x5b\x4b\x42\x0a"),
    (1, &[b"\xc3\x91\xc5\xb8", b"\x2d\x2d\x63\x6f\x6c\x6f\x72\x3d\x61\x6c\x77\x61\x79\x73", b"\x2d\x69", b"\x2d\x45"], b"\x61\xc3\xb1\xc3\xbf\x62\x0a\x41\xc3\x91\xc5\xb8\x42\x0a", 0, b"\x61\x1b\x5b\x30\x31\x3b\x33\x31\x6d\x1b\x5b\x4b\xc3\xb1\xc3\xbf\x1b\x5b\x6d\x1b\x5b\x4b\x62\x0a\x41\x1b\x5b\x30\x31\x3b\x33\x31\x6d\x1b\x5b\x4b\xc3\x91\xc5\xb8\x1b\x5b\x6d\x1b\x5b\x4b\x42\x0a"),
    (0, &[b"\x69", b"\x2d\x2d\x63\x6f\x6c\x6f\x72\x3d\x61\x6c\x77\x61\x79\x73", b"\x2d\x69", b"\x2d\x45"], b"\x61\xc4\xb0\x62\x0a", 1, b""),
    (1, &[b"\x69", b"\x2d\x2d\x63\x6f\x6c\x6f\x72\x3d\x61\x6c\x77\x61\x79\x73", b"\x2d\x69", b"\x2d\x45"], b"\x61\xc4\xb0\x62\x0a", 1, b""),
    (0, &[b"\xc4\xb0", b"\x2d\x2d\x63\x6f\x6c\x6f\x72\x3d\x61\x6c\x77\x61\x79\x73", b"\x2d\x69", b"\x2d\x45"], b"\x61\x69\x62\x0a", 1, b""),
    (1, &[b"\xc4\xb0", b"\x2d\x2d\x63\x6f\x6c\x6f\x72\x3d\x61\x6c\x77\x61\x79\x73", b"\x2d\x69", b"\x2d\x45"], b"\x61\x69\x62\x0a", 1, b""),
    (0, &[b"\x49", b"\x2d\x2d\x63\x6f\x6c\x6f\x72\x3d\x61\x6c\x77\x61\x79\x73", b"\x2d\x69", b"\x2d\x45"], b"\x61\xc4\xb0\x62\x0a", 1, b""),
    (1, &[b"\x49", b"\x2d\x2d\x63\x6f\x6c\x6f\x72\x3d\x61\x6c\x77\x61\x79\x73", b"\x2d\x69", b"\x2d\x45"], b"\x61\xc4\xb0\x62\x0a", 1, b""),
    (0, &[b"\x49", b"\x2d\x2d\x63\x6f\x6c\x6f\x72\x3d\x61\x6c\x77\x61\x79\x73", b"\x2d\x69", b"\x2d\x45"], b"\x61\xc4\xb1\x62\x0a", 1, b""),
    (1, &[b"\x49", b"\x2d\x2d\x63\x6f\x6c\x6f\x72\x3d\x61\x6c\x77\x61\x79\x73", b"\x2d\x69", b"\x2d\x45"], b"\x61\xc4\xb1\x62\x0a", 0, b"\x61\x1b\x5b\x30\x31\x3b\x33\x31\x6d\x1b\x5b\x4b\xc4\xb1\x1b\x5b\x6d\x1b\x5b\x4b\x62\x0a"),
    (0, &[b"\xc4\xb1", b"\x2d\x2d\x63\x6f\x6c\x6f\x72\x3d\x61\x6c\x77\x61\x79\x73", b"\x2d\x69", b"\x2d\x45"], b"\x61\x49\x62\x0a", 1, b""),
    (1, &[b"\xc4\xb1", b"\x2d\x2d\x63\x6f\x6c\x6f\x72\x3d\x61\x6c\x77\x61\x79\x73", b"\x2d\x69", b"\x2d\x45"], b"\x61\x49\x62\x0a", 0, b"\x61\x1b\x5b\x30\x31\x3b\x33\x31\x6d\x1b\x5b\x4b\x49\x1b\x5b\x6d\x1b\x5b\x4b\x62\x0a"),
    (0, &[b"\x69", b"\x2d\x2d\x63\x6f\x6c\x6f\x72\x3d\x61\x6c\x77\x61\x79\x73", b"\x2d\x69", b"\x2d\x45"], b"\x61\xc4\xb1\x62\x0a", 1, b""),
    (1, &[b"\x69", b"\x2d\x2d\x63\x6f\x6c\x6f\x72\x3d\x61\x6c\x77\x61\x79\x73", b"\x2d\x69", b"\x2d\x45"], b"\x61\xc4\xb1\x62\x0a", 0, b"\x61\x1b\x5b\x30\x31\x3b\x33\x31\x6d\x1b\x5b\x4b\xc4\xb1\x1b\x5b\x6d\x1b\x5b\x4b\x62\x0a"),
    (0, &[b"\x53", b"\x2d\x2d\x63\x6f\x6c\x6f\x72\x3d\x61\x6c\x77\x61\x79\x73", b"\x2d\x69", b"\x2d\x45"], b"\x61\xc5\xbf\x62\x0a", 1, b""),
    (1, &[b"\x53", b"\x2d\x2d\x63\x6f\x6c\x6f\x72\x3d\x61\x6c\x77\x61\x79\x73", b"\x2d\x69", b"\x2d\x45"], b"\x61\xc5\xbf\x62\x0a", 0, b"\x61\x1b\x5b\x30\x31\x3b\x33\x31\x6d\x1b\x5b\x4b\xc5\xbf\x1b\x5b\x6d\x1b\x5b\x4b\x62\x0a"),
    (0, &[b"\xc5\xbf", b"\x2d\x2d\x63\x6f\x6c\x6f\x72\x3d\x61\x6c\x77\x61\x79\x73", b"\x2d\x69", b"\x2d\x45"], b"\x61\x53\x62\x0a", 1, b""),
    (1, &[b"\xc5\xbf", b"\x2d\x2d\x63\x6f\x6c\x6f\x72\x3d\x61\x6c\x77\x61\x79\x73", b"\x2d\x69", b"\x2d\x45"], b"\x61\x53\x62\x0a", 0, b"\x61\x1b\x5b\x30\x31\x3b\x33\x31\x6d\x1b\x5b\x4b\x53\x1b\x5b\x6d\x1b\x5b\x4b\x62\x0a"),
    (0, &[b"\x73", b"\x2d\x2d\x63\x6f\x6c\x6f\x72\x3d\x61\x6c\x77\x61\x79\x73", b"\x2d\x69", b"\x2d\x45"], b"\x61\xc5\xbf\x62\x0a", 1, b""),
    (1, &[b"\x73", b"\x2d\x2d\x63\x6f\x6c\x6f\x72\x3d\x61\x6c\x77\x61\x79\x73", b"\x2d\x69", b"\x2d\x45"], b"\x61\xc5\xbf\x62\x0a", 0, b"\x61\x1b\x5b\x30\x31\x3b\x33\x31\x6d\x1b\x5b\x4b\xc5\xbf\x1b\x5b\x6d\x1b\x5b\x4b\x62\x0a"),
    (0, &[b"\xce\x99", b"\x2d\x2d\x63\x6f\x6c\x6f\x72\x3d\x61\x6c\x77\x61\x79\x73", b"\x2d\x69", b"\x2d\x45"], b"\x61\xe1\xbe\xbe\x62\x0a", 1, b""),
    (1, &[b"\xce\x99", b"\x2d\x2d\x63\x6f\x6c\x6f\x72\x3d\x61\x6c\x77\x61\x79\x73", b"\x2d\x69", b"\x2d\x45"], b"\x61\xe1\xbe\xbe\x62\x0a", 0, b"\x61\x1b\x5b\x30\x31\x3b\x33\x31\x6d\x1b\x5b\x4b\xe1\xbe\xbe\x1b\x5b\x6d\x1b\x5b\x4b\x62\x0a"),
    (0, &[b"\xe1\xbe\xbe", b"\x2d\x2d\x63\x6f\x6c\x6f\x72\x3d\x61\x6c\x77\x61\x79\x73", b"\x2d\x69", b"\x2d\x45"], b"\x61\xce\x99\x62\x0a", 1, b""),
    (1, &[b"\xe1\xbe\xbe", b"\x2d\x2d\x63\x6f\x6c\x6f\x72\x3d\x61\x6c\x77\x61\x79\x73", b"\x2d\x69", b"\x2d\x45"], b"\x61\xce\x99\x62\x0a", 0, b"\x61\x1b\x5b\x30\x31\x3b\x33\x31\x6d\x1b\x5b\x4b\xce\x99\x1b\x5b\x6d\x1b\x5b\x4b\x62\x0a"),
    (0, &[b"\xce\xb9", b"\x2d\x2d\x63\x6f\x6c\x6f\x72\x3d\x61\x6c\x77\x61\x79\x73", b"\x2d\x69", b"\x2d\x45"], b"\x61\xe1\xbe\xbe\x62\x0a", 1, b""),
    (1, &[b"\xce\xb9", b"\x2d\x2d\x63\x6f\x6c\x6f\x72\x3d\x61\x6c\x77\x61\x79\x73", b"\x2d\x69", b"\x2d\x45"], b"\x61\xe1\xbe\xbe\x62\x0a", 0, b"\x61\x1b\x5b\x30\x31\x3b\x33\x31\x6d\x1b\x5b\x4b\xe1\xbe\xbe\x1b\x5b\x6d\x1b\x5b\x4b\x62\x0a"),
    (0, &[b"\xcf\x89", b"\x2d\x2d\x63\x6f\x6c\x6f\x72\x3d\x61\x6c\x77\x61\x79\x73", b"\x2d\x69", b"\x2d\x45"], b"\x61\xe2\x84\xa6\x62\x0a", 1, b""),
    (1, &[b"\xcf\x89", b"\x2d\x2d\x63\x6f\x6c\x6f\x72\x3d\x61\x6c\x77\x61\x79\x73", b"\x2d\x69", b"\x2d\x45"], b"\x61\xe2\x84\xa6\x62\x0a", 1, b""),
    (0, &[b"\xe2\x84\xa6", b"\x2d\x2d\x63\x6f\x6c\x6f\x72\x3d\x61\x6c\x77\x61\x79\x73", b"\x2d\x69", b"\x2d\x45"], b"\x61\xcf\x89\x62\x0a", 1, b""),
    (1, &[b"\xe2\x84\xa6", b"\x2d\x2d\x63\x6f\x6c\x6f\x72\x3d\x61\x6c\x77\x61\x79\x73", b"\x2d\x69", b"\x2d\x45"], b"\x61\xcf\x89\x62\x0a", 1, b""),
    (0, &[b"\xce\xa9", b"\x2d\x2d\x63\x6f\x6c\x6f\x72\x3d\x61\x6c\x77\x61\x79\x73", b"\x2d\x69", b"\x2d\x45"], b"\x61\xe2\x84\xa6\x62\x0a", 1, b""),
    (1, &[b"\xce\xa9", b"\x2d\x2d\x63\x6f\x6c\x6f\x72\x3d\x61\x6c\x77\x61\x79\x73", b"\x2d\x69", b"\x2d\x45"], b"\x61\xe2\x84\xa6\x62\x0a", 1, b""),
    (0, &[b"\x6b", b"\x2d\x2d\x63\x6f\x6c\x6f\x72\x3d\x61\x6c\x77\x61\x79\x73", b"\x2d\x69", b"\x2d\x45"], b"\x61\xe2\x84\xaa\x62\x0a", 1, b""),
    (1, &[b"\x6b", b"\x2d\x2d\x63\x6f\x6c\x6f\x72\x3d\x61\x6c\x77\x61\x79\x73", b"\x2d\x69", b"\x2d\x45"], b"\x61\xe2\x84\xaa\x62\x0a", 1, b""),
    (0, &[b"\xe2\x84\xaa", b"\x2d\x2d\x63\x6f\x6c\x6f\x72\x3d\x61\x6c\x77\x61\x79\x73", b"\x2d\x69", b"\x2d\x45"], b"\x61\x6b\x62\x0a", 1, b""),
    (1, &[b"\xe2\x84\xaa", b"\x2d\x2d\x63\x6f\x6c\x6f\x72\x3d\x61\x6c\x77\x61\x79\x73", b"\x2d\x69", b"\x2d\x45"], b"\x61\x6b\x62\x0a", 1, b""),
    (0, &[b"\x4b", b"\x2d\x2d\x63\x6f\x6c\x6f\x72\x3d\x61\x6c\x77\x61\x79\x73", b"\x2d\x69", b"\x2d\x45"], b"\x61\xe2\x84\xaa\x62\x0a", 1, b""),
    (1, &[b"\x4b", b"\x2d\x2d\x63\x6f\x6c\x6f\x72\x3d\x61\x6c\x77\x61\x79\x73", b"\x2d\x69", b"\x2d\x45"], b"\x61\xe2\x84\xaa\x62\x0a", 1, b""),
    (0, &[b"\xc3\xa5", b"\x2d\x2d\x63\x6f\x6c\x6f\x72\x3d\x61\x6c\x77\x61\x79\x73", b"\x2d\x69", b"\x2d\x45"], b"\x61\xe2\x84\xab\x62\x0a", 1, b""),
    (1, &[b"\xc3\xa5", b"\x2d\x2d\x63\x6f\x6c\x6f\x72\x3d\x61\x6c\x77\x61\x79\x73", b"\x2d\x69", b"\x2d\x45"], b"\x61\xe2\x84\xab\x62\x0a", 1, b""),
    (0, &[b"\xe2\x84\xab", b"\x2d\x2d\x63\x6f\x6c\x6f\x72\x3d\x61\x6c\x77\x61\x79\x73", b"\x2d\x69", b"\x2d\x45"], b"\x61\xc3\xa5\x62\x0a", 1, b""),
    (1, &[b"\xe2\x84\xab", b"\x2d\x2d\x63\x6f\x6c\x6f\x72\x3d\x61\x6c\x77\x61\x79\x73", b"\x2d\x69", b"\x2d\x45"], b"\x61\xc3\xa5\x62\x0a", 1, b""),
    (0, &[b"\xc3\x85", b"\x2d\x2d\x63\x6f\x6c\x6f\x72\x3d\x61\x6c\x77\x61\x79\x73", b"\x2d\x69", b"\x2d\x45"], b"\x61\xe2\x84\xab\x62\x0a", 1, b""),
    (1, &[b"\xc3\x85", b"\x2d\x2d\x63\x6f\x6c\x6f\x72\x3d\x61\x6c\x77\x61\x79\x73", b"\x2d\x69", b"\x2d\x45"], b"\x61\xe2\x84\xab\x62\x0a", 1, b""),
    (0, &[b"\x2d\x65", b"\x5c\x28\x2e\x5c\x29\x5c\x28\x2e\x5c\x29\x2e\x5c\x32\x5c\x31"], b"\x72\x61\x64\x61\x72\x0a", 0, b"\x72\x61\x64\x61\x72\x0a"),
    (1, &[b"\x2d\x65", b"\x5c\x28\x2e\x5c\x29\x5c\x28\x2e\x5c\x29\x2e\x5c\x32\x5c\x31"], b"\x72\x61\x64\x61\x72\x0a", 0, b"\x72\x61\x64\x61\x72\x0a"),
    (0, &[b"\x2d\x45", b"\x2d\x65", b"\x5e\x28\x2e\x3f\x29\x28\x2e\x3f\x29\x28\x2e\x3f\x29\x28\x2e\x3f\x29\x28\x2e\x3f\x29\x28\x2e\x3f\x29\x28\x2e\x3f\x29\x28\x2e\x3f\x29\x28\x2e\x29\x2e\x3f\x5c\x39\x5c\x38\x5c\x37\x5c\x36\x5c\x35\x5c\x34\x5c\x33\x5c\x32\x5c\x31\x24"], b"\x63\x69\x76\x69\x63\x0a", 0, b"\x63\x69\x76\x69\x63\x0a"),
    (1, &[b"\x2d\x45", b"\x2d\x65", b"\x5e\x28\x2e\x3f\x29\x28\x2e\x3f\x29\x28\x2e\x3f\x29\x28\x2e\x3f\x29\x28\x2e\x3f\x29\x28\x2e\x3f\x29\x28\x2e\x3f\x29\x28\x2e\x3f\x29\x28\x2e\x29\x2e\x3f\x5c\x39\x5c\x38\x5c\x37\x5c\x36\x5c\x35\x5c\x34\x5c\x33\x5c\x32\x5c\x31\x24"], b"\x63\x69\x76\x69\x63\x0a", 0, b"\x63\x69\x76\x69\x63\x0a"),
    (0, &[b"\x2d\x65", b"\x61\x5c\x28\x2e\x5c\x29", b"\x2d\x65", b"\x62\x5c\x31"], b"\x31\x32\x33\x0a", 2, b""),
    (1, &[b"\x2d\x65", b"\x61\x5c\x28\x2e\x5c\x29", b"\x2d\x65", b"\x62\x5c\x31"], b"\x31\x32\x33\x0a", 2, b""),
    (0, &[b"\x2d\x65", b"\x5b", b"\x2d\x65", b"\x5d"], b"\x31\x32\x33\x0a", 2, b""),
    (1, &[b"\x2d\x65", b"\x5b", b"\x2d\x65", b"\x5d"], b"\x31\x32\x33\x0a", 2, b""),
    (0, &[b"\x2d\x65", b"\x5e\x54\x6f\x74\x61\x6c\x20\x66\x61\x69\x6c\x65\x64\x3a\x20\x30\x24", b"\x2d\x65", b"\x5e\x54\x6f\x74\x61\x6c\x20\x66\x61\x69\x6c\x65\x64\x3a\x20\x5c\x28\x5b\x30\x2d\x39\x5d\x2a\x5c\x29\x20\x28\x5c\x31\x20\x69\x67\x6e\x6f\x72\x65\x64\x29\x24"], b"\x54\x6f\x74\x61\x6c\x20\x66\x61\x69\x6c\x65\x64\x3a\x20\x32\x20\x28\x31\x20\x69\x67\x6e\x6f\x72\x65\x64\x29\x0a", 1, b""),
    (1, &[b"\x2d\x65", b"\x5e\x54\x6f\x74\x61\x6c\x20\x66\x61\x69\x6c\x65\x64\x3a\x20\x30\x24", b"\x2d\x65", b"\x5e\x54\x6f\x74\x61\x6c\x20\x66\x61\x69\x6c\x65\x64\x3a\x20\x5c\x28\x5b\x30\x2d\x39\x5d\x2a\x5c\x29\x20\x28\x5c\x31\x20\x69\x67\x6e\x6f\x72\x65\x64\x29\x24"], b"\x54\x6f\x74\x61\x6c\x20\x66\x61\x69\x6c\x65\x64\x3a\x20\x32\x20\x28\x31\x20\x69\x67\x6e\x6f\x72\x65\x64\x29\x0a", 1, b""),
    (0, &[b"\x2d\x45", b"\x62\x7c\x28\x2e\x29\x62\x7c\x5c\x31\x7c\x62"], b"\x61\x61\x0a", 2, b""),
    (1, &[b"\x2d\x45", b"\x62\x7c\x28\x2e\x29\x62\x7c\x5c\x31\x7c\x62"], b"\x61\x61\x0a", 2, b""),
    (0, &[b"\x2d\x45", b"\x30\x7c\x28\x29\x30\x7c\x5c\x31\x7c\x30"], b"\x61\x61\x0a", 2, b""),
    (1, &[b"\x2d\x45", b"\x30\x7c\x28\x29\x30\x7c\x5c\x31\x7c\x30"], b"\x61\x61\x0a", 2, b""),
    (0, &[b"\x2d\x45", b"\x28\x28\x29\x78\x29\x7c\x5c\x32"], b"\x61\x61\x0a", 2, b""),
    (1, &[b"\x2d\x45", b"\x28\x28\x29\x78\x29\x7c\x5c\x32"], b"\x61\x61\x0a", 2, b""),
    (0, &[b"\x2d\x77", b"\x5c\x28\x66\x6f\x6f\x5c\x29\x20\x5c\x31"], b"\x66\x6f\x6f\x20\x66\x6f\x6f\x20\x62\x61\x72\x0a", 0, b"\x66\x6f\x6f\x20\x66\x6f\x6f\x20\x62\x61\x72\x0a"),
    (1, &[b"\x2d\x77", b"\x5c\x28\x66\x6f\x6f\x5c\x29\x20\x5c\x31"], b"\x66\x6f\x6f\x20\x66\x6f\x6f\x20\x62\x61\x72\x0a", 0, b"\x66\x6f\x6f\x20\x66\x6f\x6f\x20\x62\x61\x72\x0a"),
    (0, &[b"\x2d\x77\x78", b"\x5c\x28\x66\x6f\x6f\x5c\x29\x20\x5c\x31"], b"\x66\x6f\x6f\x20\x66\x6f\x6f\x20\x62\x61\x72\x0a", 1, b""),
    (1, &[b"\x2d\x77\x78", b"\x5c\x28\x66\x6f\x6f\x5c\x29\x20\x5c\x31"], b"\x66\x6f\x6f\x20\x66\x6f\x6f\x20\x62\x61\x72\x0a", 1, b""),
    (0, &[b"\x2d\x45\x69", b"\x28\x66\x6f\x6f\x29\x20\x5c\x31"], b"\x66\x6f\x6f\x20\x66\x6f\x6f\x0a\x66\x4f\x6f\x20\x66\x6f\x6f\x0a\x46\x6f\x6f\x20\x66\x6f\x6f\x0a\x46\x4f\x4f\x20\x66\x6f\x6f\x0a", 0, b"\x66\x6f\x6f\x20\x66\x6f\x6f\x0a\x66\x4f\x6f\x20\x66\x6f\x6f\x0a\x46\x6f\x6f\x20\x66\x6f\x6f\x0a\x46\x4f\x4f\x20\x66\x6f\x6f\x0a"),
    (1, &[b"\x2d\x45\x69", b"\x28\x66\x6f\x6f\x29\x20\x5c\x31"], b"\x66\x6f\x6f\x20\x66\x6f\x6f\x0a\x66\x4f\x6f\x20\x66\x6f\x6f\x0a\x46\x6f\x6f\x20\x66\x6f\x6f\x0a\x46\x4f\x4f\x20\x66\x6f\x6f\x0a", 0, b"\x66\x6f\x6f\x20\x66\x6f\x6f\x0a\x66\x4f\x6f\x20\x66\x6f\x6f\x0a\x46\x6f\x6f\x20\x66\x6f\x6f\x0a\x46\x4f\x4f\x20\x66\x6f\x6f\x0a"),
    (0, &[b"\x2d\x61\x45", b"\x5e\x28\x5b\x61\x2d\x7a\x5d\x29\x2e\x5c\x31\x24"], b"\x61\x62\x61\x0a\x61\x62\x63\x0a\x78\x79\x78\x0a", 0, b"\x61\x62\x61\x0a\x78\x79\x78\x0a"),
    (1, &[b"\x2d\x61\x45", b"\x5e\x28\x5b\x61\x2d\x7a\x5d\x29\x2e\x5c\x31\x24"], b"\x61\x62\x61\x0a\x61\x62\x63\x0a\x78\x79\x78\x0a", 0, b"\x61\x62\x61\x0a\x78\x79\x78\x0a"),
    (1, &[b"\x5c\x3c\xc3\xa9"], b"\xc3\xa9\x0a", 0, b"\xc3\xa9\x0a"),
    (1, &[b"\xc3\xa9\x5c\x3e"], b"\xc3\xa9\x0a", 0, b"\xc3\xa9\x0a"),
    (1, &[b"\x2d\x77", b"\xc3\xa9"], b"\xc3\xa9\x0a", 0, b"\xc3\xa9\x0a"),
    (1, &[b"\x5c\x77"], b"\xc3\xa9\x0a", 0, b"\xc3\xa9\x0a"),
    (1, &[b"\x5c\x57"], b"\xc3\xa9\x0a", 1, b""),
    (0, &[b"\x2e\x5c\x62\x78"], b"\x31\x32\x33\x2d\x78\x0a", 0, b"\x31\x32\x33\x2d\x78\x0a"),
    (1, &[b"\x2e\x5c\x62\x78"], b"\x31\x32\x33\x2d\x78\x0a", 0, b"\x31\x32\x33\x2d\x78\x0a"),
    (1, &[b"\x2d\x77", b"\x63\x6f\x6e\x65"], b"\x61\x20\xc3\xad\x63\x6f\x6e\x65\x20\x62\x0a", 1, b""),
    (1, &[b"\x2d\x77", b"\x2d\x69", b"\x63\x6f\x6e\x65"], b"\x61\x20\xc3\xad\x63\x6f\x6e\x65\x20\x62\x0a", 1, b""),
    (0, &[b"\x2d\x45", b"\x28\x2e\x3f\x29\x28\x2e\x3f\x29\x28\x2e\x3f\x29\x5c\x33\x5c\x32\x5c\x31"], b"\x61\x0a", 1, b""),
    (1, &[b"\x2d\x45", b"\x28\x2e\x3f\x29\x28\x2e\x3f\x29\x28\x2e\x3f\x29\x5c\x33\x5c\x32\x5c\x31"], b"\x61\x0a", 1, b""),
    (0, &[b"\x2d\x6f", b"\x2d\x45", b"\x28\x61\x2a\x29\x2a\x5c\x31\x62"], b"\x62\x0a\x61\x62\x0a\x61\x61\x62\x0a\x61\x61\x61\x62\x0a\x62\x61\x0a\x78\x0a\x61\x78\x0a\x62\x62\x0a\x61\x62\x61\x62\x0a\x61\x62\x63\x0a\x61\x61\x62\x62\x0a\x61\x62\x62\x61\x0a", 0, b"\x62\x0a\x61\x62\x0a\x61\x61\x62\x0a\x61\x61\x61\x62\x0a\x62\x0a\x62\x0a\x62\x0a\x61\x62\x0a\x61\x62\x0a\x61\x62\x0a\x61\x61\x62\x0a\x62\x0a\x61\x62\x0a\x62\x0a"),
    (1, &[b"\x2d\x6f", b"\x2d\x45", b"\x28\x61\x2a\x29\x2a\x5c\x31\x62"], b"\x62\x0a\x61\x62\x0a\x61\x61\x62\x0a\x61\x61\x61\x62\x0a\x62\x61\x0a\x78\x0a\x61\x78\x0a\x62\x62\x0a\x61\x62\x61\x62\x0a\x61\x62\x63\x0a\x61\x61\x62\x62\x0a\x61\x62\x62\x61\x0a", 0, b"\x62\x0a\x61\x62\x0a\x61\x61\x62\x0a\x61\x61\x61\x62\x0a\x62\x0a\x62\x0a\x62\x0a\x61\x62\x0a\x61\x62\x0a\x61\x62\x0a\x61\x61\x62\x0a\x62\x0a\x61\x62\x0a\x62\x0a"),
    (0, &[b"\x2d\x6f", b"\x2d\x45", b"\x28\x61\x2a\x29\x7b\x32\x7d\x5c\x31\x62"], b"\x62\x0a\x61\x62\x0a\x61\x61\x62\x0a\x61\x61\x61\x62\x0a\x62\x61\x0a\x78\x0a\x61\x78\x0a\x62\x62\x0a\x61\x62\x61\x62\x0a\x61\x62\x63\x0a\x61\x61\x62\x62\x0a\x61\x62\x62\x61\x0a", 1, b""),
    (1, &[b"\x2d\x6f", b"\x2d\x45", b"\x28\x61\x2a\x29\x7b\x32\x7d\x5c\x31\x62"], b"\x62\x0a\x61\x62\x0a\x61\x61\x62\x0a\x61\x61\x61\x62\x0a\x62\x61\x0a\x78\x0a\x61\x78\x0a\x62\x62\x0a\x61\x62\x61\x62\x0a\x61\x62\x63\x0a\x61\x61\x62\x62\x0a\x61\x62\x62\x61\x0a", 1, b""),
    (0, &[b"\x2d\x6f", b"\x2d\x45", b"\x28\x61\x2a\x29\x7b\x30\x2c\x32\x7d\x5c\x31\x62"], b"\x62\x0a\x61\x62\x0a\x61\x61\x62\x0a\x61\x61\x61\x62\x0a\x62\x61\x0a\x78\x0a\x61\x78\x0a\x62\x62\x0a\x61\x62\x61\x62\x0a\x61\x62\x63\x0a\x61\x61\x62\x62\x0a\x61\x62\x62\x61\x0a", 1, b""),
    (1, &[b"\x2d\x6f", b"\x2d\x45", b"\x28\x61\x2a\x29\x7b\x30\x2c\x32\x7d\x5c\x31\x62"], b"\x62\x0a\x61\x62\x0a\x61\x61\x62\x0a\x61\x61\x61\x62\x0a\x62\x61\x0a\x78\x0a\x61\x78\x0a\x62\x62\x0a\x61\x62\x61\x62\x0a\x61\x62\x63\x0a\x61\x61\x62\x62\x0a\x61\x62\x62\x61\x0a", 1, b""),
    (0, &[b"\x2d\x6f", b"\x2d\x45", b"\x28\x61\x2a\x29\x2b\x5c\x31\x62"], b"\x62\x0a\x61\x62\x0a\x61\x61\x62\x0a\x61\x61\x61\x62\x0a\x62\x61\x0a\x78\x0a\x61\x78\x0a\x62\x62\x0a\x61\x62\x61\x62\x0a\x61\x62\x63\x0a\x61\x61\x62\x62\x0a\x61\x62\x62\x61\x0a", 0, b"\x62\x0a\x62\x0a\x61\x61\x62\x0a\x61\x61\x62\x0a\x62\x0a\x62\x0a\x62\x0a\x62\x0a\x62\x0a\x62\x0a\x61\x61\x62\x0a\x62\x0a\x62\x0a\x62\x0a"),
    (1, &[b"\x2d\x6f", b"\x2d\x45", b"\x28\x61\x2a\x29\x2b\x5c\x31\x62"], b"\x62\x0a\x61\x62\x0a\x61\x61\x62\x0a\x61\x61\x61\x62\x0a\x62\x61\x0a\x78\x0a\x61\x78\x0a\x62\x62\x0a\x61\x62\x61\x62\x0a\x61\x62\x63\x0a\x61\x61\x62\x62\x0a\x61\x62\x62\x61\x0a", 0, b"\x62\x0a\x62\x0a\x61\x61\x62\x0a\x61\x61\x62\x0a\x62\x0a\x62\x0a\x62\x0a\x62\x0a\x62\x0a\x62\x0a\x61\x61\x62\x0a\x62\x0a\x62\x0a\x62\x0a"),
    (0, &[b"\x2d\x6f", b"\x2d\x45", b"\x28\x29\x2a\x5c\x31\x78"], b"\x62\x0a\x61\x62\x0a\x61\x61\x62\x0a\x61\x61\x61\x62\x0a\x62\x61\x0a\x78\x0a\x61\x78\x0a\x62\x62\x0a\x61\x62\x61\x62\x0a\x61\x62\x63\x0a\x61\x61\x62\x62\x0a\x61\x62\x62\x61\x0a", 0, b"\x78\x0a\x78\x0a"),
    (1, &[b"\x2d\x6f", b"\x2d\x45", b"\x28\x29\x2a\x5c\x31\x78"], b"\x62\x0a\x61\x62\x0a\x61\x61\x62\x0a\x61\x61\x61\x62\x0a\x62\x61\x0a\x78\x0a\x61\x78\x0a\x62\x62\x0a\x61\x62\x61\x62\x0a\x61\x62\x63\x0a\x61\x61\x62\x62\x0a\x61\x62\x62\x61\x0a", 0, b"\x78\x0a\x78\x0a"),
    (0, &[b"\x2d\x6f", b"\x2d\x45", b"\x28\x62\x2a\x29\x2a\x61\x5c\x31"], b"\x62\x0a\x61\x62\x0a\x61\x61\x62\x0a\x61\x61\x61\x62\x0a\x62\x61\x0a\x78\x0a\x61\x78\x0a\x62\x62\x0a\x61\x62\x61\x62\x0a\x61\x62\x63\x0a\x61\x61\x62\x62\x0a\x61\x62\x62\x61\x0a", 0, b"\x61\x0a\x61\x0a\x61\x0a\x61\x0a\x61\x0a\x61\x0a\x62\x61\x0a\x61\x0a\x61\x0a\x62\x61\x62\x0a\x61\x0a\x61\x0a\x61\x0a\x61\x0a\x62\x62\x61\x0a"),
    (1, &[b"\x2d\x6f", b"\x2d\x45", b"\x28\x62\x2a\x29\x2a\x61\x5c\x31"], b"\x62\x0a\x61\x62\x0a\x61\x61\x62\x0a\x61\x61\x61\x62\x0a\x62\x61\x0a\x78\x0a\x61\x78\x0a\x62\x62\x0a\x61\x62\x61\x62\x0a\x61\x62\x63\x0a\x61\x61\x62\x62\x0a\x61\x62\x62\x61\x0a", 0, b"\x61\x0a\x61\x0a\x61\x0a\x61\x0a\x61\x0a\x61\x0a\x62\x61\x0a\x61\x0a\x61\x0a\x62\x61\x62\x0a\x61\x0a\x61\x0a\x61\x0a\x61\x0a\x62\x62\x61\x0a"),
    (0, &[b"\x2d\x6f", b"\x2d\x45", b"\x28\x61\x3f\x29\x7b\x32\x7d\x5c\x31\x62"], b"\x62\x0a\x61\x62\x0a\x61\x61\x62\x0a\x61\x61\x61\x62\x0a\x62\x61\x0a\x78\x0a\x61\x78\x0a\x62\x62\x0a\x61\x62\x61\x62\x0a\x61\x62\x63\x0a\x61\x61\x62\x62\x0a\x61\x62\x62\x61\x0a", 0, b"\x61\x61\x61\x62\x0a"),
    (1, &[b"\x2d\x6f", b"\x2d\x45", b"\x28\x61\x3f\x29\x7b\x32\x7d\x5c\x31\x62"], b"\x62\x0a\x61\x62\x0a\x61\x61\x62\x0a\x61\x61\x61\x62\x0a\x62\x61\x0a\x78\x0a\x61\x78\x0a\x62\x62\x0a\x61\x62\x61\x62\x0a\x61\x62\x63\x0a\x61\x61\x62\x62\x0a\x61\x62\x62\x61\x0a", 0, b"\x61\x61\x61\x62\x0a"),
    (0, &[b"\x2d\x6f", b"\x2d\x45", b"\x28\x61\x7c\x29\x7b\x32\x7d\x5c\x31\x62"], b"\x62\x0a\x61\x62\x0a\x61\x61\x62\x0a\x61\x61\x61\x62\x0a\x62\x61\x0a\x78\x0a\x61\x78\x0a\x62\x62\x0a\x61\x62\x61\x62\x0a\x61\x62\x63\x0a\x61\x61\x62\x62\x0a\x61\x62\x62\x61\x0a", 0, b"\x61\x61\x61\x62\x0a"),
    (1, &[b"\x2d\x6f", b"\x2d\x45", b"\x28\x61\x7c\x29\x7b\x32\x7d\x5c\x31\x62"], b"\x62\x0a\x61\x62\x0a\x61\x61\x62\x0a\x61\x61\x61\x62\x0a\x62\x61\x0a\x78\x0a\x61\x78\x0a\x62\x62\x0a\x61\x62\x61\x62\x0a\x61\x62\x63\x0a\x61\x61\x62\x62\x0a\x61\x62\x62\x61\x0a", 0, b"\x61\x61\x61\x62\x0a"),
    (0, &[b"\x2d\x6f", b"\x2d\x45", b"\x28\x61\x2b\x29\x2b\x5c\x31\x62"], b"\x62\x0a\x61\x62\x0a\x61\x61\x62\x0a\x61\x61\x61\x62\x0a\x62\x61\x0a\x78\x0a\x61\x78\x0a\x62\x62\x0a\x61\x62\x61\x62\x0a\x61\x62\x63\x0a\x61\x61\x62\x62\x0a\x61\x62\x62\x61\x0a", 0, b"\x61\x61\x62\x0a\x61\x61\x62\x0a\x61\x61\x62\x0a"),
    (1, &[b"\x2d\x6f", b"\x2d\x45", b"\x28\x61\x2b\x29\x2b\x5c\x31\x62"], b"\x62\x0a\x61\x62\x0a\x61\x61\x62\x0a\x61\x61\x61\x62\x0a\x62\x61\x0a\x78\x0a\x61\x78\x0a\x62\x62\x0a\x61\x62\x61\x62\x0a\x61\x62\x63\x0a\x61\x61\x62\x62\x0a\x61\x62\x62\x61\x0a", 0, b"\x61\x61\x62\x0a\x61\x61\x62\x0a\x61\x61\x62\x0a"),
    (0, &[b"\x2d\x6f", b"\x2d\x45", b"\x28\x61\x2a\x29\x3f\x5c\x31\x62"], b"\x62\x0a\x61\x62\x0a\x61\x61\x62\x0a\x61\x61\x61\x62\x0a\x62\x61\x0a\x78\x0a\x61\x78\x0a\x62\x62\x0a\x61\x62\x61\x62\x0a\x61\x62\x63\x0a\x61\x61\x62\x62\x0a\x61\x62\x62\x61\x0a", 0, b"\x62\x0a\x62\x0a\x61\x61\x62\x0a\x61\x61\x62\x0a\x62\x0a\x62\x0a\x62\x0a\x62\x0a\x62\x0a\x62\x0a\x61\x61\x62\x0a\x62\x0a\x62\x0a\x62\x0a"),
    (1, &[b"\x2d\x6f", b"\x2d\x45", b"\x28\x61\x2a\x29\x3f\x5c\x31\x62"], b"\x62\x0a\x61\x62\x0a\x61\x61\x62\x0a\x61\x61\x61\x62\x0a\x62\x61\x0a\x78\x0a\x61\x78\x0a\x62\x62\x0a\x61\x62\x61\x62\x0a\x61\x62\x63\x0a\x61\x61\x62\x62\x0a\x61\x62\x62\x61\x0a", 0, b"\x62\x0a\x62\x0a\x61\x61\x62\x0a\x61\x61\x62\x0a\x62\x0a\x62\x0a\x62\x0a\x62\x0a\x62\x0a\x62\x0a\x61\x61\x62\x0a\x62\x0a\x62\x0a\x62\x0a"),
    (0, &[b"\x2d\x6f", b"\x2d\x45", b"\x28\x2e\x2a\x29\x2a\x5c\x31\x78"], b"\x62\x0a\x61\x62\x0a\x61\x61\x62\x0a\x61\x61\x61\x62\x0a\x62\x61\x0a\x78\x0a\x61\x78\x0a\x62\x62\x0a\x61\x62\x61\x62\x0a\x61\x62\x63\x0a\x61\x61\x62\x62\x0a\x61\x62\x62\x61\x0a", 0, b"\x78\x0a\x61\x78\x0a"),
    (1, &[b"\x2d\x6f", b"\x2d\x45", b"\x28\x2e\x2a\x29\x2a\x5c\x31\x78"], b"\x62\x0a\x61\x62\x0a\x61\x61\x62\x0a\x61\x61\x61\x62\x0a\x62\x61\x0a\x78\x0a\x61\x78\x0a\x62\x62\x0a\x61\x62\x61\x62\x0a\x61\x62\x63\x0a\x61\x61\x62\x62\x0a\x61\x62\x62\x61\x0a", 0, b"\x78\x0a\x61\x78\x0a"),
    (0, &[b"\x2d\x6f", b"\x2d\x45", b"\x5e\x28\x2e\x3f\x29\x28\x2e\x3f\x29\x28\x2e\x3f\x29\x5c\x33\x5c\x32\x5c\x31\x24"], b"\x62\x0a\x61\x62\x0a\x61\x61\x62\x0a\x61\x61\x61\x62\x0a\x62\x61\x0a\x78\x0a\x61\x78\x0a\x62\x62\x0a\x61\x62\x61\x62\x0a\x61\x62\x63\x0a\x61\x61\x62\x62\x0a\x61\x62\x62\x61\x0a", 0, b"\x62\x62\x0a\x61\x62\x62\x61\x0a"),
    (1, &[b"\x2d\x6f", b"\x2d\x45", b"\x5e\x28\x2e\x3f\x29\x28\x2e\x3f\x29\x28\x2e\x3f\x29\x5c\x33\x5c\x32\x5c\x31\x24"], b"\x62\x0a\x61\x62\x0a\x61\x61\x62\x0a\x61\x61\x61\x62\x0a\x62\x61\x0a\x78\x0a\x61\x78\x0a\x62\x62\x0a\x61\x62\x61\x62\x0a\x61\x62\x63\x0a\x61\x61\x62\x62\x0a\x61\x62\x62\x61\x0a", 0, b"\x62\x62\x0a\x61\x62\x62\x61\x0a"),
    (0, &[b"\x2d\x6f", b"\x2d\x45", b"\x28\x61\x2a\x29\x2a\x28\x5c\x31\x29\x62"], b"\x62\x0a\x61\x62\x0a\x61\x61\x62\x0a\x61\x61\x61\x62\x0a\x62\x61\x0a\x78\x0a\x61\x78\x0a\x62\x62\x0a\x61\x62\x61\x62\x0a\x61\x62\x63\x0a\x61\x61\x62\x62\x0a\x61\x62\x62\x61\x0a", 0, b"\x62\x0a\x61\x62\x0a\x61\x61\x62\x0a\x61\x61\x61\x62\x0a\x62\x0a\x62\x0a\x62\x0a\x61\x62\x0a\x61\x62\x0a\x61\x62\x0a\x61\x61\x62\x0a\x62\x0a\x61\x62\x0a\x62\x0a"),
    (1, &[b"\x2d\x6f", b"\x2d\x45", b"\x28\x61\x2a\x29\x2a\x28\x5c\x31\x29\x62"], b"\x62\x0a\x61\x62\x0a\x61\x61\x62\x0a\x61\x61\x61\x62\x0a\x62\x61\x0a\x78\x0a\x61\x78\x0a\x62\x62\x0a\x61\x62\x61\x62\x0a\x61\x62\x63\x0a\x61\x61\x62\x62\x0a\x61\x62\x62\x61\x0a", 0, b"\x62\x0a\x61\x62\x0a\x61\x61\x62\x0a\x61\x61\x61\x62\x0a\x62\x0a\x62\x0a\x62\x0a\x61\x62\x0a\x61\x62\x0a\x61\x62\x0a\x61\x61\x62\x0a\x62\x0a\x61\x62\x0a\x62\x0a"),
    (0, &[b"\x2d\x6e", b"\x2d\x65", b"\x78\x5c\x28\x2e\x5c\x29\x5c\x31", b"\x2d\x65", b"\x5b\x5b\x3a\x73\x70\x61\x63\x65\x3a\x5d\x5d\x5c\x28\x2e\x5c\x29"], b"\x43\x52\x4c\x46\x20\x66\x6f\x6f\x0d\x0a\x70\x6c\x61\x69\x6e\x20\x66\x6f\x6f\x0a\x66\x6f\x6f\x0d\x0a\x78\x61\x61\x20\x62\x0a", 0, b"\x31\x3a\x43\x52\x4c\x46\x20\x66\x6f\x6f\x0d\x0a\x32\x3a\x70\x6c\x61\x69\x6e\x20\x66\x6f\x6f\x0a\x34\x3a\x78\x61\x61\x20\x62\x0a"),
    (1, &[b"\x2d\x6e", b"\x2d\x65", b"\x78\x5c\x28\x2e\x5c\x29\x5c\x31", b"\x2d\x65", b"\x5b\x5b\x3a\x73\x70\x61\x63\x65\x3a\x5d\x5d\x5c\x28\x2e\x5c\x29"], b"\x43\x52\x4c\x46\x20\x66\x6f\x6f\x0d\x0a\x70\x6c\x61\x69\x6e\x20\x66\x6f\x6f\x0a\x66\x6f\x6f\x0d\x0a\x78\x61\x61\x20\x62\x0a", 0, b"\x31\x3a\x43\x52\x4c\x46\x20\x66\x6f\x6f\x0d\x0a\x32\x3a\x70\x6c\x61\x69\x6e\x20\x66\x6f\x6f\x0a\x34\x3a\x78\x61\x61\x20\x62\x0a"),
    (0, &[b"\x2d\x63", b"\x2d\x65", b"\x5c\x28\x61\x5c\x7c\x62\x5c\x29\x5c\x28\x2e\x5c\x29\x5c\x7b\x31\x2c\x5c\x7d\x5c\x32\x5c\x3c", b"\x2d\x65", b"\x5b\x5b\x3a\x73\x70\x61\x63\x65\x3a\x5d\x5d\x5c\x28\x2e\x5c\x29"], b"\x43\x52\x4c\x46\x20\x66\x6f\x6f\x0d\x0a\x70\x6c\x61\x69\x6e\x20\x66\x6f\x6f\x0a\x66\x6f\x6f\x0d\x0a\x78\x61\x61\x20\x62\x0a", 0, b"\x33\x0a"),
    (1, &[b"\x2d\x63", b"\x2d\x65", b"\x5c\x28\x61\x5c\x7c\x62\x5c\x29\x5c\x28\x2e\x5c\x29\x5c\x7b\x31\x2c\x5c\x7d\x5c\x32\x5c\x3c", b"\x2d\x65", b"\x5b\x5b\x3a\x73\x70\x61\x63\x65\x3a\x5d\x5d\x5c\x28\x2e\x5c\x29"], b"\x43\x52\x4c\x46\x20\x66\x6f\x6f\x0d\x0a\x70\x6c\x61\x69\x6e\x20\x66\x6f\x6f\x0a\x66\x6f\x6f\x0d\x0a\x78\x61\x61\x20\x62\x0a", 0, b"\x33\x0a"),
    (0, &[b"\x2d\x6f", b"\x2d\x65", b"\x78\x5c\x28\x2e\x5c\x29\x5c\x31", b"\x2d\x65", b"\x5b\x5b\x3a\x73\x70\x61\x63\x65\x3a\x5d\x5d\x5c\x28\x2e\x5c\x29"], b"\x43\x52\x4c\x46\x20\x66\x6f\x6f\x0d\x0a\x70\x6c\x61\x69\x6e\x20\x66\x6f\x6f\x0a\x66\x6f\x6f\x0d\x0a\x78\x61\x61\x20\x62\x0a", 0, b"\x20\x66\x0a\x20\x66\x0a\x78\x61\x61\x0a\x20\x62\x0a"),
    (1, &[b"\x2d\x6f", b"\x2d\x65", b"\x78\x5c\x28\x2e\x5c\x29\x5c\x31", b"\x2d\x65", b"\x5b\x5b\x3a\x73\x70\x61\x63\x65\x3a\x5d\x5d\x5c\x28\x2e\x5c\x29"], b"\x43\x52\x4c\x46\x20\x66\x6f\x6f\x0d\x0a\x70\x6c\x61\x69\x6e\x20\x66\x6f\x6f\x0a\x66\x6f\x6f\x0d\x0a\x78\x61\x61\x20\x62\x0a", 0, b"\x20\x66\x0a\x20\x66\x0a\x78\x61\x61\x0a\x20\x62\x0a"),
];

fn options(flags: &str, utf8: bool) -> Options {
    let mut o = Options::new(Dialect::Basic, utf8);
    for c in flags.chars().skip(1) {
        match c {
            'E' => o.dialect = Dialect::Extended,
            'F' => o.dialect = Dialect::Fixed,
            'G' => o.dialect = Dialect::Basic,
            'i' => o.ignore_case = true,
            'w' => {
                if o.scope == Scope::Anywhere {
                    o.scope = Scope::Words;
                }
            }
            'x' => o.scope = Scope::Lines,
            other => panic!("unexpected flag {other}"),
        }
    }
    o
}

fn status(pattern: &[u8], extended: bool, input: &[u8], utf8: bool) -> u8 {
    let dialect = if extended {
        Dialect::Extended
    } else {
        Dialect::Basic
    };
    let mut set = PatternSet::new(Options::new(dialect, utf8));
    set.add_expression(pattern);
    match set.build() {
        Err(_) => 2,
        Ok(c) => u8::from(!c.matcher.is_match(input)),
    }
}

#[test]
fn spencer_bre_ere_exit_status() {
    for &(pattern, extended, input, utf8, expected) in STATUS_CASES {
        assert_eq!(
            status(pattern, extended == 1, input, utf8 == 1),
            expected,
            "pattern {:?} input {:?} utf8 {}",
            String::from_utf8_lossy(pattern),
            String::from_utf8_lossy(input),
            utf8
        );
    }
}

#[test]
fn only_matching_output() {
    for &(pattern, flags, input, expected) in ONLY_CASES {
        let mut set = PatternSet::new(options(flags, true));
        set.add_expression(pattern);
        let m = set.build().expect("compiles").matcher;
        let mut out = Vec::new();
        for line in input.split(|&b| b == b'\n') {
            if !m.is_match(line) {
                continue;
            }
            for (s, e) in m.match_spans(line) {
                out.extend_from_slice(&line[s..e]);
                out.push(b'\n');
            }
        }
        assert_eq!(
            out,
            expected,
            "pattern {:?} flags {flags}",
            String::from_utf8_lossy(pattern)
        );
    }
}

#[test]
fn diagnostics_match_gnu() {
    for &(pattern, extended, expected) in DIAG_CASES {
        let dialect = if extended == 1 {
            Dialect::Extended
        } else {
            Dialect::Basic
        };
        let mut set = PatternSet::new(Options::new(dialect, true));
        set.add_expression(pattern);
        let lines = match set.build() {
            Ok(c) => c.warnings,
            Err(f) => f.messages,
        };
        let got = lines.iter().fold(String::new(), |mut acc, l| {
            acc.push_str(l);
            acc.push('\n');
            acc
        });
        assert_eq!(
            got,
            expected,
            "pattern {:?}",
            String::from_utf8_lossy(pattern)
        );
    }
}

#[test]
fn matcher_is_thread_safe() {
    fn assert_sync<T: Send + Sync>() {}
    assert_sync::<super::Matcher>();
    assert_sync::<super::super::exclude::Excludes>();
}

struct Cli {
    opts: Options,
    expressions: Vec<Vec<u8>>,
    operand: Option<Vec<u8>>,
    config: OutputConfig,
    count: bool,
    max_count: Option<u64>,
    before: Option<usize>,
    after: Option<usize>,
}

fn number(digits: &[u8]) -> usize {
    std::str::from_utf8(digits)
        .ok()
        .and_then(|s| s.parse().ok())
        .expect("numeric option")
}

fn parse_cli(args: &[&[u8]], utf8: bool) -> Cli {
    let mut cli = Cli {
        opts: Options::new(Dialect::Basic, utf8),
        expressions: Vec::new(),
        operand: None,
        config: OutputConfig::new(b'\n', utf8),
        count: false,
        max_count: None,
        before: None,
        after: None,
    };
    let mut words = false;
    let mut lines = false;
    let mut digits = Vec::new();
    let mut rest = args.iter();
    while let Some(&arg) = rest.next() {
        if arg == b"--color=always" {
            cli.config.colors = Some(Colors::default());
            continue;
        }
        if arg.len() < 2 || arg[0] != b'-' {
            if cli.operand.is_none() {
                cli.operand = Some(arg.to_vec());
            }
            continue;
        }
        for (j, &c) in arg.iter().enumerate().skip(1) {
            if matches!(c, b'e' | b'm' | b'A' | b'B' | b'C') {
                let value = if j + 1 < arg.len() {
                    arg[j + 1..].to_vec()
                } else {
                    rest.next().expect("option value").to_vec()
                };
                match c {
                    b'e' => cli.expressions.push(value),
                    b'm' => cli.max_count = Some(number(&value) as u64),
                    b'A' => cli.after = Some(number(&value)),
                    b'B' => cli.before = Some(number(&value)),
                    _ => {
                        cli.after = Some(number(&value));
                        cli.before = Some(number(&value));
                    }
                }
                break;
            }
            match c {
                b'0'..=b'9' => digits.push(c),
                b'E' => cli.opts.dialect = Dialect::Extended,
                b'F' => cli.opts.dialect = Dialect::Fixed,
                b'G' => cli.opts.dialect = Dialect::Basic,
                b'i' | b'y' => cli.opts.ignore_case = true,
                b'w' => words = true,
                b'x' => lines = true,
                b'o' => cli.config.layout.only_matching = true,
                b'n' => cli.config.prefix.line_number = true,
                b'b' => cli.config.prefix.byte_offset = true,
                b'H' => cli.config.prefix.with_filename = true,
                b'h' => cli.config.prefix.with_filename = false,
                b'c' => cli.count = true,
                b'v' => cli.config.invert = true,
                b'a' => {}
                other => panic!("unexpected option {}", other as char),
            }
        }
    }
    if !digits.is_empty() {
        let n = number(&digits);
        cli.before = cli.before.or(Some(n));
        cli.after = cli.after.or(Some(n));
    }
    cli.opts.scope = if lines {
        Scope::Lines
    } else if words {
        Scope::Words
    } else {
        Scope::Anywhere
    };
    cli
}

fn split_lines(input: &[u8]) -> Vec<(usize, &[u8])> {
    let body = input.strip_suffix(b"\n").unwrap_or(input);
    if input.is_empty() {
        return Vec::new();
    }
    body.split(|&b| b == b'\n')
        .scan(0, |off, line| {
            let start = *off;
            *off += line.len() + 1;
            Some((start, line))
        })
        .collect()
}

fn print_line(
    cli: &Cli,
    m: &super::Matcher,
    out: &mut Vec<u8>,
    kind: LineKind,
    index: usize,
    (offset, line): (usize, &[u8]),
) {
    let matching = (kind == LineKind::Selected) != cli.config.invert;
    let spans = if matching && (cli.config.layout.only_matching || cli.config.colors.is_some()) {
        m.match_spans(line)
    } else {
        Vec::new()
    };
    let info = LineInfo {
        filename: b"(standard input)",
        line_number: index as u64 + 1,
        byte_offset: offset as u64,
    };
    cli.config.write_line(out, kind, line, &spans, info);
}

fn run_cli(args: &[&[u8]], input: &[u8], utf8: bool) -> (u8, Vec<u8>) {
    let cli = parse_cli(args, utf8);
    let mut set = PatternSet::new(cli.opts);
    if cli.expressions.is_empty() {
        set.add_operand(cli.operand.as_deref().unwrap_or_default());
    }
    for e in &cli.expressions {
        set.add_expression(e);
    }
    let Ok(compiled) = set.build() else {
        return (2, Vec::new());
    };
    let m = compiled.matcher;
    let lines = split_lines(input);
    let context = cli.before.is_some() || cli.after.is_some();
    let before = cli.before.unwrap_or(0);
    let after = cli.after.unwrap_or(0);
    let mut out = Vec::new();
    let mut outleft = cli.max_count.unwrap_or(u64::MAX);
    let mut total = 0u64;
    let mut last: Option<usize> = None;
    let mut pending = 0usize;
    let mut used = false;
    for (i, &entry) in lines.iter().enumerate() {
        if outleft == 0 && pending == 0 {
            break;
        }
        let selected = outleft > 0 && m.is_match(entry.1) != cli.config.invert;
        if selected {
            total += 1;
            outleft -= 1;
            if !cli.count {
                let first = last.map_or(0, |l| l + 1).max(i.saturating_sub(before));
                if context && used && last.map(|l| l + 1) != Some(first) {
                    cli.config.write_group_separator(&mut out, b"--");
                }
                for (j, &ctx) in lines.iter().enumerate().take(i).skip(first) {
                    print_line(&cli, &m, &mut out, LineKind::Context, j, ctx);
                }
                print_line(&cli, &m, &mut out, LineKind::Selected, i, entry);
                last = Some(i);
                pending = after;
                used = true;
            }
        } else if pending > 0 {
            print_line(&cli, &m, &mut out, LineKind::Context, i, entry);
            pending -= 1;
            last = Some(i);
        }
    }
    if cli.count {
        let name = cli
            .config
            .prefix
            .with_filename
            .then_some(b"(standard input)".as_slice());
        cli.config.write_count(&mut out, name, total);
    }
    (u8::from(total == 0), out)
}

#[test]
fn foad1_backref_word_delim_ports() {
    let failures: Vec<String> = PORT_CASES
        .iter()
        .filter(|&&(utf8, args, input, status, expected)| {
            run_cli(args, input, utf8 == 1) != (status, expected.to_vec())
        })
        .map(|&(utf8, args, input, status, expected)| {
            let shown: Vec<_> = args.iter().map(|a| String::from_utf8_lossy(a)).collect();
            format!(
                "args {shown:?} input {:?} utf8 {utf8} expected {status} {:?} got {:?}",
                String::from_utf8_lossy(input),
                String::from_utf8_lossy(expected),
                run_cli(args, input, utf8 == 1)
            )
        })
        .collect();
    assert!(failures.is_empty(), "{}", failures.join("\n"));
}

#[test]
fn backref_multibyte_is_not_slow() {
    let input = b"aba\n".repeat(13_000);
    let (status, out) = run_cli(&[b"-aE", b"^([a-z]).\\1$"], &input, true);
    assert_eq!((status, out), (0, input));
}
