use super::Encoding;
use super::single_byte::pack;

pub(super) static IBM866: [u32; 128] = pack(&[
    0x0410, 0x0411, 0x0412, 0x0413, 0x0414, 0x0415, 0x0416, 0x0417, 0x0418, 0x0419, 0x041A, 0x041B,
    0x041C, 0x041D, 0x041E, 0x041F, 0x0420, 0x0421, 0x0422, 0x0423, 0x0424, 0x0425, 0x0426, 0x0427,
    0x0428, 0x0429, 0x042A, 0x042B, 0x042C, 0x042D, 0x042E, 0x042F, 0x0430, 0x0431, 0x0432, 0x0433,
    0x0434, 0x0435, 0x0436, 0x0437, 0x0438, 0x0439, 0x043A, 0x043B, 0x043C, 0x043D, 0x043E, 0x043F,
    0x2591, 0x2592, 0x2593, 0x2502, 0x2524, 0x2561, 0x2562, 0x2556, 0x2555, 0x2563, 0x2551, 0x2557,
    0x255D, 0x255C, 0x255B, 0x2510, 0x2514, 0x2534, 0x252C, 0x251C, 0x2500, 0x253C, 0x255E, 0x255F,
    0x255A, 0x2554, 0x2569, 0x2566, 0x2560, 0x2550, 0x256C, 0x2567, 0x2568, 0x2564, 0x2565, 0x2559,
    0x2558, 0x2552, 0x2553, 0x256B, 0x256A, 0x2518, 0x250C, 0x2588, 0x2584, 0x258C, 0x2590, 0x2580,
    0x0440, 0x0441, 0x0442, 0x0443, 0x0444, 0x0445, 0x0446, 0x0447, 0x0448, 0x0449, 0x044A, 0x044B,
    0x044C, 0x044D, 0x044E, 0x044F, 0x0401, 0x0451, 0x0404, 0x0454, 0x0407, 0x0457, 0x040E, 0x045E,
    0x00B0, 0x2219, 0x00B7, 0x221A, 0x2116, 0x00A4, 0x25A0, 0x00A0,
]);

pub(super) static ISO_8859_2: [u32; 128] = pack(&[
    0x0080, 0x0081, 0x0082, 0x0083, 0x0084, 0x0085, 0x0086, 0x0087, 0x0088, 0x0089, 0x008A, 0x008B,
    0x008C, 0x008D, 0x008E, 0x008F, 0x0090, 0x0091, 0x0092, 0x0093, 0x0094, 0x0095, 0x0096, 0x0097,
    0x0098, 0x0099, 0x009A, 0x009B, 0x009C, 0x009D, 0x009E, 0x009F, 0x00A0, 0x0104, 0x02D8, 0x0141,
    0x00A4, 0x013D, 0x015A, 0x00A7, 0x00A8, 0x0160, 0x015E, 0x0164, 0x0179, 0x00AD, 0x017D, 0x017B,
    0x00B0, 0x0105, 0x02DB, 0x0142, 0x00B4, 0x013E, 0x015B, 0x02C7, 0x00B8, 0x0161, 0x015F, 0x0165,
    0x017A, 0x02DD, 0x017E, 0x017C, 0x0154, 0x00C1, 0x00C2, 0x0102, 0x00C4, 0x0139, 0x0106, 0x00C7,
    0x010C, 0x00C9, 0x0118, 0x00CB, 0x011A, 0x00CD, 0x00CE, 0x010E, 0x0110, 0x0143, 0x0147, 0x00D3,
    0x00D4, 0x0150, 0x00D6, 0x00D7, 0x0158, 0x016E, 0x00DA, 0x0170, 0x00DC, 0x00DD, 0x0162, 0x00DF,
    0x0155, 0x00E1, 0x00E2, 0x0103, 0x00E4, 0x013A, 0x0107, 0x00E7, 0x010D, 0x00E9, 0x0119, 0x00EB,
    0x011B, 0x00ED, 0x00EE, 0x010F, 0x0111, 0x0144, 0x0148, 0x00F3, 0x00F4, 0x0151, 0x00F6, 0x00F7,
    0x0159, 0x016F, 0x00FA, 0x0171, 0x00FC, 0x00FD, 0x0163, 0x02D9,
]);

pub(super) static ISO_8859_3: [u32; 128] = pack(&[
    0x0080, 0x0081, 0x0082, 0x0083, 0x0084, 0x0085, 0x0086, 0x0087, 0x0088, 0x0089, 0x008A, 0x008B,
    0x008C, 0x008D, 0x008E, 0x008F, 0x0090, 0x0091, 0x0092, 0x0093, 0x0094, 0x0095, 0x0096, 0x0097,
    0x0098, 0x0099, 0x009A, 0x009B, 0x009C, 0x009D, 0x009E, 0x009F, 0x00A0, 0x0126, 0x02D8, 0x00A3,
    0x00A4, 0x0000, 0x0124, 0x00A7, 0x00A8, 0x0130, 0x015E, 0x011E, 0x0134, 0x00AD, 0x0000, 0x017B,
    0x00B0, 0x0127, 0x00B2, 0x00B3, 0x00B4, 0x00B5, 0x0125, 0x00B7, 0x00B8, 0x0131, 0x015F, 0x011F,
    0x0135, 0x00BD, 0x0000, 0x017C, 0x00C0, 0x00C1, 0x00C2, 0x0000, 0x00C4, 0x010A, 0x0108, 0x00C7,
    0x00C8, 0x00C9, 0x00CA, 0x00CB, 0x00CC, 0x00CD, 0x00CE, 0x00CF, 0x0000, 0x00D1, 0x00D2, 0x00D3,
    0x00D4, 0x0120, 0x00D6, 0x00D7, 0x011C, 0x00D9, 0x00DA, 0x00DB, 0x00DC, 0x016C, 0x015C, 0x00DF,
    0x00E0, 0x00E1, 0x00E2, 0x0000, 0x00E4, 0x010B, 0x0109, 0x00E7, 0x00E8, 0x00E9, 0x00EA, 0x00EB,
    0x00EC, 0x00ED, 0x00EE, 0x00EF, 0x0000, 0x00F1, 0x00F2, 0x00F3, 0x00F4, 0x0121, 0x00F6, 0x00F7,
    0x011D, 0x00F9, 0x00FA, 0x00FB, 0x00FC, 0x016D, 0x015D, 0x02D9,
]);

pub(super) static ISO_8859_4: [u32; 128] = pack(&[
    0x0080, 0x0081, 0x0082, 0x0083, 0x0084, 0x0085, 0x0086, 0x0087, 0x0088, 0x0089, 0x008A, 0x008B,
    0x008C, 0x008D, 0x008E, 0x008F, 0x0090, 0x0091, 0x0092, 0x0093, 0x0094, 0x0095, 0x0096, 0x0097,
    0x0098, 0x0099, 0x009A, 0x009B, 0x009C, 0x009D, 0x009E, 0x009F, 0x00A0, 0x0104, 0x0138, 0x0156,
    0x00A4, 0x0128, 0x013B, 0x00A7, 0x00A8, 0x0160, 0x0112, 0x0122, 0x0166, 0x00AD, 0x017D, 0x00AF,
    0x00B0, 0x0105, 0x02DB, 0x0157, 0x00B4, 0x0129, 0x013C, 0x02C7, 0x00B8, 0x0161, 0x0113, 0x0123,
    0x0167, 0x014A, 0x017E, 0x014B, 0x0100, 0x00C1, 0x00C2, 0x00C3, 0x00C4, 0x00C5, 0x00C6, 0x012E,
    0x010C, 0x00C9, 0x0118, 0x00CB, 0x0116, 0x00CD, 0x00CE, 0x012A, 0x0110, 0x0145, 0x014C, 0x0136,
    0x00D4, 0x00D5, 0x00D6, 0x00D7, 0x00D8, 0x0172, 0x00DA, 0x00DB, 0x00DC, 0x0168, 0x016A, 0x00DF,
    0x0101, 0x00E1, 0x00E2, 0x00E3, 0x00E4, 0x00E5, 0x00E6, 0x012F, 0x010D, 0x00E9, 0x0119, 0x00EB,
    0x0117, 0x00ED, 0x00EE, 0x012B, 0x0111, 0x0146, 0x014D, 0x0137, 0x00F4, 0x00F5, 0x00F6, 0x00F7,
    0x00F8, 0x0173, 0x00FA, 0x00FB, 0x00FC, 0x0169, 0x016B, 0x02D9,
]);

pub(super) static ISO_8859_5: [u32; 128] = pack(&[
    0x0080, 0x0081, 0x0082, 0x0083, 0x0084, 0x0085, 0x0086, 0x0087, 0x0088, 0x0089, 0x008A, 0x008B,
    0x008C, 0x008D, 0x008E, 0x008F, 0x0090, 0x0091, 0x0092, 0x0093, 0x0094, 0x0095, 0x0096, 0x0097,
    0x0098, 0x0099, 0x009A, 0x009B, 0x009C, 0x009D, 0x009E, 0x009F, 0x00A0, 0x0401, 0x0402, 0x0403,
    0x0404, 0x0405, 0x0406, 0x0407, 0x0408, 0x0409, 0x040A, 0x040B, 0x040C, 0x00AD, 0x040E, 0x040F,
    0x0410, 0x0411, 0x0412, 0x0413, 0x0414, 0x0415, 0x0416, 0x0417, 0x0418, 0x0419, 0x041A, 0x041B,
    0x041C, 0x041D, 0x041E, 0x041F, 0x0420, 0x0421, 0x0422, 0x0423, 0x0424, 0x0425, 0x0426, 0x0427,
    0x0428, 0x0429, 0x042A, 0x042B, 0x042C, 0x042D, 0x042E, 0x042F, 0x0430, 0x0431, 0x0432, 0x0433,
    0x0434, 0x0435, 0x0436, 0x0437, 0x0438, 0x0439, 0x043A, 0x043B, 0x043C, 0x043D, 0x043E, 0x043F,
    0x0440, 0x0441, 0x0442, 0x0443, 0x0444, 0x0445, 0x0446, 0x0447, 0x0448, 0x0449, 0x044A, 0x044B,
    0x044C, 0x044D, 0x044E, 0x044F, 0x2116, 0x0451, 0x0452, 0x0453, 0x0454, 0x0455, 0x0456, 0x0457,
    0x0458, 0x0459, 0x045A, 0x045B, 0x045C, 0x00A7, 0x045E, 0x045F,
]);

pub(super) static ISO_8859_6: [u32; 128] = pack(&[
    0x0080, 0x0081, 0x0082, 0x0083, 0x0084, 0x0085, 0x0086, 0x0087, 0x0088, 0x0089, 0x008A, 0x008B,
    0x008C, 0x008D, 0x008E, 0x008F, 0x0090, 0x0091, 0x0092, 0x0093, 0x0094, 0x0095, 0x0096, 0x0097,
    0x0098, 0x0099, 0x009A, 0x009B, 0x009C, 0x009D, 0x009E, 0x009F, 0x00A0, 0x0000, 0x0000, 0x0000,
    0x00A4, 0x0000, 0x0000, 0x0000, 0x0000, 0x0000, 0x0000, 0x0000, 0x060C, 0x00AD, 0x0000, 0x0000,
    0x0000, 0x0000, 0x0000, 0x0000, 0x0000, 0x0000, 0x0000, 0x0000, 0x0000, 0x0000, 0x0000, 0x061B,
    0x0000, 0x0000, 0x0000, 0x061F, 0x0000, 0x0621, 0x0622, 0x0623, 0x0624, 0x0625, 0x0626, 0x0627,
    0x0628, 0x0629, 0x062A, 0x062B, 0x062C, 0x062D, 0x062E, 0x062F, 0x0630, 0x0631, 0x0632, 0x0633,
    0x0634, 0x0635, 0x0636, 0x0637, 0x0638, 0x0639, 0x063A, 0x0000, 0x0000, 0x0000, 0x0000, 0x0000,
    0x0640, 0x0641, 0x0642, 0x0643, 0x0644, 0x0645, 0x0646, 0x0647, 0x0648, 0x0649, 0x064A, 0x064B,
    0x064C, 0x064D, 0x064E, 0x064F, 0x0650, 0x0651, 0x0652, 0x0000, 0x0000, 0x0000, 0x0000, 0x0000,
    0x0000, 0x0000, 0x0000, 0x0000, 0x0000, 0x0000, 0x0000, 0x0000,
]);

pub(super) static ISO_8859_7: [u32; 128] = pack(&[
    0x0080, 0x0081, 0x0082, 0x0083, 0x0084, 0x0085, 0x0086, 0x0087, 0x0088, 0x0089, 0x008A, 0x008B,
    0x008C, 0x008D, 0x008E, 0x008F, 0x0090, 0x0091, 0x0092, 0x0093, 0x0094, 0x0095, 0x0096, 0x0097,
    0x0098, 0x0099, 0x009A, 0x009B, 0x009C, 0x009D, 0x009E, 0x009F, 0x00A0, 0x2018, 0x2019, 0x00A3,
    0x20AC, 0x20AF, 0x00A6, 0x00A7, 0x00A8, 0x00A9, 0x037A, 0x00AB, 0x00AC, 0x00AD, 0x0000, 0x2015,
    0x00B0, 0x00B1, 0x00B2, 0x00B3, 0x0384, 0x0385, 0x0386, 0x00B7, 0x0388, 0x0389, 0x038A, 0x00BB,
    0x038C, 0x00BD, 0x038E, 0x038F, 0x0390, 0x0391, 0x0392, 0x0393, 0x0394, 0x0395, 0x0396, 0x0397,
    0x0398, 0x0399, 0x039A, 0x039B, 0x039C, 0x039D, 0x039E, 0x039F, 0x03A0, 0x03A1, 0x0000, 0x03A3,
    0x03A4, 0x03A5, 0x03A6, 0x03A7, 0x03A8, 0x03A9, 0x03AA, 0x03AB, 0x03AC, 0x03AD, 0x03AE, 0x03AF,
    0x03B0, 0x03B1, 0x03B2, 0x03B3, 0x03B4, 0x03B5, 0x03B6, 0x03B7, 0x03B8, 0x03B9, 0x03BA, 0x03BB,
    0x03BC, 0x03BD, 0x03BE, 0x03BF, 0x03C0, 0x03C1, 0x03C2, 0x03C3, 0x03C4, 0x03C5, 0x03C6, 0x03C7,
    0x03C8, 0x03C9, 0x03CA, 0x03CB, 0x03CC, 0x03CD, 0x03CE, 0x0000,
]);

pub(super) static ISO_8859_8: [u32; 128] = pack(&[
    0x0080, 0x0081, 0x0082, 0x0083, 0x0084, 0x0085, 0x0086, 0x0087, 0x0088, 0x0089, 0x008A, 0x008B,
    0x008C, 0x008D, 0x008E, 0x008F, 0x0090, 0x0091, 0x0092, 0x0093, 0x0094, 0x0095, 0x0096, 0x0097,
    0x0098, 0x0099, 0x009A, 0x009B, 0x009C, 0x009D, 0x009E, 0x009F, 0x00A0, 0x0000, 0x00A2, 0x00A3,
    0x00A4, 0x00A5, 0x00A6, 0x00A7, 0x00A8, 0x00A9, 0x00D7, 0x00AB, 0x00AC, 0x00AD, 0x00AE, 0x00AF,
    0x00B0, 0x00B1, 0x00B2, 0x00B3, 0x00B4, 0x00B5, 0x00B6, 0x00B7, 0x00B8, 0x00B9, 0x00F7, 0x00BB,
    0x00BC, 0x00BD, 0x00BE, 0x0000, 0x0000, 0x0000, 0x0000, 0x0000, 0x0000, 0x0000, 0x0000, 0x0000,
    0x0000, 0x0000, 0x0000, 0x0000, 0x0000, 0x0000, 0x0000, 0x0000, 0x0000, 0x0000, 0x0000, 0x0000,
    0x0000, 0x0000, 0x0000, 0x0000, 0x0000, 0x0000, 0x0000, 0x0000, 0x0000, 0x0000, 0x0000, 0x2017,
    0x05D0, 0x05D1, 0x05D2, 0x05D3, 0x05D4, 0x05D5, 0x05D6, 0x05D7, 0x05D8, 0x05D9, 0x05DA, 0x05DB,
    0x05DC, 0x05DD, 0x05DE, 0x05DF, 0x05E0, 0x05E1, 0x05E2, 0x05E3, 0x05E4, 0x05E5, 0x05E6, 0x05E7,
    0x05E8, 0x05E9, 0x05EA, 0x0000, 0x0000, 0x200E, 0x200F, 0x0000,
]);

pub(super) static ISO_8859_10: [u32; 128] = pack(&[
    0x0080, 0x0081, 0x0082, 0x0083, 0x0084, 0x0085, 0x0086, 0x0087, 0x0088, 0x0089, 0x008A, 0x008B,
    0x008C, 0x008D, 0x008E, 0x008F, 0x0090, 0x0091, 0x0092, 0x0093, 0x0094, 0x0095, 0x0096, 0x0097,
    0x0098, 0x0099, 0x009A, 0x009B, 0x009C, 0x009D, 0x009E, 0x009F, 0x00A0, 0x0104, 0x0112, 0x0122,
    0x012A, 0x0128, 0x0136, 0x00A7, 0x013B, 0x0110, 0x0160, 0x0166, 0x017D, 0x00AD, 0x016A, 0x014A,
    0x00B0, 0x0105, 0x0113, 0x0123, 0x012B, 0x0129, 0x0137, 0x00B7, 0x013C, 0x0111, 0x0161, 0x0167,
    0x017E, 0x2015, 0x016B, 0x014B, 0x0100, 0x00C1, 0x00C2, 0x00C3, 0x00C4, 0x00C5, 0x00C6, 0x012E,
    0x010C, 0x00C9, 0x0118, 0x00CB, 0x0116, 0x00CD, 0x00CE, 0x00CF, 0x00D0, 0x0145, 0x014C, 0x00D3,
    0x00D4, 0x00D5, 0x00D6, 0x0168, 0x00D8, 0x0172, 0x00DA, 0x00DB, 0x00DC, 0x00DD, 0x00DE, 0x00DF,
    0x0101, 0x00E1, 0x00E2, 0x00E3, 0x00E4, 0x00E5, 0x00E6, 0x012F, 0x010D, 0x00E9, 0x0119, 0x00EB,
    0x0117, 0x00ED, 0x00EE, 0x00EF, 0x00F0, 0x0146, 0x014D, 0x00F3, 0x00F4, 0x00F5, 0x00F6, 0x0169,
    0x00F8, 0x0173, 0x00FA, 0x00FB, 0x00FC, 0x00FD, 0x00FE, 0x0138,
]);

pub(super) static ISO_8859_13: [u32; 128] = pack(&[
    0x0080, 0x0081, 0x0082, 0x0083, 0x0084, 0x0085, 0x0086, 0x0087, 0x0088, 0x0089, 0x008A, 0x008B,
    0x008C, 0x008D, 0x008E, 0x008F, 0x0090, 0x0091, 0x0092, 0x0093, 0x0094, 0x0095, 0x0096, 0x0097,
    0x0098, 0x0099, 0x009A, 0x009B, 0x009C, 0x009D, 0x009E, 0x009F, 0x00A0, 0x201D, 0x00A2, 0x00A3,
    0x00A4, 0x201E, 0x00A6, 0x00A7, 0x00D8, 0x00A9, 0x0156, 0x00AB, 0x00AC, 0x00AD, 0x00AE, 0x00C6,
    0x00B0, 0x00B1, 0x00B2, 0x00B3, 0x201C, 0x00B5, 0x00B6, 0x00B7, 0x00F8, 0x00B9, 0x0157, 0x00BB,
    0x00BC, 0x00BD, 0x00BE, 0x00E6, 0x0104, 0x012E, 0x0100, 0x0106, 0x00C4, 0x00C5, 0x0118, 0x0112,
    0x010C, 0x00C9, 0x0179, 0x0116, 0x0122, 0x0136, 0x012A, 0x013B, 0x0160, 0x0143, 0x0145, 0x00D3,
    0x014C, 0x00D5, 0x00D6, 0x00D7, 0x0172, 0x0141, 0x015A, 0x016A, 0x00DC, 0x017B, 0x017D, 0x00DF,
    0x0105, 0x012F, 0x0101, 0x0107, 0x00E4, 0x00E5, 0x0119, 0x0113, 0x010D, 0x00E9, 0x017A, 0x0117,
    0x0123, 0x0137, 0x012B, 0x013C, 0x0161, 0x0144, 0x0146, 0x00F3, 0x014D, 0x00F5, 0x00F6, 0x00F7,
    0x0173, 0x0142, 0x015B, 0x016B, 0x00FC, 0x017C, 0x017E, 0x2019,
]);

pub(super) static ISO_8859_14: [u32; 128] = pack(&[
    0x0080, 0x0081, 0x0082, 0x0083, 0x0084, 0x0085, 0x0086, 0x0087, 0x0088, 0x0089, 0x008A, 0x008B,
    0x008C, 0x008D, 0x008E, 0x008F, 0x0090, 0x0091, 0x0092, 0x0093, 0x0094, 0x0095, 0x0096, 0x0097,
    0x0098, 0x0099, 0x009A, 0x009B, 0x009C, 0x009D, 0x009E, 0x009F, 0x00A0, 0x1E02, 0x1E03, 0x00A3,
    0x010A, 0x010B, 0x1E0A, 0x00A7, 0x1E80, 0x00A9, 0x1E82, 0x1E0B, 0x1EF2, 0x00AD, 0x00AE, 0x0178,
    0x1E1E, 0x1E1F, 0x0120, 0x0121, 0x1E40, 0x1E41, 0x00B6, 0x1E56, 0x1E81, 0x1E57, 0x1E83, 0x1E60,
    0x1EF3, 0x1E84, 0x1E85, 0x1E61, 0x00C0, 0x00C1, 0x00C2, 0x00C3, 0x00C4, 0x00C5, 0x00C6, 0x00C7,
    0x00C8, 0x00C9, 0x00CA, 0x00CB, 0x00CC, 0x00CD, 0x00CE, 0x00CF, 0x0174, 0x00D1, 0x00D2, 0x00D3,
    0x00D4, 0x00D5, 0x00D6, 0x1E6A, 0x00D8, 0x00D9, 0x00DA, 0x00DB, 0x00DC, 0x00DD, 0x0176, 0x00DF,
    0x00E0, 0x00E1, 0x00E2, 0x00E3, 0x00E4, 0x00E5, 0x00E6, 0x00E7, 0x00E8, 0x00E9, 0x00EA, 0x00EB,
    0x00EC, 0x00ED, 0x00EE, 0x00EF, 0x0175, 0x00F1, 0x00F2, 0x00F3, 0x00F4, 0x00F5, 0x00F6, 0x1E6B,
    0x00F8, 0x00F9, 0x00FA, 0x00FB, 0x00FC, 0x00FD, 0x0177, 0x00FF,
]);

pub(super) static ISO_8859_15: [u32; 128] = pack(&[
    0x0080, 0x0081, 0x0082, 0x0083, 0x0084, 0x0085, 0x0086, 0x0087, 0x0088, 0x0089, 0x008A, 0x008B,
    0x008C, 0x008D, 0x008E, 0x008F, 0x0090, 0x0091, 0x0092, 0x0093, 0x0094, 0x0095, 0x0096, 0x0097,
    0x0098, 0x0099, 0x009A, 0x009B, 0x009C, 0x009D, 0x009E, 0x009F, 0x00A0, 0x00A1, 0x00A2, 0x00A3,
    0x20AC, 0x00A5, 0x0160, 0x00A7, 0x0161, 0x00A9, 0x00AA, 0x00AB, 0x00AC, 0x00AD, 0x00AE, 0x00AF,
    0x00B0, 0x00B1, 0x00B2, 0x00B3, 0x017D, 0x00B5, 0x00B6, 0x00B7, 0x017E, 0x00B9, 0x00BA, 0x00BB,
    0x0152, 0x0153, 0x0178, 0x00BF, 0x00C0, 0x00C1, 0x00C2, 0x00C3, 0x00C4, 0x00C5, 0x00C6, 0x00C7,
    0x00C8, 0x00C9, 0x00CA, 0x00CB, 0x00CC, 0x00CD, 0x00CE, 0x00CF, 0x00D0, 0x00D1, 0x00D2, 0x00D3,
    0x00D4, 0x00D5, 0x00D6, 0x00D7, 0x00D8, 0x00D9, 0x00DA, 0x00DB, 0x00DC, 0x00DD, 0x00DE, 0x00DF,
    0x00E0, 0x00E1, 0x00E2, 0x00E3, 0x00E4, 0x00E5, 0x00E6, 0x00E7, 0x00E8, 0x00E9, 0x00EA, 0x00EB,
    0x00EC, 0x00ED, 0x00EE, 0x00EF, 0x00F0, 0x00F1, 0x00F2, 0x00F3, 0x00F4, 0x00F5, 0x00F6, 0x00F7,
    0x00F8, 0x00F9, 0x00FA, 0x00FB, 0x00FC, 0x00FD, 0x00FE, 0x00FF,
]);

pub(super) static ISO_8859_16: [u32; 128] = pack(&[
    0x0080, 0x0081, 0x0082, 0x0083, 0x0084, 0x0085, 0x0086, 0x0087, 0x0088, 0x0089, 0x008A, 0x008B,
    0x008C, 0x008D, 0x008E, 0x008F, 0x0090, 0x0091, 0x0092, 0x0093, 0x0094, 0x0095, 0x0096, 0x0097,
    0x0098, 0x0099, 0x009A, 0x009B, 0x009C, 0x009D, 0x009E, 0x009F, 0x00A0, 0x0104, 0x0105, 0x0141,
    0x20AC, 0x201E, 0x0160, 0x00A7, 0x0161, 0x00A9, 0x0218, 0x00AB, 0x0179, 0x00AD, 0x017A, 0x017B,
    0x00B0, 0x00B1, 0x010C, 0x0142, 0x017D, 0x201D, 0x00B6, 0x00B7, 0x017E, 0x010D, 0x0219, 0x00BB,
    0x0152, 0x0153, 0x0178, 0x017C, 0x00C0, 0x00C1, 0x00C2, 0x0102, 0x00C4, 0x0106, 0x00C6, 0x00C7,
    0x00C8, 0x00C9, 0x00CA, 0x00CB, 0x00CC, 0x00CD, 0x00CE, 0x00CF, 0x0110, 0x0143, 0x00D2, 0x00D3,
    0x00D4, 0x0150, 0x00D6, 0x015A, 0x0170, 0x00D9, 0x00DA, 0x00DB, 0x00DC, 0x0118, 0x021A, 0x00DF,
    0x00E0, 0x00E1, 0x00E2, 0x0103, 0x00E4, 0x0107, 0x00E6, 0x00E7, 0x00E8, 0x00E9, 0x00EA, 0x00EB,
    0x00EC, 0x00ED, 0x00EE, 0x00EF, 0x0111, 0x0144, 0x00F2, 0x00F3, 0x00F4, 0x0151, 0x00F6, 0x015B,
    0x0171, 0x00F9, 0x00FA, 0x00FB, 0x00FC, 0x0119, 0x021B, 0x00FF,
]);

pub(super) static KOI8_R: [u32; 128] = pack(&[
    0x2500, 0x2502, 0x250C, 0x2510, 0x2514, 0x2518, 0x251C, 0x2524, 0x252C, 0x2534, 0x253C, 0x2580,
    0x2584, 0x2588, 0x258C, 0x2590, 0x2591, 0x2592, 0x2593, 0x2320, 0x25A0, 0x2219, 0x221A, 0x2248,
    0x2264, 0x2265, 0x00A0, 0x2321, 0x00B0, 0x00B2, 0x00B7, 0x00F7, 0x2550, 0x2551, 0x2552, 0x0451,
    0x2553, 0x2554, 0x2555, 0x2556, 0x2557, 0x2558, 0x2559, 0x255A, 0x255B, 0x255C, 0x255D, 0x255E,
    0x255F, 0x2560, 0x2561, 0x0401, 0x2562, 0x2563, 0x2564, 0x2565, 0x2566, 0x2567, 0x2568, 0x2569,
    0x256A, 0x256B, 0x256C, 0x00A9, 0x044E, 0x0430, 0x0431, 0x0446, 0x0434, 0x0435, 0x0444, 0x0433,
    0x0445, 0x0438, 0x0439, 0x043A, 0x043B, 0x043C, 0x043D, 0x043E, 0x043F, 0x044F, 0x0440, 0x0441,
    0x0442, 0x0443, 0x0436, 0x0432, 0x044C, 0x044B, 0x0437, 0x0448, 0x044D, 0x0449, 0x0447, 0x044A,
    0x042E, 0x0410, 0x0411, 0x0426, 0x0414, 0x0415, 0x0424, 0x0413, 0x0425, 0x0418, 0x0419, 0x041A,
    0x041B, 0x041C, 0x041D, 0x041E, 0x041F, 0x042F, 0x0420, 0x0421, 0x0422, 0x0423, 0x0416, 0x0412,
    0x042C, 0x042B, 0x0417, 0x0428, 0x042D, 0x0429, 0x0427, 0x042A,
]);

pub(super) static KOI8_U: [u32; 128] = pack(&[
    0x2500, 0x2502, 0x250C, 0x2510, 0x2514, 0x2518, 0x251C, 0x2524, 0x252C, 0x2534, 0x253C, 0x2580,
    0x2584, 0x2588, 0x258C, 0x2590, 0x2591, 0x2592, 0x2593, 0x2320, 0x25A0, 0x2219, 0x221A, 0x2248,
    0x2264, 0x2265, 0x00A0, 0x2321, 0x00B0, 0x00B2, 0x00B7, 0x00F7, 0x2550, 0x2551, 0x2552, 0x0451,
    0x0454, 0x2554, 0x0456, 0x0457, 0x2557, 0x2558, 0x2559, 0x255A, 0x255B, 0x0491, 0x045E, 0x255E,
    0x255F, 0x2560, 0x2561, 0x0401, 0x0404, 0x2563, 0x0406, 0x0407, 0x2566, 0x2567, 0x2568, 0x2569,
    0x256A, 0x0490, 0x040E, 0x00A9, 0x044E, 0x0430, 0x0431, 0x0446, 0x0434, 0x0435, 0x0444, 0x0433,
    0x0445, 0x0438, 0x0439, 0x043A, 0x043B, 0x043C, 0x043D, 0x043E, 0x043F, 0x044F, 0x0440, 0x0441,
    0x0442, 0x0443, 0x0436, 0x0432, 0x044C, 0x044B, 0x0437, 0x0448, 0x044D, 0x0449, 0x0447, 0x044A,
    0x042E, 0x0410, 0x0411, 0x0426, 0x0414, 0x0415, 0x0424, 0x0413, 0x0425, 0x0418, 0x0419, 0x041A,
    0x041B, 0x041C, 0x041D, 0x041E, 0x041F, 0x042F, 0x0420, 0x0421, 0x0422, 0x0423, 0x0416, 0x0412,
    0x042C, 0x042B, 0x0417, 0x0428, 0x042D, 0x0429, 0x0427, 0x042A,
]);

pub(super) static MACINTOSH: [u32; 128] = pack(&[
    0x00C4, 0x00C5, 0x00C7, 0x00C9, 0x00D1, 0x00D6, 0x00DC, 0x00E1, 0x00E0, 0x00E2, 0x00E4, 0x00E3,
    0x00E5, 0x00E7, 0x00E9, 0x00E8, 0x00EA, 0x00EB, 0x00ED, 0x00EC, 0x00EE, 0x00EF, 0x00F1, 0x00F3,
    0x00F2, 0x00F4, 0x00F6, 0x00F5, 0x00FA, 0x00F9, 0x00FB, 0x00FC, 0x2020, 0x00B0, 0x00A2, 0x00A3,
    0x00A7, 0x2022, 0x00B6, 0x00DF, 0x00AE, 0x00A9, 0x2122, 0x00B4, 0x00A8, 0x2260, 0x00C6, 0x00D8,
    0x221E, 0x00B1, 0x2264, 0x2265, 0x00A5, 0x00B5, 0x2202, 0x2211, 0x220F, 0x03C0, 0x222B, 0x00AA,
    0x00BA, 0x03A9, 0x00E6, 0x00F8, 0x00BF, 0x00A1, 0x00AC, 0x221A, 0x0192, 0x2248, 0x2206, 0x00AB,
    0x00BB, 0x2026, 0x00A0, 0x00C0, 0x00C3, 0x00D5, 0x0152, 0x0153, 0x2013, 0x2014, 0x201C, 0x201D,
    0x2018, 0x2019, 0x00F7, 0x25CA, 0x00FF, 0x0178, 0x2044, 0x20AC, 0x2039, 0x203A, 0xFB01, 0xFB02,
    0x2021, 0x00B7, 0x201A, 0x201E, 0x2030, 0x00C2, 0x00CA, 0x00C1, 0x00CB, 0x00C8, 0x00CD, 0x00CE,
    0x00CF, 0x00CC, 0x00D3, 0x00D4, 0xF8FF, 0x00D2, 0x00DA, 0x00DB, 0x00D9, 0x0131, 0x02C6, 0x02DC,
    0x00AF, 0x02D8, 0x02D9, 0x02DA, 0x00B8, 0x02DD, 0x02DB, 0x02C7,
]);

pub(super) static WINDOWS_874: [u32; 128] = pack(&[
    0x20AC, 0x0081, 0x0082, 0x0083, 0x0084, 0x2026, 0x0086, 0x0087, 0x0088, 0x0089, 0x008A, 0x008B,
    0x008C, 0x008D, 0x008E, 0x008F, 0x0090, 0x2018, 0x2019, 0x201C, 0x201D, 0x2022, 0x2013, 0x2014,
    0x0098, 0x0099, 0x009A, 0x009B, 0x009C, 0x009D, 0x009E, 0x009F, 0x00A0, 0x0E01, 0x0E02, 0x0E03,
    0x0E04, 0x0E05, 0x0E06, 0x0E07, 0x0E08, 0x0E09, 0x0E0A, 0x0E0B, 0x0E0C, 0x0E0D, 0x0E0E, 0x0E0F,
    0x0E10, 0x0E11, 0x0E12, 0x0E13, 0x0E14, 0x0E15, 0x0E16, 0x0E17, 0x0E18, 0x0E19, 0x0E1A, 0x0E1B,
    0x0E1C, 0x0E1D, 0x0E1E, 0x0E1F, 0x0E20, 0x0E21, 0x0E22, 0x0E23, 0x0E24, 0x0E25, 0x0E26, 0x0E27,
    0x0E28, 0x0E29, 0x0E2A, 0x0E2B, 0x0E2C, 0x0E2D, 0x0E2E, 0x0E2F, 0x0E30, 0x0E31, 0x0E32, 0x0E33,
    0x0E34, 0x0E35, 0x0E36, 0x0E37, 0x0E38, 0x0E39, 0x0E3A, 0x0000, 0x0000, 0x0000, 0x0000, 0x0E3F,
    0x0E40, 0x0E41, 0x0E42, 0x0E43, 0x0E44, 0x0E45, 0x0E46, 0x0E47, 0x0E48, 0x0E49, 0x0E4A, 0x0E4B,
    0x0E4C, 0x0E4D, 0x0E4E, 0x0E4F, 0x0E50, 0x0E51, 0x0E52, 0x0E53, 0x0E54, 0x0E55, 0x0E56, 0x0E57,
    0x0E58, 0x0E59, 0x0E5A, 0x0E5B, 0x0000, 0x0000, 0x0000, 0x0000,
]);

pub(super) static WINDOWS_1250: [u32; 128] = pack(&[
    0x20AC, 0x0081, 0x201A, 0x0083, 0x201E, 0x2026, 0x2020, 0x2021, 0x0088, 0x2030, 0x0160, 0x2039,
    0x015A, 0x0164, 0x017D, 0x0179, 0x0090, 0x2018, 0x2019, 0x201C, 0x201D, 0x2022, 0x2013, 0x2014,
    0x0098, 0x2122, 0x0161, 0x203A, 0x015B, 0x0165, 0x017E, 0x017A, 0x00A0, 0x02C7, 0x02D8, 0x0141,
    0x00A4, 0x0104, 0x00A6, 0x00A7, 0x00A8, 0x00A9, 0x015E, 0x00AB, 0x00AC, 0x00AD, 0x00AE, 0x017B,
    0x00B0, 0x00B1, 0x02DB, 0x0142, 0x00B4, 0x00B5, 0x00B6, 0x00B7, 0x00B8, 0x0105, 0x015F, 0x00BB,
    0x013D, 0x02DD, 0x013E, 0x017C, 0x0154, 0x00C1, 0x00C2, 0x0102, 0x00C4, 0x0139, 0x0106, 0x00C7,
    0x010C, 0x00C9, 0x0118, 0x00CB, 0x011A, 0x00CD, 0x00CE, 0x010E, 0x0110, 0x0143, 0x0147, 0x00D3,
    0x00D4, 0x0150, 0x00D6, 0x00D7, 0x0158, 0x016E, 0x00DA, 0x0170, 0x00DC, 0x00DD, 0x0162, 0x00DF,
    0x0155, 0x00E1, 0x00E2, 0x0103, 0x00E4, 0x013A, 0x0107, 0x00E7, 0x010D, 0x00E9, 0x0119, 0x00EB,
    0x011B, 0x00ED, 0x00EE, 0x010F, 0x0111, 0x0144, 0x0148, 0x00F3, 0x00F4, 0x0151, 0x00F6, 0x00F7,
    0x0159, 0x016F, 0x00FA, 0x0171, 0x00FC, 0x00FD, 0x0163, 0x02D9,
]);

pub(super) static WINDOWS_1251: [u32; 128] = pack(&[
    0x0402, 0x0403, 0x201A, 0x0453, 0x201E, 0x2026, 0x2020, 0x2021, 0x20AC, 0x2030, 0x0409, 0x2039,
    0x040A, 0x040C, 0x040B, 0x040F, 0x0452, 0x2018, 0x2019, 0x201C, 0x201D, 0x2022, 0x2013, 0x2014,
    0x0098, 0x2122, 0x0459, 0x203A, 0x045A, 0x045C, 0x045B, 0x045F, 0x00A0, 0x040E, 0x045E, 0x0408,
    0x00A4, 0x0490, 0x00A6, 0x00A7, 0x0401, 0x00A9, 0x0404, 0x00AB, 0x00AC, 0x00AD, 0x00AE, 0x0407,
    0x00B0, 0x00B1, 0x0406, 0x0456, 0x0491, 0x00B5, 0x00B6, 0x00B7, 0x0451, 0x2116, 0x0454, 0x00BB,
    0x0458, 0x0405, 0x0455, 0x0457, 0x0410, 0x0411, 0x0412, 0x0413, 0x0414, 0x0415, 0x0416, 0x0417,
    0x0418, 0x0419, 0x041A, 0x041B, 0x041C, 0x041D, 0x041E, 0x041F, 0x0420, 0x0421, 0x0422, 0x0423,
    0x0424, 0x0425, 0x0426, 0x0427, 0x0428, 0x0429, 0x042A, 0x042B, 0x042C, 0x042D, 0x042E, 0x042F,
    0x0430, 0x0431, 0x0432, 0x0433, 0x0434, 0x0435, 0x0436, 0x0437, 0x0438, 0x0439, 0x043A, 0x043B,
    0x043C, 0x043D, 0x043E, 0x043F, 0x0440, 0x0441, 0x0442, 0x0443, 0x0444, 0x0445, 0x0446, 0x0447,
    0x0448, 0x0449, 0x044A, 0x044B, 0x044C, 0x044D, 0x044E, 0x044F,
]);

pub(super) static WINDOWS_1252: [u32; 128] = pack(&[
    0x20AC, 0x0081, 0x201A, 0x0192, 0x201E, 0x2026, 0x2020, 0x2021, 0x02C6, 0x2030, 0x0160, 0x2039,
    0x0152, 0x008D, 0x017D, 0x008F, 0x0090, 0x2018, 0x2019, 0x201C, 0x201D, 0x2022, 0x2013, 0x2014,
    0x02DC, 0x2122, 0x0161, 0x203A, 0x0153, 0x009D, 0x017E, 0x0178, 0x00A0, 0x00A1, 0x00A2, 0x00A3,
    0x00A4, 0x00A5, 0x00A6, 0x00A7, 0x00A8, 0x00A9, 0x00AA, 0x00AB, 0x00AC, 0x00AD, 0x00AE, 0x00AF,
    0x00B0, 0x00B1, 0x00B2, 0x00B3, 0x00B4, 0x00B5, 0x00B6, 0x00B7, 0x00B8, 0x00B9, 0x00BA, 0x00BB,
    0x00BC, 0x00BD, 0x00BE, 0x00BF, 0x00C0, 0x00C1, 0x00C2, 0x00C3, 0x00C4, 0x00C5, 0x00C6, 0x00C7,
    0x00C8, 0x00C9, 0x00CA, 0x00CB, 0x00CC, 0x00CD, 0x00CE, 0x00CF, 0x00D0, 0x00D1, 0x00D2, 0x00D3,
    0x00D4, 0x00D5, 0x00D6, 0x00D7, 0x00D8, 0x00D9, 0x00DA, 0x00DB, 0x00DC, 0x00DD, 0x00DE, 0x00DF,
    0x00E0, 0x00E1, 0x00E2, 0x00E3, 0x00E4, 0x00E5, 0x00E6, 0x00E7, 0x00E8, 0x00E9, 0x00EA, 0x00EB,
    0x00EC, 0x00ED, 0x00EE, 0x00EF, 0x00F0, 0x00F1, 0x00F2, 0x00F3, 0x00F4, 0x00F5, 0x00F6, 0x00F7,
    0x00F8, 0x00F9, 0x00FA, 0x00FB, 0x00FC, 0x00FD, 0x00FE, 0x00FF,
]);

pub(super) static WINDOWS_1253: [u32; 128] = pack(&[
    0x20AC, 0x0081, 0x201A, 0x0192, 0x201E, 0x2026, 0x2020, 0x2021, 0x0088, 0x2030, 0x008A, 0x2039,
    0x008C, 0x008D, 0x008E, 0x008F, 0x0090, 0x2018, 0x2019, 0x201C, 0x201D, 0x2022, 0x2013, 0x2014,
    0x0098, 0x2122, 0x009A, 0x203A, 0x009C, 0x009D, 0x009E, 0x009F, 0x00A0, 0x0385, 0x0386, 0x00A3,
    0x00A4, 0x00A5, 0x00A6, 0x00A7, 0x00A8, 0x00A9, 0x0000, 0x00AB, 0x00AC, 0x00AD, 0x00AE, 0x2015,
    0x00B0, 0x00B1, 0x00B2, 0x00B3, 0x0384, 0x00B5, 0x00B6, 0x00B7, 0x0388, 0x0389, 0x038A, 0x00BB,
    0x038C, 0x00BD, 0x038E, 0x038F, 0x0390, 0x0391, 0x0392, 0x0393, 0x0394, 0x0395, 0x0396, 0x0397,
    0x0398, 0x0399, 0x039A, 0x039B, 0x039C, 0x039D, 0x039E, 0x039F, 0x03A0, 0x03A1, 0x0000, 0x03A3,
    0x03A4, 0x03A5, 0x03A6, 0x03A7, 0x03A8, 0x03A9, 0x03AA, 0x03AB, 0x03AC, 0x03AD, 0x03AE, 0x03AF,
    0x03B0, 0x03B1, 0x03B2, 0x03B3, 0x03B4, 0x03B5, 0x03B6, 0x03B7, 0x03B8, 0x03B9, 0x03BA, 0x03BB,
    0x03BC, 0x03BD, 0x03BE, 0x03BF, 0x03C0, 0x03C1, 0x03C2, 0x03C3, 0x03C4, 0x03C5, 0x03C6, 0x03C7,
    0x03C8, 0x03C9, 0x03CA, 0x03CB, 0x03CC, 0x03CD, 0x03CE, 0x0000,
]);

pub(super) static WINDOWS_1254: [u32; 128] = pack(&[
    0x20AC, 0x0081, 0x201A, 0x0192, 0x201E, 0x2026, 0x2020, 0x2021, 0x02C6, 0x2030, 0x0160, 0x2039,
    0x0152, 0x008D, 0x008E, 0x008F, 0x0090, 0x2018, 0x2019, 0x201C, 0x201D, 0x2022, 0x2013, 0x2014,
    0x02DC, 0x2122, 0x0161, 0x203A, 0x0153, 0x009D, 0x009E, 0x0178, 0x00A0, 0x00A1, 0x00A2, 0x00A3,
    0x00A4, 0x00A5, 0x00A6, 0x00A7, 0x00A8, 0x00A9, 0x00AA, 0x00AB, 0x00AC, 0x00AD, 0x00AE, 0x00AF,
    0x00B0, 0x00B1, 0x00B2, 0x00B3, 0x00B4, 0x00B5, 0x00B6, 0x00B7, 0x00B8, 0x00B9, 0x00BA, 0x00BB,
    0x00BC, 0x00BD, 0x00BE, 0x00BF, 0x00C0, 0x00C1, 0x00C2, 0x00C3, 0x00C4, 0x00C5, 0x00C6, 0x00C7,
    0x00C8, 0x00C9, 0x00CA, 0x00CB, 0x00CC, 0x00CD, 0x00CE, 0x00CF, 0x011E, 0x00D1, 0x00D2, 0x00D3,
    0x00D4, 0x00D5, 0x00D6, 0x00D7, 0x00D8, 0x00D9, 0x00DA, 0x00DB, 0x00DC, 0x0130, 0x015E, 0x00DF,
    0x00E0, 0x00E1, 0x00E2, 0x00E3, 0x00E4, 0x00E5, 0x00E6, 0x00E7, 0x00E8, 0x00E9, 0x00EA, 0x00EB,
    0x00EC, 0x00ED, 0x00EE, 0x00EF, 0x011F, 0x00F1, 0x00F2, 0x00F3, 0x00F4, 0x00F5, 0x00F6, 0x00F7,
    0x00F8, 0x00F9, 0x00FA, 0x00FB, 0x00FC, 0x0131, 0x015F, 0x00FF,
]);

pub(super) static WINDOWS_1255: [u32; 128] = pack(&[
    0x20AC, 0x0081, 0x201A, 0x0192, 0x201E, 0x2026, 0x2020, 0x2021, 0x02C6, 0x2030, 0x008A, 0x2039,
    0x008C, 0x008D, 0x008E, 0x008F, 0x0090, 0x2018, 0x2019, 0x201C, 0x201D, 0x2022, 0x2013, 0x2014,
    0x02DC, 0x2122, 0x009A, 0x203A, 0x009C, 0x009D, 0x009E, 0x009F, 0x00A0, 0x00A1, 0x00A2, 0x00A3,
    0x20AA, 0x00A5, 0x00A6, 0x00A7, 0x00A8, 0x00A9, 0x00D7, 0x00AB, 0x00AC, 0x00AD, 0x00AE, 0x00AF,
    0x00B0, 0x00B1, 0x00B2, 0x00B3, 0x00B4, 0x00B5, 0x00B6, 0x00B7, 0x00B8, 0x00B9, 0x00F7, 0x00BB,
    0x00BC, 0x00BD, 0x00BE, 0x00BF, 0x05B0, 0x05B1, 0x05B2, 0x05B3, 0x05B4, 0x05B5, 0x05B6, 0x05B7,
    0x05B8, 0x05B9, 0x05BA, 0x05BB, 0x05BC, 0x05BD, 0x05BE, 0x05BF, 0x05C0, 0x05C1, 0x05C2, 0x05C3,
    0x05F0, 0x05F1, 0x05F2, 0x05F3, 0x05F4, 0x0000, 0x0000, 0x0000, 0x0000, 0x0000, 0x0000, 0x0000,
    0x05D0, 0x05D1, 0x05D2, 0x05D3, 0x05D4, 0x05D5, 0x05D6, 0x05D7, 0x05D8, 0x05D9, 0x05DA, 0x05DB,
    0x05DC, 0x05DD, 0x05DE, 0x05DF, 0x05E0, 0x05E1, 0x05E2, 0x05E3, 0x05E4, 0x05E5, 0x05E6, 0x05E7,
    0x05E8, 0x05E9, 0x05EA, 0x0000, 0x0000, 0x200E, 0x200F, 0x0000,
]);

pub(super) static WINDOWS_1256: [u32; 128] = pack(&[
    0x20AC, 0x067E, 0x201A, 0x0192, 0x201E, 0x2026, 0x2020, 0x2021, 0x02C6, 0x2030, 0x0679, 0x2039,
    0x0152, 0x0686, 0x0698, 0x0688, 0x06AF, 0x2018, 0x2019, 0x201C, 0x201D, 0x2022, 0x2013, 0x2014,
    0x06A9, 0x2122, 0x0691, 0x203A, 0x0153, 0x200C, 0x200D, 0x06BA, 0x00A0, 0x060C, 0x00A2, 0x00A3,
    0x00A4, 0x00A5, 0x00A6, 0x00A7, 0x00A8, 0x00A9, 0x06BE, 0x00AB, 0x00AC, 0x00AD, 0x00AE, 0x00AF,
    0x00B0, 0x00B1, 0x00B2, 0x00B3, 0x00B4, 0x00B5, 0x00B6, 0x00B7, 0x00B8, 0x00B9, 0x061B, 0x00BB,
    0x00BC, 0x00BD, 0x00BE, 0x061F, 0x06C1, 0x0621, 0x0622, 0x0623, 0x0624, 0x0625, 0x0626, 0x0627,
    0x0628, 0x0629, 0x062A, 0x062B, 0x062C, 0x062D, 0x062E, 0x062F, 0x0630, 0x0631, 0x0632, 0x0633,
    0x0634, 0x0635, 0x0636, 0x00D7, 0x0637, 0x0638, 0x0639, 0x063A, 0x0640, 0x0641, 0x0642, 0x0643,
    0x00E0, 0x0644, 0x00E2, 0x0645, 0x0646, 0x0647, 0x0648, 0x00E7, 0x00E8, 0x00E9, 0x00EA, 0x00EB,
    0x0649, 0x064A, 0x00EE, 0x00EF, 0x064B, 0x064C, 0x064D, 0x064E, 0x00F4, 0x064F, 0x0650, 0x00F7,
    0x0651, 0x00F9, 0x0652, 0x00FB, 0x00FC, 0x200E, 0x200F, 0x06D2,
]);

pub(super) static WINDOWS_1257: [u32; 128] = pack(&[
    0x20AC, 0x0081, 0x201A, 0x0083, 0x201E, 0x2026, 0x2020, 0x2021, 0x0088, 0x2030, 0x008A, 0x2039,
    0x008C, 0x00A8, 0x02C7, 0x00B8, 0x0090, 0x2018, 0x2019, 0x201C, 0x201D, 0x2022, 0x2013, 0x2014,
    0x0098, 0x2122, 0x009A, 0x203A, 0x009C, 0x00AF, 0x02DB, 0x009F, 0x00A0, 0x0000, 0x00A2, 0x00A3,
    0x00A4, 0x0000, 0x00A6, 0x00A7, 0x00D8, 0x00A9, 0x0156, 0x00AB, 0x00AC, 0x00AD, 0x00AE, 0x00C6,
    0x00B0, 0x00B1, 0x00B2, 0x00B3, 0x00B4, 0x00B5, 0x00B6, 0x00B7, 0x00F8, 0x00B9, 0x0157, 0x00BB,
    0x00BC, 0x00BD, 0x00BE, 0x00E6, 0x0104, 0x012E, 0x0100, 0x0106, 0x00C4, 0x00C5, 0x0118, 0x0112,
    0x010C, 0x00C9, 0x0179, 0x0116, 0x0122, 0x0136, 0x012A, 0x013B, 0x0160, 0x0143, 0x0145, 0x00D3,
    0x014C, 0x00D5, 0x00D6, 0x00D7, 0x0172, 0x0141, 0x015A, 0x016A, 0x00DC, 0x017B, 0x017D, 0x00DF,
    0x0105, 0x012F, 0x0101, 0x0107, 0x00E4, 0x00E5, 0x0119, 0x0113, 0x010D, 0x00E9, 0x017A, 0x0117,
    0x0123, 0x0137, 0x012B, 0x013C, 0x0161, 0x0144, 0x0146, 0x00F3, 0x014D, 0x00F5, 0x00F6, 0x00F7,
    0x0173, 0x0142, 0x015B, 0x016B, 0x00FC, 0x017C, 0x017E, 0x02D9,
]);

pub(super) static WINDOWS_1258: [u32; 128] = pack(&[
    0x20AC, 0x0081, 0x201A, 0x0192, 0x201E, 0x2026, 0x2020, 0x2021, 0x02C6, 0x2030, 0x008A, 0x2039,
    0x0152, 0x008D, 0x008E, 0x008F, 0x0090, 0x2018, 0x2019, 0x201C, 0x201D, 0x2022, 0x2013, 0x2014,
    0x02DC, 0x2122, 0x009A, 0x203A, 0x0153, 0x009D, 0x009E, 0x0178, 0x00A0, 0x00A1, 0x00A2, 0x00A3,
    0x00A4, 0x00A5, 0x00A6, 0x00A7, 0x00A8, 0x00A9, 0x00AA, 0x00AB, 0x00AC, 0x00AD, 0x00AE, 0x00AF,
    0x00B0, 0x00B1, 0x00B2, 0x00B3, 0x00B4, 0x00B5, 0x00B6, 0x00B7, 0x00B8, 0x00B9, 0x00BA, 0x00BB,
    0x00BC, 0x00BD, 0x00BE, 0x00BF, 0x00C0, 0x00C1, 0x00C2, 0x0102, 0x00C4, 0x00C5, 0x00C6, 0x00C7,
    0x00C8, 0x00C9, 0x00CA, 0x00CB, 0x0300, 0x00CD, 0x00CE, 0x00CF, 0x0110, 0x00D1, 0x0309, 0x00D3,
    0x00D4, 0x01A0, 0x00D6, 0x00D7, 0x00D8, 0x00D9, 0x00DA, 0x00DB, 0x00DC, 0x01AF, 0x0303, 0x00DF,
    0x00E0, 0x00E1, 0x00E2, 0x0103, 0x00E4, 0x00E5, 0x00E6, 0x00E7, 0x00E8, 0x00E9, 0x00EA, 0x00EB,
    0x0301, 0x00ED, 0x00EE, 0x00EF, 0x0111, 0x00F1, 0x0323, 0x00F3, 0x00F4, 0x01A1, 0x00F6, 0x00F7,
    0x00F8, 0x00F9, 0x00FA, 0x00FB, 0x00FC, 0x01B0, 0x20AB, 0x00FF,
]);

pub(super) static X_MAC_CYRILLIC: [u32; 128] = pack(&[
    0x0410, 0x0411, 0x0412, 0x0413, 0x0414, 0x0415, 0x0416, 0x0417, 0x0418, 0x0419, 0x041A, 0x041B,
    0x041C, 0x041D, 0x041E, 0x041F, 0x0420, 0x0421, 0x0422, 0x0423, 0x0424, 0x0425, 0x0426, 0x0427,
    0x0428, 0x0429, 0x042A, 0x042B, 0x042C, 0x042D, 0x042E, 0x042F, 0x2020, 0x00B0, 0x0490, 0x00A3,
    0x00A7, 0x2022, 0x00B6, 0x0406, 0x00AE, 0x00A9, 0x2122, 0x0402, 0x0452, 0x2260, 0x0403, 0x0453,
    0x221E, 0x00B1, 0x2264, 0x2265, 0x0456, 0x00B5, 0x0491, 0x0408, 0x0404, 0x0454, 0x0407, 0x0457,
    0x0409, 0x0459, 0x040A, 0x045A, 0x0458, 0x0405, 0x00AC, 0x221A, 0x0192, 0x2248, 0x2206, 0x00AB,
    0x00BB, 0x2026, 0x00A0, 0x040B, 0x045B, 0x040C, 0x045C, 0x0455, 0x2013, 0x2014, 0x201C, 0x201D,
    0x2018, 0x2019, 0x00F7, 0x201E, 0x040E, 0x045E, 0x040F, 0x045F, 0x2116, 0x0401, 0x0451, 0x044F,
    0x0430, 0x0431, 0x0432, 0x0433, 0x0434, 0x0435, 0x0436, 0x0437, 0x0438, 0x0439, 0x043A, 0x043B,
    0x043C, 0x043D, 0x043E, 0x043F, 0x0440, 0x0441, 0x0442, 0x0443, 0x0444, 0x0445, 0x0446, 0x0447,
    0x0448, 0x0449, 0x044A, 0x044B, 0x044C, 0x044D, 0x044E, 0x20AC,
]);

pub(super) const LONGEST_LABEL: usize = 19;

pub(super) static LABELS: [(&[u8], &Encoding); 228] = [
    (b"866", super::IBM866),
    (b"ansi_x3.4-1968", super::WINDOWS_1252),
    (b"arabic", super::ISO_8859_6),
    (b"ascii", super::WINDOWS_1252),
    (b"asmo-708", super::ISO_8859_6),
    (b"big5", super::BIG5),
    (b"big5-hkscs", super::BIG5),
    (b"chinese", super::GBK),
    (b"cn-big5", super::BIG5),
    (b"cp1250", super::WINDOWS_1250),
    (b"cp1251", super::WINDOWS_1251),
    (b"cp1252", super::WINDOWS_1252),
    (b"cp1253", super::WINDOWS_1253),
    (b"cp1254", super::WINDOWS_1254),
    (b"cp1255", super::WINDOWS_1255),
    (b"cp1256", super::WINDOWS_1256),
    (b"cp1257", super::WINDOWS_1257),
    (b"cp1258", super::WINDOWS_1258),
    (b"cp819", super::WINDOWS_1252),
    (b"cp866", super::IBM866),
    (b"csbig5", super::BIG5),
    (b"cseuckr", super::EUC_KR),
    (b"cseucpkdfmtjapanese", super::EUC_JP),
    (b"csgb2312", super::GBK),
    (b"csibm866", super::IBM866),
    (b"csiso2022jp", super::ISO_2022_JP),
    (b"csiso2022kr", super::REPLACEMENT),
    (b"csiso58gb231280", super::GBK),
    (b"csiso88596e", super::ISO_8859_6),
    (b"csiso88596i", super::ISO_8859_6),
    (b"csiso88598e", super::ISO_8859_8),
    (b"csiso88598i", super::ISO_8859_8_I),
    (b"csisolatin1", super::WINDOWS_1252),
    (b"csisolatin2", super::ISO_8859_2),
    (b"csisolatin3", super::ISO_8859_3),
    (b"csisolatin4", super::ISO_8859_4),
    (b"csisolatin5", super::WINDOWS_1254),
    (b"csisolatin6", super::ISO_8859_10),
    (b"csisolatin9", super::ISO_8859_15),
    (b"csisolatinarabic", super::ISO_8859_6),
    (b"csisolatincyrillic", super::ISO_8859_5),
    (b"csisolatingreek", super::ISO_8859_7),
    (b"csisolatinhebrew", super::ISO_8859_8),
    (b"cskoi8r", super::KOI8_R),
    (b"csksc56011987", super::EUC_KR),
    (b"csmacintosh", super::MACINTOSH),
    (b"csshiftjis", super::SHIFT_JIS),
    (b"csunicode", super::UTF_16LE),
    (b"cyrillic", super::ISO_8859_5),
    (b"dos-874", super::WINDOWS_874),
    (b"ecma-114", super::ISO_8859_6),
    (b"ecma-118", super::ISO_8859_7),
    (b"elot_928", super::ISO_8859_7),
    (b"euc-jp", super::EUC_JP),
    (b"euc-kr", super::EUC_KR),
    (b"gb18030", super::GB18030),
    (b"gb2312", super::GBK),
    (b"gb_2312", super::GBK),
    (b"gb_2312-80", super::GBK),
    (b"gbk", super::GBK),
    (b"greek", super::ISO_8859_7),
    (b"greek8", super::ISO_8859_7),
    (b"hebrew", super::ISO_8859_8),
    (b"hz-gb-2312", super::REPLACEMENT),
    (b"ibm819", super::WINDOWS_1252),
    (b"ibm866", super::IBM866),
    (b"iso-10646-ucs-2", super::UTF_16LE),
    (b"iso-2022-cn", super::REPLACEMENT),
    (b"iso-2022-cn-ext", super::REPLACEMENT),
    (b"iso-2022-jp", super::ISO_2022_JP),
    (b"iso-2022-kr", super::REPLACEMENT),
    (b"iso-8859-1", super::WINDOWS_1252),
    (b"iso-8859-10", super::ISO_8859_10),
    (b"iso-8859-11", super::WINDOWS_874),
    (b"iso-8859-13", super::ISO_8859_13),
    (b"iso-8859-14", super::ISO_8859_14),
    (b"iso-8859-15", super::ISO_8859_15),
    (b"iso-8859-16", super::ISO_8859_16),
    (b"iso-8859-2", super::ISO_8859_2),
    (b"iso-8859-3", super::ISO_8859_3),
    (b"iso-8859-4", super::ISO_8859_4),
    (b"iso-8859-5", super::ISO_8859_5),
    (b"iso-8859-6", super::ISO_8859_6),
    (b"iso-8859-6-e", super::ISO_8859_6),
    (b"iso-8859-6-i", super::ISO_8859_6),
    (b"iso-8859-7", super::ISO_8859_7),
    (b"iso-8859-8", super::ISO_8859_8),
    (b"iso-8859-8-e", super::ISO_8859_8),
    (b"iso-8859-8-i", super::ISO_8859_8_I),
    (b"iso-8859-9", super::WINDOWS_1254),
    (b"iso-ir-100", super::WINDOWS_1252),
    (b"iso-ir-101", super::ISO_8859_2),
    (b"iso-ir-109", super::ISO_8859_3),
    (b"iso-ir-110", super::ISO_8859_4),
    (b"iso-ir-126", super::ISO_8859_7),
    (b"iso-ir-127", super::ISO_8859_6),
    (b"iso-ir-138", super::ISO_8859_8),
    (b"iso-ir-144", super::ISO_8859_5),
    (b"iso-ir-148", super::WINDOWS_1254),
    (b"iso-ir-149", super::EUC_KR),
    (b"iso-ir-157", super::ISO_8859_10),
    (b"iso-ir-58", super::GBK),
    (b"iso8859-1", super::WINDOWS_1252),
    (b"iso8859-10", super::ISO_8859_10),
    (b"iso8859-11", super::WINDOWS_874),
    (b"iso8859-13", super::ISO_8859_13),
    (b"iso8859-14", super::ISO_8859_14),
    (b"iso8859-15", super::ISO_8859_15),
    (b"iso8859-2", super::ISO_8859_2),
    (b"iso8859-3", super::ISO_8859_3),
    (b"iso8859-4", super::ISO_8859_4),
    (b"iso8859-5", super::ISO_8859_5),
    (b"iso8859-6", super::ISO_8859_6),
    (b"iso8859-7", super::ISO_8859_7),
    (b"iso8859-8", super::ISO_8859_8),
    (b"iso8859-9", super::WINDOWS_1254),
    (b"iso88591", super::WINDOWS_1252),
    (b"iso885910", super::ISO_8859_10),
    (b"iso885911", super::WINDOWS_874),
    (b"iso885913", super::ISO_8859_13),
    (b"iso885914", super::ISO_8859_14),
    (b"iso885915", super::ISO_8859_15),
    (b"iso88592", super::ISO_8859_2),
    (b"iso88593", super::ISO_8859_3),
    (b"iso88594", super::ISO_8859_4),
    (b"iso88595", super::ISO_8859_5),
    (b"iso88596", super::ISO_8859_6),
    (b"iso88597", super::ISO_8859_7),
    (b"iso88598", super::ISO_8859_8),
    (b"iso88599", super::WINDOWS_1254),
    (b"iso_8859-1", super::WINDOWS_1252),
    (b"iso_8859-15", super::ISO_8859_15),
    (b"iso_8859-1:1987", super::WINDOWS_1252),
    (b"iso_8859-2", super::ISO_8859_2),
    (b"iso_8859-2:1987", super::ISO_8859_2),
    (b"iso_8859-3", super::ISO_8859_3),
    (b"iso_8859-3:1988", super::ISO_8859_3),
    (b"iso_8859-4", super::ISO_8859_4),
    (b"iso_8859-4:1988", super::ISO_8859_4),
    (b"iso_8859-5", super::ISO_8859_5),
    (b"iso_8859-5:1988", super::ISO_8859_5),
    (b"iso_8859-6", super::ISO_8859_6),
    (b"iso_8859-6:1987", super::ISO_8859_6),
    (b"iso_8859-7", super::ISO_8859_7),
    (b"iso_8859-7:1987", super::ISO_8859_7),
    (b"iso_8859-8", super::ISO_8859_8),
    (b"iso_8859-8:1988", super::ISO_8859_8),
    (b"iso_8859-9", super::WINDOWS_1254),
    (b"iso_8859-9:1989", super::WINDOWS_1254),
    (b"koi", super::KOI8_R),
    (b"koi8", super::KOI8_R),
    (b"koi8-r", super::KOI8_R),
    (b"koi8-ru", super::KOI8_U),
    (b"koi8-u", super::KOI8_U),
    (b"koi8_r", super::KOI8_R),
    (b"korean", super::EUC_KR),
    (b"ks_c_5601-1987", super::EUC_KR),
    (b"ks_c_5601-1989", super::EUC_KR),
    (b"ksc5601", super::EUC_KR),
    (b"ksc_5601", super::EUC_KR),
    (b"l1", super::WINDOWS_1252),
    (b"l2", super::ISO_8859_2),
    (b"l3", super::ISO_8859_3),
    (b"l4", super::ISO_8859_4),
    (b"l5", super::WINDOWS_1254),
    (b"l6", super::ISO_8859_10),
    (b"l9", super::ISO_8859_15),
    (b"latin1", super::WINDOWS_1252),
    (b"latin2", super::ISO_8859_2),
    (b"latin3", super::ISO_8859_3),
    (b"latin4", super::ISO_8859_4),
    (b"latin5", super::WINDOWS_1254),
    (b"latin6", super::ISO_8859_10),
    (b"logical", super::ISO_8859_8_I),
    (b"mac", super::MACINTOSH),
    (b"macintosh", super::MACINTOSH),
    (b"ms932", super::SHIFT_JIS),
    (b"ms_kanji", super::SHIFT_JIS),
    (b"replacement", super::REPLACEMENT),
    (b"shift-jis", super::SHIFT_JIS),
    (b"shift_jis", super::SHIFT_JIS),
    (b"sjis", super::SHIFT_JIS),
    (b"sun_eu_greek", super::ISO_8859_7),
    (b"tis-620", super::WINDOWS_874),
    (b"ucs-2", super::UTF_16LE),
    (b"unicode", super::UTF_16LE),
    (b"unicode-1-1-utf-8", super::UTF_8),
    (b"unicode11utf8", super::UTF_8),
    (b"unicode20utf8", super::UTF_8),
    (b"unicodefeff", super::UTF_16LE),
    (b"unicodefffe", super::UTF_16BE),
    (b"us-ascii", super::WINDOWS_1252),
    (b"utf-16", super::UTF_16LE),
    (b"utf-16be", super::UTF_16BE),
    (b"utf-16le", super::UTF_16LE),
    (b"utf-8", super::UTF_8),
    (b"utf8", super::UTF_8),
    (b"visual", super::ISO_8859_8),
    (b"windows-1250", super::WINDOWS_1250),
    (b"windows-1251", super::WINDOWS_1251),
    (b"windows-1252", super::WINDOWS_1252),
    (b"windows-1253", super::WINDOWS_1253),
    (b"windows-1254", super::WINDOWS_1254),
    (b"windows-1255", super::WINDOWS_1255),
    (b"windows-1256", super::WINDOWS_1256),
    (b"windows-1257", super::WINDOWS_1257),
    (b"windows-1258", super::WINDOWS_1258),
    (b"windows-31j", super::SHIFT_JIS),
    (b"windows-874", super::WINDOWS_874),
    (b"windows-949", super::EUC_KR),
    (b"x-cp1250", super::WINDOWS_1250),
    (b"x-cp1251", super::WINDOWS_1251),
    (b"x-cp1252", super::WINDOWS_1252),
    (b"x-cp1253", super::WINDOWS_1253),
    (b"x-cp1254", super::WINDOWS_1254),
    (b"x-cp1255", super::WINDOWS_1255),
    (b"x-cp1256", super::WINDOWS_1256),
    (b"x-cp1257", super::WINDOWS_1257),
    (b"x-cp1258", super::WINDOWS_1258),
    (b"x-euc-jp", super::EUC_JP),
    (b"x-gbk", super::GBK),
    (b"x-mac-cyrillic", super::X_MAC_CYRILLIC),
    (b"x-mac-roman", super::MACINTOSH),
    (b"x-mac-ukrainian", super::X_MAC_CYRILLIC),
    (b"x-sjis", super::SHIFT_JIS),
    (b"x-unicode20utf8", super::UTF_8),
    (b"x-user-defined", super::X_USER_DEFINED),
    (b"x-x-big5", super::BIG5),
];

pub(super) static JIS0208: [u16; 11104] = [
    0x3000, 0x3001, 0x3002, 0xFF0C, 0xFF0E, 0x30FB, 0xFF1A, 0xFF1B, 0xFF1F, 0xFF01, 0x309B, 0x309C,
    0x00B4, 0xFF40, 0x00A8, 0xFF3E, 0xFFE3, 0xFF3F, 0x30FD, 0x30FE, 0x309D, 0x309E, 0x3003, 0x4EDD,
    0x3005, 0x3006, 0x3007, 0x30FC, 0x2015, 0x2010, 0xFF0F, 0xFF3C, 0xFF5E, 0x2225, 0xFF5C, 0x2026,
    0x2025, 0x2018, 0x2019, 0x201C, 0x201D, 0xFF08, 0xFF09, 0x3014, 0x3015, 0xFF3B, 0xFF3D, 0xFF5B,
    0xFF5D, 0x3008, 0x3009, 0x300A, 0x300B, 0x300C, 0x300D, 0x300E, 0x300F, 0x3010, 0x3011, 0xFF0B,
    0xFF0D, 0x00B1, 0x00D7, 0x00F7, 0xFF1D, 0x2260, 0xFF1C, 0xFF1E, 0x2266, 0x2267, 0x221E, 0x2234,
    0x2642, 0x2640, 0x00B0, 0x2032, 0x2033, 0x2103, 0xFFE5, 0xFF04, 0xFFE0, 0xFFE1, 0xFF05, 0xFF03,
    0xFF06, 0xFF0A, 0xFF20, 0x00A7, 0x2606, 0x2605, 0x25CB, 0x25CF, 0x25CE, 0x25C7, 0x25C6, 0x25A1,
    0x25A0, 0x25B3, 0x25B2, 0x25BD, 0x25BC, 0x203B, 0x3012, 0x2192, 0x2190, 0x2191, 0x2193, 0x3013,
    0x0000, 0x0000, 0x0000, 0x0000, 0x0000, 0x0000, 0x0000, 0x0000, 0x0000, 0x0000, 0x0000, 0x2208,
    0x220B, 0x2286, 0x2287, 0x2282, 0x2283, 0x222A, 0x2229, 0x0000, 0x0000, 0x0000, 0x0000, 0x0000,
    0x0000, 0x0000, 0x0000, 0x2227, 0x2228, 0xFFE2, 0x21D2, 0x21D4, 0x2200, 0x2203, 0x0000, 0x0000,
    0x0000, 0x0000, 0x0000, 0x0000, 0x0000, 0x0000, 0x0000, 0x0000, 0x0000, 0x2220, 0x22A5, 0x2312,
    0x2202, 0x2207, 0x2261, 0x2252, 0x226A, 0x226B, 0x221A, 0x223D, 0x221D, 0x2235, 0x222B, 0x222C,
    0x0000, 0x0000, 0x0000, 0x0000, 0x0000, 0x0000, 0x0000, 0x212B, 0x2030, 0x266F, 0x266D, 0x266A,
    0x2020, 0x2021, 0x00B6, 0x0000, 0x0000, 0x0000, 0x0000, 0x25EF, 0x0000, 0x0000, 0x0000, 0x0000,
    0x0000, 0x0000, 0x0000, 0x0000, 0x0000, 0x0000, 0x0000, 0x0000, 0x0000, 0x0000, 0x0000, 0xFF10,
    0xFF11, 0xFF12, 0xFF13, 0xFF14, 0xFF15, 0xFF16, 0xFF17, 0xFF18, 0xFF19, 0x0000, 0x0000, 0x0000,
    0x0000, 0x0000, 0x0000, 0x0000, 0xFF21, 0xFF22, 0xFF23, 0xFF24, 0xFF25, 0xFF26, 0xFF27, 0xFF28,
    0xFF29, 0xFF2A, 0xFF2B, 0xFF2C, 0xFF2D, 0xFF2E, 0xFF2F, 0xFF30, 0xFF31, 0xFF32, 0xFF33, 0xFF34,
    0xFF35, 0xFF36, 0xFF37, 0xFF38, 0xFF39, 0xFF3A, 0x0000, 0x0000, 0x0000, 0x0000, 0x0000, 0x0000,
    0xFF41, 0xFF42, 0xFF43, 0xFF44, 0xFF45, 0xFF46, 0xFF47, 0xFF48, 0xFF49, 0xFF4A, 0xFF4B, 0xFF4C,
    0xFF4D, 0xFF4E, 0xFF4F, 0xFF50, 0xFF51, 0xFF52, 0xFF53, 0xFF54, 0xFF55, 0xFF56, 0xFF57, 0xFF58,
    0xFF59, 0xFF5A, 0x0000, 0x0000, 0x0000, 0x0000, 0x3041, 0x3042, 0x3043, 0x3044, 0x3045, 0x3046,
    0x3047, 0x3048, 0x3049, 0x304A, 0x304B, 0x304C, 0x304D, 0x304E, 0x304F, 0x3050, 0x3051, 0x3052,
    0x3053, 0x3054, 0x3055, 0x3056, 0x3057, 0x3058, 0x3059, 0x305A, 0x305B, 0x305C, 0x305D, 0x305E,
    0x305F, 0x3060, 0x3061, 0x3062, 0x3063, 0x3064, 0x3065, 0x3066, 0x3067, 0x3068, 0x3069, 0x306A,
    0x306B, 0x306C, 0x306D, 0x306E, 0x306F, 0x3070, 0x3071, 0x3072, 0x3073, 0x3074, 0x3075, 0x3076,
    0x3077, 0x3078, 0x3079, 0x307A, 0x307B, 0x307C, 0x307D, 0x307E, 0x307F, 0x3080, 0x3081, 0x3082,
    0x3083, 0x3084, 0x3085, 0x3086, 0x3087, 0x3088, 0x3089, 0x308A, 0x308B, 0x308C, 0x308D, 0x308E,
    0x308F, 0x3090, 0x3091, 0x3092, 0x3093, 0x0000, 0x0000, 0x0000, 0x0000, 0x0000, 0x0000, 0x0000,
    0x0000, 0x0000, 0x0000, 0x0000, 0x30A1, 0x30A2, 0x30A3, 0x30A4, 0x30A5, 0x30A6, 0x30A7, 0x30A8,
    0x30A9, 0x30AA, 0x30AB, 0x30AC, 0x30AD, 0x30AE, 0x30AF, 0x30B0, 0x30B1, 0x30B2, 0x30B3, 0x30B4,
    0x30B5, 0x30B6, 0x30B7, 0x30B8, 0x30B9, 0x30BA, 0x30BB, 0x30BC, 0x30BD, 0x30BE, 0x30BF, 0x30C0,
    0x30C1, 0x30C2, 0x30C3, 0x30C4, 0x30C5, 0x30C6, 0x30C7, 0x30C8, 0x30C9, 0x30CA, 0x30CB, 0x30CC,
    0x30CD, 0x30CE, 0x30CF, 0x30D0, 0x30D1, 0x30D2, 0x30D3, 0x30D4, 0x30D5, 0x30D6, 0x30D7, 0x30D8,
    0x30D9, 0x30DA, 0x30DB, 0x30DC, 0x30DD, 0x30DE, 0x30DF, 0x30E0, 0x30E1, 0x30E2, 0x30E3, 0x30E4,
    0x30E5, 0x30E6, 0x30E7, 0x30E8, 0x30E9, 0x30EA, 0x30EB, 0x30EC, 0x30ED, 0x30EE, 0x30EF, 0x30F0,
    0x30F1, 0x30F2, 0x30F3, 0x30F4, 0x30F5, 0x30F6, 0x0000, 0x0000, 0x0000, 0x0000, 0x0000, 0x0000,
    0x0000, 0x0000, 0x0391, 0x0392, 0x0393, 0x0394, 0x0395, 0x0396, 0x0397, 0x0398, 0x0399, 0x039A,
    0x039B, 0x039C, 0x039D, 0x039E, 0x039F, 0x03A0, 0x03A1, 0x03A3, 0x03A4, 0x03A5, 0x03A6, 0x03A7,
    0x03A8, 0x03A9, 0x0000, 0x0000, 0x0000, 0x0000, 0x0000, 0x0000, 0x0000, 0x0000, 0x03B1, 0x03B2,
    0x03B3, 0x03B4, 0x03B5, 0x03B6, 0x03B7, 0x03B8, 0x03B9, 0x03BA, 0x03BB, 0x03BC, 0x03BD, 0x03BE,
    0x03BF, 0x03C0, 0x03C1, 0x03C3, 0x03C4, 0x03C5, 0x03C6, 0x03C7, 0x03C8, 0x03C9, 0x0000, 0x0000,
    0x0000, 0x0000, 0x0000, 0x0000, 0x0000, 0x0000, 0x0000, 0x0000, 0x0000, 0x0000, 0x0000, 0x0000,
    0x0000, 0x0000, 0x0000, 0x0000, 0x0000, 0x0000, 0x0000, 0x0000, 0x0000, 0x0000, 0x0000, 0x0000,
    0x0000, 0x0000, 0x0000, 0x0000, 0x0000, 0x0000, 0x0000, 0x0000, 0x0000, 0x0000, 0x0000, 0x0000,
    0x0410, 0x0411, 0x0412, 0x0413, 0x0414, 0x0415, 0x0401, 0x0416, 0x0417, 0x0418, 0x0419, 0x041A,
    0x041B, 0x041C, 0x041D, 0x041E, 0x041F, 0x0420, 0x0421, 0x0422, 0x0423, 0x0424, 0x0425, 0x0426,
    0x0427, 0x0428, 0x0429, 0x042A, 0x042B, 0x042C, 0x042D, 0x042E, 0x042F, 0x0000, 0x0000, 0x0000,
    0x0000, 0x0000, 0x0000, 0x0000, 0x0000, 0x0000, 0x0000, 0x0000, 0x0000, 0x0000, 0x0000, 0x0000,
    0x0430, 0x0431, 0x0432, 0x0433, 0x0434, 0x0435, 0x0451, 0x0436, 0x0437, 0x0438, 0x0439, 0x043A,
    0x043B, 0x043C, 0x043D, 0x043E, 0x043F, 0x0440, 0x0441, 0x0442, 0x0443, 0x0444, 0x0445, 0x0446,
    0x0447, 0x0448, 0x0449, 0x044A, 0x044B, 0x044C, 0x044D, 0x044E, 0x044F, 0x0000, 0x0000, 0x0000,
    0x0000, 0x0000, 0x0000, 0x0000, 0x0000, 0x0000, 0x0000, 0x0000, 0x0000, 0x0000, 0x2500, 0x2502,
    0x250C, 0x2510, 0x2518, 0x2514, 0x251C, 0x252C, 0x2524, 0x2534, 0x253C, 0x2501, 0x2503, 0x250F,
    0x2513, 0x251B, 0x2517, 0x2523, 0x2533, 0x252B, 0x253B, 0x254B, 0x2520, 0x252F, 0x2528, 0x2537,
    0x253F, 0x251D, 0x2530, 0x2525, 0x2538, 0x2542, 0x0000, 0x0000, 0x0000, 0x0000, 0x0000, 0x0000,
    0x0000, 0x0000, 0x0000, 0x0000, 0x0000, 0x0000, 0x0000, 0x0000, 0x0000, 0x0000, 0x0000, 0x0000,
    0x0000, 0x0000, 0x0000, 0x0000, 0x0000, 0x0000, 0x0000, 0x0000, 0x0000, 0x0000, 0x0000, 0x0000,
    0x0000, 0x0000, 0x0000, 0x0000, 0x0000, 0x0000, 0x0000, 0x0000, 0x0000, 0x0000, 0x0000, 0x0000,
    0x0000, 0x0000, 0x0000, 0x0000, 0x0000, 0x0000, 0x0000, 0x0000, 0x0000, 0x0000, 0x0000, 0x0000,
    0x0000, 0x0000, 0x0000, 0x0000, 0x0000, 0x0000, 0x0000, 0x0000, 0x0000, 0x0000, 0x0000, 0x0000,
    0x0000, 0x0000, 0x0000, 0x0000, 0x0000, 0x0000, 0x0000, 0x0000, 0x0000, 0x0000, 0x0000, 0x0000,
    0x0000, 0x0000, 0x0000, 0x0000, 0x0000, 0x0000, 0x0000, 0x0000, 0x0000, 0x0000, 0x0000, 0x0000,
    0x0000, 0x0000, 0x0000, 0x0000, 0x0000, 0x0000, 0x0000, 0x0000, 0x0000, 0x0000, 0x0000, 0x0000,
    0x0000, 0x0000, 0x0000, 0x0000, 0x0000, 0x0000, 0x0000, 0x0000, 0x0000, 0x0000, 0x0000, 0x0000,
    0x0000, 0x0000, 0x0000, 0x0000, 0x0000, 0x0000, 0x0000, 0x0000, 0x0000, 0x0000, 0x0000, 0x0000,
    0x0000, 0x0000, 0x0000, 0x0000, 0x0000, 0x0000, 0x0000, 0x0000, 0x0000, 0x0000, 0x0000, 0x0000,
    0x0000, 0x0000, 0x0000, 0x0000, 0x0000, 0x0000, 0x0000, 0x0000, 0x0000, 0x0000, 0x0000, 0x0000,
    0x0000, 0x0000, 0x0000, 0x0000, 0x0000, 0x0000, 0x0000, 0x0000, 0x0000, 0x0000, 0x0000, 0x0000,
    0x0000, 0x0000, 0x0000, 0x0000, 0x0000, 0x0000, 0x0000, 0x0000, 0x0000, 0x0000, 0x0000, 0x0000,
    0x0000, 0x0000, 0x0000, 0x0000, 0x0000, 0x0000, 0x0000, 0x0000, 0x0000, 0x0000, 0x0000, 0x0000,
    0x0000, 0x0000, 0x0000, 0x0000, 0x0000, 0x0000, 0x0000, 0x0000, 0x0000, 0x0000, 0x0000, 0x0000,
    0x0000, 0x0000, 0x0000, 0x0000, 0x0000, 0x0000, 0x0000, 0x0000, 0x0000, 0x0000, 0x0000, 0x0000,
    0x0000, 0x0000, 0x0000, 0x0000, 0x0000, 0x0000, 0x0000, 0x0000, 0x0000, 0x0000, 0x0000, 0x0000,
    0x0000, 0x0000, 0x0000, 0x0000, 0x0000, 0x0000, 0x0000, 0x0000, 0x0000, 0x0000, 0x0000, 0x0000,
    0x0000, 0x0000, 0x0000, 0x0000, 0x0000, 0x0000, 0x0000, 0x0000, 0x0000, 0x0000, 0x0000, 0x0000,
    0x0000, 0x0000, 0x0000, 0x0000, 0x0000, 0x0000, 0x0000, 0x0000, 0x0000, 0x0000, 0x0000, 0x0000,
    0x0000, 0x0000, 0x0000, 0x0000, 0x0000, 0x0000, 0x0000, 0x0000, 0x0000, 0x0000, 0x0000, 0x0000,
    0x0000, 0x0000, 0x0000, 0x0000, 0x0000, 0x0000, 0x0000, 0x0000, 0x0000, 0x0000, 0x0000, 0x0000,
    0x0000, 0x0000, 0x0000, 0x0000, 0x0000, 0x0000, 0x0000, 0x0000, 0x0000, 0x0000, 0x0000, 0x0000,
    0x0000, 0x0000, 0x0000, 0x0000, 0x0000, 0x0000, 0x0000, 0x0000, 0x0000, 0x0000, 0x0000, 0x0000,
    0x0000, 0x0000, 0x0000, 0x0000, 0x0000, 0x0000, 0x0000, 0x0000, 0x0000, 0x0000, 0x0000, 0x0000,
    0x0000, 0x0000, 0x0000, 0x0000, 0x0000, 0x0000, 0x0000, 0x0000, 0x0000, 0x0000, 0x0000, 0x0000,
    0x0000, 0x0000, 0x0000, 0x0000, 0x0000, 0x0000, 0x0000, 0x0000, 0x0000, 0x0000, 0x0000, 0x0000,
    0x0000, 0x0000, 0x0000, 0x0000, 0x0000, 0x0000, 0x0000, 0x0000, 0x0000, 0x0000, 0x0000, 0x0000,
    0x0000, 0x0000, 0x0000, 0x0000, 0x0000, 0x0000, 0x0000, 0x0000, 0x0000, 0x0000, 0x0000, 0x0000,
    0x0000, 0x0000, 0x0000, 0x0000, 0x0000, 0x0000, 0x0000, 0x0000, 0x0000, 0x0000, 0x0000, 0x0000,
    0x0000, 0x0000, 0x0000, 0x0000, 0x0000, 0x0000, 0x0000, 0x0000, 0x0000, 0x0000, 0x0000, 0x0000,
    0x0000, 0x0000, 0x0000, 0x0000, 0x0000, 0x0000, 0x0000, 0x0000, 0x0000, 0x0000, 0x0000, 0x0000,
    0x0000, 0x0000, 0x0000, 0x0000, 0x0000, 0x0000, 0x0000, 0x0000, 0x0000, 0x0000, 0x0000, 0x0000,
    0x0000, 0x0000, 0x0000, 0x0000, 0x0000, 0x0000, 0x0000, 0x0000, 0x0000, 0x0000, 0x0000, 0x0000,
    0x0000, 0x0000, 0x0000, 0x0000, 0x0000, 0x0000, 0x0000, 0x0000, 0x0000, 0x0000, 0x0000, 0x0000,
    0x2460, 0x2461, 0x2462, 0x2463, 0x2464, 0x2465, 0x2466, 0x2467, 0x2468, 0x2469, 0x246A, 0x246B,
    0x246C, 0x246D, 0x246E, 0x246F, 0x2470, 0x2471, 0x2472, 0x2473, 0x2160, 0x2161, 0x2162, 0x2163,
    0x2164, 0x2165, 0x2166, 0x2167, 0x2168, 0x2169, 0x0000, 0x3349, 0x3314, 0x3322, 0x334D, 0x3318,
    0x3327, 0x3303, 0x3336, 0x3351, 0x3357, 0x330D, 0x3326, 0x3323, 0x332B, 0x334A, 0x333B, 0x339C,
    0x339D, 0x339E, 0x338E, 0x338F, 0x33C4, 0x33A1, 0x0000, 0x0000, 0x0000, 0x0000, 0x0000, 0x0000,
    0x0000, 0x0000, 0x337B, 0x301D, 0x301F, 0x2116, 0x33CD, 0x2121, 0x32A4, 0x32A5, 0x32A6, 0x32A7,
    0x32A8, 0x3231, 0x3232, 0x3239, 0x337E, 0x337D, 0x337C, 0x2252, 0x2261, 0x222B, 0x222E, 0x2211,
    0x221A, 0x22A5, 0x2220, 0x221F, 0x22BF, 0x2235, 0x2229, 0x222A, 0x0000, 0x0000, 0x0000, 0x0000,
    0x0000, 0x0000, 0x0000, 0x0000, 0x0000, 0x0000, 0x0000, 0x0000, 0x0000, 0x0000, 0x0000, 0x0000,
    0x0000, 0x0000, 0x0000, 0x0000, 0x0000, 0x0000, 0x0000, 0x0000, 0x0000, 0x0000, 0x0000, 0x0000,
    0x0000, 0x0000, 0x0000, 0x0000, 0x0000, 0x0000, 0x0000, 0x0000, 0x0000, 0x0000, 0x0000, 0x0000,
    0x0000, 0x0000, 0x0000, 0x0000, 0x0000, 0x0000, 0x0000, 0x0000, 0x0000, 0x0000, 0x0000, 0x0000,
    0x0000, 0x0000, 0x0000, 0x0000, 0x0000, 0x0000, 0x0000, 0x0000, 0x0000, 0x0000, 0x0000, 0x0000,
    0x0000, 0x0000, 0x0000, 0x0000, 0x0000, 0x0000, 0x0000, 0x0000, 0x0000, 0x0000, 0x0000, 0x0000,
    0x0000, 0x0000, 0x0000, 0x0000, 0x0000, 0x0000, 0x0000, 0x0000, 0x0000, 0x0000, 0x0000, 0x0000,
    0x0000, 0x0000, 0x0000, 0x0000, 0x0000, 0x0000, 0x0000, 0x0000, 0x0000, 0x0000, 0x0000, 0x0000,
    0x0000, 0x0000, 0x0000, 0x0000, 0x0000, 0x0000, 0x0000, 0x0000, 0x0000, 0x0000, 0x0000, 0x0000,
    0x0000, 0x0000, 0x0000, 0x0000, 0x0000, 0x0000, 0x0000, 0x0000, 0x0000, 0x0000, 0x0000, 0x0000,
    0x0000, 0x0000, 0x0000, 0x0000, 0x0000, 0x0000, 0x0000, 0x0000, 0x0000, 0x0000, 0x0000, 0x0000,
    0x0000, 0x0000, 0x0000, 0x0000, 0x0000, 0x0000, 0x0000, 0x0000, 0x0000, 0x0000, 0x0000, 0x0000,
    0x0000, 0x0000, 0x0000, 0x0000, 0x0000, 0x0000, 0x0000, 0x0000, 0x0000, 0x0000, 0x0000, 0x0000,
    0x0000, 0x0000, 0x0000, 0x0000, 0x0000, 0x0000, 0x0000, 0x0000, 0x0000, 0x0000, 0x0000, 0x0000,
    0x0000, 0x0000, 0x0000, 0x0000, 0x0000, 0x0000, 0x0000, 0x0000, 0x0000, 0x0000, 0x0000, 0x0000,
    0x0000, 0x0000, 0x0000, 0x0000, 0x0000, 0x0000, 0x4E9C, 0x5516, 0x5A03, 0x963F, 0x54C0, 0x611B,
    0x6328, 0x59F6, 0x9022, 0x8475, 0x831C, 0x7A50, 0x60AA, 0x63E1, 0x6E25, 0x65ED, 0x8466, 0x82A6,
    0x9BF5, 0x6893, 0x5727, 0x65A1, 0x6271, 0x5B9B, 0x59D0, 0x867B, 0x98F4, 0x7D62, 0x7DBE, 0x9B8E,
    0x6216, 0x7C9F, 0x88B7, 0x5B89, 0x5EB5, 0x6309, 0x6697, 0x6848, 0x95C7, 0x978D, 0x674F, 0x4EE5,
    0x4F0A, 0x4F4D, 0x4F9D, 0x5049, 0x56F2, 0x5937, 0x59D4, 0x5A01, 0x5C09, 0x60DF, 0x610F, 0x6170,
    0x6613, 0x6905, 0x70BA, 0x754F, 0x7570, 0x79FB, 0x7DAD, 0x7DEF, 0x80C3, 0x840E, 0x8863, 0x8B02,
    0x9055, 0x907A, 0x533B, 0x4E95, 0x4EA5, 0x57DF, 0x80B2, 0x90C1, 0x78EF, 0x4E00, 0x58F1, 0x6EA2,
    0x9038, 0x7A32, 0x8328, 0x828B, 0x9C2F, 0x5141, 0x5370, 0x54BD, 0x54E1, 0x56E0, 0x59FB, 0x5F15,
    0x98F2, 0x6DEB, 0x80E4, 0x852D, 0x9662, 0x9670, 0x96A0, 0x97FB, 0x540B, 0x53F3, 0x5B87, 0x70CF,
    0x7FBD, 0x8FC2, 0x96E8, 0x536F, 0x9D5C, 0x7ABA, 0x4E11, 0x7893, 0x81FC, 0x6E26, 0x5618, 0x5504,
    0x6B1D, 0x851A, 0x9C3B, 0x59E5, 0x53A9, 0x6D66, 0x74DC, 0x958F, 0x5642, 0x4E91, 0x904B, 0x96F2,
    0x834F, 0x990C, 0x53E1, 0x55B6, 0x5B30, 0x5F71, 0x6620, 0x66F3, 0x6804, 0x6C38, 0x6CF3, 0x6D29,
    0x745B, 0x76C8, 0x7A4E, 0x9834, 0x82F1, 0x885B, 0x8A60, 0x92ED, 0x6DB2, 0x75AB, 0x76CA, 0x99C5,
    0x60A6, 0x8B01, 0x8D8A, 0x95B2, 0x698E, 0x53AD, 0x5186, 0x5712, 0x5830, 0x5944, 0x5BB4, 0x5EF6,
    0x6028, 0x63A9, 0x63F4, 0x6CBF, 0x6F14, 0x708E, 0x7114, 0x7159, 0x71D5, 0x733F, 0x7E01, 0x8276,
    0x82D1, 0x8597, 0x9060, 0x925B, 0x9D1B, 0x5869, 0x65BC, 0x6C5A, 0x7525, 0x51F9, 0x592E, 0x5965,
    0x5F80, 0x5FDC, 0x62BC, 0x65FA, 0x6A2A, 0x6B27, 0x6BB4, 0x738B, 0x7FC1, 0x8956, 0x9D2C, 0x9D0E,
    0x9EC4, 0x5CA1, 0x6C96, 0x837B, 0x5104, 0x5C4B, 0x61B6, 0x81C6, 0x6876, 0x7261, 0x4E59, 0x4FFA,
    0x5378, 0x6069, 0x6E29, 0x7A4F, 0x97F3, 0x4E0B, 0x5316, 0x4EEE, 0x4F55, 0x4F3D, 0x4FA1, 0x4F73,
    0x52A0, 0x53EF, 0x5609, 0x590F, 0x5AC1, 0x5BB6, 0x5BE1, 0x79D1, 0x6687, 0x679C, 0x67B6, 0x6B4C,
    0x6CB3, 0x706B, 0x73C2, 0x798D, 0x79BE, 0x7A3C, 0x7B87, 0x82B1, 0x82DB, 0x8304, 0x8377, 0x83EF,
    0x83D3, 0x8766, 0x8AB2, 0x5629, 0x8CA8, 0x8FE6, 0x904E, 0x971E, 0x868A, 0x4FC4, 0x5CE8, 0x6211,
    0x7259, 0x753B, 0x81E5, 0x82BD, 0x86FE, 0x8CC0, 0x96C5, 0x9913, 0x99D5, 0x4ECB, 0x4F1A, 0x89E3,
    0x56DE, 0x584A, 0x58CA, 0x5EFB, 0x5FEB, 0x602A, 0x6094, 0x6062, 0x61D0, 0x6212, 0x62D0, 0x6539,
    0x9B41, 0x6666, 0x68B0, 0x6D77, 0x7070, 0x754C, 0x7686, 0x7D75, 0x82A5, 0x87F9, 0x958B, 0x968E,
    0x8C9D, 0x51F1, 0x52BE, 0x5916, 0x54B3, 0x5BB3, 0x5D16, 0x6168, 0x6982, 0x6DAF, 0x788D, 0x84CB,
    0x8857, 0x8A72, 0x93A7, 0x9AB8, 0x6D6C, 0x99A8, 0x86D9, 0x57A3, 0x67FF, 0x86CE, 0x920E, 0x5283,
    0x5687, 0x5404, 0x5ED3, 0x62E1, 0x64B9, 0x683C, 0x6838, 0x6BBB, 0x7372, 0x78BA, 0x7A6B, 0x899A,
    0x89D2, 0x8D6B, 0x8F03, 0x90ED, 0x95A3, 0x9694, 0x9769, 0x5B66, 0x5CB3, 0x697D, 0x984D, 0x984E,
    0x639B, 0x7B20, 0x6A2B, 0x6A7F, 0x68B6, 0x9C0D, 0x6F5F, 0x5272, 0x559D, 0x6070, 0x62EC, 0x6D3B,
    0x6E07, 0x6ED1, 0x845B, 0x8910, 0x8F44, 0x4E14, 0x9C39, 0x53F6, 0x691B, 0x6A3A, 0x9784, 0x682A,
    0x515C, 0x7AC3, 0x84B2, 0x91DC, 0x938C, 0x565B, 0x9D28, 0x6822, 0x8305, 0x8431, 0x7CA5, 0x5208,
    0x82C5, 0x74E6, 0x4E7E, 0x4F83, 0x51A0, 0x5BD2, 0x520A, 0x52D8, 0x52E7, 0x5DFB, 0x559A, 0x582A,
    0x59E6, 0x5B8C, 0x5B98, 0x5BDB, 0x5E72, 0x5E79, 0x60A3, 0x611F, 0x6163, 0x61BE, 0x63DB, 0x6562,
    0x67D1, 0x6853, 0x68FA, 0x6B3E, 0x6B53, 0x6C57, 0x6F22, 0x6F97, 0x6F45, 0x74B0, 0x7518, 0x76E3,
    0x770B, 0x7AFF, 0x7BA1, 0x7C21, 0x7DE9, 0x7F36, 0x7FF0, 0x809D, 0x8266, 0x839E, 0x89B3, 0x8ACC,
    0x8CAB, 0x9084, 0x9451, 0x9593, 0x9591, 0x95A2, 0x9665, 0x97D3, 0x9928, 0x8218, 0x4E38, 0x542B,
    0x5CB8, 0x5DCC, 0x73A9, 0x764C, 0x773C, 0x5CA9, 0x7FEB, 0x8D0B, 0x96C1, 0x9811, 0x9854, 0x9858,
    0x4F01, 0x4F0E, 0x5371, 0x559C, 0x5668, 0x57FA, 0x5947, 0x5B09, 0x5BC4, 0x5C90, 0x5E0C, 0x5E7E,
    0x5FCC, 0x63EE, 0x673A, 0x65D7, 0x65E2, 0x671F, 0x68CB, 0x68C4, 0x6A5F, 0x5E30, 0x6BC5, 0x6C17,
    0x6C7D, 0x757F, 0x7948, 0x5B63, 0x7A00, 0x7D00, 0x5FBD, 0x898F, 0x8A18, 0x8CB4, 0x8D77, 0x8ECC,
    0x8F1D, 0x98E2, 0x9A0E, 0x9B3C, 0x4E80, 0x507D, 0x5100, 0x5993, 0x5B9C, 0x622F, 0x6280, 0x64EC,
    0x6B3A, 0x72A0, 0x7591, 0x7947, 0x7FA9, 0x87FB, 0x8ABC, 0x8B70, 0x63AC, 0x83CA, 0x97A0, 0x5409,
    0x5403, 0x55AB, 0x6854, 0x6A58, 0x8A70, 0x7827, 0x6775, 0x9ECD, 0x5374, 0x5BA2, 0x811A, 0x8650,
    0x9006, 0x4E18, 0x4E45, 0x4EC7, 0x4F11, 0x53CA, 0x5438, 0x5BAE, 0x5F13, 0x6025, 0x6551, 0x673D,
    0x6C42, 0x6C72, 0x6CE3, 0x7078, 0x7403, 0x7A76, 0x7AAE, 0x7B08, 0x7D1A, 0x7CFE, 0x7D66, 0x65E7,
    0x725B, 0x53BB, 0x5C45, 0x5DE8, 0x62D2, 0x62E0, 0x6319, 0x6E20, 0x865A, 0x8A31, 0x8DDD, 0x92F8,
    0x6F01, 0x79A6, 0x9B5A, 0x4EA8, 0x4EAB, 0x4EAC, 0x4F9B, 0x4FA0, 0x50D1, 0x5147, 0x7AF6, 0x5171,
    0x51F6, 0x5354, 0x5321, 0x537F, 0x53EB, 0x55AC, 0x5883, 0x5CE1, 0x5F37, 0x5F4A, 0x602F, 0x6050,
    0x606D, 0x631F, 0x6559, 0x6A4B, 0x6CC1, 0x72C2, 0x72ED, 0x77EF, 0x80F8, 0x8105, 0x8208, 0x854E,
    0x90F7, 0x93E1, 0x97FF, 0x9957, 0x9A5A, 0x4EF0, 0x51DD, 0x5C2D, 0x6681, 0x696D, 0x5C40, 0x66F2,
    0x6975, 0x7389, 0x6850, 0x7C81, 0x50C5, 0x52E4, 0x5747, 0x5DFE, 0x9326, 0x65A4, 0x6B23, 0x6B3D,
    0x7434, 0x7981, 0x79BD, 0x7B4B, 0x7DCA, 0x82B9, 0x83CC, 0x887F, 0x895F, 0x8B39, 0x8FD1, 0x91D1,
    0x541F, 0x9280, 0x4E5D, 0x5036, 0x53E5, 0x533A, 0x72D7, 0x7396, 0x77E9, 0x82E6, 0x8EAF, 0x99C6,
    0x99C8, 0x99D2, 0x5177, 0x611A, 0x865E, 0x55B0, 0x7A7A, 0x5076, 0x5BD3, 0x9047, 0x9685, 0x4E32,
    0x6ADB, 0x91E7, 0x5C51, 0x5C48, 0x6398, 0x7A9F, 0x6C93, 0x9774, 0x8F61, 0x7AAA, 0x718A, 0x9688,
    0x7C82, 0x6817, 0x7E70, 0x6851, 0x936C, 0x52F2, 0x541B, 0x85AB, 0x8A13, 0x7FA4, 0x8ECD, 0x90E1,
    0x5366, 0x8888, 0x7941, 0x4FC2, 0x50BE, 0x5211, 0x5144, 0x5553, 0x572D, 0x73EA, 0x578B, 0x5951,
    0x5F62, 0x5F84, 0x6075, 0x6176, 0x6167, 0x61A9, 0x63B2, 0x643A, 0x656C, 0x666F, 0x6842, 0x6E13,
    0x7566, 0x7A3D, 0x7CFB, 0x7D4C, 0x7D99, 0x7E4B, 0x7F6B, 0x830E, 0x834A, 0x86CD, 0x8A08, 0x8A63,
    0x8B66, 0x8EFD, 0x981A, 0x9D8F, 0x82B8, 0x8FCE, 0x9BE8, 0x5287, 0x621F, 0x6483, 0x6FC0, 0x9699,
    0x6841, 0x5091, 0x6B20, 0x6C7A, 0x6F54, 0x7A74, 0x7D50, 0x8840, 0x8A23, 0x6708, 0x4EF6, 0x5039,
    0x5026, 0x5065, 0x517C, 0x5238, 0x5263, 0x55A7, 0x570F, 0x5805, 0x5ACC, 0x5EFA, 0x61B2, 0x61F8,
    0x62F3, 0x6372, 0x691C, 0x6A29, 0x727D, 0x72AC, 0x732E, 0x7814, 0x786F, 0x7D79, 0x770C, 0x80A9,
    0x898B, 0x8B19, 0x8CE2, 0x8ED2, 0x9063, 0x9375, 0x967A, 0x9855, 0x9A13, 0x9E78, 0x5143, 0x539F,
    0x53B3, 0x5E7B, 0x5F26, 0x6E1B, 0x6E90, 0x7384, 0x73FE, 0x7D43, 0x8237, 0x8A00, 0x8AFA, 0x9650,
    0x4E4E, 0x500B, 0x53E4, 0x547C, 0x56FA, 0x59D1, 0x5B64, 0x5DF1, 0x5EAB, 0x5F27, 0x6238, 0x6545,
    0x67AF, 0x6E56, 0x72D0, 0x7CCA, 0x88B4, 0x80A1, 0x80E1, 0x83F0, 0x864E, 0x8A87, 0x8DE8, 0x9237,
    0x96C7, 0x9867, 0x9F13, 0x4E94, 0x4E92, 0x4F0D, 0x5348, 0x5449, 0x543E, 0x5A2F, 0x5F8C, 0x5FA1,
    0x609F, 0x68A7, 0x6A8E, 0x745A, 0x7881, 0x8A9E, 0x8AA4, 0x8B77, 0x9190, 0x4E5E, 0x9BC9, 0x4EA4,
    0x4F7C, 0x4FAF, 0x5019, 0x5016, 0x5149, 0x516C, 0x529F, 0x52B9, 0x52FE, 0x539A, 0x53E3, 0x5411,
    0x540E, 0x5589, 0x5751, 0x57A2, 0x597D, 0x5B54, 0x5B5D, 0x5B8F, 0x5DE5, 0x5DE7, 0x5DF7, 0x5E78,
    0x5E83, 0x5E9A, 0x5EB7, 0x5F18, 0x6052, 0x614C, 0x6297, 0x62D8, 0x63A7, 0x653B, 0x6602, 0x6643,
    0x66F4, 0x676D, 0x6821, 0x6897, 0x69CB, 0x6C5F, 0x6D2A, 0x6D69, 0x6E2F, 0x6E9D, 0x7532, 0x7687,
    0x786C, 0x7A3F, 0x7CE0, 0x7D05, 0x7D18, 0x7D5E, 0x7DB1, 0x8015, 0x8003, 0x80AF, 0x80B1, 0x8154,
    0x818F, 0x822A, 0x8352, 0x884C, 0x8861, 0x8B1B, 0x8CA2, 0x8CFC, 0x90CA, 0x9175, 0x9271, 0x783F,
    0x92FC, 0x95A4, 0x964D, 0x9805, 0x9999, 0x9AD8, 0x9D3B, 0x525B, 0x52AB, 0x53F7, 0x5408, 0x58D5,
    0x62F7, 0x6FE0, 0x8C6A, 0x8F5F, 0x9EB9, 0x514B, 0x523B, 0x544A, 0x56FD, 0x7A40, 0x9177, 0x9D60,
    0x9ED2, 0x7344, 0x6F09, 0x8170, 0x7511, 0x5FFD, 0x60DA, 0x9AA8, 0x72DB, 0x8FBC, 0x6B64, 0x9803,
    0x4ECA, 0x56F0, 0x5764, 0x58BE, 0x5A5A, 0x6068, 0x61C7, 0x660F, 0x6606, 0x6839, 0x68B1, 0x6DF7,
    0x75D5, 0x7D3A, 0x826E, 0x9B42, 0x4E9B, 0x4F50, 0x53C9, 0x5506, 0x5D6F, 0x5DE6, 0x5DEE, 0x67FB,
    0x6C99, 0x7473, 0x7802, 0x8A50, 0x9396, 0x88DF, 0x5750, 0x5EA7, 0x632B, 0x50B5, 0x50AC, 0x518D,
    0x6700, 0x54C9, 0x585E, 0x59BB, 0x5BB0, 0x5F69, 0x624D, 0x63A1, 0x683D, 0x6B73, 0x6E08, 0x707D,
    0x91C7, 0x7280, 0x7815, 0x7826, 0x796D, 0x658E, 0x7D30, 0x83DC, 0x88C1, 0x8F09, 0x969B, 0x5264,
    0x5728, 0x6750, 0x7F6A, 0x8CA1, 0x51B4, 0x5742, 0x962A, 0x583A, 0x698A, 0x80B4, 0x54B2, 0x5D0E,
    0x57FC, 0x7895, 0x9DFA, 0x4F5C, 0x524A, 0x548B, 0x643E, 0x6628, 0x6714, 0x67F5, 0x7A84, 0x7B56,
    0x7D22, 0x932F, 0x685C, 0x9BAD, 0x7B39, 0x5319, 0x518A, 0x5237, 0x5BDF, 0x62F6, 0x64AE, 0x64E6,
    0x672D, 0x6BBA, 0x85A9, 0x96D1, 0x7690, 0x9BD6, 0x634C, 0x9306, 0x9BAB, 0x76BF, 0x6652, 0x4E09,
    0x5098, 0x53C2, 0x5C71, 0x60E8, 0x6492, 0x6563, 0x685F, 0x71E6, 0x73CA, 0x7523, 0x7B97, 0x7E82,
    0x8695, 0x8B83, 0x8CDB, 0x9178, 0x9910, 0x65AC, 0x66AB, 0x6B8B, 0x4ED5, 0x4ED4, 0x4F3A, 0x4F7F,
    0x523A, 0x53F8, 0x53F2, 0x55E3, 0x56DB, 0x58EB, 0x59CB, 0x59C9, 0x59FF, 0x5B50, 0x5C4D, 0x5E02,
    0x5E2B, 0x5FD7, 0x601D, 0x6307, 0x652F, 0x5B5C, 0x65AF, 0x65BD, 0x65E8, 0x679D, 0x6B62, 0x6B7B,
    0x6C0F, 0x7345, 0x7949, 0x79C1, 0x7CF8, 0x7D19, 0x7D2B, 0x80A2, 0x8102, 0x81F3, 0x8996, 0x8A5E,
    0x8A69, 0x8A66, 0x8A8C, 0x8AEE, 0x8CC7, 0x8CDC, 0x96CC, 0x98FC, 0x6B6F, 0x4E8B, 0x4F3C, 0x4F8D,
    0x5150, 0x5B57, 0x5BFA, 0x6148, 0x6301, 0x6642, 0x6B21, 0x6ECB, 0x6CBB, 0x723E, 0x74BD, 0x75D4,
    0x78C1, 0x793A, 0x800C, 0x8033, 0x81EA, 0x8494, 0x8F9E, 0x6C50, 0x9E7F, 0x5F0F, 0x8B58, 0x9D2B,
    0x7AFA, 0x8EF8, 0x5B8D, 0x96EB, 0x4E03, 0x53F1, 0x57F7, 0x5931, 0x5AC9, 0x5BA4, 0x6089, 0x6E7F,
    0x6F06, 0x75BE, 0x8CEA, 0x5B9F, 0x8500, 0x7BE0, 0x5072, 0x67F4, 0x829D, 0x5C61, 0x854A, 0x7E1E,
    0x820E, 0x5199, 0x5C04, 0x6368, 0x8D66, 0x659C, 0x716E, 0x793E, 0x7D17, 0x8005, 0x8B1D, 0x8ECA,
    0x906E, 0x86C7, 0x90AA, 0x501F, 0x52FA, 0x5C3A, 0x6753, 0x707C, 0x7235, 0x914C, 0x91C8, 0x932B,
    0x82E5, 0x5BC2, 0x5F31, 0x60F9, 0x4E3B, 0x53D6, 0x5B88, 0x624B, 0x6731, 0x6B8A, 0x72E9, 0x73E0,
    0x7A2E, 0x816B, 0x8DA3, 0x9152, 0x9996, 0x5112, 0x53D7, 0x546A, 0x5BFF, 0x6388, 0x6A39, 0x7DAC,
    0x9700, 0x56DA, 0x53CE, 0x5468, 0x5B97, 0x5C31, 0x5DDE, 0x4FEE, 0x6101, 0x62FE, 0x6D32, 0x79C0,
    0x79CB, 0x7D42, 0x7E4D, 0x7FD2, 0x81ED, 0x821F, 0x8490, 0x8846, 0x8972, 0x8B90, 0x8E74, 0x8F2F,
    0x9031, 0x914B, 0x916C, 0x96C6, 0x919C, 0x4EC0, 0x4F4F, 0x5145, 0x5341, 0x5F93, 0x620E, 0x67D4,
    0x6C41, 0x6E0B, 0x7363, 0x7E26, 0x91CD, 0x9283, 0x53D4, 0x5919, 0x5BBF, 0x6DD1, 0x795D, 0x7E2E,
    0x7C9B, 0x587E, 0x719F, 0x51FA, 0x8853, 0x8FF0, 0x4FCA, 0x5CFB, 0x6625, 0x77AC, 0x7AE3, 0x821C,
    0x99FF, 0x51C6, 0x5FAA, 0x65EC, 0x696F, 0x6B89, 0x6DF3, 0x6E96, 0x6F64, 0x76FE, 0x7D14, 0x5DE1,
    0x9075, 0x9187, 0x9806, 0x51E6, 0x521D, 0x6240, 0x6691, 0x66D9, 0x6E1A, 0x5EB6, 0x7DD2, 0x7F72,
    0x66F8, 0x85AF, 0x85F7, 0x8AF8, 0x52A9, 0x53D9, 0x5973, 0x5E8F, 0x5F90, 0x6055, 0x92E4, 0x9664,
    0x50B7, 0x511F, 0x52DD, 0x5320, 0x5347, 0x53EC, 0x54E8, 0x5546, 0x5531, 0x5617, 0x5968, 0x59BE,
    0x5A3C, 0x5BB5, 0x5C06, 0x5C0F, 0x5C11, 0x5C1A, 0x5E84, 0x5E8A, 0x5EE0, 0x5F70, 0x627F, 0x6284,
    0x62DB, 0x638C, 0x6377, 0x6607, 0x660C, 0x662D, 0x6676, 0x677E, 0x68A2, 0x6A1F, 0x6A35, 0x6CBC,
    0x6D88, 0x6E09, 0x6E58, 0x713C, 0x7126, 0x7167, 0x75C7, 0x7701, 0x785D, 0x7901, 0x7965, 0x79F0,
    0x7AE0, 0x7B11, 0x7CA7, 0x7D39, 0x8096, 0x83D6, 0x848B, 0x8549, 0x885D, 0x88F3, 0x8A1F, 0x8A3C,
    0x8A54, 0x8A73, 0x8C61, 0x8CDE, 0x91A4, 0x9266, 0x937E, 0x9418, 0x969C, 0x9798, 0x4E0A, 0x4E08,
    0x4E1E, 0x4E57, 0x5197, 0x5270, 0x57CE, 0x5834, 0x58CC, 0x5B22, 0x5E38, 0x60C5, 0x64FE, 0x6761,
    0x6756, 0x6D44, 0x72B6, 0x7573, 0x7A63, 0x84B8, 0x8B72, 0x91B8, 0x9320, 0x5631, 0x57F4, 0x98FE,
    0x62ED, 0x690D, 0x6B96, 0x71ED, 0x7E54, 0x8077, 0x8272, 0x89E6, 0x98DF, 0x8755, 0x8FB1, 0x5C3B,
    0x4F38, 0x4FE1, 0x4FB5, 0x5507, 0x5A20, 0x5BDD, 0x5BE9, 0x5FC3, 0x614E, 0x632F, 0x65B0, 0x664B,
    0x68EE, 0x699B, 0x6D78, 0x6DF1, 0x7533, 0x75B9, 0x771F, 0x795E, 0x79E6, 0x7D33, 0x81E3, 0x82AF,
    0x85AA, 0x89AA, 0x8A3A, 0x8EAB, 0x8F9B, 0x9032, 0x91DD, 0x9707, 0x4EBA, 0x4EC1, 0x5203, 0x5875,
    0x58EC, 0x5C0B, 0x751A, 0x5C3D, 0x814E, 0x8A0A, 0x8FC5, 0x9663, 0x976D, 0x7B25, 0x8ACF, 0x9808,
    0x9162, 0x56F3, 0x53A8, 0x9017, 0x5439, 0x5782, 0x5E25, 0x63A8, 0x6C34, 0x708A, 0x7761, 0x7C8B,
    0x7FE0, 0x8870, 0x9042, 0x9154, 0x9310, 0x9318, 0x968F, 0x745E, 0x9AC4, 0x5D07, 0x5D69, 0x6570,
    0x67A2, 0x8DA8, 0x96DB, 0x636E, 0x6749, 0x6919, 0x83C5, 0x9817, 0x96C0, 0x88FE, 0x6F84, 0x647A,
    0x5BF8, 0x4E16, 0x702C, 0x755D, 0x662F, 0x51C4, 0x5236, 0x52E2, 0x59D3, 0x5F81, 0x6027, 0x6210,
    0x653F, 0x6574, 0x661F, 0x6674, 0x68F2, 0x6816, 0x6B63, 0x6E05, 0x7272, 0x751F, 0x76DB, 0x7CBE,
    0x8056, 0x58F0, 0x88FD, 0x897F, 0x8AA0, 0x8A93, 0x8ACB, 0x901D, 0x9192, 0x9752, 0x9759, 0x6589,
    0x7A0E, 0x8106, 0x96BB, 0x5E2D, 0x60DC, 0x621A, 0x65A5, 0x6614, 0x6790, 0x77F3, 0x7A4D, 0x7C4D,
    0x7E3E, 0x810A, 0x8CAC, 0x8D64, 0x8DE1, 0x8E5F, 0x78A9, 0x5207, 0x62D9, 0x63A5, 0x6442, 0x6298,
    0x8A2D, 0x7A83, 0x7BC0, 0x8AAC, 0x96EA, 0x7D76, 0x820C, 0x8749, 0x4ED9, 0x5148, 0x5343, 0x5360,
    0x5BA3, 0x5C02, 0x5C16, 0x5DDD, 0x6226, 0x6247, 0x64B0, 0x6813, 0x6834, 0x6CC9, 0x6D45, 0x6D17,
    0x67D3, 0x6F5C, 0x714E, 0x717D, 0x65CB, 0x7A7F, 0x7BAD, 0x7DDA, 0x7E4A, 0x7FA8, 0x817A, 0x821B,
    0x8239, 0x85A6, 0x8A6E, 0x8CCE, 0x8DF5, 0x9078, 0x9077, 0x92AD, 0x9291, 0x9583, 0x9BAE, 0x524D,
    0x5584, 0x6F38, 0x7136, 0x5168, 0x7985, 0x7E55, 0x81B3, 0x7CCE, 0x564C, 0x5851, 0x5CA8, 0x63AA,
    0x66FE, 0x66FD, 0x695A, 0x72D9, 0x758F, 0x758E, 0x790E, 0x7956, 0x79DF, 0x7C97, 0x7D20, 0x7D44,
    0x8607, 0x8A34, 0x963B, 0x9061, 0x9F20, 0x50E7, 0x5275, 0x53CC, 0x53E2, 0x5009, 0x55AA, 0x58EE,
    0x594F, 0x723D, 0x5B8B, 0x5C64, 0x531D, 0x60E3, 0x60F3, 0x635C, 0x6383, 0x633F, 0x63BB, 0x64CD,
    0x65E9, 0x66F9, 0x5DE3, 0x69CD, 0x69FD, 0x6F15, 0x71E5, 0x4E89, 0x75E9, 0x76F8, 0x7A93, 0x7CDF,
    0x7DCF, 0x7D9C, 0x8061, 0x8349, 0x8358, 0x846C, 0x84BC, 0x85FB, 0x88C5, 0x8D70, 0x9001, 0x906D,
    0x9397, 0x971C, 0x9A12, 0x50CF, 0x5897, 0x618E, 0x81D3, 0x8535, 0x8D08, 0x9020, 0x4FC3, 0x5074,
    0x5247, 0x5373, 0x606F, 0x6349, 0x675F, 0x6E2C, 0x8DB3, 0x901F, 0x4FD7, 0x5C5E, 0x8CCA, 0x65CF,
    0x7D9A, 0x5352, 0x8896, 0x5176, 0x63C3, 0x5B58, 0x5B6B, 0x5C0A, 0x640D, 0x6751, 0x905C, 0x4ED6,
    0x591A, 0x592A, 0x6C70, 0x8A51, 0x553E, 0x5815, 0x59A5, 0x60F0, 0x6253, 0x67C1, 0x8235, 0x6955,
    0x9640, 0x99C4, 0x9A28, 0x4F53, 0x5806, 0x5BFE, 0x8010, 0x5CB1, 0x5E2F, 0x5F85, 0x6020, 0x614B,
    0x6234, 0x66FF, 0x6CF0, 0x6EDE, 0x80CE, 0x817F, 0x82D4, 0x888B, 0x8CB8, 0x9000, 0x902E, 0x968A,
    0x9EDB, 0x9BDB, 0x4EE3, 0x53F0, 0x5927, 0x7B2C, 0x918D, 0x984C, 0x9DF9, 0x6EDD, 0x7027, 0x5353,
    0x5544, 0x5B85, 0x6258, 0x629E, 0x62D3, 0x6CA2, 0x6FEF, 0x7422, 0x8A17, 0x9438, 0x6FC1, 0x8AFE,
    0x8338, 0x51E7, 0x86F8, 0x53EA, 0x53E9, 0x4F46, 0x9054, 0x8FB0, 0x596A, 0x8131, 0x5DFD, 0x7AEA,
    0x8FBF, 0x68DA, 0x8C37, 0x72F8, 0x9C48, 0x6A3D, 0x8AB0, 0x4E39, 0x5358, 0x5606, 0x5766, 0x62C5,
    0x63A2, 0x65E6, 0x6B4E, 0x6DE1, 0x6E5B, 0x70AD, 0x77ED, 0x7AEF, 0x7BAA, 0x7DBB, 0x803D, 0x80C6,
    0x86CB, 0x8A95, 0x935B, 0x56E3, 0x58C7, 0x5F3E, 0x65AD, 0x6696, 0x6A80, 0x6BB5, 0x7537, 0x8AC7,
    0x5024, 0x77E5, 0x5730, 0x5F1B, 0x6065, 0x667A, 0x6C60, 0x75F4, 0x7A1A, 0x7F6E, 0x81F4, 0x8718,
    0x9045, 0x99B3, 0x7BC9, 0x755C, 0x7AF9, 0x7B51, 0x84C4, 0x9010, 0x79E9, 0x7A92, 0x8336, 0x5AE1,
    0x7740, 0x4E2D, 0x4EF2, 0x5B99, 0x5FE0, 0x62BD, 0x663C, 0x67F1, 0x6CE8, 0x866B, 0x8877, 0x8A3B,
    0x914E, 0x92F3, 0x99D0, 0x6A17, 0x7026, 0x732A, 0x82E7, 0x8457, 0x8CAF, 0x4E01, 0x5146, 0x51CB,
    0x558B, 0x5BF5, 0x5E16, 0x5E33, 0x5E81, 0x5F14, 0x5F35, 0x5F6B, 0x5FB4, 0x61F2, 0x6311, 0x66A2,
    0x671D, 0x6F6E, 0x7252, 0x753A, 0x773A, 0x8074, 0x8139, 0x8178, 0x8776, 0x8ABF, 0x8ADC, 0x8D85,
    0x8DF3, 0x929A, 0x9577, 0x9802, 0x9CE5, 0x52C5, 0x6357, 0x76F4, 0x6715, 0x6C88, 0x73CD, 0x8CC3,
    0x93AE, 0x9673, 0x6D25, 0x589C, 0x690E, 0x69CC, 0x8FFD, 0x939A, 0x75DB, 0x901A, 0x585A, 0x6802,
    0x63B4, 0x69FB, 0x4F43, 0x6F2C, 0x67D8, 0x8FBB, 0x8526, 0x7DB4, 0x9354, 0x693F, 0x6F70, 0x576A,
    0x58F7, 0x5B2C, 0x7D2C, 0x722A, 0x540A, 0x91E3, 0x9DB4, 0x4EAD, 0x4F4E, 0x505C, 0x5075, 0x5243,
    0x8C9E, 0x5448, 0x5824, 0x5B9A, 0x5E1D, 0x5E95, 0x5EAD, 0x5EF7, 0x5F1F, 0x608C, 0x62B5, 0x633A,
    0x63D0, 0x68AF, 0x6C40, 0x7887, 0x798E, 0x7A0B, 0x7DE0, 0x8247, 0x8A02, 0x8AE6, 0x8E44, 0x9013,
    0x90B8, 0x912D, 0x91D8, 0x9F0E, 0x6CE5, 0x6458, 0x64E2, 0x6575, 0x6EF4, 0x7684, 0x7B1B, 0x9069,
    0x93D1, 0x6EBA, 0x54F2, 0x5FB9, 0x64A4, 0x8F4D, 0x8FED, 0x9244, 0x5178, 0x586B, 0x5929, 0x5C55,
    0x5E97, 0x6DFB, 0x7E8F, 0x751C, 0x8CBC, 0x8EE2, 0x985B, 0x70B9, 0x4F1D, 0x6BBF, 0x6FB1, 0x7530,
    0x96FB, 0x514E, 0x5410, 0x5835, 0x5857, 0x59AC, 0x5C60, 0x5F92, 0x6597, 0x675C, 0x6E21, 0x767B,
    0x83DF, 0x8CED, 0x9014, 0x90FD, 0x934D, 0x7825, 0x783A, 0x52AA, 0x5EA6, 0x571F, 0x5974, 0x6012,
    0x5012, 0x515A, 0x51AC, 0x51CD, 0x5200, 0x5510, 0x5854, 0x5858, 0x5957, 0x5B95, 0x5CF6, 0x5D8B,
    0x60BC, 0x6295, 0x642D, 0x6771, 0x6843, 0x68BC, 0x68DF, 0x76D7, 0x6DD8, 0x6E6F, 0x6D9B, 0x706F,
    0x71C8, 0x5F53, 0x75D8, 0x7977, 0x7B49, 0x7B54, 0x7B52, 0x7CD6, 0x7D71, 0x5230, 0x8463, 0x8569,
    0x85E4, 0x8A0E, 0x8B04, 0x8C46, 0x8E0F, 0x9003, 0x900F, 0x9419, 0x9676, 0x982D, 0x9A30, 0x95D8,
    0x50CD, 0x52D5, 0x540C, 0x5802, 0x5C0E, 0x61A7, 0x649E, 0x6D1E, 0x77B3, 0x7AE5, 0x80F4, 0x8404,
    0x9053, 0x9285, 0x5CE0, 0x9D07, 0x533F, 0x5F97, 0x5FB3, 0x6D9C, 0x7279, 0x7763, 0x79BF, 0x7BE4,
    0x6BD2, 0x72EC, 0x8AAD, 0x6803, 0x6A61, 0x51F8, 0x7A81, 0x6934, 0x5C4A, 0x9CF6, 0x82EB, 0x5BC5,
    0x9149, 0x701E, 0x5678, 0x5C6F, 0x60C7, 0x6566, 0x6C8C, 0x8C5A, 0x9041, 0x9813, 0x5451, 0x66C7,
    0x920D, 0x5948, 0x90A3, 0x5185, 0x4E4D, 0x51EA, 0x8599, 0x8B0E, 0x7058, 0x637A, 0x934B, 0x6962,
    0x99B4, 0x7E04, 0x7577, 0x5357, 0x6960, 0x8EDF, 0x96E3, 0x6C5D, 0x4E8C, 0x5C3C, 0x5F10, 0x8FE9,
    0x5302, 0x8CD1, 0x8089, 0x8679, 0x5EFF, 0x65E5, 0x4E73, 0x5165, 0x5982, 0x5C3F, 0x97EE, 0x4EFB,
    0x598A, 0x5FCD, 0x8A8D, 0x6FE1, 0x79B0, 0x7962, 0x5BE7, 0x8471, 0x732B, 0x71B1, 0x5E74, 0x5FF5,
    0x637B, 0x649A, 0x71C3, 0x7C98, 0x4E43, 0x5EFC, 0x4E4B, 0x57DC, 0x56A2, 0x60A9, 0x6FC3, 0x7D0D,
    0x80FD, 0x8133, 0x81BF, 0x8FB2, 0x8997, 0x86A4, 0x5DF4, 0x628A, 0x64AD, 0x8987, 0x6777, 0x6CE2,
    0x6D3E, 0x7436, 0x7834, 0x5A46, 0x7F75, 0x82AD, 0x99AC, 0x4FF3, 0x5EC3, 0x62DD, 0x6392, 0x6557,
    0x676F, 0x76C3, 0x724C, 0x80CC, 0x80BA, 0x8F29, 0x914D, 0x500D, 0x57F9, 0x5A92, 0x6885, 0x6973,
    0x7164, 0x72FD, 0x8CB7, 0x58F2, 0x8CE0, 0x966A, 0x9019, 0x877F, 0x79E4, 0x77E7, 0x8429, 0x4F2F,
    0x5265, 0x535A, 0x62CD, 0x67CF, 0x6CCA, 0x767D, 0x7B94, 0x7C95, 0x8236, 0x8584, 0x8FEB, 0x66DD,
    0x6F20, 0x7206, 0x7E1B, 0x83AB, 0x99C1, 0x9EA6, 0x51FD, 0x7BB1, 0x7872, 0x7BB8, 0x8087, 0x7B48,
    0x6AE8, 0x5E61, 0x808C, 0x7551, 0x7560, 0x516B, 0x9262, 0x6E8C, 0x767A, 0x9197, 0x9AEA, 0x4F10,
    0x7F70, 0x629C, 0x7B4F, 0x95A5, 0x9CE9, 0x567A, 0x5859, 0x86E4, 0x96BC, 0x4F34, 0x5224, 0x534A,
    0x53CD, 0x53DB, 0x5E06, 0x642C, 0x6591, 0x677F, 0x6C3E, 0x6C4E, 0x7248, 0x72AF, 0x73ED, 0x7554,
    0x7E41, 0x822C, 0x85E9, 0x8CA9, 0x7BC4, 0x91C6, 0x7169, 0x9812, 0x98EF, 0x633D, 0x6669, 0x756A,
    0x76E4, 0x78D0, 0x8543, 0x86EE, 0x532A, 0x5351, 0x5426, 0x5983, 0x5E87, 0x5F7C, 0x60B2, 0x6249,
    0x6279, 0x62AB, 0x6590, 0x6BD4, 0x6CCC, 0x75B2, 0x76AE, 0x7891, 0x79D8, 0x7DCB, 0x7F77, 0x80A5,
    0x88AB, 0x8AB9, 0x8CBB, 0x907F, 0x975E, 0x98DB, 0x6A0B, 0x7C38, 0x5099, 0x5C3E, 0x5FAE, 0x6787,
    0x6BD8, 0x7435, 0x7709, 0x7F8E, 0x9F3B, 0x67CA, 0x7A17, 0x5339, 0x758B, 0x9AED, 0x5F66, 0x819D,
    0x83F1, 0x8098, 0x5F3C, 0x5FC5, 0x7562, 0x7B46, 0x903C, 0x6867, 0x59EB, 0x5A9B, 0x7D10, 0x767E,
    0x8B2C, 0x4FF5, 0x5F6A, 0x6A19, 0x6C37, 0x6F02, 0x74E2, 0x7968, 0x8868, 0x8A55, 0x8C79, 0x5EDF,
    0x63CF, 0x75C5, 0x79D2, 0x82D7, 0x9328, 0x92F2, 0x849C, 0x86ED, 0x9C2D, 0x54C1, 0x5F6C, 0x658C,
    0x6D5C, 0x7015, 0x8CA7, 0x8CD3, 0x983B, 0x654F, 0x74F6, 0x4E0D, 0x4ED8, 0x57E0, 0x592B, 0x5A66,
    0x5BCC, 0x51A8, 0x5E03, 0x5E9C, 0x6016, 0x6276, 0x6577, 0x65A7, 0x666E, 0x6D6E, 0x7236, 0x7B26,
    0x8150, 0x819A, 0x8299, 0x8B5C, 0x8CA0, 0x8CE6, 0x8D74, 0x961C, 0x9644, 0x4FAE, 0x64AB, 0x6B66,
    0x821E, 0x8461, 0x856A, 0x90E8, 0x5C01, 0x6953, 0x98A8, 0x847A, 0x8557, 0x4F0F, 0x526F, 0x5FA9,
    0x5E45, 0x670D, 0x798F, 0x8179, 0x8907, 0x8986, 0x6DF5, 0x5F17, 0x6255, 0x6CB8, 0x4ECF, 0x7269,
    0x9B92, 0x5206, 0x543B, 0x5674, 0x58B3, 0x61A4, 0x626E, 0x711A, 0x596E, 0x7C89, 0x7CDE, 0x7D1B,
    0x96F0, 0x6587, 0x805E, 0x4E19, 0x4F75, 0x5175, 0x5840, 0x5E63, 0x5E73, 0x5F0A, 0x67C4, 0x4E26,
    0x853D, 0x9589, 0x965B, 0x7C73, 0x9801, 0x50FB, 0x58C1, 0x7656, 0x78A7, 0x5225, 0x77A5, 0x8511,
    0x7B86, 0x504F, 0x5909, 0x7247, 0x7BC7, 0x7DE8, 0x8FBA, 0x8FD4, 0x904D, 0x4FBF, 0x52C9, 0x5A29,
    0x5F01, 0x97AD, 0x4FDD, 0x8217, 0x92EA, 0x5703, 0x6355, 0x6B69, 0x752B, 0x88DC, 0x8F14, 0x7A42,
    0x52DF, 0x5893, 0x6155, 0x620A, 0x66AE, 0x6BCD, 0x7C3F, 0x83E9, 0x5023, 0x4FF8, 0x5305, 0x5446,
    0x5831, 0x5949, 0x5B9D, 0x5CF0, 0x5CEF, 0x5D29, 0x5E96, 0x62B1, 0x6367, 0x653E, 0x65B9, 0x670B,
    0x6CD5, 0x6CE1, 0x70F9, 0x7832, 0x7E2B, 0x80DE, 0x82B3, 0x840C, 0x84EC, 0x8702, 0x8912, 0x8A2A,
    0x8C4A, 0x90A6, 0x92D2, 0x98FD, 0x9CF3, 0x9D6C, 0x4E4F, 0x4EA1, 0x508D, 0x5256, 0x574A, 0x59A8,
    0x5E3D, 0x5FD8, 0x5FD9, 0x623F, 0x66B4, 0x671B, 0x67D0, 0x68D2, 0x5192, 0x7D21, 0x80AA, 0x81A8,
    0x8B00, 0x8C8C, 0x8CBF, 0x927E, 0x9632, 0x5420, 0x982C, 0x5317, 0x50D5, 0x535C, 0x58A8, 0x64B2,
    0x6734, 0x7267, 0x7766, 0x7A46, 0x91E6, 0x52C3, 0x6CA1, 0x6B86, 0x5800, 0x5E4C, 0x5954, 0x672C,
    0x7FFB, 0x51E1, 0x76C6, 0x6469, 0x78E8, 0x9B54, 0x9EBB, 0x57CB, 0x59B9, 0x6627, 0x679A, 0x6BCE,
    0x54E9, 0x69D9, 0x5E55, 0x819C, 0x6795, 0x9BAA, 0x67FE, 0x9C52, 0x685D, 0x4EA6, 0x4FE3, 0x53C8,
    0x62B9, 0x672B, 0x6CAB, 0x8FC4, 0x4FAD, 0x7E6D, 0x9EBF, 0x4E07, 0x6162, 0x6E80, 0x6F2B, 0x8513,
    0x5473, 0x672A, 0x9B45, 0x5DF3, 0x7B95, 0x5CAC, 0x5BC6, 0x871C, 0x6E4A, 0x84D1, 0x7A14, 0x8108,
    0x5999, 0x7C8D, 0x6C11, 0x7720, 0x52D9, 0x5922, 0x7121, 0x725F, 0x77DB, 0x9727, 0x9D61, 0x690B,
    0x5A7F, 0x5A18, 0x51A5, 0x540D, 0x547D, 0x660E, 0x76DF, 0x8FF7, 0x9298, 0x9CF4, 0x59EA, 0x725D,
    0x6EC5, 0x514D, 0x68C9, 0x7DBF, 0x7DEC, 0x9762, 0x9EBA, 0x6478, 0x6A21, 0x8302, 0x5984, 0x5B5F,
    0x6BDB, 0x731B, 0x76F2, 0x7DB2, 0x8017, 0x8499, 0x5132, 0x6728, 0x9ED9, 0x76EE, 0x6762, 0x52FF,
    0x9905, 0x5C24, 0x623B, 0x7C7E, 0x8CB0, 0x554F, 0x60B6, 0x7D0B, 0x9580, 0x5301, 0x4E5F, 0x51B6,
    0x591C, 0x723A, 0x8036, 0x91CE, 0x5F25, 0x77E2, 0x5384, 0x5F79, 0x7D04, 0x85AC, 0x8A33, 0x8E8D,
    0x9756, 0x67F3, 0x85AE, 0x9453, 0x6109, 0x6108, 0x6CB9, 0x7652, 0x8AED, 0x8F38, 0x552F, 0x4F51,
    0x512A, 0x52C7, 0x53CB, 0x5BA5, 0x5E7D, 0x60A0, 0x6182, 0x63D6, 0x6709, 0x67DA, 0x6E67, 0x6D8C,
    0x7336, 0x7337, 0x7531, 0x7950, 0x88D5, 0x8A98, 0x904A, 0x9091, 0x90F5, 0x96C4, 0x878D, 0x5915,
    0x4E88, 0x4F59, 0x4E0E, 0x8A89, 0x8F3F, 0x9810, 0x50AD, 0x5E7C, 0x5996, 0x5BB9, 0x5EB8, 0x63DA,
    0x63FA, 0x64C1, 0x66DC, 0x694A, 0x69D8, 0x6D0B, 0x6EB6, 0x7194, 0x7528, 0x7AAF, 0x7F8A, 0x8000,
    0x8449, 0x84C9, 0x8981, 0x8B21, 0x8E0A, 0x9065, 0x967D, 0x990A, 0x617E, 0x6291, 0x6B32, 0x6C83,
    0x6D74, 0x7FCC, 0x7FFC, 0x6DC0, 0x7F85, 0x87BA, 0x88F8, 0x6765, 0x83B1, 0x983C, 0x96F7, 0x6D1B,
    0x7D61, 0x843D, 0x916A, 0x4E71, 0x5375, 0x5D50, 0x6B04, 0x6FEB, 0x85CD, 0x862D, 0x89A7, 0x5229,
    0x540F, 0x5C65, 0x674E, 0x68A8, 0x7406, 0x7483, 0x75E2, 0x88CF, 0x88E1, 0x91CC, 0x96E2, 0x9678,
    0x5F8B, 0x7387, 0x7ACB, 0x844E, 0x63A0, 0x7565, 0x5289, 0x6D41, 0x6E9C, 0x7409, 0x7559, 0x786B,
    0x7C92, 0x9686, 0x7ADC, 0x9F8D, 0x4FB6, 0x616E, 0x65C5, 0x865C, 0x4E86, 0x4EAE, 0x50DA, 0x4E21,
    0x51CC, 0x5BEE, 0x6599, 0x6881, 0x6DBC, 0x731F, 0x7642, 0x77AD, 0x7A1C, 0x7CE7, 0x826F, 0x8AD2,
    0x907C, 0x91CF, 0x9675, 0x9818, 0x529B, 0x7DD1, 0x502B, 0x5398, 0x6797, 0x6DCB, 0x71D0, 0x7433,
    0x81E8, 0x8F2A, 0x96A3, 0x9C57, 0x9E9F, 0x7460, 0x5841, 0x6D99, 0x7D2F, 0x985E, 0x4EE4, 0x4F36,
    0x4F8B, 0x51B7, 0x52B1, 0x5DBA, 0x601C, 0x73B2, 0x793C, 0x82D3, 0x9234, 0x96B7, 0x96F6, 0x970A,
    0x9E97, 0x9F62, 0x66A6, 0x6B74, 0x5217, 0x52A3, 0x70C8, 0x88C2, 0x5EC9, 0x604B, 0x6190, 0x6F23,
    0x7149, 0x7C3E, 0x7DF4, 0x806F, 0x84EE, 0x9023, 0x932C, 0x5442, 0x9B6F, 0x6AD3, 0x7089, 0x8CC2,
    0x8DEF, 0x9732, 0x52B4, 0x5A41, 0x5ECA, 0x5F04, 0x6717, 0x697C, 0x6994, 0x6D6A, 0x6F0F, 0x7262,
    0x72FC, 0x7BED, 0x8001, 0x807E, 0x874B, 0x90CE, 0x516D, 0x9E93, 0x7984, 0x808B, 0x9332, 0x8AD6,
    0x502D, 0x548C, 0x8A71, 0x6B6A, 0x8CC4, 0x8107, 0x60D1, 0x67A0, 0x9DF2, 0x4E99, 0x4E98, 0x9C10,
    0x8A6B, 0x85C1, 0x8568, 0x6900, 0x6E7E, 0x7897, 0x8155, 0x0000, 0x0000, 0x0000, 0x0000, 0x0000,
    0x0000, 0x0000, 0x0000, 0x0000, 0x0000, 0x0000, 0x0000, 0x0000, 0x0000, 0x0000, 0x0000, 0x0000,
    0x0000, 0x0000, 0x0000, 0x0000, 0x0000, 0x0000, 0x0000, 0x0000, 0x0000, 0x0000, 0x0000, 0x0000,
    0x0000, 0x0000, 0x0000, 0x0000, 0x0000, 0x0000, 0x0000, 0x0000, 0x0000, 0x0000, 0x0000, 0x0000,
    0x0000, 0x0000, 0x5F0C, 0x4E10, 0x4E15, 0x4E2A, 0x4E31, 0x4E36, 0x4E3C, 0x4E3F, 0x4E42, 0x4E56,
    0x4E58, 0x4E82, 0x4E85, 0x8C6B, 0x4E8A, 0x8212, 0x5F0D, 0x4E8E, 0x4E9E, 0x4E9F, 0x4EA0, 0x4EA2,
    0x4EB0, 0x4EB3, 0x4EB6, 0x4ECE, 0x4ECD, 0x4EC4, 0x4EC6, 0x4EC2, 0x4ED7, 0x4EDE, 0x4EED, 0x4EDF,
    0x4EF7, 0x4F09, 0x4F5A, 0x4F30, 0x4F5B, 0x4F5D, 0x4F57, 0x4F47, 0x4F76, 0x4F88, 0x4F8F, 0x4F98,
    0x4F7B, 0x4F69, 0x4F70, 0x4F91, 0x4F6F, 0x4F86, 0x4F96, 0x5118, 0x4FD4, 0x4FDF, 0x4FCE, 0x4FD8,
    0x4FDB, 0x4FD1, 0x4FDA, 0x4FD0, 0x4FE4, 0x4FE5, 0x501A, 0x5028, 0x5014, 0x502A, 0x5025, 0x5005,
    0x4F1C, 0x4FF6, 0x5021, 0x5029, 0x502C, 0x4FFE, 0x4FEF, 0x5011, 0x5006, 0x5043, 0x5047, 0x6703,
    0x5055, 0x5050, 0x5048, 0x505A, 0x5056, 0x506C, 0x5078, 0x5080, 0x509A, 0x5085, 0x50B4, 0x50B2,
    0x50C9, 0x50CA, 0x50B3, 0x50C2, 0x50D6, 0x50DE, 0x50E5, 0x50ED, 0x50E3, 0x50EE, 0x50F9, 0x50F5,
    0x5109, 0x5101, 0x5102, 0x5116, 0x5115, 0x5114, 0x511A, 0x5121, 0x513A, 0x5137, 0x513C, 0x513B,
    0x513F, 0x5140, 0x5152, 0x514C, 0x5154, 0x5162, 0x7AF8, 0x5169, 0x516A, 0x516E, 0x5180, 0x5182,
    0x56D8, 0x518C, 0x5189, 0x518F, 0x5191, 0x5193, 0x5195, 0x5196, 0x51A4, 0x51A6, 0x51A2, 0x51A9,
    0x51AA, 0x51AB, 0x51B3, 0x51B1, 0x51B2, 0x51B0, 0x51B5, 0x51BD, 0x51C5, 0x51C9, 0x51DB, 0x51E0,
    0x8655, 0x51E9, 0x51ED, 0x51F0, 0x51F5, 0x51FE, 0x5204, 0x520B, 0x5214, 0x520E, 0x5227, 0x522A,
    0x522E, 0x5233, 0x5239, 0x524F, 0x5244, 0x524B, 0x524C, 0x525E, 0x5254, 0x526A, 0x5274, 0x5269,
    0x5273, 0x527F, 0x527D, 0x528D, 0x5294, 0x5292, 0x5271, 0x5288, 0x5291, 0x8FA8, 0x8FA7, 0x52AC,
    0x52AD, 0x52BC, 0x52B5, 0x52C1, 0x52CD, 0x52D7, 0x52DE, 0x52E3, 0x52E6, 0x98ED, 0x52E0, 0x52F3,
    0x52F5, 0x52F8, 0x52F9, 0x5306, 0x5308, 0x7538, 0x530D, 0x5310, 0x530F, 0x5315, 0x531A, 0x5323,
    0x532F, 0x5331, 0x5333, 0x5338, 0x5340, 0x5346, 0x5345, 0x4E17, 0x5349, 0x534D, 0x51D6, 0x535E,
    0x5369, 0x536E, 0x5918, 0x537B, 0x5377, 0x5382, 0x5396, 0x53A0, 0x53A6, 0x53A5, 0x53AE, 0x53B0,
    0x53B6, 0x53C3, 0x7C12, 0x96D9, 0x53DF, 0x66FC, 0x71EE, 0x53EE, 0x53E8, 0x53ED, 0x53FA, 0x5401,
    0x543D, 0x5440, 0x542C, 0x542D, 0x543C, 0x542E, 0x5436, 0x5429, 0x541D, 0x544E, 0x548F, 0x5475,
    0x548E, 0x545F, 0x5471, 0x5477, 0x5470, 0x5492, 0x547B, 0x5480, 0x5476, 0x5484, 0x5490, 0x5486,
    0x54C7, 0x54A2, 0x54B8, 0x54A5, 0x54AC, 0x54C4, 0x54C8, 0x54A8, 0x54AB, 0x54C2, 0x54A4, 0x54BE,
    0x54BC, 0x54D8, 0x54E5, 0x54E6, 0x550F, 0x5514, 0x54FD, 0x54EE, 0x54ED, 0x54FA, 0x54E2, 0x5539,
    0x5540, 0x5563, 0x554C, 0x552E, 0x555C, 0x5545, 0x5556, 0x5557, 0x5538, 0x5533, 0x555D, 0x5599,
    0x5580, 0x54AF, 0x558A, 0x559F, 0x557B, 0x557E, 0x5598, 0x559E, 0x55AE, 0x557C, 0x5583, 0x55A9,
    0x5587, 0x55A8, 0x55DA, 0x55C5, 0x55DF, 0x55C4, 0x55DC, 0x55E4, 0x55D4, 0x5614, 0x55F7, 0x5616,
    0x55FE, 0x55FD, 0x561B, 0x55F9, 0x564E, 0x5650, 0x71DF, 0x5634, 0x5636, 0x5632, 0x5638, 0x566B,
    0x5664, 0x562F, 0x566C, 0x566A, 0x5686, 0x5680, 0x568A, 0x56A0, 0x5694, 0x568F, 0x56A5, 0x56AE,
    0x56B6, 0x56B4, 0x56C2, 0x56BC, 0x56C1, 0x56C3, 0x56C0, 0x56C8, 0x56CE, 0x56D1, 0x56D3, 0x56D7,
    0x56EE, 0x56F9, 0x5700, 0x56FF, 0x5704, 0x5709, 0x5708, 0x570B, 0x570D, 0x5713, 0x5718, 0x5716,
    0x55C7, 0x571C, 0x5726, 0x5737, 0x5738, 0x574E, 0x573B, 0x5740, 0x574F, 0x5769, 0x57C0, 0x5788,
    0x5761, 0x577F, 0x5789, 0x5793, 0x57A0, 0x57B3, 0x57A4, 0x57AA, 0x57B0, 0x57C3, 0x57C6, 0x57D4,
    0x57D2, 0x57D3, 0x580A, 0x57D6, 0x57E3, 0x580B, 0x5819, 0x581D, 0x5872, 0x5821, 0x5862, 0x584B,
    0x5870, 0x6BC0, 0x5852, 0x583D, 0x5879, 0x5885, 0x58B9, 0x589F, 0x58AB, 0x58BA, 0x58DE, 0x58BB,
    0x58B8, 0x58AE, 0x58C5, 0x58D3, 0x58D1, 0x58D7, 0x58D9, 0x58D8, 0x58E5, 0x58DC, 0x58E4, 0x58DF,
    0x58EF, 0x58FA, 0x58F9, 0x58FB, 0x58FC, 0x58FD, 0x5902, 0x590A, 0x5910, 0x591B, 0x68A6, 0x5925,
    0x592C, 0x592D, 0x5932, 0x5938, 0x593E, 0x7AD2, 0x5955, 0x5950, 0x594E, 0x595A, 0x5958, 0x5962,
    0x5960, 0x5967, 0x596C, 0x5969, 0x5978, 0x5981, 0x599D, 0x4F5E, 0x4FAB, 0x59A3, 0x59B2, 0x59C6,
    0x59E8, 0x59DC, 0x598D, 0x59D9, 0x59DA, 0x5A25, 0x5A1F, 0x5A11, 0x5A1C, 0x5A09, 0x5A1A, 0x5A40,
    0x5A6C, 0x5A49, 0x5A35, 0x5A36, 0x5A62, 0x5A6A, 0x5A9A, 0x5ABC, 0x5ABE, 0x5ACB, 0x5AC2, 0x5ABD,
    0x5AE3, 0x5AD7, 0x5AE6, 0x5AE9, 0x5AD6, 0x5AFA, 0x5AFB, 0x5B0C, 0x5B0B, 0x5B16, 0x5B32, 0x5AD0,
    0x5B2A, 0x5B36, 0x5B3E, 0x5B43, 0x5B45, 0x5B40, 0x5B51, 0x5B55, 0x5B5A, 0x5B5B, 0x5B65, 0x5B69,
    0x5B70, 0x5B73, 0x5B75, 0x5B78, 0x6588, 0x5B7A, 0x5B80, 0x5B83, 0x5BA6, 0x5BB8, 0x5BC3, 0x5BC7,
    0x5BC9, 0x5BD4, 0x5BD0, 0x5BE4, 0x5BE6, 0x5BE2, 0x5BDE, 0x5BE5, 0x5BEB, 0x5BF0, 0x5BF6, 0x5BF3,
    0x5C05, 0x5C07, 0x5C08, 0x5C0D, 0x5C13, 0x5C20, 0x5C22, 0x5C28, 0x5C38, 0x5C39, 0x5C41, 0x5C46,
    0x5C4E, 0x5C53, 0x5C50, 0x5C4F, 0x5B71, 0x5C6C, 0x5C6E, 0x4E62, 0x5C76, 0x5C79, 0x5C8C, 0x5C91,
    0x5C94, 0x599B, 0x5CAB, 0x5CBB, 0x5CB6, 0x5CBC, 0x5CB7, 0x5CC5, 0x5CBE, 0x5CC7, 0x5CD9, 0x5CE9,
    0x5CFD, 0x5CFA, 0x5CED, 0x5D8C, 0x5CEA, 0x5D0B, 0x5D15, 0x5D17, 0x5D5C, 0x5D1F, 0x5D1B, 0x5D11,
    0x5D14, 0x5D22, 0x5D1A, 0x5D19, 0x5D18, 0x5D4C, 0x5D52, 0x5D4E, 0x5D4B, 0x5D6C, 0x5D73, 0x5D76,
    0x5D87, 0x5D84, 0x5D82, 0x5DA2, 0x5D9D, 0x5DAC, 0x5DAE, 0x5DBD, 0x5D90, 0x5DB7, 0x5DBC, 0x5DC9,
    0x5DCD, 0x5DD3, 0x5DD2, 0x5DD6, 0x5DDB, 0x5DEB, 0x5DF2, 0x5DF5, 0x5E0B, 0x5E1A, 0x5E19, 0x5E11,
    0x5E1B, 0x5E36, 0x5E37, 0x5E44, 0x5E43, 0x5E40, 0x5E4E, 0x5E57, 0x5E54, 0x5E5F, 0x5E62, 0x5E64,
    0x5E47, 0x5E75, 0x5E76, 0x5E7A, 0x9EBC, 0x5E7F, 0x5EA0, 0x5EC1, 0x5EC2, 0x5EC8, 0x5ED0, 0x5ECF,
    0x5ED6, 0x5EE3, 0x5EDD, 0x5EDA, 0x5EDB, 0x5EE2, 0x5EE1, 0x5EE8, 0x5EE9, 0x5EEC, 0x5EF1, 0x5EF3,
    0x5EF0, 0x5EF4, 0x5EF8, 0x5EFE, 0x5F03, 0x5F09, 0x5F5D, 0x5F5C, 0x5F0B, 0x5F11, 0x5F16, 0x5F29,
    0x5F2D, 0x5F38, 0x5F41, 0x5F48, 0x5F4C, 0x5F4E, 0x5F2F, 0x5F51, 0x5F56, 0x5F57, 0x5F59, 0x5F61,
    0x5F6D, 0x5F73, 0x5F77, 0x5F83, 0x5F82, 0x5F7F, 0x5F8A, 0x5F88, 0x5F91, 0x5F87, 0x5F9E, 0x5F99,
    0x5F98, 0x5FA0, 0x5FA8, 0x5FAD, 0x5FBC, 0x5FD6, 0x5FFB, 0x5FE4, 0x5FF8, 0x5FF1, 0x5FDD, 0x60B3,
    0x5FFF, 0x6021, 0x6060, 0x6019, 0x6010, 0x6029, 0x600E, 0x6031, 0x601B, 0x6015, 0x602B, 0x6026,
    0x600F, 0x603A, 0x605A, 0x6041, 0x606A, 0x6077, 0x605F, 0x604A, 0x6046, 0x604D, 0x6063, 0x6043,
    0x6064, 0x6042, 0x606C, 0x606B, 0x6059, 0x6081, 0x608D, 0x60E7, 0x6083, 0x609A, 0x6084, 0x609B,
    0x6096, 0x6097, 0x6092, 0x60A7, 0x608B, 0x60E1, 0x60B8, 0x60E0, 0x60D3, 0x60B4, 0x5FF0, 0x60BD,
    0x60C6, 0x60B5, 0x60D8, 0x614D, 0x6115, 0x6106, 0x60F6, 0x60F7, 0x6100, 0x60F4, 0x60FA, 0x6103,
    0x6121, 0x60FB, 0x60F1, 0x610D, 0x610E, 0x6147, 0x613E, 0x6128, 0x6127, 0x614A, 0x613F, 0x613C,
    0x612C, 0x6134, 0x613D, 0x6142, 0x6144, 0x6173, 0x6177, 0x6158, 0x6159, 0x615A, 0x616B, 0x6174,
    0x616F, 0x6165, 0x6171, 0x615F, 0x615D, 0x6153, 0x6175, 0x6199, 0x6196, 0x6187, 0x61AC, 0x6194,
    0x619A, 0x618A, 0x6191, 0x61AB, 0x61AE, 0x61CC, 0x61CA, 0x61C9, 0x61F7, 0x61C8, 0x61C3, 0x61C6,
    0x61BA, 0x61CB, 0x7F79, 0x61CD, 0x61E6, 0x61E3, 0x61F6, 0x61FA, 0x61F4, 0x61FF, 0x61FD, 0x61FC,
    0x61FE, 0x6200, 0x6208, 0x6209, 0x620D, 0x620C, 0x6214, 0x621B, 0x621E, 0x6221, 0x622A, 0x622E,
    0x6230, 0x6232, 0x6233, 0x6241, 0x624E, 0x625E, 0x6263, 0x625B, 0x6260, 0x6268, 0x627C, 0x6282,
    0x6289, 0x627E, 0x6292, 0x6293, 0x6296, 0x62D4, 0x6283, 0x6294, 0x62D7, 0x62D1, 0x62BB, 0x62CF,
    0x62FF, 0x62C6, 0x64D4, 0x62C8, 0x62DC, 0x62CC, 0x62CA, 0x62C2, 0x62C7, 0x629B, 0x62C9, 0x630C,
    0x62EE, 0x62F1, 0x6327, 0x6302, 0x6308, 0x62EF, 0x62F5, 0x6350, 0x633E, 0x634D, 0x641C, 0x634F,
    0x6396, 0x638E, 0x6380, 0x63AB, 0x6376, 0x63A3, 0x638F, 0x6389, 0x639F, 0x63B5, 0x636B, 0x6369,
    0x63BE, 0x63E9, 0x63C0, 0x63C6, 0x63E3, 0x63C9, 0x63D2, 0x63F6, 0x63C4, 0x6416, 0x6434, 0x6406,
    0x6413, 0x6426, 0x6436, 0x651D, 0x6417, 0x6428, 0x640F, 0x6467, 0x646F, 0x6476, 0x644E, 0x652A,
    0x6495, 0x6493, 0x64A5, 0x64A9, 0x6488, 0x64BC, 0x64DA, 0x64D2, 0x64C5, 0x64C7, 0x64BB, 0x64D8,
    0x64C2, 0x64F1, 0x64E7, 0x8209, 0x64E0, 0x64E1, 0x62AC, 0x64E3, 0x64EF, 0x652C, 0x64F6, 0x64F4,
    0x64F2, 0x64FA, 0x6500, 0x64FD, 0x6518, 0x651C, 0x6505, 0x6524, 0x6523, 0x652B, 0x6534, 0x6535,
    0x6537, 0x6536, 0x6538, 0x754B, 0x6548, 0x6556, 0x6555, 0x654D, 0x6558, 0x655E, 0x655D, 0x6572,
    0x6578, 0x6582, 0x6583, 0x8B8A, 0x659B, 0x659F, 0x65AB, 0x65B7, 0x65C3, 0x65C6, 0x65C1, 0x65C4,
    0x65CC, 0x65D2, 0x65DB, 0x65D9, 0x65E0, 0x65E1, 0x65F1, 0x6772, 0x660A, 0x6603, 0x65FB, 0x6773,
    0x6635, 0x6636, 0x6634, 0x661C, 0x664F, 0x6644, 0x6649, 0x6641, 0x665E, 0x665D, 0x6664, 0x6667,
    0x6668, 0x665F, 0x6662, 0x6670, 0x6683, 0x6688, 0x668E, 0x6689, 0x6684, 0x6698, 0x669D, 0x66C1,
    0x66B9, 0x66C9, 0x66BE, 0x66BC, 0x66C4, 0x66B8, 0x66D6, 0x66DA, 0x66E0, 0x663F, 0x66E6, 0x66E9,
    0x66F0, 0x66F5, 0x66F7, 0x670F, 0x6716, 0x671E, 0x6726, 0x6727, 0x9738, 0x672E, 0x673F, 0x6736,
    0x6741, 0x6738, 0x6737, 0x6746, 0x675E, 0x6760, 0x6759, 0x6763, 0x6764, 0x6789, 0x6770, 0x67A9,
    0x677C, 0x676A, 0x678C, 0x678B, 0x67A6, 0x67A1, 0x6785, 0x67B7, 0x67EF, 0x67B4, 0x67EC, 0x67B3,
    0x67E9, 0x67B8, 0x67E4, 0x67DE, 0x67DD, 0x67E2, 0x67EE, 0x67B9, 0x67CE, 0x67C6, 0x67E7, 0x6A9C,
    0x681E, 0x6846, 0x6829, 0x6840, 0x684D, 0x6832, 0x684E, 0x68B3, 0x682B, 0x6859, 0x6863, 0x6877,
    0x687F, 0x689F, 0x688F, 0x68AD, 0x6894, 0x689D, 0x689B, 0x6883, 0x6AAE, 0x68B9, 0x6874, 0x68B5,
    0x68A0, 0x68BA, 0x690F, 0x688D, 0x687E, 0x6901, 0x68CA, 0x6908, 0x68D8, 0x6922, 0x6926, 0x68E1,
    0x690C, 0x68CD, 0x68D4, 0x68E7, 0x68D5, 0x6936, 0x6912, 0x6904, 0x68D7, 0x68E3, 0x6925, 0x68F9,
    0x68E0, 0x68EF, 0x6928, 0x692A, 0x691A, 0x6923, 0x6921, 0x68C6, 0x6979, 0x6977, 0x695C, 0x6978,
    0x696B, 0x6954, 0x697E, 0x696E, 0x6939, 0x6974, 0x693D, 0x6959, 0x6930, 0x6961, 0x695E, 0x695D,
    0x6981, 0x696A, 0x69B2, 0x69AE, 0x69D0, 0x69BF, 0x69C1, 0x69D3, 0x69BE, 0x69CE, 0x5BE8, 0x69CA,
    0x69DD, 0x69BB, 0x69C3, 0x69A7, 0x6A2E, 0x6991, 0x69A0, 0x699C, 0x6995, 0x69B4, 0x69DE, 0x69E8,
    0x6A02, 0x6A1B, 0x69FF, 0x6B0A, 0x69F9, 0x69F2, 0x69E7, 0x6A05, 0x69B1, 0x6A1E, 0x69ED, 0x6A14,
    0x69EB, 0x6A0A, 0x6A12, 0x6AC1, 0x6A23, 0x6A13, 0x6A44, 0x6A0C, 0x6A72, 0x6A36, 0x6A78, 0x6A47,
    0x6A62, 0x6A59, 0x6A66, 0x6A48, 0x6A38, 0x6A22, 0x6A90, 0x6A8D, 0x6AA0, 0x6A84, 0x6AA2, 0x6AA3,
    0x6A97, 0x8617, 0x6ABB, 0x6AC3, 0x6AC2, 0x6AB8, 0x6AB3, 0x6AAC, 0x6ADE, 0x6AD1, 0x6ADF, 0x6AAA,
    0x6ADA, 0x6AEA, 0x6AFB, 0x6B05, 0x8616, 0x6AFA, 0x6B12, 0x6B16, 0x9B31, 0x6B1F, 0x6B38, 0x6B37,
    0x76DC, 0x6B39, 0x98EE, 0x6B47, 0x6B43, 0x6B49, 0x6B50, 0x6B59, 0x6B54, 0x6B5B, 0x6B5F, 0x6B61,
    0x6B78, 0x6B79, 0x6B7F, 0x6B80, 0x6B84, 0x6B83, 0x6B8D, 0x6B98, 0x6B95, 0x6B9E, 0x6BA4, 0x6BAA,
    0x6BAB, 0x6BAF, 0x6BB2, 0x6BB1, 0x6BB3, 0x6BB7, 0x6BBC, 0x6BC6, 0x6BCB, 0x6BD3, 0x6BDF, 0x6BEC,
    0x6BEB, 0x6BF3, 0x6BEF, 0x9EBE, 0x6C08, 0x6C13, 0x6C14, 0x6C1B, 0x6C24, 0x6C23, 0x6C5E, 0x6C55,
    0x6C62, 0x6C6A, 0x6C82, 0x6C8D, 0x6C9A, 0x6C81, 0x6C9B, 0x6C7E, 0x6C68, 0x6C73, 0x6C92, 0x6C90,
    0x6CC4, 0x6CF1, 0x6CD3, 0x6CBD, 0x6CD7, 0x6CC5, 0x6CDD, 0x6CAE, 0x6CB1, 0x6CBE, 0x6CBA, 0x6CDB,
    0x6CEF, 0x6CD9, 0x6CEA, 0x6D1F, 0x884D, 0x6D36, 0x6D2B, 0x6D3D, 0x6D38, 0x6D19, 0x6D35, 0x6D33,
    0x6D12, 0x6D0C, 0x6D63, 0x6D93, 0x6D64, 0x6D5A, 0x6D79, 0x6D59, 0x6D8E, 0x6D95, 0x6FE4, 0x6D85,
    0x6DF9, 0x6E15, 0x6E0A, 0x6DB5, 0x6DC7, 0x6DE6, 0x6DB8, 0x6DC6, 0x6DEC, 0x6DDE, 0x6DCC, 0x6DE8,
    0x6DD2, 0x6DC5, 0x6DFA, 0x6DD9, 0x6DE4, 0x6DD5, 0x6DEA, 0x6DEE, 0x6E2D, 0x6E6E, 0x6E2E, 0x6E19,
    0x6E72, 0x6E5F, 0x6E3E, 0x6E23, 0x6E6B, 0x6E2B, 0x6E76, 0x6E4D, 0x6E1F, 0x6E43, 0x6E3A, 0x6E4E,
    0x6E24, 0x6EFF, 0x6E1D, 0x6E38, 0x6E82, 0x6EAA, 0x6E98, 0x6EC9, 0x6EB7, 0x6ED3, 0x6EBD, 0x6EAF,
    0x6EC4, 0x6EB2, 0x6ED4, 0x6ED5, 0x6E8F, 0x6EA5, 0x6EC2, 0x6E9F, 0x6F41, 0x6F11, 0x704C, 0x6EEC,
    0x6EF8, 0x6EFE, 0x6F3F, 0x6EF2, 0x6F31, 0x6EEF, 0x6F32, 0x6ECC, 0x6F3E, 0x6F13, 0x6EF7, 0x6F86,
    0x6F7A, 0x6F78, 0x6F81, 0x6F80, 0x6F6F, 0x6F5B, 0x6FF3, 0x6F6D, 0x6F82, 0x6F7C, 0x6F58, 0x6F8E,
    0x6F91, 0x6FC2, 0x6F66, 0x6FB3, 0x6FA3, 0x6FA1, 0x6FA4, 0x6FB9, 0x6FC6, 0x6FAA, 0x6FDF, 0x6FD5,
    0x6FEC, 0x6FD4, 0x6FD8, 0x6FF1, 0x6FEE, 0x6FDB, 0x7009, 0x700B, 0x6FFA, 0x7011, 0x7001, 0x700F,
    0x6FFE, 0x701B, 0x701A, 0x6F74, 0x701D, 0x7018, 0x701F, 0x7030, 0x703E, 0x7032, 0x7051, 0x7063,
    0x7099, 0x7092, 0x70AF, 0x70F1, 0x70AC, 0x70B8, 0x70B3, 0x70AE, 0x70DF, 0x70CB, 0x70DD, 0x70D9,
    0x7109, 0x70FD, 0x711C, 0x7119, 0x7165, 0x7155, 0x7188, 0x7166, 0x7162, 0x714C, 0x7156, 0x716C,
    0x718F, 0x71FB, 0x7184, 0x7195, 0x71A8, 0x71AC, 0x71D7, 0x71B9, 0x71BE, 0x71D2, 0x71C9, 0x71D4,
    0x71CE, 0x71E0, 0x71EC, 0x71E7, 0x71F5, 0x71FC, 0x71F9, 0x71FF, 0x720D, 0x7210, 0x721B, 0x7228,
    0x722D, 0x722C, 0x7230, 0x7232, 0x723B, 0x723C, 0x723F, 0x7240, 0x7246, 0x724B, 0x7258, 0x7274,
    0x727E, 0x7282, 0x7281, 0x7287, 0x7292, 0x7296, 0x72A2, 0x72A7, 0x72B9, 0x72B2, 0x72C3, 0x72C6,
    0x72C4, 0x72CE, 0x72D2, 0x72E2, 0x72E0, 0x72E1, 0x72F9, 0x72F7, 0x500F, 0x7317, 0x730A, 0x731C,
    0x7316, 0x731D, 0x7334, 0x732F, 0x7329, 0x7325, 0x733E, 0x734E, 0x734F, 0x9ED8, 0x7357, 0x736A,
    0x7368, 0x7370, 0x7378, 0x7375, 0x737B, 0x737A, 0x73C8, 0x73B3, 0x73CE, 0x73BB, 0x73C0, 0x73E5,
    0x73EE, 0x73DE, 0x74A2, 0x7405, 0x746F, 0x7425, 0x73F8, 0x7432, 0x743A, 0x7455, 0x743F, 0x745F,
    0x7459, 0x7441, 0x745C, 0x7469, 0x7470, 0x7463, 0x746A, 0x7476, 0x747E, 0x748B, 0x749E, 0x74A7,
    0x74CA, 0x74CF, 0x74D4, 0x73F1, 0x74E0, 0x74E3, 0x74E7, 0x74E9, 0x74EE, 0x74F2, 0x74F0, 0x74F1,
    0x74F8, 0x74F7, 0x7504, 0x7503, 0x7505, 0x750C, 0x750E, 0x750D, 0x7515, 0x7513, 0x751E, 0x7526,
    0x752C, 0x753C, 0x7544, 0x754D, 0x754A, 0x7549, 0x755B, 0x7546, 0x755A, 0x7569, 0x7564, 0x7567,
    0x756B, 0x756D, 0x7578, 0x7576, 0x7586, 0x7587, 0x7574, 0x758A, 0x7589, 0x7582, 0x7594, 0x759A,
    0x759D, 0x75A5, 0x75A3, 0x75C2, 0x75B3, 0x75C3, 0x75B5, 0x75BD, 0x75B8, 0x75BC, 0x75B1, 0x75CD,
    0x75CA, 0x75D2, 0x75D9, 0x75E3, 0x75DE, 0x75FE, 0x75FF, 0x75FC, 0x7601, 0x75F0, 0x75FA, 0x75F2,
    0x75F3, 0x760B, 0x760D, 0x7609, 0x761F, 0x7627, 0x7620, 0x7621, 0x7622, 0x7624, 0x7634, 0x7630,
    0x763B, 0x7647, 0x7648, 0x7646, 0x765C, 0x7658, 0x7661, 0x7662, 0x7668, 0x7669, 0x766A, 0x7667,
    0x766C, 0x7670, 0x7672, 0x7676, 0x7678, 0x767C, 0x7680, 0x7683, 0x7688, 0x768B, 0x768E, 0x7696,
    0x7693, 0x7699, 0x769A, 0x76B0, 0x76B4, 0x76B8, 0x76B9, 0x76BA, 0x76C2, 0x76CD, 0x76D6, 0x76D2,
    0x76DE, 0x76E1, 0x76E5, 0x76E7, 0x76EA, 0x862F, 0x76FB, 0x7708, 0x7707, 0x7704, 0x7729, 0x7724,
    0x771E, 0x7725, 0x7726, 0x771B, 0x7737, 0x7738, 0x7747, 0x775A, 0x7768, 0x776B, 0x775B, 0x7765,
    0x777F, 0x777E, 0x7779, 0x778E, 0x778B, 0x7791, 0x77A0, 0x779E, 0x77B0, 0x77B6, 0x77B9, 0x77BF,
    0x77BC, 0x77BD, 0x77BB, 0x77C7, 0x77CD, 0x77D7, 0x77DA, 0x77DC, 0x77E3, 0x77EE, 0x77FC, 0x780C,
    0x7812, 0x7926, 0x7820, 0x792A, 0x7845, 0x788E, 0x7874, 0x7886, 0x787C, 0x789A, 0x788C, 0x78A3,
    0x78B5, 0x78AA, 0x78AF, 0x78D1, 0x78C6, 0x78CB, 0x78D4, 0x78BE, 0x78BC, 0x78C5, 0x78CA, 0x78EC,
    0x78E7, 0x78DA, 0x78FD, 0x78F4, 0x7907, 0x7912, 0x7911, 0x7919, 0x792C, 0x792B, 0x7940, 0x7960,
    0x7957, 0x795F, 0x795A, 0x7955, 0x7953, 0x797A, 0x797F, 0x798A, 0x799D, 0x79A7, 0x9F4B, 0x79AA,
    0x79AE, 0x79B3, 0x79B9, 0x79BA, 0x79C9, 0x79D5, 0x79E7, 0x79EC, 0x79E1, 0x79E3, 0x7A08, 0x7A0D,
    0x7A18, 0x7A19, 0x7A20, 0x7A1F, 0x7980, 0x7A31, 0x7A3B, 0x7A3E, 0x7A37, 0x7A43, 0x7A57, 0x7A49,
    0x7A61, 0x7A62, 0x7A69, 0x9F9D, 0x7A70, 0x7A79, 0x7A7D, 0x7A88, 0x7A97, 0x7A95, 0x7A98, 0x7A96,
    0x7AA9, 0x7AC8, 0x7AB0, 0x7AB6, 0x7AC5, 0x7AC4, 0x7ABF, 0x9083, 0x7AC7, 0x7ACA, 0x7ACD, 0x7ACF,
    0x7AD5, 0x7AD3, 0x7AD9, 0x7ADA, 0x7ADD, 0x7AE1, 0x7AE2, 0x7AE6, 0x7AED, 0x7AF0, 0x7B02, 0x7B0F,
    0x7B0A, 0x7B06, 0x7B33, 0x7B18, 0x7B19, 0x7B1E, 0x7B35, 0x7B28, 0x7B36, 0x7B50, 0x7B7A, 0x7B04,
    0x7B4D, 0x7B0B, 0x7B4C, 0x7B45, 0x7B75, 0x7B65, 0x7B74, 0x7B67, 0x7B70, 0x7B71, 0x7B6C, 0x7B6E,
    0x7B9D, 0x7B98, 0x7B9F, 0x7B8D, 0x7B9C, 0x7B9A, 0x7B8B, 0x7B92, 0x7B8F, 0x7B5D, 0x7B99, 0x7BCB,
    0x7BC1, 0x7BCC, 0x7BCF, 0x7BB4, 0x7BC6, 0x7BDD, 0x7BE9, 0x7C11, 0x7C14, 0x7BE6, 0x7BE5, 0x7C60,
    0x7C00, 0x7C07, 0x7C13, 0x7BF3, 0x7BF7, 0x7C17, 0x7C0D, 0x7BF6, 0x7C23, 0x7C27, 0x7C2A, 0x7C1F,
    0x7C37, 0x7C2B, 0x7C3D, 0x7C4C, 0x7C43, 0x7C54, 0x7C4F, 0x7C40, 0x7C50, 0x7C58, 0x7C5F, 0x7C64,
    0x7C56, 0x7C65, 0x7C6C, 0x7C75, 0x7C83, 0x7C90, 0x7CA4, 0x7CAD, 0x7CA2, 0x7CAB, 0x7CA1, 0x7CA8,
    0x7CB3, 0x7CB2, 0x7CB1, 0x7CAE, 0x7CB9, 0x7CBD, 0x7CC0, 0x7CC5, 0x7CC2, 0x7CD8, 0x7CD2, 0x7CDC,
    0x7CE2, 0x9B3B, 0x7CEF, 0x7CF2, 0x7CF4, 0x7CF6, 0x7CFA, 0x7D06, 0x7D02, 0x7D1C, 0x7D15, 0x7D0A,
    0x7D45, 0x7D4B, 0x7D2E, 0x7D32, 0x7D3F, 0x7D35, 0x7D46, 0x7D73, 0x7D56, 0x7D4E, 0x7D72, 0x7D68,
    0x7D6E, 0x7D4F, 0x7D63, 0x7D93, 0x7D89, 0x7D5B, 0x7D8F, 0x7D7D, 0x7D9B, 0x7DBA, 0x7DAE, 0x7DA3,
    0x7DB5, 0x7DC7, 0x7DBD, 0x7DAB, 0x7E3D, 0x7DA2, 0x7DAF, 0x7DDC, 0x7DB8, 0x7D9F, 0x7DB0, 0x7DD8,
    0x7DDD, 0x7DE4, 0x7DDE, 0x7DFB, 0x7DF2, 0x7DE1, 0x7E05, 0x7E0A, 0x7E23, 0x7E21, 0x7E12, 0x7E31,
    0x7E1F, 0x7E09, 0x7E0B, 0x7E22, 0x7E46, 0x7E66, 0x7E3B, 0x7E35, 0x7E39, 0x7E43, 0x7E37, 0x7E32,
    0x7E3A, 0x7E67, 0x7E5D, 0x7E56, 0x7E5E, 0x7E59, 0x7E5A, 0x7E79, 0x7E6A, 0x7E69, 0x7E7C, 0x7E7B,
    0x7E83, 0x7DD5, 0x7E7D, 0x8FAE, 0x7E7F, 0x7E88, 0x7E89, 0x7E8C, 0x7E92, 0x7E90, 0x7E93, 0x7E94,
    0x7E96, 0x7E8E, 0x7E9B, 0x7E9C, 0x7F38, 0x7F3A, 0x7F45, 0x7F4C, 0x7F4D, 0x7F4E, 0x7F50, 0x7F51,
    0x7F55, 0x7F54, 0x7F58, 0x7F5F, 0x7F60, 0x7F68, 0x7F69, 0x7F67, 0x7F78, 0x7F82, 0x7F86, 0x7F83,
    0x7F88, 0x7F87, 0x7F8C, 0x7F94, 0x7F9E, 0x7F9D, 0x7F9A, 0x7FA3, 0x7FAF, 0x7FB2, 0x7FB9, 0x7FAE,
    0x7FB6, 0x7FB8, 0x8B71, 0x7FC5, 0x7FC6, 0x7FCA, 0x7FD5, 0x7FD4, 0x7FE1, 0x7FE6, 0x7FE9, 0x7FF3,
    0x7FF9, 0x98DC, 0x8006, 0x8004, 0x800B, 0x8012, 0x8018, 0x8019, 0x801C, 0x8021, 0x8028, 0x803F,
    0x803B, 0x804A, 0x8046, 0x8052, 0x8058, 0x805A, 0x805F, 0x8062, 0x8068, 0x8073, 0x8072, 0x8070,
    0x8076, 0x8079, 0x807D, 0x807F, 0x8084, 0x8086, 0x8085, 0x809B, 0x8093, 0x809A, 0x80AD, 0x5190,
    0x80AC, 0x80DB, 0x80E5, 0x80D9, 0x80DD, 0x80C4, 0x80DA, 0x80D6, 0x8109, 0x80EF, 0x80F1, 0x811B,
    0x8129, 0x8123, 0x812F, 0x814B, 0x968B, 0x8146, 0x813E, 0x8153, 0x8151, 0x80FC, 0x8171, 0x816E,
    0x8165, 0x8166, 0x8174, 0x8183, 0x8188, 0x818A, 0x8180, 0x8182, 0x81A0, 0x8195, 0x81A4, 0x81A3,
    0x815F, 0x8193, 0x81A9, 0x81B0, 0x81B5, 0x81BE, 0x81B8, 0x81BD, 0x81C0, 0x81C2, 0x81BA, 0x81C9,
    0x81CD, 0x81D1, 0x81D9, 0x81D8, 0x81C8, 0x81DA, 0x81DF, 0x81E0, 0x81E7, 0x81FA, 0x81FB, 0x81FE,
    0x8201, 0x8202, 0x8205, 0x8207, 0x820A, 0x820D, 0x8210, 0x8216, 0x8229, 0x822B, 0x8238, 0x8233,
    0x8240, 0x8259, 0x8258, 0x825D, 0x825A, 0x825F, 0x8264, 0x8262, 0x8268, 0x826A, 0x826B, 0x822E,
    0x8271, 0x8277, 0x8278, 0x827E, 0x828D, 0x8292, 0x82AB, 0x829F, 0x82BB, 0x82AC, 0x82E1, 0x82E3,
    0x82DF, 0x82D2, 0x82F4, 0x82F3, 0x82FA, 0x8393, 0x8303, 0x82FB, 0x82F9, 0x82DE, 0x8306, 0x82DC,
    0x8309, 0x82D9, 0x8335, 0x8334, 0x8316, 0x8332, 0x8331, 0x8340, 0x8339, 0x8350, 0x8345, 0x832F,
    0x832B, 0x8317, 0x8318, 0x8385, 0x839A, 0x83AA, 0x839F, 0x83A2, 0x8396, 0x8323, 0x838E, 0x8387,
    0x838A, 0x837C, 0x83B5, 0x8373, 0x8375, 0x83A0, 0x8389, 0x83A8, 0x83F4, 0x8413, 0x83EB, 0x83CE,
    0x83FD, 0x8403, 0x83D8, 0x840B, 0x83C1, 0x83F7, 0x8407, 0x83E0, 0x83F2, 0x840D, 0x8422, 0x8420,
    0x83BD, 0x8438, 0x8506, 0x83FB, 0x846D, 0x842A, 0x843C, 0x855A, 0x8484, 0x8477, 0x846B, 0x84AD,
    0x846E, 0x8482, 0x8469, 0x8446, 0x842C, 0x846F, 0x8479, 0x8435, 0x84CA, 0x8462, 0x84B9, 0x84BF,
    0x849F, 0x84D9, 0x84CD, 0x84BB, 0x84DA, 0x84D0, 0x84C1, 0x84C6, 0x84D6, 0x84A1, 0x8521, 0x84FF,
    0x84F4, 0x8517, 0x8518, 0x852C, 0x851F, 0x8515, 0x8514, 0x84FC, 0x8540, 0x8563, 0x8558, 0x8548,
    0x8541, 0x8602, 0x854B, 0x8555, 0x8580, 0x85A4, 0x8588, 0x8591, 0x858A, 0x85A8, 0x856D, 0x8594,
    0x859B, 0x85EA, 0x8587, 0x859C, 0x8577, 0x857E, 0x8590, 0x85C9, 0x85BA, 0x85CF, 0x85B9, 0x85D0,
    0x85D5, 0x85DD, 0x85E5, 0x85DC, 0x85F9, 0x860A, 0x8613, 0x860B, 0x85FE, 0x85FA, 0x8606, 0x8622,
    0x861A, 0x8630, 0x863F, 0x864D, 0x4E55, 0x8654, 0x865F, 0x8667, 0x8671, 0x8693, 0x86A3, 0x86A9,
    0x86AA, 0x868B, 0x868C, 0x86B6, 0x86AF, 0x86C4, 0x86C6, 0x86B0, 0x86C9, 0x8823, 0x86AB, 0x86D4,
    0x86DE, 0x86E9, 0x86EC, 0x86DF, 0x86DB, 0x86EF, 0x8712, 0x8706, 0x8708, 0x8700, 0x8703, 0x86FB,
    0x8711, 0x8709, 0x870D, 0x86F9, 0x870A, 0x8734, 0x873F, 0x8737, 0x873B, 0x8725, 0x8729, 0x871A,
    0x8760, 0x875F, 0x8778, 0x874C, 0x874E, 0x8774, 0x8757, 0x8768, 0x876E, 0x8759, 0x8753, 0x8763,
    0x876A, 0x8805, 0x87A2, 0x879F, 0x8782, 0x87AF, 0x87CB, 0x87BD, 0x87C0, 0x87D0, 0x96D6, 0x87AB,
    0x87C4, 0x87B3, 0x87C7, 0x87C6, 0x87BB, 0x87EF, 0x87F2, 0x87E0, 0x880F, 0x880D, 0x87FE, 0x87F6,
    0x87F7, 0x880E, 0x87D2, 0x8811, 0x8816, 0x8815, 0x8822, 0x8821, 0x8831, 0x8836, 0x8839, 0x8827,
    0x883B, 0x8844, 0x8842, 0x8852, 0x8859, 0x885E, 0x8862, 0x886B, 0x8881, 0x887E, 0x889E, 0x8875,
    0x887D, 0x88B5, 0x8872, 0x8882, 0x8897, 0x8892, 0x88AE, 0x8899, 0x88A2, 0x888D, 0x88A4, 0x88B0,
    0x88BF, 0x88B1, 0x88C3, 0x88C4, 0x88D4, 0x88D8, 0x88D9, 0x88DD, 0x88F9, 0x8902, 0x88FC, 0x88F4,
    0x88E8, 0x88F2, 0x8904, 0x890C, 0x890A, 0x8913, 0x8943, 0x891E, 0x8925, 0x892A, 0x892B, 0x8941,
    0x8944, 0x893B, 0x8936, 0x8938, 0x894C, 0x891D, 0x8960, 0x895E, 0x8966, 0x8964, 0x896D, 0x896A,
    0x896F, 0x8974, 0x8977, 0x897E, 0x8983, 0x8988, 0x898A, 0x8993, 0x8998, 0x89A1, 0x89A9, 0x89A6,
    0x89AC, 0x89AF, 0x89B2, 0x89BA, 0x89BD, 0x89BF, 0x89C0, 0x89DA, 0x89DC, 0x89DD, 0x89E7, 0x89F4,
    0x89F8, 0x8A03, 0x8A16, 0x8A10, 0x8A0C, 0x8A1B, 0x8A1D, 0x8A25, 0x8A36, 0x8A41, 0x8A5B, 0x8A52,
    0x8A46, 0x8A48, 0x8A7C, 0x8A6D, 0x8A6C, 0x8A62, 0x8A85, 0x8A82, 0x8A84, 0x8AA8, 0x8AA1, 0x8A91,
    0x8AA5, 0x8AA6, 0x8A9A, 0x8AA3, 0x8AC4, 0x8ACD, 0x8AC2, 0x8ADA, 0x8AEB, 0x8AF3, 0x8AE7, 0x8AE4,
    0x8AF1, 0x8B14, 0x8AE0, 0x8AE2, 0x8AF7, 0x8ADE, 0x8ADB, 0x8B0C, 0x8B07, 0x8B1A, 0x8AE1, 0x8B16,
    0x8B10, 0x8B17, 0x8B20, 0x8B33, 0x97AB, 0x8B26, 0x8B2B, 0x8B3E, 0x8B28, 0x8B41, 0x8B4C, 0x8B4F,
    0x8B4E, 0x8B49, 0x8B56, 0x8B5B, 0x8B5A, 0x8B6B, 0x8B5F, 0x8B6C, 0x8B6F, 0x8B74, 0x8B7D, 0x8B80,
    0x8B8C, 0x8B8E, 0x8B92, 0x8B93, 0x8B96, 0x8B99, 0x8B9A, 0x8C3A, 0x8C41, 0x8C3F, 0x8C48, 0x8C4C,
    0x8C4E, 0x8C50, 0x8C55, 0x8C62, 0x8C6C, 0x8C78, 0x8C7A, 0x8C82, 0x8C89, 0x8C85, 0x8C8A, 0x8C8D,
    0x8C8E, 0x8C94, 0x8C7C, 0x8C98, 0x621D, 0x8CAD, 0x8CAA, 0x8CBD, 0x8CB2, 0x8CB3, 0x8CAE, 0x8CB6,
    0x8CC8, 0x8CC1, 0x8CE4, 0x8CE3, 0x8CDA, 0x8CFD, 0x8CFA, 0x8CFB, 0x8D04, 0x8D05, 0x8D0A, 0x8D07,
    0x8D0F, 0x8D0D, 0x8D10, 0x9F4E, 0x8D13, 0x8CCD, 0x8D14, 0x8D16, 0x8D67, 0x8D6D, 0x8D71, 0x8D73,
    0x8D81, 0x8D99, 0x8DC2, 0x8DBE, 0x8DBA, 0x8DCF, 0x8DDA, 0x8DD6, 0x8DCC, 0x8DDB, 0x8DCB, 0x8DEA,
    0x8DEB, 0x8DDF, 0x8DE3, 0x8DFC, 0x8E08, 0x8E09, 0x8DFF, 0x8E1D, 0x8E1E, 0x8E10, 0x8E1F, 0x8E42,
    0x8E35, 0x8E30, 0x8E34, 0x8E4A, 0x8E47, 0x8E49, 0x8E4C, 0x8E50, 0x8E48, 0x8E59, 0x8E64, 0x8E60,
    0x8E2A, 0x8E63, 0x8E55, 0x8E76, 0x8E72, 0x8E7C, 0x8E81, 0x8E87, 0x8E85, 0x8E84, 0x8E8B, 0x8E8A,
    0x8E93, 0x8E91, 0x8E94, 0x8E99, 0x8EAA, 0x8EA1, 0x8EAC, 0x8EB0, 0x8EC6, 0x8EB1, 0x8EBE, 0x8EC5,
    0x8EC8, 0x8ECB, 0x8EDB, 0x8EE3, 0x8EFC, 0x8EFB, 0x8EEB, 0x8EFE, 0x8F0A, 0x8F05, 0x8F15, 0x8F12,
    0x8F19, 0x8F13, 0x8F1C, 0x8F1F, 0x8F1B, 0x8F0C, 0x8F26, 0x8F33, 0x8F3B, 0x8F39, 0x8F45, 0x8F42,
    0x8F3E, 0x8F4C, 0x8F49, 0x8F46, 0x8F4E, 0x8F57, 0x8F5C, 0x8F62, 0x8F63, 0x8F64, 0x8F9C, 0x8F9F,
    0x8FA3, 0x8FAD, 0x8FAF, 0x8FB7, 0x8FDA, 0x8FE5, 0x8FE2, 0x8FEA, 0x8FEF, 0x9087, 0x8FF4, 0x9005,
    0x8FF9, 0x8FFA, 0x9011, 0x9015, 0x9021, 0x900D, 0x901E, 0x9016, 0x900B, 0x9027, 0x9036, 0x9035,
    0x9039, 0x8FF8, 0x904F, 0x9050, 0x9051, 0x9052, 0x900E, 0x9049, 0x903E, 0x9056, 0x9058, 0x905E,
    0x9068, 0x906F, 0x9076, 0x96A8, 0x9072, 0x9082, 0x907D, 0x9081, 0x9080, 0x908A, 0x9089, 0x908F,
    0x90A8, 0x90AF, 0x90B1, 0x90B5, 0x90E2, 0x90E4, 0x6248, 0x90DB, 0x9102, 0x9112, 0x9119, 0x9132,
    0x9130, 0x914A, 0x9156, 0x9158, 0x9163, 0x9165, 0x9169, 0x9173, 0x9172, 0x918B, 0x9189, 0x9182,
    0x91A2, 0x91AB, 0x91AF, 0x91AA, 0x91B5, 0x91B4, 0x91BA, 0x91C0, 0x91C1, 0x91C9, 0x91CB, 0x91D0,
    0x91D6, 0x91DF, 0x91E1, 0x91DB, 0x91FC, 0x91F5, 0x91F6, 0x921E, 0x91FF, 0x9214, 0x922C, 0x9215,
    0x9211, 0x925E, 0x9257, 0x9245, 0x9249, 0x9264, 0x9248, 0x9295, 0x923F, 0x924B, 0x9250, 0x929C,
    0x9296, 0x9293, 0x929B, 0x925A, 0x92CF, 0x92B9, 0x92B7, 0x92E9, 0x930F, 0x92FA, 0x9344, 0x932E,
    0x9319, 0x9322, 0x931A, 0x9323, 0x933A, 0x9335, 0x933B, 0x935C, 0x9360, 0x937C, 0x936E, 0x9356,
    0x93B0, 0x93AC, 0x93AD, 0x9394, 0x93B9, 0x93D6, 0x93D7, 0x93E8, 0x93E5, 0x93D8, 0x93C3, 0x93DD,
    0x93D0, 0x93C8, 0x93E4, 0x941A, 0x9414, 0x9413, 0x9403, 0x9407, 0x9410, 0x9436, 0x942B, 0x9435,
    0x9421, 0x943A, 0x9441, 0x9452, 0x9444, 0x945B, 0x9460, 0x9462, 0x945E, 0x946A, 0x9229, 0x9470,
    0x9475, 0x9477, 0x947D, 0x945A, 0x947C, 0x947E, 0x9481, 0x947F, 0x9582, 0x9587, 0x958A, 0x9594,
    0x9596, 0x9598, 0x9599, 0x95A0, 0x95A8, 0x95A7, 0x95AD, 0x95BC, 0x95BB, 0x95B9, 0x95BE, 0x95CA,
    0x6FF6, 0x95C3, 0x95CD, 0x95CC, 0x95D5, 0x95D4, 0x95D6, 0x95DC, 0x95E1, 0x95E5, 0x95E2, 0x9621,
    0x9628, 0x962E, 0x962F, 0x9642, 0x964C, 0x964F, 0x964B, 0x9677, 0x965C, 0x965E, 0x965D, 0x965F,
    0x9666, 0x9672, 0x966C, 0x968D, 0x9698, 0x9695, 0x9697, 0x96AA, 0x96A7, 0x96B1, 0x96B2, 0x96B0,
    0x96B4, 0x96B6, 0x96B8, 0x96B9, 0x96CE, 0x96CB, 0x96C9, 0x96CD, 0x894D, 0x96DC, 0x970D, 0x96D5,
    0x96F9, 0x9704, 0x9706, 0x9708, 0x9713, 0x970E, 0x9711, 0x970F, 0x9716, 0x9719, 0x9724, 0x972A,
    0x9730, 0x9739, 0x973D, 0x973E, 0x9744, 0x9746, 0x9748, 0x9742, 0x9749, 0x975C, 0x9760, 0x9764,
    0x9766, 0x9768, 0x52D2, 0x976B, 0x9771, 0x9779, 0x9785, 0x977C, 0x9781, 0x977A, 0x9786, 0x978B,
    0x978F, 0x9790, 0x979C, 0x97A8, 0x97A6, 0x97A3, 0x97B3, 0x97B4, 0x97C3, 0x97C6, 0x97C8, 0x97CB,
    0x97DC, 0x97ED, 0x9F4F, 0x97F2, 0x7ADF, 0x97F6, 0x97F5, 0x980F, 0x980C, 0x9838, 0x9824, 0x9821,
    0x9837, 0x983D, 0x9846, 0x984F, 0x984B, 0x986B, 0x986F, 0x9870, 0x9871, 0x9874, 0x9873, 0x98AA,
    0x98AF, 0x98B1, 0x98B6, 0x98C4, 0x98C3, 0x98C6, 0x98E9, 0x98EB, 0x9903, 0x9909, 0x9912, 0x9914,
    0x9918, 0x9921, 0x991D, 0x991E, 0x9924, 0x9920, 0x992C, 0x992E, 0x993D, 0x993E, 0x9942, 0x9949,
    0x9945, 0x9950, 0x994B, 0x9951, 0x9952, 0x994C, 0x9955, 0x9997, 0x9998, 0x99A5, 0x99AD, 0x99AE,
    0x99BC, 0x99DF, 0x99DB, 0x99DD, 0x99D8, 0x99D1, 0x99ED, 0x99EE, 0x99F1, 0x99F2, 0x99FB, 0x99F8,
    0x9A01, 0x9A0F, 0x9A05, 0x99E2, 0x9A19, 0x9A2B, 0x9A37, 0x9A45, 0x9A42, 0x9A40, 0x9A43, 0x9A3E,
    0x9A55, 0x9A4D, 0x9A5B, 0x9A57, 0x9A5F, 0x9A62, 0x9A65, 0x9A64, 0x9A69, 0x9A6B, 0x9A6A, 0x9AAD,
    0x9AB0, 0x9ABC, 0x9AC0, 0x9ACF, 0x9AD1, 0x9AD3, 0x9AD4, 0x9ADE, 0x9ADF, 0x9AE2, 0x9AE3, 0x9AE6,
    0x9AEF, 0x9AEB, 0x9AEE, 0x9AF4, 0x9AF1, 0x9AF7, 0x9AFB, 0x9B06, 0x9B18, 0x9B1A, 0x9B1F, 0x9B22,
    0x9B23, 0x9B25, 0x9B27, 0x9B28, 0x9B29, 0x9B2A, 0x9B2E, 0x9B2F, 0x9B32, 0x9B44, 0x9B43, 0x9B4F,
    0x9B4D, 0x9B4E, 0x9B51, 0x9B58, 0x9B74, 0x9B93, 0x9B83, 0x9B91, 0x9B96, 0x9B97, 0x9B9F, 0x9BA0,
    0x9BA8, 0x9BB4, 0x9BC0, 0x9BCA, 0x9BB9, 0x9BC6, 0x9BCF, 0x9BD1, 0x9BD2, 0x9BE3, 0x9BE2, 0x9BE4,
    0x9BD4, 0x9BE1, 0x9C3A, 0x9BF2, 0x9BF1, 0x9BF0, 0x9C15, 0x9C14, 0x9C09, 0x9C13, 0x9C0C, 0x9C06,
    0x9C08, 0x9C12, 0x9C0A, 0x9C04, 0x9C2E, 0x9C1B, 0x9C25, 0x9C24, 0x9C21, 0x9C30, 0x9C47, 0x9C32,
    0x9C46, 0x9C3E, 0x9C5A, 0x9C60, 0x9C67, 0x9C76, 0x9C78, 0x9CE7, 0x9CEC, 0x9CF0, 0x9D09, 0x9D08,
    0x9CEB, 0x9D03, 0x9D06, 0x9D2A, 0x9D26, 0x9DAF, 0x9D23, 0x9D1F, 0x9D44, 0x9D15, 0x9D12, 0x9D41,
    0x9D3F, 0x9D3E, 0x9D46, 0x9D48, 0x9D5D, 0x9D5E, 0x9D64, 0x9D51, 0x9D50, 0x9D59, 0x9D72, 0x9D89,
    0x9D87, 0x9DAB, 0x9D6F, 0x9D7A, 0x9D9A, 0x9DA4, 0x9DA9, 0x9DB2, 0x9DC4, 0x9DC1, 0x9DBB, 0x9DB8,
    0x9DBA, 0x9DC6, 0x9DCF, 0x9DC2, 0x9DD9, 0x9DD3, 0x9DF8, 0x9DE6, 0x9DED, 0x9DEF, 0x9DFD, 0x9E1A,
    0x9E1B, 0x9E1E, 0x9E75, 0x9E79, 0x9E7D, 0x9E81, 0x9E88, 0x9E8B, 0x9E8C, 0x9E92, 0x9E95, 0x9E91,
    0x9E9D, 0x9EA5, 0x9EA9, 0x9EB8, 0x9EAA, 0x9EAD, 0x9761, 0x9ECC, 0x9ECE, 0x9ECF, 0x9ED0, 0x9ED4,
    0x9EDC, 0x9EDE, 0x9EDD, 0x9EE0, 0x9EE5, 0x9EE8, 0x9EEF, 0x9EF4, 0x9EF6, 0x9EF7, 0x9EF9, 0x9EFB,
    0x9EFC, 0x9EFD, 0x9F07, 0x9F08, 0x76B7, 0x9F15, 0x9F21, 0x9F2C, 0x9F3E, 0x9F4A, 0x9F52, 0x9F54,
    0x9F63, 0x9F5F, 0x9F60, 0x9F61, 0x9F66, 0x9F67, 0x9F6C, 0x9F6A, 0x9F77, 0x9F72, 0x9F76, 0x9F95,
    0x9F9C, 0x9FA0, 0x582F, 0x69C7, 0x9059, 0x7464, 0x51DC, 0x7199, 0x0000, 0x0000, 0x0000, 0x0000,
    0x0000, 0x0000, 0x0000, 0x0000, 0x0000, 0x0000, 0x0000, 0x0000, 0x0000, 0x0000, 0x0000, 0x0000,
    0x0000, 0x0000, 0x0000, 0x0000, 0x0000, 0x0000, 0x0000, 0x0000, 0x0000, 0x0000, 0x0000, 0x0000,
    0x0000, 0x0000, 0x0000, 0x0000, 0x0000, 0x0000, 0x0000, 0x0000, 0x0000, 0x0000, 0x0000, 0x0000,
    0x0000, 0x0000, 0x0000, 0x0000, 0x0000, 0x0000, 0x0000, 0x0000, 0x0000, 0x0000, 0x0000, 0x0000,
    0x0000, 0x0000, 0x0000, 0x0000, 0x0000, 0x0000, 0x0000, 0x0000, 0x0000, 0x0000, 0x0000, 0x0000,
    0x0000, 0x0000, 0x0000, 0x0000, 0x0000, 0x0000, 0x0000, 0x0000, 0x0000, 0x0000, 0x0000, 0x0000,
    0x0000, 0x0000, 0x0000, 0x0000, 0x0000, 0x0000, 0x0000, 0x0000, 0x0000, 0x0000, 0x0000, 0x0000,
    0x0000, 0x0000, 0x0000, 0x0000, 0x0000, 0x0000, 0x0000, 0x0000, 0x0000, 0x0000, 0x0000, 0x0000,
    0x0000, 0x0000, 0x0000, 0x0000, 0x0000, 0x0000, 0x0000, 0x0000, 0x0000, 0x0000, 0x0000, 0x0000,
    0x0000, 0x0000, 0x0000, 0x0000, 0x0000, 0x0000, 0x0000, 0x0000, 0x0000, 0x0000, 0x0000, 0x0000,
    0x0000, 0x0000, 0x0000, 0x0000, 0x0000, 0x0000, 0x0000, 0x0000, 0x0000, 0x0000, 0x0000, 0x0000,
    0x0000, 0x0000, 0x0000, 0x0000, 0x0000, 0x0000, 0x0000, 0x0000, 0x0000, 0x0000, 0x0000, 0x0000,
    0x0000, 0x0000, 0x0000, 0x0000, 0x0000, 0x0000, 0x0000, 0x0000, 0x0000, 0x0000, 0x0000, 0x0000,
    0x0000, 0x0000, 0x0000, 0x0000, 0x0000, 0x0000, 0x0000, 0x0000, 0x0000, 0x0000, 0x0000, 0x0000,
    0x0000, 0x0000, 0x0000, 0x0000, 0x0000, 0x0000, 0x0000, 0x0000, 0x0000, 0x0000, 0x0000, 0x0000,
    0x0000, 0x0000, 0x0000, 0x0000, 0x0000, 0x0000, 0x0000, 0x0000, 0x0000, 0x0000, 0x0000, 0x0000,
    0x0000, 0x0000, 0x0000, 0x0000, 0x0000, 0x0000, 0x0000, 0x0000, 0x0000, 0x0000, 0x0000, 0x0000,
    0x0000, 0x0000, 0x0000, 0x0000, 0x0000, 0x0000, 0x0000, 0x0000, 0x0000, 0x0000, 0x0000, 0x0000,
    0x0000, 0x0000, 0x0000, 0x0000, 0x0000, 0x0000, 0x0000, 0x0000, 0x0000, 0x0000, 0x0000, 0x0000,
    0x0000, 0x0000, 0x0000, 0x0000, 0x0000, 0x0000, 0x0000, 0x0000, 0x0000, 0x0000, 0x0000, 0x0000,
    0x0000, 0x0000, 0x0000, 0x0000, 0x0000, 0x0000, 0x0000, 0x0000, 0x0000, 0x0000, 0x0000, 0x0000,
    0x0000, 0x0000, 0x0000, 0x0000, 0x0000, 0x0000, 0x0000, 0x0000, 0x0000, 0x0000, 0x0000, 0x0000,
    0x0000, 0x0000, 0x0000, 0x0000, 0x0000, 0x0000, 0x0000, 0x0000, 0x0000, 0x0000, 0x0000, 0x0000,
    0x0000, 0x0000, 0x0000, 0x0000, 0x0000, 0x0000, 0x0000, 0x0000, 0x0000, 0x0000, 0x0000, 0x0000,
    0x0000, 0x0000, 0x0000, 0x0000, 0x0000, 0x0000, 0x0000, 0x0000, 0x0000, 0x0000, 0x0000, 0x0000,
    0x0000, 0x0000, 0x0000, 0x0000, 0x0000, 0x0000, 0x0000, 0x0000, 0x0000, 0x0000, 0x0000, 0x0000,
    0x0000, 0x0000, 0x0000, 0x0000, 0x0000, 0x0000, 0x0000, 0x0000, 0x0000, 0x0000, 0x0000, 0x0000,
    0x0000, 0x0000, 0x0000, 0x0000, 0x0000, 0x0000, 0x0000, 0x0000, 0x0000, 0x0000, 0x0000, 0x0000,
    0x0000, 0x0000, 0x0000, 0x0000, 0x0000, 0x0000, 0x0000, 0x0000, 0x0000, 0x0000, 0x0000, 0x0000,
    0x0000, 0x0000, 0x0000, 0x0000, 0x0000, 0x0000, 0x0000, 0x0000, 0x0000, 0x0000, 0x0000, 0x0000,
    0x0000, 0x0000, 0x0000, 0x0000, 0x0000, 0x0000, 0x0000, 0x0000, 0x0000, 0x0000, 0x0000, 0x0000,
    0x0000, 0x0000, 0x0000, 0x0000, 0x0000, 0x0000, 0x0000, 0x0000, 0x0000, 0x0000, 0x0000, 0x0000,
    0x0000, 0x0000, 0x0000, 0x0000, 0x0000, 0x0000, 0x0000, 0x0000, 0x0000, 0x0000, 0x0000, 0x0000,
    0x0000, 0x0000, 0x0000, 0x0000, 0x0000, 0x0000, 0x0000, 0x0000, 0x0000, 0x0000, 0x0000, 0x0000,
    0x0000, 0x0000, 0x0000, 0x0000, 0x0000, 0x0000, 0x0000, 0x0000, 0x0000, 0x0000, 0x0000, 0x0000,
    0x0000, 0x0000, 0x0000, 0x0000, 0x0000, 0x0000, 0x0000, 0x0000, 0x0000, 0x0000, 0x0000, 0x0000,
    0x0000, 0x0000, 0x0000, 0x0000, 0x0000, 0x0000, 0x0000, 0x0000, 0x0000, 0x0000, 0x0000, 0x0000,
    0x0000, 0x0000, 0x0000, 0x0000, 0x0000, 0x0000, 0x0000, 0x0000, 0x0000, 0x0000, 0x0000, 0x0000,
    0x0000, 0x0000, 0x0000, 0x0000, 0x7E8A, 0x891C, 0x9348, 0x9288, 0x84DC, 0x4FC9, 0x70BB, 0x6631,
    0x68C8, 0x92F9, 0x66FB, 0x5F45, 0x4E28, 0x4EE1, 0x4EFC, 0x4F00, 0x4F03, 0x4F39, 0x4F56, 0x4F92,
    0x4F8A, 0x4F9A, 0x4F94, 0x4FCD, 0x5040, 0x5022, 0x4FFF, 0x501E, 0x5046, 0x5070, 0x5042, 0x5094,
    0x50F4, 0x50D8, 0x514A, 0x5164, 0x519D, 0x51BE, 0x51EC, 0x5215, 0x529C, 0x52A6, 0x52C0, 0x52DB,
    0x5300, 0x5307, 0x5324, 0x5372, 0x5393, 0x53B2, 0x53DD, 0xFA0E, 0x549C, 0x548A, 0x54A9, 0x54FF,
    0x5586, 0x5759, 0x5765, 0x57AC, 0x57C8, 0x57C7, 0xFA0F, 0xFA10, 0x589E, 0x58B2, 0x590B, 0x5953,
    0x595B, 0x595D, 0x5963, 0x59A4, 0x59BA, 0x5B56, 0x5BC0, 0x752F, 0x5BD8, 0x5BEC, 0x5C1E, 0x5CA6,
    0x5CBA, 0x5CF5, 0x5D27, 0x5D53, 0xFA11, 0x5D42, 0x5D6D, 0x5DB8, 0x5DB9, 0x5DD0, 0x5F21, 0x5F34,
    0x5F67, 0x5FB7, 0x5FDE, 0x605D, 0x6085, 0x608A, 0x60DE, 0x60D5, 0x6120, 0x60F2, 0x6111, 0x6137,
    0x6130, 0x6198, 0x6213, 0x62A6, 0x63F5, 0x6460, 0x649D, 0x64CE, 0x654E, 0x6600, 0x6615, 0x663B,
    0x6609, 0x662E, 0x661E, 0x6624, 0x6665, 0x6657, 0x6659, 0xFA12, 0x6673, 0x6699, 0x66A0, 0x66B2,
    0x66BF, 0x66FA, 0x670E, 0xF929, 0x6766, 0x67BB, 0x6852, 0x67C0, 0x6801, 0x6844, 0x68CF, 0xFA13,
    0x6968, 0xFA14, 0x6998, 0x69E2, 0x6A30, 0x6A6B, 0x6A46, 0x6A73, 0x6A7E, 0x6AE2, 0x6AE4, 0x6BD6,
    0x6C3F, 0x6C5C, 0x6C86, 0x6C6F, 0x6CDA, 0x6D04, 0x6D87, 0x6D6F, 0x6D96, 0x6DAC, 0x6DCF, 0x6DF8,
    0x6DF2, 0x6DFC, 0x6E39, 0x6E5C, 0x6E27, 0x6E3C, 0x6EBF, 0x6F88, 0x6FB5, 0x6FF5, 0x7005, 0x7007,
    0x7028, 0x7085, 0x70AB, 0x710F, 0x7104, 0x715C, 0x7146, 0x7147, 0xFA15, 0x71C1, 0x71FE, 0x72B1,
    0x72BE, 0x7324, 0xFA16, 0x7377, 0x73BD, 0x73C9, 0x73D6, 0x73E3, 0x73D2, 0x7407, 0x73F5, 0x7426,
    0x742A, 0x7429, 0x742E, 0x7462, 0x7489, 0x749F, 0x7501, 0x756F, 0x7682, 0x769C, 0x769E, 0x769B,
    0x76A6, 0xFA17, 0x7746, 0x52AF, 0x7821, 0x784E, 0x7864, 0x787A, 0x7930, 0xFA18, 0xFA19, 0xFA1A,
    0x7994, 0xFA1B, 0x799B, 0x7AD1, 0x7AE7, 0xFA1C, 0x7AEB, 0x7B9E, 0xFA1D, 0x7D48, 0x7D5C, 0x7DB7,
    0x7DA0, 0x7DD6, 0x7E52, 0x7F47, 0x7FA1, 0xFA1E, 0x8301, 0x8362, 0x837F, 0x83C7, 0x83F6, 0x8448,
    0x84B4, 0x8553, 0x8559, 0x856B, 0xFA1F, 0x85B0, 0xFA20, 0xFA21, 0x8807, 0x88F5, 0x8A12, 0x8A37,
    0x8A79, 0x8AA7, 0x8ABE, 0x8ADF, 0xFA22, 0x8AF6, 0x8B53, 0x8B7F, 0x8CF0, 0x8CF4, 0x8D12, 0x8D76,
    0xFA23, 0x8ECF, 0xFA24, 0xFA25, 0x9067, 0x90DE, 0xFA26, 0x9115, 0x9127, 0x91DA, 0x91D7, 0x91DE,
    0x91ED, 0x91EE, 0x91E4, 0x91E5, 0x9206, 0x9210, 0x920A, 0x923A, 0x9240, 0x923C, 0x924E, 0x9259,
    0x9251, 0x9239, 0x9267, 0x92A7, 0x9277, 0x9278, 0x92E7, 0x92D7, 0x92D9, 0x92D0, 0xFA27, 0x92D5,
    0x92E0, 0x92D3, 0x9325, 0x9321, 0x92FB, 0xFA28, 0x931E, 0x92FF, 0x931D, 0x9302, 0x9370, 0x9357,
    0x93A4, 0x93C6, 0x93DE, 0x93F8, 0x9431, 0x9445, 0x9448, 0x9592, 0xF9DC, 0xFA29, 0x969D, 0x96AF,
    0x9733, 0x973B, 0x9743, 0x974D, 0x974F, 0x9751, 0x9755, 0x9857, 0x9865, 0xFA2A, 0xFA2B, 0x9927,
    0xFA2C, 0x999E, 0x9A4E, 0x9AD9, 0x9ADC, 0x9B75, 0x9B72, 0x9B8F, 0x9BB1, 0x9BBB, 0x9C00, 0x9D70,
    0x9D6B, 0xFA2D, 0x9E19, 0x9ED1, 0x0000, 0x0000, 0x2170, 0x2171, 0x2172, 0x2173, 0x2174, 0x2175,
    0x2176, 0x2177, 0x2178, 0x2179, 0xFFE2, 0xFFE4, 0xFF07, 0xFF02, 0x0000, 0x0000, 0x0000, 0x0000,
    0x0000, 0x0000, 0x0000, 0x0000, 0x0000, 0x0000, 0x0000, 0x0000, 0x0000, 0x0000, 0x0000, 0x0000,
    0x0000, 0x0000, 0x0000, 0x0000, 0x0000, 0x0000, 0x0000, 0x0000, 0x0000, 0x0000, 0x0000, 0x0000,
    0x0000, 0x0000, 0x0000, 0x0000, 0x0000, 0x0000, 0x0000, 0x0000, 0x0000, 0x0000, 0x0000, 0x0000,
    0x0000, 0x0000, 0x0000, 0x0000, 0x0000, 0x0000, 0x0000, 0x0000, 0x0000, 0x0000, 0x0000, 0x0000,
    0x0000, 0x0000, 0x0000, 0x0000, 0x0000, 0x0000, 0x0000, 0x0000, 0x0000, 0x0000, 0x0000, 0x0000,
    0x0000, 0x0000, 0x0000, 0x0000, 0x0000, 0x0000, 0x0000, 0x0000, 0x0000, 0x0000, 0x0000, 0x0000,
    0x0000, 0x0000, 0x0000, 0x0000, 0x0000, 0x0000, 0x0000, 0x0000, 0x0000, 0x0000, 0x0000, 0x0000,
    0x0000, 0x0000, 0x0000, 0x0000, 0x0000, 0x0000, 0x0000, 0x0000, 0x0000, 0x0000, 0x0000, 0x0000,
    0x0000, 0x0000, 0x0000, 0x0000, 0x0000, 0x0000, 0x0000, 0x0000, 0x0000, 0x0000, 0x0000, 0x0000,
    0x0000, 0x0000, 0x0000, 0x0000, 0x0000, 0x0000, 0x0000, 0x0000, 0x0000, 0x0000, 0x0000, 0x0000,
    0x0000, 0x0000, 0x0000, 0x0000, 0x0000, 0x0000, 0x0000, 0x0000, 0x0000, 0x0000, 0x0000, 0x0000,
    0x0000, 0x0000, 0x0000, 0x0000, 0x0000, 0x0000, 0x0000, 0x0000, 0x0000, 0x0000, 0x0000, 0x0000,
    0x0000, 0x0000, 0x0000, 0x0000, 0x0000, 0x0000, 0x0000, 0x0000, 0x0000, 0x0000, 0x0000, 0x0000,
    0x0000, 0x0000, 0x0000, 0x0000, 0x0000, 0x0000, 0x0000, 0x0000, 0x0000, 0x0000, 0x0000, 0x0000,
    0x0000, 0x0000, 0x0000, 0x0000, 0x0000, 0x0000, 0x0000, 0x0000, 0x0000, 0x0000, 0x0000, 0x0000,
    0x0000, 0x0000, 0x0000, 0x0000, 0x0000, 0x0000, 0x0000, 0x0000, 0x0000, 0x0000, 0x0000, 0x0000,
    0x0000, 0x0000, 0x0000, 0x0000, 0x0000, 0x0000, 0x0000, 0x0000, 0x0000, 0x0000, 0x0000, 0x0000,
    0x0000, 0x0000, 0x0000, 0x0000, 0x0000, 0x0000, 0x0000, 0x0000, 0x0000, 0x0000, 0x0000, 0x0000,
    0x0000, 0x0000, 0x0000, 0x0000, 0x0000, 0x0000, 0x0000, 0x0000, 0x0000, 0x0000, 0x0000, 0x0000,
    0x0000, 0x0000, 0x0000, 0x0000, 0x0000, 0x0000, 0x0000, 0x0000, 0x0000, 0x0000, 0x0000, 0x0000,
    0x0000, 0x0000, 0x0000, 0x0000, 0x0000, 0x0000, 0x0000, 0x0000, 0x0000, 0x0000, 0x0000, 0x0000,
    0x0000, 0x0000, 0x0000, 0x0000, 0x0000, 0x0000, 0x0000, 0x0000, 0x0000, 0x0000, 0x0000, 0x0000,
    0x0000, 0x0000, 0x0000, 0x0000, 0x0000, 0x0000, 0x0000, 0x0000, 0x0000, 0x0000, 0x0000, 0x0000,
    0x0000, 0x0000, 0x0000, 0x0000, 0x0000, 0x0000, 0x0000, 0x0000, 0x0000, 0x0000, 0x0000, 0x0000,
    0x0000, 0x0000, 0x0000, 0x0000, 0x0000, 0x0000, 0x0000, 0x0000, 0x0000, 0x0000, 0x0000, 0x0000,
    0x0000, 0x0000, 0x0000, 0x0000, 0x0000, 0x0000, 0x0000, 0x0000, 0x0000, 0x0000, 0x0000, 0x0000,
    0x0000, 0x0000, 0x0000, 0x0000, 0x0000, 0x0000, 0x0000, 0x0000, 0x0000, 0x0000, 0x0000, 0x0000,
    0x0000, 0x0000, 0x0000, 0x0000, 0x0000, 0x0000, 0x0000, 0x0000, 0x0000, 0x0000, 0x0000, 0x0000,
    0x0000, 0x0000, 0x0000, 0x0000, 0x0000, 0x0000, 0x0000, 0x0000, 0x0000, 0x0000, 0x0000, 0x0000,
    0x0000, 0x0000, 0x0000, 0x0000, 0x0000, 0x0000, 0x0000, 0x0000, 0x0000, 0x0000, 0x0000, 0x0000,
    0x0000, 0x0000, 0x0000, 0x0000, 0x0000, 0x0000, 0x0000, 0x0000, 0x0000, 0x0000, 0x0000, 0x0000,
    0x0000, 0x0000, 0x0000, 0x0000, 0x0000, 0x0000, 0x0000, 0x0000, 0x0000, 0x0000, 0x0000, 0x0000,
    0x0000, 0x0000, 0x0000, 0x0000, 0x0000, 0x0000, 0x0000, 0x0000, 0x0000, 0x0000, 0x0000, 0x0000,
    0x0000, 0x0000, 0x0000, 0x0000, 0x0000, 0x0000, 0x0000, 0x0000, 0x0000, 0x0000, 0x0000, 0x0000,
    0x0000, 0x0000, 0x0000, 0x0000, 0x0000, 0x0000, 0x0000, 0x0000, 0x0000, 0x0000, 0x0000, 0x0000,
    0x0000, 0x0000, 0x0000, 0x0000, 0x0000, 0x0000, 0x0000, 0x0000, 0x0000, 0x0000, 0x0000, 0x0000,
    0x0000, 0x0000, 0x0000, 0x0000, 0x0000, 0x0000, 0x0000, 0x0000, 0x0000, 0x0000, 0x0000, 0x0000,
    0x0000, 0x0000, 0x0000, 0x0000, 0x0000, 0x0000, 0x0000, 0x0000, 0x0000, 0x0000, 0x0000, 0x0000,
    0x0000, 0x0000, 0x0000, 0x0000, 0x0000, 0x0000, 0x0000, 0x0000, 0x0000, 0x0000, 0x0000, 0x0000,
    0x0000, 0x0000, 0x0000, 0x0000, 0x0000, 0x0000, 0x0000, 0x0000, 0x0000, 0x0000, 0x0000, 0x0000,
    0x0000, 0x0000, 0x0000, 0x0000, 0x0000, 0x0000, 0x0000, 0x0000, 0x0000, 0x0000, 0x0000, 0x0000,
    0x0000, 0x0000, 0x0000, 0x0000, 0x0000, 0x0000, 0x0000, 0x0000, 0x0000, 0x0000, 0x0000, 0x0000,
    0x0000, 0x0000, 0x0000, 0x0000, 0x0000, 0x0000, 0x0000, 0x0000, 0x0000, 0x0000, 0x0000, 0x0000,
    0x0000, 0x0000, 0x0000, 0x0000, 0x0000, 0x0000, 0x0000, 0x0000, 0x0000, 0x0000, 0x0000, 0x0000,
    0x0000, 0x0000, 0x0000, 0x0000, 0x0000, 0x0000, 0x0000, 0x0000, 0x0000, 0x0000, 0x0000, 0x0000,
    0x0000, 0x0000, 0x0000, 0x0000, 0x0000, 0x0000, 0x0000, 0x0000, 0x0000, 0x0000, 0x0000, 0x0000,
    0x0000, 0x0000, 0x0000, 0x0000, 0x0000, 0x0000, 0x0000, 0x0000, 0x0000, 0x0000, 0x0000, 0x0000,
    0x0000, 0x0000, 0x0000, 0x0000, 0x0000, 0x0000, 0x0000, 0x0000, 0x0000, 0x0000, 0x0000, 0x0000,
    0x0000, 0x0000, 0x0000, 0x0000, 0x0000, 0x0000, 0x0000, 0x0000, 0x0000, 0x0000, 0x0000, 0x0000,
    0x0000, 0x0000, 0x0000, 0x0000, 0x0000, 0x0000, 0x0000, 0x0000, 0x0000, 0x0000, 0x0000, 0x0000,
    0x0000, 0x0000, 0x0000, 0x0000, 0x0000, 0x0000, 0x0000, 0x0000, 0x0000, 0x0000, 0x0000, 0x0000,
    0x0000, 0x0000, 0x0000, 0x0000, 0x0000, 0x0000, 0x0000, 0x0000, 0x0000, 0x0000, 0x0000, 0x0000,
    0x0000, 0x0000, 0x0000, 0x0000, 0x0000, 0x0000, 0x0000, 0x0000, 0x0000, 0x0000, 0x0000, 0x0000,
    0x0000, 0x0000, 0x0000, 0x0000, 0x0000, 0x0000, 0x0000, 0x0000, 0x0000, 0x0000, 0x0000, 0x0000,
    0x0000, 0x0000, 0x0000, 0x0000, 0x0000, 0x0000, 0x0000, 0x0000, 0x0000, 0x0000, 0x0000, 0x0000,
    0x0000, 0x0000, 0x0000, 0x0000, 0x0000, 0x0000, 0x0000, 0x0000, 0x0000, 0x0000, 0x0000, 0x0000,
    0x0000, 0x0000, 0x0000, 0x0000, 0x0000, 0x0000, 0x0000, 0x0000, 0x0000, 0x0000, 0x0000, 0x0000,
    0x0000, 0x0000, 0x0000, 0x0000, 0x0000, 0x0000, 0x0000, 0x0000, 0x0000, 0x0000, 0x0000, 0x0000,
    0x0000, 0x0000, 0x0000, 0x0000, 0x0000, 0x0000, 0x0000, 0x0000, 0x0000, 0x0000, 0x0000, 0x0000,
    0x0000, 0x0000, 0x0000, 0x0000, 0x0000, 0x0000, 0x0000, 0x0000, 0x0000, 0x0000, 0x0000, 0x0000,
    0x0000, 0x0000, 0x0000, 0x0000, 0x0000, 0x0000, 0x0000, 0x0000, 0x0000, 0x0000, 0x0000, 0x0000,
    0x0000, 0x0000, 0x0000, 0x0000, 0x0000, 0x0000, 0x0000, 0x0000, 0x0000, 0x0000, 0x0000, 0x0000,
    0x0000, 0x0000, 0x0000, 0x0000, 0x0000, 0x0000, 0x0000, 0x0000, 0x0000, 0x0000, 0x0000, 0x0000,
    0x0000, 0x0000, 0x0000, 0x0000, 0x0000, 0x0000, 0x0000, 0x0000, 0x0000, 0x0000, 0x0000, 0x0000,
    0x0000, 0x0000, 0x0000, 0x0000, 0x0000, 0x0000, 0x0000, 0x0000, 0x0000, 0x0000, 0x0000, 0x0000,
    0x0000, 0x0000, 0x0000, 0x0000, 0x0000, 0x0000, 0x0000, 0x0000, 0x0000, 0x0000, 0x0000, 0x0000,
    0x0000, 0x0000, 0x0000, 0x0000, 0x0000, 0x0000, 0x0000, 0x0000, 0x0000, 0x0000, 0x0000, 0x0000,
    0x0000, 0x0000, 0x0000, 0x0000, 0x0000, 0x0000, 0x0000, 0x0000, 0x0000, 0x0000, 0x0000, 0x0000,
    0x0000, 0x0000, 0x0000, 0x0000, 0x0000, 0x0000, 0x0000, 0x0000, 0x0000, 0x0000, 0x0000, 0x0000,
    0x0000, 0x0000, 0x0000, 0x0000, 0x0000, 0x0000, 0x0000, 0x0000, 0x0000, 0x0000, 0x0000, 0x0000,
    0x0000, 0x0000, 0x0000, 0x0000, 0x0000, 0x0000, 0x0000, 0x0000, 0x0000, 0x0000, 0x0000, 0x0000,
    0x0000, 0x0000, 0x0000, 0x0000, 0x0000, 0x0000, 0x0000, 0x0000, 0x0000, 0x0000, 0x0000, 0x0000,
    0x0000, 0x0000, 0x0000, 0x0000, 0x0000, 0x0000, 0x0000, 0x0000, 0x0000, 0x0000, 0x0000, 0x0000,
    0x0000, 0x0000, 0x0000, 0x0000, 0x0000, 0x0000, 0x0000, 0x0000, 0x0000, 0x0000, 0x0000, 0x0000,
    0x0000, 0x0000, 0x0000, 0x0000, 0x0000, 0x0000, 0x0000, 0x0000, 0x0000, 0x0000, 0x0000, 0x0000,
    0x0000, 0x0000, 0x0000, 0x0000, 0x0000, 0x0000, 0x0000, 0x0000, 0x0000, 0x0000, 0x0000, 0x0000,
    0x0000, 0x0000, 0x0000, 0x0000, 0x0000, 0x0000, 0x0000, 0x0000, 0x0000, 0x0000, 0x0000, 0x0000,
    0x0000, 0x0000, 0x0000, 0x0000, 0x0000, 0x0000, 0x0000, 0x0000, 0x0000, 0x0000, 0x0000, 0x0000,
    0x0000, 0x0000, 0x0000, 0x0000, 0x0000, 0x0000, 0x0000, 0x0000, 0x0000, 0x0000, 0x0000, 0x0000,
    0x0000, 0x0000, 0x0000, 0x0000, 0x0000, 0x0000, 0x0000, 0x0000, 0x0000, 0x0000, 0x0000, 0x0000,
    0x0000, 0x0000, 0x0000, 0x0000, 0x0000, 0x0000, 0x0000, 0x0000, 0x0000, 0x0000, 0x0000, 0x0000,
    0x0000, 0x0000, 0x0000, 0x0000, 0x0000, 0x0000, 0x0000, 0x0000, 0x0000, 0x0000, 0x0000, 0x0000,
    0x0000, 0x0000, 0x0000, 0x0000, 0x0000, 0x0000, 0x0000, 0x0000, 0x0000, 0x0000, 0x0000, 0x0000,
    0x0000, 0x0000, 0x0000, 0x0000, 0x0000, 0x0000, 0x0000, 0x0000, 0x0000, 0x0000, 0x0000, 0x0000,
    0x0000, 0x0000, 0x0000, 0x0000, 0x0000, 0x0000, 0x0000, 0x0000, 0x0000, 0x0000, 0x0000, 0x0000,
    0x0000, 0x0000, 0x0000, 0x0000, 0x0000, 0x0000, 0x0000, 0x0000, 0x0000, 0x0000, 0x0000, 0x0000,
    0x0000, 0x0000, 0x0000, 0x0000, 0x0000, 0x0000, 0x0000, 0x0000, 0x0000, 0x0000, 0x0000, 0x0000,
    0x0000, 0x0000, 0x0000, 0x0000, 0x0000, 0x0000, 0x0000, 0x0000, 0x0000, 0x0000, 0x0000, 0x0000,
    0x0000, 0x0000, 0x0000, 0x0000, 0x0000, 0x0000, 0x0000, 0x0000, 0x0000, 0x0000, 0x0000, 0x0000,
    0x0000, 0x0000, 0x0000, 0x0000, 0x0000, 0x0000, 0x0000, 0x0000, 0x0000, 0x0000, 0x0000, 0x0000,
    0x0000, 0x0000, 0x0000, 0x0000, 0x0000, 0x0000, 0x0000, 0x0000, 0x0000, 0x0000, 0x0000, 0x0000,
    0x0000, 0x0000, 0x0000, 0x0000, 0x0000, 0x0000, 0x0000, 0x0000, 0x0000, 0x0000, 0x0000, 0x0000,
    0x0000, 0x0000, 0x0000, 0x0000, 0x0000, 0x0000, 0x0000, 0x0000, 0x0000, 0x0000, 0x0000, 0x0000,
    0x0000, 0x0000, 0x0000, 0x0000, 0x0000, 0x0000, 0x0000, 0x0000, 0x0000, 0x0000, 0x0000, 0x0000,
    0x0000, 0x0000, 0x0000, 0x0000, 0x0000, 0x0000, 0x0000, 0x0000, 0x0000, 0x0000, 0x0000, 0x0000,
    0x0000, 0x0000, 0x0000, 0x0000, 0x0000, 0x0000, 0x0000, 0x0000, 0x0000, 0x0000, 0x0000, 0x0000,
    0x0000, 0x0000, 0x0000, 0x0000, 0x0000, 0x0000, 0x0000, 0x0000, 0x0000, 0x0000, 0x0000, 0x0000,
    0x0000, 0x0000, 0x0000, 0x0000, 0x0000, 0x0000, 0x0000, 0x0000, 0x0000, 0x0000, 0x0000, 0x0000,
    0x0000, 0x0000, 0x0000, 0x0000, 0x0000, 0x0000, 0x0000, 0x0000, 0x0000, 0x0000, 0x0000, 0x0000,
    0x0000, 0x0000, 0x0000, 0x0000, 0x0000, 0x0000, 0x0000, 0x0000, 0x0000, 0x0000, 0x0000, 0x0000,
    0x0000, 0x0000, 0x0000, 0x0000, 0x0000, 0x0000, 0x0000, 0x0000, 0x0000, 0x0000, 0x0000, 0x0000,
    0x0000, 0x0000, 0x0000, 0x0000, 0x0000, 0x0000, 0x0000, 0x0000, 0x0000, 0x0000, 0x0000, 0x0000,
    0x0000, 0x0000, 0x0000, 0x0000, 0x0000, 0x0000, 0x0000, 0x0000, 0x0000, 0x0000, 0x0000, 0x0000,
    0x0000, 0x0000, 0x0000, 0x0000, 0x0000, 0x0000, 0x0000, 0x0000, 0x0000, 0x0000, 0x0000, 0x0000,
    0x0000, 0x0000, 0x0000, 0x0000, 0x0000, 0x0000, 0x0000, 0x0000, 0x0000, 0x0000, 0x0000, 0x0000,
    0x0000, 0x0000, 0x0000, 0x0000, 0x0000, 0x0000, 0x0000, 0x0000, 0x0000, 0x0000, 0x0000, 0x0000,
    0x0000, 0x0000, 0x0000, 0x0000, 0x0000, 0x0000, 0x0000, 0x0000, 0x0000, 0x0000, 0x0000, 0x0000,
    0x0000, 0x0000, 0x0000, 0x0000, 0x0000, 0x0000, 0x0000, 0x0000, 0x0000, 0x0000, 0x0000, 0x0000,
    0x0000, 0x0000, 0x0000, 0x0000, 0x0000, 0x0000, 0x0000, 0x0000, 0x0000, 0x0000, 0x0000, 0x0000,
    0x0000, 0x0000, 0x0000, 0x0000, 0x0000, 0x0000, 0x0000, 0x0000, 0x0000, 0x0000, 0x0000, 0x0000,
    0x0000, 0x0000, 0x0000, 0x0000, 0x0000, 0x0000, 0x0000, 0x0000, 0x0000, 0x0000, 0x0000, 0x0000,
    0x0000, 0x0000, 0x0000, 0x0000, 0x0000, 0x0000, 0x0000, 0x0000, 0x0000, 0x0000, 0x0000, 0x0000,
    0x0000, 0x0000, 0x0000, 0x0000, 0x0000, 0x0000, 0x0000, 0x0000, 0x0000, 0x0000, 0x0000, 0x0000,
    0x0000, 0x0000, 0x0000, 0x0000, 0x0000, 0x0000, 0x0000, 0x0000, 0x0000, 0x0000, 0x0000, 0x0000,
    0x0000, 0x0000, 0x0000, 0x0000, 0x0000, 0x0000, 0x0000, 0x0000, 0x0000, 0x0000, 0x0000, 0x0000,
    0x0000, 0x0000, 0x0000, 0x0000, 0x0000, 0x0000, 0x0000, 0x0000, 0x0000, 0x0000, 0x0000, 0x0000,
    0x0000, 0x0000, 0x0000, 0x0000, 0x0000, 0x0000, 0x0000, 0x0000, 0x0000, 0x0000, 0x0000, 0x0000,
    0x0000, 0x0000, 0x0000, 0x0000, 0x0000, 0x0000, 0x0000, 0x0000, 0x0000, 0x0000, 0x0000, 0x0000,
    0x0000, 0x0000, 0x0000, 0x0000, 0x0000, 0x0000, 0x0000, 0x0000, 0x0000, 0x0000, 0x0000, 0x0000,
    0x0000, 0x0000, 0x0000, 0x0000, 0x0000, 0x0000, 0x0000, 0x0000, 0x0000, 0x0000, 0x0000, 0x0000,
    0x0000, 0x0000, 0x0000, 0x0000, 0x0000, 0x0000, 0x0000, 0x0000, 0x0000, 0x0000, 0x0000, 0x0000,
    0x0000, 0x0000, 0x0000, 0x0000, 0x0000, 0x0000, 0x0000, 0x0000, 0x0000, 0x0000, 0x0000, 0x0000,
    0x0000, 0x0000, 0x0000, 0x0000, 0x0000, 0x0000, 0x0000, 0x0000, 0x0000, 0x0000, 0x0000, 0x0000,
    0x0000, 0x0000, 0x0000, 0x0000, 0x0000, 0x0000, 0x0000, 0x0000, 0x0000, 0x0000, 0x0000, 0x0000,
    0x0000, 0x0000, 0x0000, 0x0000, 0x0000, 0x0000, 0x0000, 0x0000, 0x0000, 0x0000, 0x0000, 0x0000,
    0x0000, 0x0000, 0x0000, 0x0000, 0x0000, 0x0000, 0x0000, 0x0000, 0x0000, 0x0000, 0x0000, 0x0000,
    0x0000, 0x0000, 0x0000, 0x0000, 0x0000, 0x0000, 0x0000, 0x0000, 0x0000, 0x0000, 0x0000, 0x0000,
    0x0000, 0x0000, 0x0000, 0x0000, 0x0000, 0x0000, 0x0000, 0x0000, 0x0000, 0x0000, 0x0000, 0x0000,
    0x0000, 0x0000, 0x0000, 0x0000, 0x0000, 0x0000, 0x0000, 0x0000, 0x0000, 0x0000, 0x0000, 0x0000,
    0x0000, 0x0000, 0x0000, 0x0000, 0x0000, 0x0000, 0x0000, 0x0000, 0x0000, 0x0000, 0x0000, 0x0000,
    0x0000, 0x0000, 0x0000, 0x0000, 0x0000, 0x0000, 0x0000, 0x0000, 0x0000, 0x0000, 0x0000, 0x0000,
    0x0000, 0x0000, 0x0000, 0x0000, 0x0000, 0x0000, 0x0000, 0x0000, 0x0000, 0x0000, 0x0000, 0x0000,
    0x0000, 0x0000, 0x0000, 0x0000, 0x0000, 0x0000, 0x0000, 0x0000, 0x0000, 0x0000, 0x0000, 0x0000,
    0x0000, 0x0000, 0x0000, 0x0000, 0x0000, 0x0000, 0x0000, 0x0000, 0x0000, 0x0000, 0x0000, 0x0000,
    0x0000, 0x0000, 0x0000, 0x0000, 0x0000, 0x0000, 0x0000, 0x0000, 0x0000, 0x0000, 0x0000, 0x0000,
    0x0000, 0x0000, 0x0000, 0x0000, 0x0000, 0x0000, 0x0000, 0x0000, 0x0000, 0x0000, 0x0000, 0x0000,
    0x0000, 0x0000, 0x0000, 0x0000, 0x0000, 0x0000, 0x0000, 0x0000, 0x0000, 0x0000, 0x0000, 0x0000,
    0x0000, 0x0000, 0x0000, 0x0000, 0x0000, 0x0000, 0x0000, 0x0000, 0x0000, 0x0000, 0x0000, 0x0000,
    0x0000, 0x0000, 0x0000, 0x0000, 0x0000, 0x0000, 0x0000, 0x0000, 0x0000, 0x0000, 0x0000, 0x0000,
    0x0000, 0x0000, 0x0000, 0x0000, 0x0000, 0x0000, 0x0000, 0x0000, 0x0000, 0x0000, 0x0000, 0x0000,
    0x0000, 0x0000, 0x0000, 0x0000, 0x0000, 0x0000, 0x0000, 0x0000, 0x0000, 0x0000, 0x0000, 0x0000,
    0x0000, 0x0000, 0x0000, 0x0000, 0x0000, 0x0000, 0x0000, 0x0000, 0x0000, 0x0000, 0x0000, 0x0000,
    0x0000, 0x0000, 0x0000, 0x0000, 0x0000, 0x0000, 0x0000, 0x0000, 0x0000, 0x0000, 0x0000, 0x0000,
    0x0000, 0x0000, 0x0000, 0x0000, 0x0000, 0x0000, 0x0000, 0x0000, 0x0000, 0x0000, 0x0000, 0x0000,
    0x0000, 0x0000, 0x0000, 0x0000, 0x0000, 0x0000, 0x0000, 0x0000, 0x0000, 0x0000, 0x0000, 0x0000,
    0x0000, 0x0000, 0x0000, 0x0000, 0x0000, 0x0000, 0x0000, 0x0000, 0x0000, 0x0000, 0x0000, 0x0000,
    0x0000, 0x0000, 0x0000, 0x0000, 0x0000, 0x0000, 0x0000, 0x0000, 0x0000, 0x0000, 0x0000, 0x0000,
    0x0000, 0x0000, 0x0000, 0x0000, 0x0000, 0x0000, 0x0000, 0x0000, 0x0000, 0x0000, 0x0000, 0x0000,
    0x0000, 0x0000, 0x0000, 0x0000, 0x0000, 0x0000, 0x0000, 0x0000, 0x0000, 0x0000, 0x0000, 0x0000,
    0x0000, 0x0000, 0x0000, 0x0000, 0x0000, 0x0000, 0x0000, 0x0000, 0x0000, 0x0000, 0x0000, 0x0000,
    0x0000, 0x0000, 0x0000, 0x0000, 0x0000, 0x0000, 0x0000, 0x0000, 0x0000, 0x0000, 0x0000, 0x0000,
    0x0000, 0x0000, 0x0000, 0x0000, 0x0000, 0x0000, 0x0000, 0x0000, 0x0000, 0x0000, 0x0000, 0x0000,
    0x0000, 0x0000, 0x0000, 0x0000, 0x0000, 0x0000, 0x0000, 0x0000, 0x0000, 0x0000, 0x0000, 0x0000,
    0x0000, 0x0000, 0x0000, 0x0000, 0x0000, 0x0000, 0x0000, 0x0000, 0x0000, 0x0000, 0x0000, 0x0000,
    0x0000, 0x0000, 0x0000, 0x0000, 0x0000, 0x0000, 0x0000, 0x0000, 0x0000, 0x0000, 0x0000, 0x0000,
    0x0000, 0x0000, 0x0000, 0x0000, 0x0000, 0x0000, 0x0000, 0x0000, 0x0000, 0x0000, 0x0000, 0x0000,
    0x0000, 0x0000, 0x0000, 0x0000, 0x0000, 0x0000, 0x0000, 0x0000, 0x0000, 0x0000, 0x0000, 0x0000,
    0x0000, 0x0000, 0x0000, 0x0000, 0x0000, 0x0000, 0x0000, 0x0000, 0x0000, 0x0000, 0x0000, 0x0000,
    0x0000, 0x0000, 0x0000, 0x0000, 0x0000, 0x0000, 0x0000, 0x0000, 0x0000, 0x0000, 0x0000, 0x0000,
    0x0000, 0x0000, 0x0000, 0x0000, 0x0000, 0x0000, 0x0000, 0x0000, 0x0000, 0x0000, 0x0000, 0x0000,
    0x0000, 0x0000, 0x0000, 0x0000, 0x0000, 0x0000, 0x0000, 0x0000, 0x0000, 0x0000, 0x0000, 0x0000,
    0x0000, 0x0000, 0x0000, 0x0000, 0x0000, 0x0000, 0x0000, 0x0000, 0x0000, 0x0000, 0x0000, 0x0000,
    0x0000, 0x0000, 0x0000, 0x0000, 0x0000, 0x0000, 0x0000, 0x0000, 0x0000, 0x0000, 0x0000, 0x0000,
    0x0000, 0x0000, 0x0000, 0x0000, 0x0000, 0x0000, 0x0000, 0x0000, 0x0000, 0x0000, 0x0000, 0x0000,
    0x0000, 0x0000, 0x0000, 0x0000, 0x0000, 0x0000, 0x0000, 0x0000, 0x0000, 0x0000, 0x0000, 0x0000,
    0x0000, 0x0000, 0x0000, 0x0000, 0x0000, 0x0000, 0x0000, 0x0000, 0x0000, 0x0000, 0x0000, 0x0000,
    0x0000, 0x0000, 0x0000, 0x0000, 0x0000, 0x0000, 0x0000, 0x0000, 0x0000, 0x0000, 0x0000, 0x0000,
    0x0000, 0x0000, 0x0000, 0x0000, 0x0000, 0x0000, 0x0000, 0x0000, 0x0000, 0x0000, 0x0000, 0x0000,
    0x0000, 0x0000, 0x0000, 0x0000, 0x0000, 0x0000, 0x0000, 0x0000, 0x0000, 0x0000, 0x0000, 0x0000,
    0x0000, 0x0000, 0x0000, 0x0000, 0x0000, 0x0000, 0x0000, 0x0000, 0x0000, 0x0000, 0x0000, 0x0000,
    0x0000, 0x0000, 0x0000, 0x0000, 0x0000, 0x0000, 0x0000, 0x0000, 0x0000, 0x0000, 0x0000, 0x0000,
    0x0000, 0x0000, 0x0000, 0x0000, 0x0000, 0x0000, 0x0000, 0x0000, 0x0000, 0x0000, 0x0000, 0x0000,
    0x2170, 0x2171, 0x2172, 0x2173, 0x2174, 0x2175, 0x2176, 0x2177, 0x2178, 0x2179, 0x2160, 0x2161,
    0x2162, 0x2163, 0x2164, 0x2165, 0x2166, 0x2167, 0x2168, 0x2169, 0xFFE2, 0xFFE4, 0xFF07, 0xFF02,
    0x3231, 0x2116, 0x2121, 0x2235, 0x7E8A, 0x891C, 0x9348, 0x9288, 0x84DC, 0x4FC9, 0x70BB, 0x6631,
    0x68C8, 0x92F9, 0x66FB, 0x5F45, 0x4E28, 0x4EE1, 0x4EFC, 0x4F00, 0x4F03, 0x4F39, 0x4F56, 0x4F92,
    0x4F8A, 0x4F9A, 0x4F94, 0x4FCD, 0x5040, 0x5022, 0x4FFF, 0x501E, 0x5046, 0x5070, 0x5042, 0x5094,
    0x50F4, 0x50D8, 0x514A, 0x5164, 0x519D, 0x51BE, 0x51EC, 0x5215, 0x529C, 0x52A6, 0x52C0, 0x52DB,
    0x5300, 0x5307, 0x5324, 0x5372, 0x5393, 0x53B2, 0x53DD, 0xFA0E, 0x549C, 0x548A, 0x54A9, 0x54FF,
    0x5586, 0x5759, 0x5765, 0x57AC, 0x57C8, 0x57C7, 0xFA0F, 0xFA10, 0x589E, 0x58B2, 0x590B, 0x5953,
    0x595B, 0x595D, 0x5963, 0x59A4, 0x59BA, 0x5B56, 0x5BC0, 0x752F, 0x5BD8, 0x5BEC, 0x5C1E, 0x5CA6,
    0x5CBA, 0x5CF5, 0x5D27, 0x5D53, 0xFA11, 0x5D42, 0x5D6D, 0x5DB8, 0x5DB9, 0x5DD0, 0x5F21, 0x5F34,
    0x5F67, 0x5FB7, 0x5FDE, 0x605D, 0x6085, 0x608A, 0x60DE, 0x60D5, 0x6120, 0x60F2, 0x6111, 0x6137,
    0x6130, 0x6198, 0x6213, 0x62A6, 0x63F5, 0x6460, 0x649D, 0x64CE, 0x654E, 0x6600, 0x6615, 0x663B,
    0x6609, 0x662E, 0x661E, 0x6624, 0x6665, 0x6657, 0x6659, 0xFA12, 0x6673, 0x6699, 0x66A0, 0x66B2,
    0x66BF, 0x66FA, 0x670E, 0xF929, 0x6766, 0x67BB, 0x6852, 0x67C0, 0x6801, 0x6844, 0x68CF, 0xFA13,
    0x6968, 0xFA14, 0x6998, 0x69E2, 0x6A30, 0x6A6B, 0x6A46, 0x6A73, 0x6A7E, 0x6AE2, 0x6AE4, 0x6BD6,
    0x6C3F, 0x6C5C, 0x6C86, 0x6C6F, 0x6CDA, 0x6D04, 0x6D87, 0x6D6F, 0x6D96, 0x6DAC, 0x6DCF, 0x6DF8,
    0x6DF2, 0x6DFC, 0x6E39, 0x6E5C, 0x6E27, 0x6E3C, 0x6EBF, 0x6F88, 0x6FB5, 0x6FF5, 0x7005, 0x7007,
    0x7028, 0x7085, 0x70AB, 0x710F, 0x7104, 0x715C, 0x7146, 0x7147, 0xFA15, 0x71C1, 0x71FE, 0x72B1,
    0x72BE, 0x7324, 0xFA16, 0x7377, 0x73BD, 0x73C9, 0x73D6, 0x73E3, 0x73D2, 0x7407, 0x73F5, 0x7426,
    0x742A, 0x7429, 0x742E, 0x7462, 0x7489, 0x749F, 0x7501, 0x756F, 0x7682, 0x769C, 0x769E, 0x769B,
    0x76A6, 0xFA17, 0x7746, 0x52AF, 0x7821, 0x784E, 0x7864, 0x787A, 0x7930, 0xFA18, 0xFA19, 0xFA1A,
    0x7994, 0xFA1B, 0x799B, 0x7AD1, 0x7AE7, 0xFA1C, 0x7AEB, 0x7B9E, 0xFA1D, 0x7D48, 0x7D5C, 0x7DB7,
    0x7DA0, 0x7DD6, 0x7E52, 0x7F47, 0x7FA1, 0xFA1E, 0x8301, 0x8362, 0x837F, 0x83C7, 0x83F6, 0x8448,
    0x84B4, 0x8553, 0x8559, 0x856B, 0xFA1F, 0x85B0, 0xFA20, 0xFA21, 0x8807, 0x88F5, 0x8A12, 0x8A37,
    0x8A79, 0x8AA7, 0x8ABE, 0x8ADF, 0xFA22, 0x8AF6, 0x8B53, 0x8B7F, 0x8CF0, 0x8CF4, 0x8D12, 0x8D76,
    0xFA23, 0x8ECF, 0xFA24, 0xFA25, 0x9067, 0x90DE, 0xFA26, 0x9115, 0x9127, 0x91DA, 0x91D7, 0x91DE,
    0x91ED, 0x91EE, 0x91E4, 0x91E5, 0x9206, 0x9210, 0x920A, 0x923A, 0x9240, 0x923C, 0x924E, 0x9259,
    0x9251, 0x9239, 0x9267, 0x92A7, 0x9277, 0x9278, 0x92E7, 0x92D7, 0x92D9, 0x92D0, 0xFA27, 0x92D5,
    0x92E0, 0x92D3, 0x9325, 0x9321, 0x92FB, 0xFA28, 0x931E, 0x92FF, 0x931D, 0x9302, 0x9370, 0x9357,
    0x93A4, 0x93C6, 0x93DE, 0x93F8, 0x9431, 0x9445, 0x9448, 0x9592, 0xF9DC, 0xFA29, 0x969D, 0x96AF,
    0x9733, 0x973B, 0x9743, 0x974D, 0x974F, 0x9751, 0x9755, 0x9857, 0x9865, 0xFA2A, 0xFA2B, 0x9927,
    0xFA2C, 0x999E, 0x9A4E, 0x9AD9, 0x9ADC, 0x9B75, 0x9B72, 0x9B8F, 0x9BB1, 0x9BBB, 0x9C00, 0x9D70,
    0x9D6B, 0xFA2D, 0x9E19, 0x9ED1,
];

pub(super) static JIS0212: [u16; 7211] = [
    0x0000, 0x0000, 0x0000, 0x0000, 0x0000, 0x0000, 0x0000, 0x0000, 0x0000, 0x0000, 0x0000, 0x0000,
    0x0000, 0x0000, 0x0000, 0x0000, 0x0000, 0x0000, 0x0000, 0x0000, 0x0000, 0x0000, 0x0000, 0x0000,
    0x0000, 0x0000, 0x0000, 0x0000, 0x0000, 0x0000, 0x0000, 0x0000, 0x0000, 0x0000, 0x0000, 0x0000,
    0x0000, 0x0000, 0x0000, 0x0000, 0x0000, 0x0000, 0x0000, 0x0000, 0x0000, 0x0000, 0x0000, 0x0000,
    0x0000, 0x0000, 0x0000, 0x0000, 0x0000, 0x0000, 0x0000, 0x0000, 0x0000, 0x0000, 0x0000, 0x0000,
    0x0000, 0x0000, 0x0000, 0x0000, 0x0000, 0x0000, 0x0000, 0x0000, 0x0000, 0x0000, 0x0000, 0x0000,
    0x0000, 0x0000, 0x0000, 0x0000, 0x0000, 0x0000, 0x0000, 0x0000, 0x0000, 0x0000, 0x0000, 0x0000,
    0x0000, 0x0000, 0x0000, 0x0000, 0x0000, 0x0000, 0x0000, 0x0000, 0x0000, 0x0000, 0x0000, 0x0000,
    0x0000, 0x0000, 0x0000, 0x0000, 0x0000, 0x0000, 0x0000, 0x0000, 0x0000, 0x0000, 0x0000, 0x0000,
    0x02D8, 0x02C7, 0x00B8, 0x02D9, 0x02DD, 0x00AF, 0x02DB, 0x02DA, 0xFF5E, 0x0384, 0x0385, 0x0000,
    0x0000, 0x0000, 0x0000, 0x0000, 0x0000, 0x0000, 0x0000, 0x00A1, 0x00A6, 0x00BF, 0x0000, 0x0000,
    0x0000, 0x0000, 0x0000, 0x0000, 0x0000, 0x0000, 0x0000, 0x0000, 0x0000, 0x0000, 0x0000, 0x0000,
    0x0000, 0x0000, 0x0000, 0x0000, 0x0000, 0x0000, 0x0000, 0x0000, 0x0000, 0x0000, 0x0000, 0x0000,
    0x0000, 0x0000, 0x0000, 0x0000, 0x0000, 0x0000, 0x0000, 0x0000, 0x0000, 0x0000, 0x0000, 0x0000,
    0x00BA, 0x00AA, 0x00A9, 0x00AE, 0x2122, 0x00A4, 0x2116, 0x0000, 0x0000, 0x0000, 0x0000, 0x0000,
    0x0000, 0x0000, 0x0000, 0x0000, 0x0000, 0x0000, 0x0000, 0x0000, 0x0000, 0x0000, 0x0000, 0x0000,
    0x0000, 0x0000, 0x0000, 0x0000, 0x0000, 0x0000, 0x0000, 0x0000, 0x0000, 0x0000, 0x0000, 0x0000,
    0x0000, 0x0000, 0x0000, 0x0000, 0x0000, 0x0000, 0x0000, 0x0000, 0x0000, 0x0000, 0x0000, 0x0000,
    0x0000, 0x0000, 0x0000, 0x0000, 0x0000, 0x0000, 0x0000, 0x0000, 0x0000, 0x0000, 0x0000, 0x0000,
    0x0000, 0x0000, 0x0000, 0x0000, 0x0000, 0x0000, 0x0000, 0x0000, 0x0000, 0x0000, 0x0000, 0x0000,
    0x0000, 0x0000, 0x0000, 0x0000, 0x0000, 0x0000, 0x0000, 0x0000, 0x0000, 0x0000, 0x0000, 0x0000,
    0x0000, 0x0000, 0x0000, 0x0000, 0x0000, 0x0000, 0x0000, 0x0000, 0x0000, 0x0000, 0x0000, 0x0000,
    0x0000, 0x0000, 0x0000, 0x0000, 0x0000, 0x0000, 0x0000, 0x0000, 0x0000, 0x0000, 0x0000, 0x0000,
    0x0000, 0x0000, 0x0000, 0x0000, 0x0000, 0x0000, 0x0000, 0x0000, 0x0000, 0x0000, 0x0000, 0x0000,
    0x0000, 0x0000, 0x0000, 0x0000, 0x0000, 0x0000, 0x0000, 0x0000, 0x0000, 0x0000, 0x0000, 0x0000,
    0x0000, 0x0000, 0x0000, 0x0000, 0x0000, 0x0000, 0x0000, 0x0000, 0x0000, 0x0000, 0x0000, 0x0000,
    0x0000, 0x0000, 0x0000, 0x0000, 0x0000, 0x0000, 0x0000, 0x0000, 0x0000, 0x0000, 0x0000, 0x0000,
    0x0000, 0x0000, 0x0000, 0x0000, 0x0000, 0x0000, 0x0000, 0x0000, 0x0000, 0x0000, 0x0000, 0x0000,
    0x0000, 0x0000, 0x0000, 0x0000, 0x0000, 0x0000, 0x0000, 0x0000, 0x0000, 0x0000, 0x0000, 0x0000,
    0x0000, 0x0000, 0x0000, 0x0000, 0x0000, 0x0000, 0x0000, 0x0000, 0x0000, 0x0000, 0x0000, 0x0000,
    0x0000, 0x0000, 0x0000, 0x0000, 0x0000, 0x0000, 0x0000, 0x0000, 0x0000, 0x0000, 0x0000, 0x0000,
    0x0000, 0x0000, 0x0000, 0x0000, 0x0000, 0x0000, 0x0000, 0x0000, 0x0000, 0x0000, 0x0000, 0x0000,
    0x0000, 0x0000, 0x0000, 0x0000, 0x0000, 0x0000, 0x0000, 0x0000, 0x0000, 0x0000, 0x0000, 0x0000,
    0x0000, 0x0000, 0x0000, 0x0000, 0x0000, 0x0000, 0x0000, 0x0000, 0x0000, 0x0000, 0x0000, 0x0000,
    0x0000, 0x0000, 0x0000, 0x0000, 0x0000, 0x0000, 0x0000, 0x0000, 0x0000, 0x0000, 0x0000, 0x0000,
    0x0000, 0x0000, 0x0000, 0x0000, 0x0000, 0x0000, 0x0000, 0x0000, 0x0000, 0x0000, 0x0000, 0x0000,
    0x0000, 0x0000, 0x0000, 0x0000, 0x0000, 0x0000, 0x0000, 0x0000, 0x0000, 0x0000, 0x0000, 0x0000,
    0x0000, 0x0000, 0x0000, 0x0000, 0x0000, 0x0000, 0x0000, 0x0000, 0x0000, 0x0000, 0x0000, 0x0000,
    0x0000, 0x0000, 0x0000, 0x0000, 0x0000, 0x0000, 0x0000, 0x0000, 0x0000, 0x0000, 0x0000, 0x0000,
    0x0000, 0x0000, 0x0000, 0x0000, 0x0000, 0x0000, 0x0000, 0x0000, 0x0000, 0x0000, 0x0000, 0x0000,
    0x0000, 0x0000, 0x0000, 0x0000, 0x0000, 0x0000, 0x0000, 0x0000, 0x0000, 0x0000, 0x0000, 0x0000,
    0x0000, 0x0000, 0x0000, 0x0000, 0x0000, 0x0000, 0x0000, 0x0000, 0x0000, 0x0000, 0x0000, 0x0000,
    0x0000, 0x0000, 0x0000, 0x0000, 0x0000, 0x0000, 0x0000, 0x0000, 0x0000, 0x0000, 0x0000, 0x0000,
    0x0000, 0x0000, 0x0000, 0x0000, 0x0000, 0x0000, 0x0000, 0x0000, 0x0000, 0x0000, 0x0000, 0x0000,
    0x0000, 0x0000, 0x0000, 0x0000, 0x0000, 0x0000, 0x0386, 0x0388, 0x0389, 0x038A, 0x03AA, 0x0000,
    0x038C, 0x0000, 0x038E, 0x03AB, 0x0000, 0x038F, 0x0000, 0x0000, 0x0000, 0x0000, 0x03AC, 0x03AD,
    0x03AE, 0x03AF, 0x03CA, 0x0390, 0x03CC, 0x03C2, 0x03CD, 0x03CB, 0x03B0, 0x03CE, 0x0000, 0x0000,
    0x0000, 0x0000, 0x0000, 0x0000, 0x0000, 0x0000, 0x0000, 0x0000, 0x0000, 0x0000, 0x0000, 0x0000,
    0x0000, 0x0000, 0x0000, 0x0000, 0x0000, 0x0000, 0x0000, 0x0000, 0x0000, 0x0000, 0x0000, 0x0000,
    0x0000, 0x0000, 0x0000, 0x0000, 0x0000, 0x0000, 0x0000, 0x0000, 0x0000, 0x0402, 0x0403, 0x0404,
    0x0405, 0x0406, 0x0407, 0x0408, 0x0409, 0x040A, 0x040B, 0x040C, 0x040E, 0x040F, 0x0000, 0x0000,
    0x0000, 0x0000, 0x0000, 0x0000, 0x0000, 0x0000, 0x0000, 0x0000, 0x0000, 0x0000, 0x0000, 0x0000,
    0x0000, 0x0000, 0x0000, 0x0000, 0x0000, 0x0000, 0x0000, 0x0000, 0x0000, 0x0000, 0x0000, 0x0000,
    0x0000, 0x0000, 0x0000, 0x0000, 0x0000, 0x0000, 0x0000, 0x0000, 0x0000, 0x0452, 0x0453, 0x0454,
    0x0455, 0x0456, 0x0457, 0x0458, 0x0459, 0x045A, 0x045B, 0x045C, 0x045E, 0x045F, 0x0000, 0x0000,
    0x0000, 0x0000, 0x0000, 0x0000, 0x0000, 0x0000, 0x0000, 0x0000, 0x0000, 0x0000, 0x0000, 0x0000,
    0x0000, 0x0000, 0x0000, 0x0000, 0x0000, 0x0000, 0x0000, 0x0000, 0x0000, 0x0000, 0x0000, 0x0000,
    0x0000, 0x0000, 0x0000, 0x0000, 0x0000, 0x0000, 0x0000, 0x0000, 0x0000, 0x0000, 0x0000, 0x0000,
    0x0000, 0x0000, 0x0000, 0x0000, 0x0000, 0x0000, 0x0000, 0x0000, 0x0000, 0x0000, 0x0000, 0x0000,
    0x0000, 0x0000, 0x0000, 0x0000, 0x0000, 0x0000, 0x0000, 0x0000, 0x0000, 0x0000, 0x0000, 0x0000,
    0x0000, 0x0000, 0x0000, 0x0000, 0x0000, 0x0000, 0x0000, 0x0000, 0x0000, 0x0000, 0x0000, 0x0000,
    0x0000, 0x0000, 0x0000, 0x0000, 0x0000, 0x0000, 0x0000, 0x0000, 0x0000, 0x0000, 0x0000, 0x0000,
    0x0000, 0x0000, 0x0000, 0x0000, 0x0000, 0x0000, 0x0000, 0x0000, 0x00C6, 0x0110, 0x0000, 0x0126,
    0x0000, 0x0132, 0x0000, 0x0141, 0x013F, 0x0000, 0x014A, 0x00D8, 0x0152, 0x0000, 0x0166, 0x00DE,
    0x0000, 0x0000, 0x0000, 0x0000, 0x0000, 0x0000, 0x0000, 0x0000, 0x0000, 0x0000, 0x0000, 0x0000,
    0x0000, 0x0000, 0x0000, 0x0000, 0x00E6, 0x0111, 0x00F0, 0x0127, 0x0131, 0x0133, 0x0138, 0x0142,
    0x0140, 0x0149, 0x014B, 0x00F8, 0x0153, 0x00DF, 0x0167, 0x00FE, 0x0000, 0x0000, 0x0000, 0x0000,
    0x0000, 0x0000, 0x0000, 0x0000, 0x0000, 0x0000, 0x0000, 0x0000, 0x0000, 0x0000, 0x0000, 0x0000,
    0x0000, 0x0000, 0x0000, 0x0000, 0x0000, 0x0000, 0x0000, 0x0000, 0x0000, 0x0000, 0x0000, 0x0000,
    0x0000, 0x0000, 0x0000, 0x0000, 0x0000, 0x0000, 0x0000, 0x0000, 0x0000, 0x0000, 0x0000, 0x0000,
    0x0000, 0x0000, 0x0000, 0x0000, 0x0000, 0x0000, 0x00C1, 0x00C0, 0x00C4, 0x00C2, 0x0102, 0x01CD,
    0x0100, 0x0104, 0x00C5, 0x00C3, 0x0106, 0x0108, 0x010C, 0x00C7, 0x010A, 0x010E, 0x00C9, 0x00C8,
    0x00CB, 0x00CA, 0x011A, 0x0116, 0x0112, 0x0118, 0x0000, 0x011C, 0x011E, 0x0122, 0x0120, 0x0124,
    0x00CD, 0x00CC, 0x00CF, 0x00CE, 0x01CF, 0x0130, 0x012A, 0x012E, 0x0128, 0x0134, 0x0136, 0x0139,
    0x013D, 0x013B, 0x0143, 0x0147, 0x0145, 0x00D1, 0x00D3, 0x00D2, 0x00D6, 0x00D4, 0x01D1, 0x0150,
    0x014C, 0x00D5, 0x0154, 0x0158, 0x0156, 0x015A, 0x015C, 0x0160, 0x015E, 0x0164, 0x0162, 0x00DA,
    0x00D9, 0x00DC, 0x00DB, 0x016C, 0x01D3, 0x0170, 0x016A, 0x0172, 0x016E, 0x0168, 0x01D7, 0x01DB,
    0x01D9, 0x01D5, 0x0174, 0x00DD, 0x0178, 0x0176, 0x0179, 0x017D, 0x017B, 0x0000, 0x0000, 0x0000,
    0x0000, 0x0000, 0x0000, 0x0000, 0x00E1, 0x00E0, 0x00E4, 0x00E2, 0x0103, 0x01CE, 0x0101, 0x0105,
    0x00E5, 0x00E3, 0x0107, 0x0109, 0x010D, 0x00E7, 0x010B, 0x010F, 0x00E9, 0x00E8, 0x00EB, 0x00EA,
    0x011B, 0x0117, 0x0113, 0x0119, 0x01F5, 0x011D, 0x011F, 0x0000, 0x0121, 0x0125, 0x00ED, 0x00EC,
    0x00EF, 0x00EE, 0x01D0, 0x0000, 0x012B, 0x012F, 0x0129, 0x0135, 0x0137, 0x013A, 0x013E, 0x013C,
    0x0144, 0x0148, 0x0146, 0x00F1, 0x00F3, 0x00F2, 0x00F6, 0x00F4, 0x01D2, 0x0151, 0x014D, 0x00F5,
    0x0155, 0x0159, 0x0157, 0x015B, 0x015D, 0x0161, 0x015F, 0x0165, 0x0163, 0x00FA, 0x00F9, 0x00FC,
    0x00FB, 0x016D, 0x01D4, 0x0171, 0x016B, 0x0173, 0x016F, 0x0169, 0x01D8, 0x01DC, 0x01DA, 0x01D6,
    0x0175, 0x00FD, 0x00FF, 0x0177, 0x017A, 0x017E, 0x017C, 0x0000, 0x0000, 0x0000, 0x0000, 0x0000,
    0x0000, 0x0000, 0x0000, 0x0000, 0x0000, 0x0000, 0x0000, 0x0000, 0x0000, 0x0000, 0x0000, 0x0000,
    0x0000, 0x0000, 0x0000, 0x0000, 0x0000, 0x0000, 0x0000, 0x0000, 0x0000, 0x0000, 0x0000, 0x0000,
    0x0000, 0x0000, 0x0000, 0x0000, 0x0000, 0x0000, 0x0000, 0x0000, 0x0000, 0x0000, 0x0000, 0x0000,
    0x0000, 0x0000, 0x0000, 0x0000, 0x0000, 0x0000, 0x0000, 0x0000, 0x0000, 0x0000, 0x0000, 0x0000,
    0x0000, 0x0000, 0x0000, 0x0000, 0x0000, 0x0000, 0x0000, 0x0000, 0x0000, 0x0000, 0x0000, 0x0000,
    0x0000, 0x0000, 0x0000, 0x0000, 0x0000, 0x0000, 0x0000, 0x0000, 0x0000, 0x0000, 0x0000, 0x0000,
    0x0000, 0x0000, 0x0000, 0x0000, 0x0000, 0x0000, 0x0000, 0x0000, 0x0000, 0x0000, 0x0000, 0x0000,
    0x0000, 0x0000, 0x0000, 0x0000, 0x0000, 0x0000, 0x0000, 0x0000, 0x0000, 0x0000, 0x0000, 0x0000,
    0x0000, 0x0000, 0x0000, 0x0000, 0x0000, 0x0000, 0x0000, 0x0000, 0x0000, 0x0000, 0x0000, 0x0000,
    0x0000, 0x0000, 0x0000, 0x0000, 0x0000, 0x0000, 0x0000, 0x0000, 0x0000, 0x0000, 0x0000, 0x0000,
    0x0000, 0x0000, 0x0000, 0x0000, 0x0000, 0x0000, 0x0000, 0x0000, 0x0000, 0x0000, 0x0000, 0x0000,
    0x0000, 0x0000, 0x0000, 0x0000, 0x0000, 0x0000, 0x0000, 0x0000, 0x0000, 0x0000, 0x0000, 0x0000,
    0x0000, 0x0000, 0x0000, 0x0000, 0x0000, 0x0000, 0x0000, 0x0000, 0x0000, 0x0000, 0x0000, 0x0000,
    0x0000, 0x0000, 0x0000, 0x0000, 0x0000, 0x0000, 0x0000, 0x0000, 0x0000, 0x0000, 0x0000, 0x0000,
    0x0000, 0x0000, 0x0000, 0x0000, 0x0000, 0x0000, 0x0000, 0x0000, 0x0000, 0x0000, 0x0000, 0x0000,
    0x0000, 0x0000, 0x0000, 0x0000, 0x0000, 0x0000, 0x0000, 0x0000, 0x0000, 0x0000, 0x0000, 0x0000,
    0x0000, 0x0000, 0x0000, 0x0000, 0x0000, 0x0000, 0x0000, 0x0000, 0x0000, 0x0000, 0x0000, 0x0000,
    0x0000, 0x0000, 0x0000, 0x0000, 0x0000, 0x0000, 0x0000, 0x0000, 0x0000, 0x0000, 0x0000, 0x0000,
    0x0000, 0x0000, 0x0000, 0x0000, 0x0000, 0x0000, 0x0000, 0x0000, 0x0000, 0x0000, 0x0000, 0x0000,
    0x0000, 0x0000, 0x0000, 0x0000, 0x0000, 0x0000, 0x0000, 0x0000, 0x0000, 0x0000, 0x0000, 0x0000,
    0x0000, 0x0000, 0x0000, 0x0000, 0x0000, 0x0000, 0x0000, 0x0000, 0x0000, 0x0000, 0x0000, 0x0000,
    0x0000, 0x0000, 0x0000, 0x0000, 0x0000, 0x0000, 0x0000, 0x0000, 0x0000, 0x0000, 0x0000, 0x0000,
    0x0000, 0x0000, 0x0000, 0x0000, 0x0000, 0x0000, 0x0000, 0x0000, 0x0000, 0x0000, 0x0000, 0x0000,
    0x0000, 0x0000, 0x0000, 0x0000, 0x0000, 0x0000, 0x0000, 0x0000, 0x0000, 0x0000, 0x0000, 0x0000,
    0x0000, 0x0000, 0x0000, 0x0000, 0x0000, 0x0000, 0x0000, 0x0000, 0x0000, 0x0000, 0x0000, 0x0000,
    0x0000, 0x0000, 0x0000, 0x0000, 0x0000, 0x0000, 0x0000, 0x0000, 0x0000, 0x0000, 0x0000, 0x0000,
    0x0000, 0x0000, 0x0000, 0x0000, 0x0000, 0x0000, 0x0000, 0x0000, 0x0000, 0x0000, 0x0000, 0x0000,
    0x0000, 0x0000, 0x0000, 0x0000, 0x0000, 0x0000, 0x0000, 0x0000, 0x0000, 0x0000, 0x0000, 0x0000,
    0x0000, 0x0000, 0x0000, 0x0000, 0x0000, 0x0000, 0x0000, 0x0000, 0x0000, 0x0000, 0x0000, 0x0000,
    0x0000, 0x0000, 0x0000, 0x0000, 0x0000, 0x0000, 0x0000, 0x0000, 0x0000, 0x0000, 0x0000, 0x0000,
    0x0000, 0x0000, 0x0000, 0x0000, 0x0000, 0x0000, 0x0000, 0x0000, 0x0000, 0x0000, 0x0000, 0x0000,
    0x0000, 0x0000, 0x0000, 0x0000, 0x0000, 0x0000, 0x4E02, 0x4E04, 0x4E05, 0x4E0C, 0x4E12, 0x4E1F,
    0x4E23, 0x4E24, 0x4E28, 0x4E2B, 0x4E2E, 0x4E2F, 0x4E30, 0x4E35, 0x4E40, 0x4E41, 0x4E44, 0x4E47,
    0x4E51, 0x4E5A, 0x4E5C, 0x4E63, 0x4E68, 0x4E69, 0x4E74, 0x4E75, 0x4E79, 0x4E7F, 0x4E8D, 0x4E96,
    0x4E97, 0x4E9D, 0x4EAF, 0x4EB9, 0x4EC3, 0x4ED0, 0x4EDA, 0x4EDB, 0x4EE0, 0x4EE1, 0x4EE2, 0x4EE8,
    0x4EEF, 0x4EF1, 0x4EF3, 0x4EF5, 0x4EFD, 0x4EFE, 0x4EFF, 0x4F00, 0x4F02, 0x4F03, 0x4F08, 0x4F0B,
    0x4F0C, 0x4F12, 0x4F15, 0x4F16, 0x4F17, 0x4F19, 0x4F2E, 0x4F31, 0x4F60, 0x4F33, 0x4F35, 0x4F37,
    0x4F39, 0x4F3B, 0x4F3E, 0x4F40, 0x4F42, 0x4F48, 0x4F49, 0x4F4B, 0x4F4C, 0x4F52, 0x4F54, 0x4F56,
    0x4F58, 0x4F5F, 0x4F63, 0x4F6A, 0x4F6C, 0x4F6E, 0x4F71, 0x4F77, 0x4F78, 0x4F79, 0x4F7A, 0x4F7D,
    0x4F7E, 0x4F81, 0x4F82, 0x4F84, 0x4F85, 0x4F89, 0x4F8A, 0x4F8C, 0x4F8E, 0x4F90, 0x4F92, 0x4F93,
    0x4F94, 0x4F97, 0x4F99, 0x4F9A, 0x4F9E, 0x4F9F, 0x4FB2, 0x4FB7, 0x4FB9, 0x4FBB, 0x4FBC, 0x4FBD,
    0x4FBE, 0x4FC0, 0x4FC1, 0x4FC5, 0x4FC6, 0x4FC8, 0x4FC9, 0x4FCB, 0x4FCC, 0x4FCD, 0x4FCF, 0x4FD2,
    0x4FDC, 0x4FE0, 0x4FE2, 0x4FF0, 0x4FF2, 0x4FFC, 0x4FFD, 0x4FFF, 0x5000, 0x5001, 0x5004, 0x5007,
    0x500A, 0x500C, 0x500E, 0x5010, 0x5013, 0x5017, 0x5018, 0x501B, 0x501C, 0x501D, 0x501E, 0x5022,
    0x5027, 0x502E, 0x5030, 0x5032, 0x5033, 0x5035, 0x5040, 0x5041, 0x5042, 0x5045, 0x5046, 0x504A,
    0x504C, 0x504E, 0x5051, 0x5052, 0x5053, 0x5057, 0x5059, 0x505F, 0x5060, 0x5062, 0x5063, 0x5066,
    0x5067, 0x506A, 0x506D, 0x5070, 0x5071, 0x503B, 0x5081, 0x5083, 0x5084, 0x5086, 0x508A, 0x508E,
    0x508F, 0x5090, 0x5092, 0x5093, 0x5094, 0x5096, 0x509B, 0x509C, 0x509E, 0x509F, 0x50A0, 0x50A1,
    0x50A2, 0x50AA, 0x50AF, 0x50B0, 0x50B9, 0x50BA, 0x50BD, 0x50C0, 0x50C3, 0x50C4, 0x50C7, 0x50CC,
    0x50CE, 0x50D0, 0x50D3, 0x50D4, 0x50D8, 0x50DC, 0x50DD, 0x50DF, 0x50E2, 0x50E4, 0x50E6, 0x50E8,
    0x50E9, 0x50EF, 0x50F1, 0x50F6, 0x50FA, 0x50FE, 0x5103, 0x5106, 0x5107, 0x5108, 0x510B, 0x510C,
    0x510D, 0x510E, 0x50F2, 0x5110, 0x5117, 0x5119, 0x511B, 0x511C, 0x511D, 0x511E, 0x5123, 0x5127,
    0x5128, 0x512C, 0x512D, 0x512F, 0x5131, 0x5133, 0x5134, 0x5135, 0x5138, 0x5139, 0x5142, 0x514A,
    0x514F, 0x5153, 0x5155, 0x5157, 0x5158, 0x515F, 0x5164, 0x5166, 0x517E, 0x5183, 0x5184, 0x518B,
    0x518E, 0x5198, 0x519D, 0x51A1, 0x51A3, 0x51AD, 0x51B8, 0x51BA, 0x51BC, 0x51BE, 0x51BF, 0x51C2,
    0x51C8, 0x51CF, 0x51D1, 0x51D2, 0x51D3, 0x51D5, 0x51D8, 0x51DE, 0x51E2, 0x51E5, 0x51EE, 0x51F2,
    0x51F3, 0x51F4, 0x51F7, 0x5201, 0x5202, 0x5205, 0x5212, 0x5213, 0x5215, 0x5216, 0x5218, 0x5222,
    0x5228, 0x5231, 0x5232, 0x5235, 0x523C, 0x5245, 0x5249, 0x5255, 0x5257, 0x5258, 0x525A, 0x525C,
    0x525F, 0x5260, 0x5261, 0x5266, 0x526E, 0x5277, 0x5278, 0x5279, 0x5280, 0x5282, 0x5285, 0x528A,
    0x528C, 0x5293, 0x5295, 0x5296, 0x5297, 0x5298, 0x529A, 0x529C, 0x52A4, 0x52A5, 0x52A6, 0x52A7,
    0x52AF, 0x52B0, 0x52B6, 0x52B7, 0x52B8, 0x52BA, 0x52BB, 0x52BD, 0x52C0, 0x52C4, 0x52C6, 0x52C8,
    0x52CC, 0x52CF, 0x52D1, 0x52D4, 0x52D6, 0x52DB, 0x52DC, 0x52E1, 0x52E5, 0x52E8, 0x52E9, 0x52EA,
    0x52EC, 0x52F0, 0x52F1, 0x52F4, 0x52F6, 0x52F7, 0x5300, 0x5303, 0x530A, 0x530B, 0x530C, 0x5311,
    0x5313, 0x5318, 0x531B, 0x531C, 0x531E, 0x531F, 0x5325, 0x5327, 0x5328, 0x5329, 0x532B, 0x532C,
    0x532D, 0x5330, 0x5332, 0x5335, 0x533C, 0x533D, 0x533E, 0x5342, 0x534C, 0x534B, 0x5359, 0x535B,
    0x5361, 0x5363, 0x5365, 0x536C, 0x536D, 0x5372, 0x5379, 0x537E, 0x5383, 0x5387, 0x5388, 0x538E,
    0x5393, 0x5394, 0x5399, 0x539D, 0x53A1, 0x53A4, 0x53AA, 0x53AB, 0x53AF, 0x53B2, 0x53B4, 0x53B5,
    0x53B7, 0x53B8, 0x53BA, 0x53BD, 0x53C0, 0x53C5, 0x53CF, 0x53D2, 0x53D3, 0x53D5, 0x53DA, 0x53DD,
    0x53DE, 0x53E0, 0x53E6, 0x53E7, 0x53F5, 0x5402, 0x5413, 0x541A, 0x5421, 0x5427, 0x5428, 0x542A,
    0x542F, 0x5431, 0x5434, 0x5435, 0x5443, 0x5444, 0x5447, 0x544D, 0x544F, 0x545E, 0x5462, 0x5464,
    0x5466, 0x5467, 0x5469, 0x546B, 0x546D, 0x546E, 0x5474, 0x547F, 0x5481, 0x5483, 0x5485, 0x5488,
    0x5489, 0x548D, 0x5491, 0x5495, 0x5496, 0x549C, 0x549F, 0x54A1, 0x54A6, 0x54A7, 0x54A9, 0x54AA,
    0x54AD, 0x54AE, 0x54B1, 0x54B7, 0x54B9, 0x54BA, 0x54BB, 0x54BF, 0x54C6, 0x54CA, 0x54CD, 0x54CE,
    0x54E0, 0x54EA, 0x54EC, 0x54EF, 0x54F6, 0x54FC, 0x54FE, 0x54FF, 0x5500, 0x5501, 0x5505, 0x5508,
    0x5509, 0x550C, 0x550D, 0x550E, 0x5515, 0x552A, 0x552B, 0x5532, 0x5535, 0x5536, 0x553B, 0x553C,
    0x553D, 0x5541, 0x5547, 0x5549, 0x554A, 0x554D, 0x5550, 0x5551, 0x5558, 0x555A, 0x555B, 0x555E,
    0x5560, 0x5561, 0x5564, 0x5566, 0x557F, 0x5581, 0x5582, 0x5586, 0x5588, 0x558E, 0x558F, 0x5591,
    0x5592, 0x5593, 0x5594, 0x5597, 0x55A3, 0x55A4, 0x55AD, 0x55B2, 0x55BF, 0x55C1, 0x55C3, 0x55C6,
    0x55C9, 0x55CB, 0x55CC, 0x55CE, 0x55D1, 0x55D2, 0x55D3, 0x55D7, 0x55D8, 0x55DB, 0x55DE, 0x55E2,
    0x55E9, 0x55F6, 0x55FF, 0x5605, 0x5608, 0x560A, 0x560D, 0x560E, 0x560F, 0x5610, 0x5611, 0x5612,
    0x5619, 0x562C, 0x5630, 0x5633, 0x5635, 0x5637, 0x5639, 0x563B, 0x563C, 0x563D, 0x563F, 0x5640,
    0x5641, 0x5643, 0x5644, 0x5646, 0x5649, 0x564B, 0x564D, 0x564F, 0x5654, 0x565E, 0x5660, 0x5661,
    0x5662, 0x5663, 0x5666, 0x5669, 0x566D, 0x566F, 0x5671, 0x5672, 0x5675, 0x5684, 0x5685, 0x5688,
    0x568B, 0x568C, 0x5695, 0x5699, 0x569A, 0x569D, 0x569E, 0x569F, 0x56A6, 0x56A7, 0x56A8, 0x56A9,
    0x56AB, 0x56AC, 0x56AD, 0x56B1, 0x56B3, 0x56B7, 0x56BE, 0x56C5, 0x56C9, 0x56CA, 0x56CB, 0x56CF,
    0x56D0, 0x56CC, 0x56CD, 0x56D9, 0x56DC, 0x56DD, 0x56DF, 0x56E1, 0x56E4, 0x56E5, 0x56E6, 0x56E7,
    0x56E8, 0x56F1, 0x56EB, 0x56ED, 0x56F6, 0x56F7, 0x5701, 0x5702, 0x5707, 0x570A, 0x570C, 0x5711,
    0x5715, 0x571A, 0x571B, 0x571D, 0x5720, 0x5722, 0x5723, 0x5724, 0x5725, 0x5729, 0x572A, 0x572C,
    0x572E, 0x572F, 0x5733, 0x5734, 0x573D, 0x573E, 0x573F, 0x5745, 0x5746, 0x574C, 0x574D, 0x5752,
    0x5762, 0x5765, 0x5767, 0x5768, 0x576B, 0x576D, 0x576E, 0x576F, 0x5770, 0x5771, 0x5773, 0x5774,
    0x5775, 0x5777, 0x5779, 0x577A, 0x577B, 0x577C, 0x577E, 0x5781, 0x5783, 0x578C, 0x5794, 0x5797,
    0x5799, 0x579A, 0x579C, 0x579D, 0x579E, 0x579F, 0x57A1, 0x5795, 0x57A7, 0x57A8, 0x57A9, 0x57AC,
    0x57B8, 0x57BD, 0x57C7, 0x57C8, 0x57CC, 0x57CF, 0x57D5, 0x57DD, 0x57DE, 0x57E4, 0x57E6, 0x57E7,
    0x57E9, 0x57ED, 0x57F0, 0x57F5, 0x57F6, 0x57F8, 0x57FD, 0x57FE, 0x57FF, 0x5803, 0x5804, 0x5808,
    0x5809, 0x57E1, 0x580C, 0x580D, 0x581B, 0x581E, 0x581F, 0x5820, 0x5826, 0x5827, 0x582D, 0x5832,
    0x5839, 0x583F, 0x5849, 0x584C, 0x584D, 0x584F, 0x5850, 0x5855, 0x585F, 0x5861, 0x5864, 0x5867,
    0x5868, 0x5878, 0x587C, 0x587F, 0x5880, 0x5881, 0x5887, 0x5888, 0x5889, 0x588A, 0x588C, 0x588D,
    0x588F, 0x5890, 0x5894, 0x5896, 0x589D, 0x58A0, 0x58A1, 0x58A2, 0x58A6, 0x58A9, 0x58B1, 0x58B2,
    0x58C4, 0x58BC, 0x58C2, 0x58C8, 0x58CD, 0x58CE, 0x58D0, 0x58D2, 0x58D4, 0x58D6, 0x58DA, 0x58DD,
    0x58E1, 0x58E2, 0x58E9, 0x58F3, 0x5905, 0x5906, 0x590B, 0x590C, 0x5912, 0x5913, 0x5914, 0x8641,
    0x591D, 0x5921, 0x5923, 0x5924, 0x5928, 0x592F, 0x5930, 0x5933, 0x5935, 0x5936, 0x593F, 0x5943,
    0x5946, 0x5952, 0x5953, 0x5959, 0x595B, 0x595D, 0x595E, 0x595F, 0x5961, 0x5963, 0x596B, 0x596D,
    0x596F, 0x5972, 0x5975, 0x5976, 0x5979, 0x597B, 0x597C, 0x598B, 0x598C, 0x598E, 0x5992, 0x5995,
    0x5997, 0x599F, 0x59A4, 0x59A7, 0x59AD, 0x59AE, 0x59AF, 0x59B0, 0x59B3, 0x59B7, 0x59BA, 0x59BC,
    0x59C1, 0x59C3, 0x59C4, 0x59C8, 0x59CA, 0x59CD, 0x59D2, 0x59DD, 0x59DE, 0x59DF, 0x59E3, 0x59E4,
    0x59E7, 0x59EE, 0x59EF, 0x59F1, 0x59F2, 0x59F4, 0x59F7, 0x5A00, 0x5A04, 0x5A0C, 0x5A0D, 0x5A0E,
    0x5A12, 0x5A13, 0x5A1E, 0x5A23, 0x5A24, 0x5A27, 0x5A28, 0x5A2A, 0x5A2D, 0x5A30, 0x5A44, 0x5A45,
    0x5A47, 0x5A48, 0x5A4C, 0x5A50, 0x5A55, 0x5A5E, 0x5A63, 0x5A65, 0x5A67, 0x5A6D, 0x5A77, 0x5A7A,
    0x5A7B, 0x5A7E, 0x5A8B, 0x5A90, 0x5A93, 0x5A96, 0x5A99, 0x5A9C, 0x5A9E, 0x5A9F, 0x5AA0, 0x5AA2,
    0x5AA7, 0x5AAC, 0x5AB1, 0x5AB2, 0x5AB3, 0x5AB5, 0x5AB8, 0x5ABA, 0x5ABB, 0x5ABF, 0x5AC4, 0x5AC6,
    0x5AC8, 0x5ACF, 0x5ADA, 0x5ADC, 0x5AE0, 0x5AE5, 0x5AEA, 0x5AEE, 0x5AF5, 0x5AF6, 0x5AFD, 0x5B00,
    0x5B01, 0x5B08, 0x5B17, 0x5B34, 0x5B19, 0x5B1B, 0x5B1D, 0x5B21, 0x5B25, 0x5B2D, 0x5B38, 0x5B41,
    0x5B4B, 0x5B4C, 0x5B52, 0x5B56, 0x5B5E, 0x5B68, 0x5B6E, 0x5B6F, 0x5B7C, 0x5B7D, 0x5B7E, 0x5B7F,
    0x5B81, 0x5B84, 0x5B86, 0x5B8A, 0x5B8E, 0x5B90, 0x5B91, 0x5B93, 0x5B94, 0x5B96, 0x5BA8, 0x5BA9,
    0x5BAC, 0x5BAD, 0x5BAF, 0x5BB1, 0x5BB2, 0x5BB7, 0x5BBA, 0x5BBC, 0x5BC0, 0x5BC1, 0x5BCD, 0x5BCF,
    0x5BD6, 0x5BD7, 0x5BD8, 0x5BD9, 0x5BDA, 0x5BE0, 0x5BEF, 0x5BF1, 0x5BF4, 0x5BFD, 0x5C0C, 0x5C17,
    0x5C1E, 0x5C1F, 0x5C23, 0x5C26, 0x5C29, 0x5C2B, 0x5C2C, 0x5C2E, 0x5C30, 0x5C32, 0x5C35, 0x5C36,
    0x5C59, 0x5C5A, 0x5C5C, 0x5C62, 0x5C63, 0x5C67, 0x5C68, 0x5C69, 0x5C6D, 0x5C70, 0x5C74, 0x5C75,
    0x5C7A, 0x5C7B, 0x5C7C, 0x5C7D, 0x5C87, 0x5C88, 0x5C8A, 0x5C8F, 0x5C92, 0x5C9D, 0x5C9F, 0x5CA0,
    0x5CA2, 0x5CA3, 0x5CA6, 0x5CAA, 0x5CB2, 0x5CB4, 0x5CB5, 0x5CBA, 0x5CC9, 0x5CCB, 0x5CD2, 0x5CDD,
    0x5CD7, 0x5CEE, 0x5CF1, 0x5CF2, 0x5CF4, 0x5D01, 0x5D06, 0x5D0D, 0x5D12, 0x5D2B, 0x5D23, 0x5D24,
    0x5D26, 0x5D27, 0x5D31, 0x5D34, 0x5D39, 0x5D3D, 0x5D3F, 0x5D42, 0x5D43, 0x5D46, 0x5D48, 0x5D55,
    0x5D51, 0x5D59, 0x5D4A, 0x5D5F, 0x5D60, 0x5D61, 0x5D62, 0x5D64, 0x5D6A, 0x5D6D, 0x5D70, 0x5D79,
    0x5D7A, 0x5D7E, 0x5D7F, 0x5D81, 0x5D83, 0x5D88, 0x5D8A, 0x5D92, 0x5D93, 0x5D94, 0x5D95, 0x5D99,
    0x5D9B, 0x5D9F, 0x5DA0, 0x5DA7, 0x5DAB, 0x5DB0, 0x5DB4, 0x5DB8, 0x5DB9, 0x5DC3, 0x5DC7, 0x5DCB,
    0x5DD0, 0x5DCE, 0x5DD8, 0x5DD9, 0x5DE0, 0x5DE4, 0x5DE9, 0x5DF8, 0x5DF9, 0x5E00, 0x5E07, 0x5E0D,
    0x5E12, 0x5E14, 0x5E15, 0x5E18, 0x5E1F, 0x5E20, 0x5E2E, 0x5E28, 0x5E32, 0x5E35, 0x5E3E, 0x5E4B,
    0x5E50, 0x5E49, 0x5E51, 0x5E56, 0x5E58, 0x5E5B, 0x5E5C, 0x5E5E, 0x5E68, 0x5E6A, 0x5E6B, 0x5E6C,
    0x5E6D, 0x5E6E, 0x5E70, 0x5E80, 0x5E8B, 0x5E8E, 0x5EA2, 0x5EA4, 0x5EA5, 0x5EA8, 0x5EAA, 0x5EAC,
    0x5EB1, 0x5EB3, 0x5EBD, 0x5EBE, 0x5EBF, 0x5EC6, 0x5ECC, 0x5ECB, 0x5ECE, 0x5ED1, 0x5ED2, 0x5ED4,
    0x5ED5, 0x5EDC, 0x5EDE, 0x5EE5, 0x5EEB, 0x5F02, 0x5F06, 0x5F07, 0x5F08, 0x5F0E, 0x5F19, 0x5F1C,
    0x5F1D, 0x5F21, 0x5F22, 0x5F23, 0x5F24, 0x5F28, 0x5F2B, 0x5F2C, 0x5F2E, 0x5F30, 0x5F34, 0x5F36,
    0x5F3B, 0x5F3D, 0x5F3F, 0x5F40, 0x5F44, 0x5F45, 0x5F47, 0x5F4D, 0x5F50, 0x5F54, 0x5F58, 0x5F5B,
    0x5F60, 0x5F63, 0x5F64, 0x5F67, 0x5F6F, 0x5F72, 0x5F74, 0x5F75, 0x5F78, 0x5F7A, 0x5F7D, 0x5F7E,
    0x5F89, 0x5F8D, 0x5F8F, 0x5F96, 0x5F9C, 0x5F9D, 0x5FA2, 0x5FA7, 0x5FAB, 0x5FA4, 0x5FAC, 0x5FAF,
    0x5FB0, 0x5FB1, 0x5FB8, 0x5FC4, 0x5FC7, 0x5FC8, 0x5FC9, 0x5FCB, 0x5FD0, 0x5FD1, 0x5FD2, 0x5FD3,
    0x5FD4, 0x5FDE, 0x5FE1, 0x5FE2, 0x5FE8, 0x5FE9, 0x5FEA, 0x5FEC, 0x5FED, 0x5FEE, 0x5FEF, 0x5FF2,
    0x5FF3, 0x5FF6, 0x5FFA, 0x5FFC, 0x6007, 0x600A, 0x600D, 0x6013, 0x6014, 0x6017, 0x6018, 0x601A,
    0x601F, 0x6024, 0x602D, 0x6033, 0x6035, 0x6040, 0x6047, 0x6048, 0x6049, 0x604C, 0x6051, 0x6054,
    0x6056, 0x6057, 0x605D, 0x6061, 0x6067, 0x6071, 0x607E, 0x607F, 0x6082, 0x6086, 0x6088, 0x608A,
    0x608E, 0x6091, 0x6093, 0x6095, 0x6098, 0x609D, 0x609E, 0x60A2, 0x60A4, 0x60A5, 0x60A8, 0x60B0,
    0x60B1, 0x60B7, 0x60BB, 0x60BE, 0x60C2, 0x60C4, 0x60C8, 0x60C9, 0x60CA, 0x60CB, 0x60CE, 0x60CF,
    0x60D4, 0x60D5, 0x60D9, 0x60DB, 0x60DD, 0x60DE, 0x60E2, 0x60E5, 0x60F2, 0x60F5, 0x60F8, 0x60FC,
    0x60FD, 0x6102, 0x6107, 0x610A, 0x610C, 0x6110, 0x6111, 0x6112, 0x6113, 0x6114, 0x6116, 0x6117,
    0x6119, 0x611C, 0x611E, 0x6122, 0x612A, 0x612B, 0x6130, 0x6131, 0x6135, 0x6136, 0x6137, 0x6139,
    0x6141, 0x6145, 0x6146, 0x6149, 0x615E, 0x6160, 0x616C, 0x6172, 0x6178, 0x617B, 0x617C, 0x617F,
    0x6180, 0x6181, 0x6183, 0x6184, 0x618B, 0x618D, 0x6192, 0x6193, 0x6197, 0x6198, 0x619C, 0x619D,
    0x619F, 0x61A0, 0x61A5, 0x61A8, 0x61AA, 0x61AD, 0x61B8, 0x61B9, 0x61BC, 0x61C0, 0x61C1, 0x61C2,
    0x61CE, 0x61CF, 0x61D5, 0x61DC, 0x61DD, 0x61DE, 0x61DF, 0x61E1, 0x61E2, 0x61E7, 0x61E9, 0x61E5,
    0x61EC, 0x61ED, 0x61EF, 0x6201, 0x6203, 0x6204, 0x6207, 0x6213, 0x6215, 0x621C, 0x6220, 0x6222,
    0x6223, 0x6227, 0x6229, 0x622B, 0x6239, 0x623D, 0x6242, 0x6243, 0x6244, 0x6246, 0x624C, 0x6250,
    0x6251, 0x6252, 0x6254, 0x6256, 0x625A, 0x625C, 0x6264, 0x626D, 0x626F, 0x6273, 0x627A, 0x627D,
    0x628D, 0x628E, 0x628F, 0x6290, 0x62A6, 0x62A8, 0x62B3, 0x62B6, 0x62B7, 0x62BA, 0x62BE, 0x62BF,
    0x62C4, 0x62CE, 0x62D5, 0x62D6, 0x62DA, 0x62EA, 0x62F2, 0x62F4, 0x62FC, 0x62FD, 0x6303, 0x6304,
    0x630A, 0x630B, 0x630D, 0x6310, 0x6313, 0x6316, 0x6318, 0x6329, 0x632A, 0x632D, 0x6335, 0x6336,
    0x6339, 0x633C, 0x6341, 0x6342, 0x6343, 0x6344, 0x6346, 0x634A, 0x634B, 0x634E, 0x6352, 0x6353,
    0x6354, 0x6358, 0x635B, 0x6365, 0x6366, 0x636C, 0x636D, 0x6371, 0x6374, 0x6375, 0x6378, 0x637C,
    0x637D, 0x637F, 0x6382, 0x6384, 0x6387, 0x638A, 0x6390, 0x6394, 0x6395, 0x6399, 0x639A, 0x639E,
    0x63A4, 0x63A6, 0x63AD, 0x63AE, 0x63AF, 0x63BD, 0x63C1, 0x63C5, 0x63C8, 0x63CE, 0x63D1, 0x63D3,
    0x63D4, 0x63D5, 0x63DC, 0x63E0, 0x63E5, 0x63EA, 0x63EC, 0x63F2, 0x63F3, 0x63F5, 0x63F8, 0x63F9,
    0x6409, 0x640A, 0x6410, 0x6412, 0x6414, 0x6418, 0x641E, 0x6420, 0x6422, 0x6424, 0x6425, 0x6429,
    0x642A, 0x642F, 0x6430, 0x6435, 0x643D, 0x643F, 0x644B, 0x644F, 0x6451, 0x6452, 0x6453, 0x6454,
    0x645A, 0x645B, 0x645C, 0x645D, 0x645F, 0x6460, 0x6461, 0x6463, 0x646D, 0x6473, 0x6474, 0x647B,
    0x647D, 0x6485, 0x6487, 0x648F, 0x6490, 0x6491, 0x6498, 0x6499, 0x649B, 0x649D, 0x649F, 0x64A1,
    0x64A3, 0x64A6, 0x64A8, 0x64AC, 0x64B3, 0x64BD, 0x64BE, 0x64BF, 0x64C4, 0x64C9, 0x64CA, 0x64CB,
    0x64CC, 0x64CE, 0x64D0, 0x64D1, 0x64D5, 0x64D7, 0x64E4, 0x64E5, 0x64E9, 0x64EA, 0x64ED, 0x64F0,
    0x64F5, 0x64F7, 0x64FB, 0x64FF, 0x6501, 0x6504, 0x6508, 0x6509, 0x650A, 0x650F, 0x6513, 0x6514,
    0x6516, 0x6519, 0x651B, 0x651E, 0x651F, 0x6522, 0x6526, 0x6529, 0x652E, 0x6531, 0x653A, 0x653C,
    0x653D, 0x6543, 0x6547, 0x6549, 0x6550, 0x6552, 0x6554, 0x655F, 0x6560, 0x6567, 0x656B, 0x657A,
    0x657D, 0x6581, 0x6585, 0x658A, 0x6592, 0x6595, 0x6598, 0x659D, 0x65A0, 0x65A3, 0x65A6, 0x65AE,
    0x65B2, 0x65B3, 0x65B4, 0x65BF, 0x65C2, 0x65C8, 0x65C9, 0x65CE, 0x65D0, 0x65D4, 0x65D6, 0x65D8,
    0x65DF, 0x65F0, 0x65F2, 0x65F4, 0x65F5, 0x65F9, 0x65FE, 0x65FF, 0x6600, 0x6604, 0x6608, 0x6609,
    0x660D, 0x6611, 0x6612, 0x6615, 0x6616, 0x661D, 0x661E, 0x6621, 0x6622, 0x6623, 0x6624, 0x6626,
    0x6629, 0x662A, 0x662B, 0x662C, 0x662E, 0x6630, 0x6631, 0x6633, 0x6639, 0x6637, 0x6640, 0x6645,
    0x6646, 0x664A, 0x664C, 0x6651, 0x664E, 0x6657, 0x6658, 0x6659, 0x665B, 0x665C, 0x6660, 0x6661,
    0x66FB, 0x666A, 0x666B, 0x666C, 0x667E, 0x6673, 0x6675, 0x667F, 0x6677, 0x6678, 0x6679, 0x667B,
    0x6680, 0x667C, 0x668B, 0x668C, 0x668D, 0x6690, 0x6692, 0x6699, 0x669A, 0x669B, 0x669C, 0x669F,
    0x66A0, 0x66A4, 0x66AD, 0x66B1, 0x66B2, 0x66B5, 0x66BB, 0x66BF, 0x66C0, 0x66C2, 0x66C3, 0x66C8,
    0x66CC, 0x66CE, 0x66CF, 0x66D4, 0x66DB, 0x66DF, 0x66E8, 0x66EB, 0x66EC, 0x66EE, 0x66FA, 0x6705,
    0x6707, 0x670E, 0x6713, 0x6719, 0x671C, 0x6720, 0x6722, 0x6733, 0x673E, 0x6745, 0x6747, 0x6748,
    0x674C, 0x6754, 0x6755, 0x675D, 0x6766, 0x676C, 0x676E, 0x6774, 0x6776, 0x677B, 0x6781, 0x6784,
    0x678E, 0x678F, 0x6791, 0x6793, 0x6796, 0x6798, 0x6799, 0x679B, 0x67B0, 0x67B1, 0x67B2, 0x67B5,
    0x67BB, 0x67BC, 0x67BD, 0x67F9, 0x67C0, 0x67C2, 0x67C3, 0x67C5, 0x67C8, 0x67C9, 0x67D2, 0x67D7,
    0x67D9, 0x67DC, 0x67E1, 0x67E6, 0x67F0, 0x67F2, 0x67F6, 0x67F7, 0x6852, 0x6814, 0x6819, 0x681D,
    0x681F, 0x6828, 0x6827, 0x682C, 0x682D, 0x682F, 0x6830, 0x6831, 0x6833, 0x683B, 0x683F, 0x6844,
    0x6845, 0x684A, 0x684C, 0x6855, 0x6857, 0x6858, 0x685B, 0x686B, 0x686E, 0x686F, 0x6870, 0x6871,
    0x6872, 0x6875, 0x6879, 0x687A, 0x687B, 0x687C, 0x6882, 0x6884, 0x6886, 0x6888, 0x6896, 0x6898,
    0x689A, 0x689C, 0x68A1, 0x68A3, 0x68A5, 0x68A9, 0x68AA, 0x68AE, 0x68B2, 0x68BB, 0x68C5, 0x68C8,
    0x68CC, 0x68CF, 0x68D0, 0x68D1, 0x68D3, 0x68D6, 0x68D9, 0x68DC, 0x68DD, 0x68E5, 0x68E8, 0x68EA,
    0x68EB, 0x68EC, 0x68ED, 0x68F0, 0x68F1, 0x68F5, 0x68F6, 0x68FB, 0x68FC, 0x68FD, 0x6906, 0x6909,
    0x690A, 0x6910, 0x6911, 0x6913, 0x6916, 0x6917, 0x6931, 0x6933, 0x6935, 0x6938, 0x693B, 0x6942,
    0x6945, 0x6949, 0x694E, 0x6957, 0x695B, 0x6963, 0x6964, 0x6965, 0x6966, 0x6968, 0x6969, 0x696C,
    0x6970, 0x6971, 0x6972, 0x697A, 0x697B, 0x697F, 0x6980, 0x698D, 0x6992, 0x6996, 0x6998, 0x69A1,
    0x69A5, 0x69A6, 0x69A8, 0x69AB, 0x69AD, 0x69AF, 0x69B7, 0x69B8, 0x69BA, 0x69BC, 0x69C5, 0x69C8,
    0x69D1, 0x69D6, 0x69D7, 0x69E2, 0x69E5, 0x69EE, 0x69EF, 0x69F1, 0x69F3, 0x69F5, 0x69FE, 0x6A00,
    0x6A01, 0x6A03, 0x6A0F, 0x6A11, 0x6A15, 0x6A1A, 0x6A1D, 0x6A20, 0x6A24, 0x6A28, 0x6A30, 0x6A32,
    0x6A34, 0x6A37, 0x6A3B, 0x6A3E, 0x6A3F, 0x6A45, 0x6A46, 0x6A49, 0x6A4A, 0x6A4E, 0x6A50, 0x6A51,
    0x6A52, 0x6A55, 0x6A56, 0x6A5B, 0x6A64, 0x6A67, 0x6A6A, 0x6A71, 0x6A73, 0x6A7E, 0x6A81, 0x6A83,
    0x6A86, 0x6A87, 0x6A89, 0x6A8B, 0x6A91, 0x6A9B, 0x6A9D, 0x6A9E, 0x6A9F, 0x6AA5, 0x6AAB, 0x6AAF,
    0x6AB0, 0x6AB1, 0x6AB4, 0x6ABD, 0x6ABE, 0x6ABF, 0x6AC6, 0x6AC9, 0x6AC8, 0x6ACC, 0x6AD0, 0x6AD4,
    0x6AD5, 0x6AD6, 0x6ADC, 0x6ADD, 0x6AE4, 0x6AE7, 0x6AEC, 0x6AF0, 0x6AF1, 0x6AF2, 0x6AFC, 0x6AFD,
    0x6B02, 0x6B03, 0x6B06, 0x6B07, 0x6B09, 0x6B0F, 0x6B10, 0x6B11, 0x6B17, 0x6B1B, 0x6B1E, 0x6B24,
    0x6B28, 0x6B2B, 0x6B2C, 0x6B2F, 0x6B35, 0x6B36, 0x6B3B, 0x6B3F, 0x6B46, 0x6B4A, 0x6B4D, 0x6B52,
    0x6B56, 0x6B58, 0x6B5D, 0x6B60, 0x6B67, 0x6B6B, 0x6B6E, 0x6B70, 0x6B75, 0x6B7D, 0x6B7E, 0x6B82,
    0x6B85, 0x6B97, 0x6B9B, 0x6B9F, 0x6BA0, 0x6BA2, 0x6BA3, 0x6BA8, 0x6BA9, 0x6BAC, 0x6BAD, 0x6BAE,
    0x6BB0, 0x6BB8, 0x6BB9, 0x6BBD, 0x6BBE, 0x6BC3, 0x6BC4, 0x6BC9, 0x6BCC, 0x6BD6, 0x6BDA, 0x6BE1,
    0x6BE3, 0x6BE6, 0x6BE7, 0x6BEE, 0x6BF1, 0x6BF7, 0x6BF9, 0x6BFF, 0x6C02, 0x6C04, 0x6C05, 0x6C09,
    0x6C0D, 0x6C0E, 0x6C10, 0x6C12, 0x6C19, 0x6C1F, 0x6C26, 0x6C27, 0x6C28, 0x6C2C, 0x6C2E, 0x6C33,
    0x6C35, 0x6C36, 0x6C3A, 0x6C3B, 0x6C3F, 0x6C4A, 0x6C4B, 0x6C4D, 0x6C4F, 0x6C52, 0x6C54, 0x6C59,
    0x6C5B, 0x6C5C, 0x6C6B, 0x6C6D, 0x6C6F, 0x6C74, 0x6C76, 0x6C78, 0x6C79, 0x6C7B, 0x6C85, 0x6C86,
    0x6C87, 0x6C89, 0x6C94, 0x6C95, 0x6C97, 0x6C98, 0x6C9C, 0x6C9F, 0x6CB0, 0x6CB2, 0x6CB4, 0x6CC2,
    0x6CC6, 0x6CCD, 0x6CCF, 0x6CD0, 0x6CD1, 0x6CD2, 0x6CD4, 0x6CD6, 0x6CDA, 0x6CDC, 0x6CE0, 0x6CE7,
    0x6CE9, 0x6CEB, 0x6CEC, 0x6CEE, 0x6CF2, 0x6CF4, 0x6D04, 0x6D07, 0x6D0A, 0x6D0E, 0x6D0F, 0x6D11,
    0x6D13, 0x6D1A, 0x6D26, 0x6D27, 0x6D28, 0x6C67, 0x6D2E, 0x6D2F, 0x6D31, 0x6D39, 0x6D3C, 0x6D3F,
    0x6D57, 0x6D5E, 0x6D5F, 0x6D61, 0x6D65, 0x6D67, 0x6D6F, 0x6D70, 0x6D7C, 0x6D82, 0x6D87, 0x6D91,
    0x6D92, 0x6D94, 0x6D96, 0x6D97, 0x6D98, 0x6DAA, 0x6DAC, 0x6DB4, 0x6DB7, 0x6DB9, 0x6DBD, 0x6DBF,
    0x6DC4, 0x6DC8, 0x6DCA, 0x6DCE, 0x6DCF, 0x6DD6, 0x6DDB, 0x6DDD, 0x6DDF, 0x6DE0, 0x6DE2, 0x6DE5,
    0x6DE9, 0x6DEF, 0x6DF0, 0x6DF4, 0x6DF6, 0x6DFC, 0x6E00, 0x6E04, 0x6E1E, 0x6E22, 0x6E27, 0x6E32,
    0x6E36, 0x6E39, 0x6E3B, 0x6E3C, 0x6E44, 0x6E45, 0x6E48, 0x6E49, 0x6E4B, 0x6E4F, 0x6E51, 0x6E52,
    0x6E53, 0x6E54, 0x6E57, 0x6E5C, 0x6E5D, 0x6E5E, 0x6E62, 0x6E63, 0x6E68, 0x6E73, 0x6E7B, 0x6E7D,
    0x6E8D, 0x6E93, 0x6E99, 0x6EA0, 0x6EA7, 0x6EAD, 0x6EAE, 0x6EB1, 0x6EB3, 0x6EBB, 0x6EBF, 0x6EC0,
    0x6EC1, 0x6EC3, 0x6EC7, 0x6EC8, 0x6ECA, 0x6ECD, 0x6ECE, 0x6ECF, 0x6EEB, 0x6EED, 0x6EEE, 0x6EF9,
    0x6EFB, 0x6EFD, 0x6F04, 0x6F08, 0x6F0A, 0x6F0C, 0x6F0D, 0x6F16, 0x6F18, 0x6F1A, 0x6F1B, 0x6F26,
    0x6F29, 0x6F2A, 0x6F2F, 0x6F30, 0x6F33, 0x6F36, 0x6F3B, 0x6F3C, 0x6F2D, 0x6F4F, 0x6F51, 0x6F52,
    0x6F53, 0x6F57, 0x6F59, 0x6F5A, 0x6F5D, 0x6F5E, 0x6F61, 0x6F62, 0x6F68, 0x6F6C, 0x6F7D, 0x6F7E,
    0x6F83, 0x6F87, 0x6F88, 0x6F8B, 0x6F8C, 0x6F8D, 0x6F90, 0x6F92, 0x6F93, 0x6F94, 0x6F96, 0x6F9A,
    0x6F9F, 0x6FA0, 0x6FA5, 0x6FA6, 0x6FA7, 0x6FA8, 0x6FAE, 0x6FAF, 0x6FB0, 0x6FB5, 0x6FB6, 0x6FBC,
    0x6FC5, 0x6FC7, 0x6FC8, 0x6FCA, 0x6FDA, 0x6FDE, 0x6FE8, 0x6FE9, 0x6FF0, 0x6FF5, 0x6FF9, 0x6FFC,
    0x6FFD, 0x7000, 0x7005, 0x7006, 0x7007, 0x700D, 0x7017, 0x7020, 0x7023, 0x702F, 0x7034, 0x7037,
    0x7039, 0x703C, 0x7043, 0x7044, 0x7048, 0x7049, 0x704A, 0x704B, 0x7054, 0x7055, 0x705D, 0x705E,
    0x704E, 0x7064, 0x7065, 0x706C, 0x706E, 0x7075, 0x7076, 0x707E, 0x7081, 0x7085, 0x7086, 0x7094,
    0x7095, 0x7096, 0x7097, 0x7098, 0x709B, 0x70A4, 0x70AB, 0x70B0, 0x70B1, 0x70B4, 0x70B7, 0x70CA,
    0x70D1, 0x70D3, 0x70D4, 0x70D5, 0x70D6, 0x70D8, 0x70DC, 0x70E4, 0x70FA, 0x7103, 0x7104, 0x7105,
    0x7106, 0x7107, 0x710B, 0x710C, 0x710F, 0x711E, 0x7120, 0x712B, 0x712D, 0x712F, 0x7130, 0x7131,
    0x7138, 0x7141, 0x7145, 0x7146, 0x7147, 0x714A, 0x714B, 0x7150, 0x7152, 0x7157, 0x715A, 0x715C,
    0x715E, 0x7160, 0x7168, 0x7179, 0x7180, 0x7185, 0x7187, 0x718C, 0x7192, 0x719A, 0x719B, 0x71A0,
    0x71A2, 0x71AF, 0x71B0, 0x71B2, 0x71B3, 0x71BA, 0x71BF, 0x71C0, 0x71C1, 0x71C4, 0x71CB, 0x71CC,
    0x71D3, 0x71D6, 0x71D9, 0x71DA, 0x71DC, 0x71F8, 0x71FE, 0x7200, 0x7207, 0x7208, 0x7209, 0x7213,
    0x7217, 0x721A, 0x721D, 0x721F, 0x7224, 0x722B, 0x722F, 0x7234, 0x7238, 0x7239, 0x7241, 0x7242,
    0x7243, 0x7245, 0x724E, 0x724F, 0x7250, 0x7253, 0x7255, 0x7256, 0x725A, 0x725C, 0x725E, 0x7260,
    0x7263, 0x7268, 0x726B, 0x726E, 0x726F, 0x7271, 0x7277, 0x7278, 0x727B, 0x727C, 0x727F, 0x7284,
    0x7289, 0x728D, 0x728E, 0x7293, 0x729B, 0x72A8, 0x72AD, 0x72AE, 0x72B1, 0x72B4, 0x72BE, 0x72C1,
    0x72C7, 0x72C9, 0x72CC, 0x72D5, 0x72D6, 0x72D8, 0x72DF, 0x72E5, 0x72F3, 0x72F4, 0x72FA, 0x72FB,
    0x72FE, 0x7302, 0x7304, 0x7305, 0x7307, 0x730B, 0x730D, 0x7312, 0x7313, 0x7318, 0x7319, 0x731E,
    0x7322, 0x7324, 0x7327, 0x7328, 0x732C, 0x7331, 0x7332, 0x7335, 0x733A, 0x733B, 0x733D, 0x7343,
    0x734D, 0x7350, 0x7352, 0x7356, 0x7358, 0x735D, 0x735E, 0x735F, 0x7360, 0x7366, 0x7367, 0x7369,
    0x736B, 0x736C, 0x736E, 0x736F, 0x7371, 0x7377, 0x7379, 0x737C, 0x7380, 0x7381, 0x7383, 0x7385,
    0x7386, 0x738E, 0x7390, 0x7393, 0x7395, 0x7397, 0x7398, 0x739C, 0x739E, 0x739F, 0x73A0, 0x73A2,
    0x73A5, 0x73A6, 0x73AA, 0x73AB, 0x73AD, 0x73B5, 0x73B7, 0x73B9, 0x73BC, 0x73BD, 0x73BF, 0x73C5,
    0x73C6, 0x73C9, 0x73CB, 0x73CC, 0x73CF, 0x73D2, 0x73D3, 0x73D6, 0x73D9, 0x73DD, 0x73E1, 0x73E3,
    0x73E6, 0x73E7, 0x73E9, 0x73F4, 0x73F5, 0x73F7, 0x73F9, 0x73FA, 0x73FB, 0x73FD, 0x73FF, 0x7400,
    0x7401, 0x7404, 0x7407, 0x740A, 0x7411, 0x741A, 0x741B, 0x7424, 0x7426, 0x7428, 0x7429, 0x742A,
    0x742B, 0x742C, 0x742D, 0x742E, 0x742F, 0x7430, 0x7431, 0x7439, 0x7440, 0x7443, 0x7444, 0x7446,
    0x7447, 0x744B, 0x744D, 0x7451, 0x7452, 0x7457, 0x745D, 0x7462, 0x7466, 0x7467, 0x7468, 0x746B,
    0x746D, 0x746E, 0x7471, 0x7472, 0x7480, 0x7481, 0x7485, 0x7486, 0x7487, 0x7489, 0x748F, 0x7490,
    0x7491, 0x7492, 0x7498, 0x7499, 0x749A, 0x749C, 0x749F, 0x74A0, 0x74A1, 0x74A3, 0x74A6, 0x74A8,
    0x74A9, 0x74AA, 0x74AB, 0x74AE, 0x74AF, 0x74B1, 0x74B2, 0x74B5, 0x74B9, 0x74BB, 0x74BF, 0x74C8,
    0x74C9, 0x74CC, 0x74D0, 0x74D3, 0x74D8, 0x74DA, 0x74DB, 0x74DE, 0x74DF, 0x74E4, 0x74E8, 0x74EA,
    0x74EB, 0x74EF, 0x74F4, 0x74FA, 0x74FB, 0x74FC, 0x74FF, 0x7506, 0x7512, 0x7516, 0x7517, 0x7520,
    0x7521, 0x7524, 0x7527, 0x7529, 0x752A, 0x752F, 0x7536, 0x7539, 0x753D, 0x753E, 0x753F, 0x7540,
    0x7543, 0x7547, 0x7548, 0x754E, 0x7550, 0x7552, 0x7557, 0x755E, 0x755F, 0x7561, 0x756F, 0x7571,
    0x7579, 0x757A, 0x757B, 0x757C, 0x757D, 0x757E, 0x7581, 0x7585, 0x7590, 0x7592, 0x7593, 0x7595,
    0x7599, 0x759C, 0x75A2, 0x75A4, 0x75B4, 0x75BA, 0x75BF, 0x75C0, 0x75C1, 0x75C4, 0x75C6, 0x75CC,
    0x75CE, 0x75CF, 0x75D7, 0x75DC, 0x75DF, 0x75E0, 0x75E1, 0x75E4, 0x75E7, 0x75EC, 0x75EE, 0x75EF,
    0x75F1, 0x75F9, 0x7600, 0x7602, 0x7603, 0x7604, 0x7607, 0x7608, 0x760A, 0x760C, 0x760F, 0x7612,
    0x7613, 0x7615, 0x7616, 0x7619, 0x761B, 0x761C, 0x761D, 0x761E, 0x7623, 0x7625, 0x7626, 0x7629,
    0x762D, 0x7632, 0x7633, 0x7635, 0x7638, 0x7639, 0x763A, 0x763C, 0x764A, 0x7640, 0x7641, 0x7643,
    0x7644, 0x7645, 0x7649, 0x764B, 0x7655, 0x7659, 0x765F, 0x7664, 0x7665, 0x766D, 0x766E, 0x766F,
    0x7671, 0x7674, 0x7681, 0x7685, 0x768C, 0x768D, 0x7695, 0x769B, 0x769C, 0x769D, 0x769F, 0x76A0,
    0x76A2, 0x76A3, 0x76A4, 0x76A5, 0x76A6, 0x76A7, 0x76A8, 0x76AA, 0x76AD, 0x76BD, 0x76C1, 0x76C5,
    0x76C9, 0x76CB, 0x76CC, 0x76CE, 0x76D4, 0x76D9, 0x76E0, 0x76E6, 0x76E8, 0x76EC, 0x76F0, 0x76F1,
    0x76F6, 0x76F9, 0x76FC, 0x7700, 0x7706, 0x770A, 0x770E, 0x7712, 0x7714, 0x7715, 0x7717, 0x7719,
    0x771A, 0x771C, 0x7722, 0x7728, 0x772D, 0x772E, 0x772F, 0x7734, 0x7735, 0x7736, 0x7739, 0x773D,
    0x773E, 0x7742, 0x7745, 0x7746, 0x774A, 0x774D, 0x774E, 0x774F, 0x7752, 0x7756, 0x7757, 0x775C,
    0x775E, 0x775F, 0x7760, 0x7762, 0x7764, 0x7767, 0x776A, 0x776C, 0x7770, 0x7772, 0x7773, 0x7774,
    0x777A, 0x777D, 0x7780, 0x7784, 0x778C, 0x778D, 0x7794, 0x7795, 0x7796, 0x779A, 0x779F, 0x77A2,
    0x77A7, 0x77AA, 0x77AE, 0x77AF, 0x77B1, 0x77B5, 0x77BE, 0x77C3, 0x77C9, 0x77D1, 0x77D2, 0x77D5,
    0x77D9, 0x77DE, 0x77DF, 0x77E0, 0x77E4, 0x77E6, 0x77EA, 0x77EC, 0x77F0, 0x77F1, 0x77F4, 0x77F8,
    0x77FB, 0x7805, 0x7806, 0x7809, 0x780D, 0x780E, 0x7811, 0x781D, 0x7821, 0x7822, 0x7823, 0x782D,
    0x782E, 0x7830, 0x7835, 0x7837, 0x7843, 0x7844, 0x7847, 0x7848, 0x784C, 0x784E, 0x7852, 0x785C,
    0x785E, 0x7860, 0x7861, 0x7863, 0x7864, 0x7868, 0x786A, 0x786E, 0x787A, 0x787E, 0x788A, 0x788F,
    0x7894, 0x7898, 0x78A1, 0x789D, 0x789E, 0x789F, 0x78A4, 0x78A8, 0x78AC, 0x78AD, 0x78B0, 0x78B1,
    0x78B2, 0x78B3, 0x78BB, 0x78BD, 0x78BF, 0x78C7, 0x78C8, 0x78C9, 0x78CC, 0x78CE, 0x78D2, 0x78D3,
    0x78D5, 0x78D6, 0x78E4, 0x78DB, 0x78DF, 0x78E0, 0x78E1, 0x78E6, 0x78EA, 0x78F2, 0x78F3, 0x7900,
    0x78F6, 0x78F7, 0x78FA, 0x78FB, 0x78FF, 0x7906, 0x790C, 0x7910, 0x791A, 0x791C, 0x791E, 0x791F,
    0x7920, 0x7925, 0x7927, 0x7929, 0x792D, 0x7931, 0x7934, 0x7935, 0x793B, 0x793D, 0x793F, 0x7944,
    0x7945, 0x7946, 0x794A, 0x794B, 0x794F, 0x7951, 0x7954, 0x7958, 0x795B, 0x795C, 0x7967, 0x7969,
    0x796B, 0x7972, 0x7979, 0x797B, 0x797C, 0x797E, 0x798B, 0x798C, 0x7991, 0x7993, 0x7994, 0x7995,
    0x7996, 0x7998, 0x799B, 0x799C, 0x79A1, 0x79A8, 0x79A9, 0x79AB, 0x79AF, 0x79B1, 0x79B4, 0x79B8,
    0x79BB, 0x79C2, 0x79C4, 0x79C7, 0x79C8, 0x79CA, 0x79CF, 0x79D4, 0x79D6, 0x79DA, 0x79DD, 0x79DE,
    0x79E0, 0x79E2, 0x79E5, 0x79EA, 0x79EB, 0x79ED, 0x79F1, 0x79F8, 0x79FC, 0x7A02, 0x7A03, 0x7A07,
    0x7A09, 0x7A0A, 0x7A0C, 0x7A11, 0x7A15, 0x7A1B, 0x7A1E, 0x7A21, 0x7A27, 0x7A2B, 0x7A2D, 0x7A2F,
    0x7A30, 0x7A34, 0x7A35, 0x7A38, 0x7A39, 0x7A3A, 0x7A44, 0x7A45, 0x7A47, 0x7A48, 0x7A4C, 0x7A55,
    0x7A56, 0x7A59, 0x7A5C, 0x7A5D, 0x7A5F, 0x7A60, 0x7A65, 0x7A67, 0x7A6A, 0x7A6D, 0x7A75, 0x7A78,
    0x7A7E, 0x7A80, 0x7A82, 0x7A85, 0x7A86, 0x7A8A, 0x7A8B, 0x7A90, 0x7A91, 0x7A94, 0x7A9E, 0x7AA0,
    0x7AA3, 0x7AAC, 0x7AB3, 0x7AB5, 0x7AB9, 0x7ABB, 0x7ABC, 0x7AC6, 0x7AC9, 0x7ACC, 0x7ACE, 0x7AD1,
    0x7ADB, 0x7AE8, 0x7AE9, 0x7AEB, 0x7AEC, 0x7AF1, 0x7AF4, 0x7AFB, 0x7AFD, 0x7AFE, 0x7B07, 0x7B14,
    0x7B1F, 0x7B23, 0x7B27, 0x7B29, 0x7B2A, 0x7B2B, 0x7B2D, 0x7B2E, 0x7B2F, 0x7B30, 0x7B31, 0x7B34,
    0x7B3D, 0x7B3F, 0x7B40, 0x7B41, 0x7B47, 0x7B4E, 0x7B55, 0x7B60, 0x7B64, 0x7B66, 0x7B69, 0x7B6A,
    0x7B6D, 0x7B6F, 0x7B72, 0x7B73, 0x7B77, 0x7B84, 0x7B89, 0x7B8E, 0x7B90, 0x7B91, 0x7B96, 0x7B9B,
    0x7B9E, 0x7BA0, 0x7BA5, 0x7BAC, 0x7BAF, 0x7BB0, 0x7BB2, 0x7BB5, 0x7BB6, 0x7BBA, 0x7BBB, 0x7BBC,
    0x7BBD, 0x7BC2, 0x7BC5, 0x7BC8, 0x7BCA, 0x7BD4, 0x7BD6, 0x7BD7, 0x7BD9, 0x7BDA, 0x7BDB, 0x7BE8,
    0x7BEA, 0x7BF2, 0x7BF4, 0x7BF5, 0x7BF8, 0x7BF9, 0x7BFA, 0x7BFC, 0x7BFE, 0x7C01, 0x7C02, 0x7C03,
    0x7C04, 0x7C06, 0x7C09, 0x7C0B, 0x7C0C, 0x7C0E, 0x7C0F, 0x7C19, 0x7C1B, 0x7C20, 0x7C25, 0x7C26,
    0x7C28, 0x7C2C, 0x7C31, 0x7C33, 0x7C34, 0x7C36, 0x7C39, 0x7C3A, 0x7C46, 0x7C4A, 0x7C55, 0x7C51,
    0x7C52, 0x7C53, 0x7C59, 0x7C5A, 0x7C5B, 0x7C5C, 0x7C5D, 0x7C5E, 0x7C61, 0x7C63, 0x7C67, 0x7C69,
    0x7C6D, 0x7C6E, 0x7C70, 0x7C72, 0x7C79, 0x7C7C, 0x7C7D, 0x7C86, 0x7C87, 0x7C8F, 0x7C94, 0x7C9E,
    0x7CA0, 0x7CA6, 0x7CB0, 0x7CB6, 0x7CB7, 0x7CBA, 0x7CBB, 0x7CBC, 0x7CBF, 0x7CC4, 0x7CC7, 0x7CC8,
    0x7CC9, 0x7CCD, 0x7CCF, 0x7CD3, 0x7CD4, 0x7CD5, 0x7CD7, 0x7CD9, 0x7CDA, 0x7CDD, 0x7CE6, 0x7CE9,
    0x7CEB, 0x7CF5, 0x7D03, 0x7D07, 0x7D08, 0x7D09, 0x7D0F, 0x7D11, 0x7D12, 0x7D13, 0x7D16, 0x7D1D,
    0x7D1E, 0x7D23, 0x7D26, 0x7D2A, 0x7D2D, 0x7D31, 0x7D3C, 0x7D3D, 0x7D3E, 0x7D40, 0x7D41, 0x7D47,
    0x7D48, 0x7D4D, 0x7D51, 0x7D53, 0x7D57, 0x7D59, 0x7D5A, 0x7D5C, 0x7D5D, 0x7D65, 0x7D67, 0x7D6A,
    0x7D70, 0x7D78, 0x7D7A, 0x7D7B, 0x7D7F, 0x7D81, 0x7D82, 0x7D83, 0x7D85, 0x7D86, 0x7D88, 0x7D8B,
    0x7D8C, 0x7D8D, 0x7D91, 0x7D96, 0x7D97, 0x7D9D, 0x7D9E, 0x7DA6, 0x7DA7, 0x7DAA, 0x7DB3, 0x7DB6,
    0x7DB7, 0x7DB9, 0x7DC2, 0x7DC3, 0x7DC4, 0x7DC5, 0x7DC6, 0x7DCC, 0x7DCD, 0x7DCE, 0x7DD7, 0x7DD9,
    0x7E00, 0x7DE2, 0x7DE5, 0x7DE6, 0x7DEA, 0x7DEB, 0x7DED, 0x7DF1, 0x7DF5, 0x7DF6, 0x7DF9, 0x7DFA,
    0x7E08, 0x7E10, 0x7E11, 0x7E15, 0x7E17, 0x7E1C, 0x7E1D, 0x7E20, 0x7E27, 0x7E28, 0x7E2C, 0x7E2D,
    0x7E2F, 0x7E33, 0x7E36, 0x7E3F, 0x7E44, 0x7E45, 0x7E47, 0x7E4E, 0x7E50, 0x7E52, 0x7E58, 0x7E5F,
    0x7E61, 0x7E62, 0x7E65, 0x7E6B, 0x7E6E, 0x7E6F, 0x7E73, 0x7E78, 0x7E7E, 0x7E81, 0x7E86, 0x7E87,
    0x7E8A, 0x7E8D, 0x7E91, 0x7E95, 0x7E98, 0x7E9A, 0x7E9D, 0x7E9E, 0x7F3C, 0x7F3B, 0x7F3D, 0x7F3E,
    0x7F3F, 0x7F43, 0x7F44, 0x7F47, 0x7F4F, 0x7F52, 0x7F53, 0x7F5B, 0x7F5C, 0x7F5D, 0x7F61, 0x7F63,
    0x7F64, 0x7F65, 0x7F66, 0x7F6D, 0x7F71, 0x7F7D, 0x7F7E, 0x7F7F, 0x7F80, 0x7F8B, 0x7F8D, 0x7F8F,
    0x7F90, 0x7F91, 0x7F96, 0x7F97, 0x7F9C, 0x7FA1, 0x7FA2, 0x7FA6, 0x7FAA, 0x7FAD, 0x7FB4, 0x7FBC,
    0x7FBF, 0x7FC0, 0x7FC3, 0x7FC8, 0x7FCE, 0x7FCF, 0x7FDB, 0x7FDF, 0x7FE3, 0x7FE5, 0x7FE8, 0x7FEC,
    0x7FEE, 0x7FEF, 0x7FF2, 0x7FFA, 0x7FFD, 0x7FFE, 0x7FFF, 0x8007, 0x8008, 0x800A, 0x800D, 0x800E,
    0x800F, 0x8011, 0x8013, 0x8014, 0x8016, 0x801D, 0x801E, 0x801F, 0x8020, 0x8024, 0x8026, 0x802C,
    0x802E, 0x8030, 0x8034, 0x8035, 0x8037, 0x8039, 0x803A, 0x803C, 0x803E, 0x8040, 0x8044, 0x8060,
    0x8064, 0x8066, 0x806D, 0x8071, 0x8075, 0x8081, 0x8088, 0x808E, 0x809C, 0x809E, 0x80A6, 0x80A7,
    0x80AB, 0x80B8, 0x80B9, 0x80C8, 0x80CD, 0x80CF, 0x80D2, 0x80D4, 0x80D5, 0x80D7, 0x80D8, 0x80E0,
    0x80ED, 0x80EE, 0x80F0, 0x80F2, 0x80F3, 0x80F6, 0x80F9, 0x80FA, 0x80FE, 0x8103, 0x810B, 0x8116,
    0x8117, 0x8118, 0x811C, 0x811E, 0x8120, 0x8124, 0x8127, 0x812C, 0x8130, 0x8135, 0x813A, 0x813C,
    0x8145, 0x8147, 0x814A, 0x814C, 0x8152, 0x8157, 0x8160, 0x8161, 0x8167, 0x8168, 0x8169, 0x816D,
    0x816F, 0x8177, 0x8181, 0x8190, 0x8184, 0x8185, 0x8186, 0x818B, 0x818E, 0x8196, 0x8198, 0x819B,
    0x819E, 0x81A2, 0x81AE, 0x81B2, 0x81B4, 0x81BB, 0x81CB, 0x81C3, 0x81C5, 0x81CA, 0x81CE, 0x81CF,
    0x81D5, 0x81D7, 0x81DB, 0x81DD, 0x81DE, 0x81E1, 0x81E4, 0x81EB, 0x81EC, 0x81F0, 0x81F1, 0x81F2,
    0x81F5, 0x81F6, 0x81F8, 0x81F9, 0x81FD, 0x81FF, 0x8200, 0x8203, 0x820F, 0x8213, 0x8214, 0x8219,
    0x821A, 0x821D, 0x8221, 0x8222, 0x8228, 0x8232, 0x8234, 0x823A, 0x8243, 0x8244, 0x8245, 0x8246,
    0x824B, 0x824E, 0x824F, 0x8251, 0x8256, 0x825C, 0x8260, 0x8263, 0x8267, 0x826D, 0x8274, 0x827B,
    0x827D, 0x827F, 0x8280, 0x8281, 0x8283, 0x8284, 0x8287, 0x8289, 0x828A, 0x828E, 0x8291, 0x8294,
    0x8296, 0x8298, 0x829A, 0x829B, 0x82A0, 0x82A1, 0x82A3, 0x82A4, 0x82A7, 0x82A8, 0x82A9, 0x82AA,
    0x82AE, 0x82B0, 0x82B2, 0x82B4, 0x82B7, 0x82BA, 0x82BC, 0x82BE, 0x82BF, 0x82C6, 0x82D0, 0x82D5,
    0x82DA, 0x82E0, 0x82E2, 0x82E4, 0x82E8, 0x82EA, 0x82ED, 0x82EF, 0x82F6, 0x82F7, 0x82FD, 0x82FE,
    0x8300, 0x8301, 0x8307, 0x8308, 0x830A, 0x830B, 0x8354, 0x831B, 0x831D, 0x831E, 0x831F, 0x8321,
    0x8322, 0x832C, 0x832D, 0x832E, 0x8330, 0x8333, 0x8337, 0x833A, 0x833C, 0x833D, 0x8342, 0x8343,
    0x8344, 0x8347, 0x834D, 0x834E, 0x8351, 0x8355, 0x8356, 0x8357, 0x8370, 0x8378, 0x837D, 0x837F,
    0x8380, 0x8382, 0x8384, 0x8386, 0x838D, 0x8392, 0x8394, 0x8395, 0x8398, 0x8399, 0x839B, 0x839C,
    0x839D, 0x83A6, 0x83A7, 0x83A9, 0x83AC, 0x83BE, 0x83BF, 0x83C0, 0x83C7, 0x83C9, 0x83CF, 0x83D0,
    0x83D1, 0x83D4, 0x83DD, 0x8353, 0x83E8, 0x83EA, 0x83F6, 0x83F8, 0x83F9, 0x83FC, 0x8401, 0x8406,
    0x840A, 0x840F, 0x8411, 0x8415, 0x8419, 0x83AD, 0x842F, 0x8439, 0x8445, 0x8447, 0x8448, 0x844A,
    0x844D, 0x844F, 0x8451, 0x8452, 0x8456, 0x8458, 0x8459, 0x845A, 0x845C, 0x8460, 0x8464, 0x8465,
    0x8467, 0x846A, 0x8470, 0x8473, 0x8474, 0x8476, 0x8478, 0x847C, 0x847D, 0x8481, 0x8485, 0x8492,
    0x8493, 0x8495, 0x849E, 0x84A6, 0x84A8, 0x84A9, 0x84AA, 0x84AF, 0x84B1, 0x84B4, 0x84BA, 0x84BD,
    0x84BE, 0x84C0, 0x84C2, 0x84C7, 0x84C8, 0x84CC, 0x84CF, 0x84D3, 0x84DC, 0x84E7, 0x84EA, 0x84EF,
    0x84F0, 0x84F1, 0x84F2, 0x84F7, 0x8532, 0x84FA, 0x84FB, 0x84FD, 0x8502, 0x8503, 0x8507, 0x850C,
    0x850E, 0x8510, 0x851C, 0x851E, 0x8522, 0x8523, 0x8524, 0x8525, 0x8527, 0x852A, 0x852B, 0x852F,
    0x8533, 0x8534, 0x8536, 0x853F, 0x8546, 0x854F, 0x8550, 0x8551, 0x8552, 0x8553, 0x8556, 0x8559,
    0x855C, 0x855D, 0x855E, 0x855F, 0x8560, 0x8561, 0x8562, 0x8564, 0x856B, 0x856F, 0x8579, 0x857A,
    0x857B, 0x857D, 0x857F, 0x8581, 0x8585, 0x8586, 0x8589, 0x858B, 0x858C, 0x858F, 0x8593, 0x8598,
    0x859D, 0x859F, 0x85A0, 0x85A2, 0x85A5, 0x85A7, 0x85B4, 0x85B6, 0x85B7, 0x85B8, 0x85BC, 0x85BD,
    0x85BE, 0x85BF, 0x85C2, 0x85C7, 0x85CA, 0x85CB, 0x85CE, 0x85AD, 0x85D8, 0x85DA, 0x85DF, 0x85E0,
    0x85E6, 0x85E8, 0x85ED, 0x85F3, 0x85F6, 0x85FC, 0x85FF, 0x8600, 0x8604, 0x8605, 0x860D, 0x860E,
    0x8610, 0x8611, 0x8612, 0x8618, 0x8619, 0x861B, 0x861E, 0x8621, 0x8627, 0x8629, 0x8636, 0x8638,
    0x863A, 0x863C, 0x863D, 0x8640, 0x8642, 0x8646, 0x8652, 0x8653, 0x8656, 0x8657, 0x8658, 0x8659,
    0x865D, 0x8660, 0x8661, 0x8662, 0x8663, 0x8664, 0x8669, 0x866C, 0x866F, 0x8675, 0x8676, 0x8677,
    0x867A, 0x868D, 0x8691, 0x8696, 0x8698, 0x869A, 0x869C, 0x86A1, 0x86A6, 0x86A7, 0x86A8, 0x86AD,
    0x86B1, 0x86B3, 0x86B4, 0x86B5, 0x86B7, 0x86B8, 0x86B9, 0x86BF, 0x86C0, 0x86C1, 0x86C3, 0x86C5,
    0x86D1, 0x86D2, 0x86D5, 0x86D7, 0x86DA, 0x86DC, 0x86E0, 0x86E3, 0x86E5, 0x86E7, 0x8688, 0x86FA,
    0x86FC, 0x86FD, 0x8704, 0x8705, 0x8707, 0x870B, 0x870E, 0x870F, 0x8710, 0x8713, 0x8714, 0x8719,
    0x871E, 0x871F, 0x8721, 0x8723, 0x8728, 0x872E, 0x872F, 0x8731, 0x8732, 0x8739, 0x873A, 0x873C,
    0x873D, 0x873E, 0x8740, 0x8743, 0x8745, 0x874D, 0x8758, 0x875D, 0x8761, 0x8764, 0x8765, 0x876F,
    0x8771, 0x8772, 0x877B, 0x8783, 0x8784, 0x8785, 0x8786, 0x8787, 0x8788, 0x8789, 0x878B, 0x878C,
    0x8790, 0x8793, 0x8795, 0x8797, 0x8798, 0x8799, 0x879E, 0x87A0, 0x87A3, 0x87A7, 0x87AC, 0x87AD,
    0x87AE, 0x87B1, 0x87B5, 0x87BE, 0x87BF, 0x87C1, 0x87C8, 0x87C9, 0x87CA, 0x87CE, 0x87D5, 0x87D6,
    0x87D9, 0x87DA, 0x87DC, 0x87DF, 0x87E2, 0x87E3, 0x87E4, 0x87EA, 0x87EB, 0x87ED, 0x87F1, 0x87F3,
    0x87F8, 0x87FA, 0x87FF, 0x8801, 0x8803, 0x8806, 0x8809, 0x880A, 0x880B, 0x8810, 0x8819, 0x8812,
    0x8813, 0x8814, 0x8818, 0x881A, 0x881B, 0x881C, 0x881E, 0x881F, 0x8828, 0x882D, 0x882E, 0x8830,
    0x8832, 0x8835, 0x883A, 0x883C, 0x8841, 0x8843, 0x8845, 0x8848, 0x8849, 0x884A, 0x884B, 0x884E,
    0x8851, 0x8855, 0x8856, 0x8858, 0x885A, 0x885C, 0x885F, 0x8860, 0x8864, 0x8869, 0x8871, 0x8879,
    0x887B, 0x8880, 0x8898, 0x889A, 0x889B, 0x889C, 0x889F, 0x88A0, 0x88A8, 0x88AA, 0x88BA, 0x88BD,
    0x88BE, 0x88C0, 0x88CA, 0x88CB, 0x88CC, 0x88CD, 0x88CE, 0x88D1, 0x88D2, 0x88D3, 0x88DB, 0x88DE,
    0x88E7, 0x88EF, 0x88F0, 0x88F1, 0x88F5, 0x88F7, 0x8901, 0x8906, 0x890D, 0x890E, 0x890F, 0x8915,
    0x8916, 0x8918, 0x8919, 0x891A, 0x891C, 0x8920, 0x8926, 0x8927, 0x8928, 0x8930, 0x8931, 0x8932,
    0x8935, 0x8939, 0x893A, 0x893E, 0x8940, 0x8942, 0x8945, 0x8946, 0x8949, 0x894F, 0x8952, 0x8957,
    0x895A, 0x895B, 0x895C, 0x8961, 0x8962, 0x8963, 0x896B, 0x896E, 0x8970, 0x8973, 0x8975, 0x897A,
    0x897B, 0x897C, 0x897D, 0x8989, 0x898D, 0x8990, 0x8994, 0x8995, 0x899B, 0x899C, 0x899F, 0x89A0,
    0x89A5, 0x89B0, 0x89B4, 0x89B5, 0x89B6, 0x89B7, 0x89BC, 0x89D4, 0x89D5, 0x89D6, 0x89D7, 0x89D8,
    0x89E5, 0x89E9, 0x89EB, 0x89ED, 0x89F1, 0x89F3, 0x89F6, 0x89F9, 0x89FD, 0x89FF, 0x8A04, 0x8A05,
    0x8A07, 0x8A0F, 0x8A11, 0x8A12, 0x8A14, 0x8A15, 0x8A1E, 0x8A20, 0x8A22, 0x8A24, 0x8A26, 0x8A2B,
    0x8A2C, 0x8A2F, 0x8A35, 0x8A37, 0x8A3D, 0x8A3E, 0x8A40, 0x8A43, 0x8A45, 0x8A47, 0x8A49, 0x8A4D,
    0x8A4E, 0x8A53, 0x8A56, 0x8A57, 0x8A58, 0x8A5C, 0x8A5D, 0x8A61, 0x8A65, 0x8A67, 0x8A75, 0x8A76,
    0x8A77, 0x8A79, 0x8A7A, 0x8A7B, 0x8A7E, 0x8A7F, 0x8A80, 0x8A83, 0x8A86, 0x8A8B, 0x8A8F, 0x8A90,
    0x8A92, 0x8A96, 0x8A97, 0x8A99, 0x8A9F, 0x8AA7, 0x8AA9, 0x8AAE, 0x8AAF, 0x8AB3, 0x8AB6, 0x8AB7,
    0x8ABB, 0x8ABE, 0x8AC3, 0x8AC6, 0x8AC8, 0x8AC9, 0x8ACA, 0x8AD1, 0x8AD3, 0x8AD4, 0x8AD5, 0x8AD7,
    0x8ADD, 0x8ADF, 0x8AEC, 0x8AF0, 0x8AF4, 0x8AF5, 0x8AF6, 0x8AFC, 0x8AFF, 0x8B05, 0x8B06, 0x8B0B,
    0x8B11, 0x8B1C, 0x8B1E, 0x8B1F, 0x8B0A, 0x8B2D, 0x8B30, 0x8B37, 0x8B3C, 0x8B42, 0x8B43, 0x8B44,
    0x8B45, 0x8B46, 0x8B48, 0x8B52, 0x8B53, 0x8B54, 0x8B59, 0x8B4D, 0x8B5E, 0x8B63, 0x8B6D, 0x8B76,
    0x8B78, 0x8B79, 0x8B7C, 0x8B7E, 0x8B81, 0x8B84, 0x8B85, 0x8B8B, 0x8B8D, 0x8B8F, 0x8B94, 0x8B95,
    0x8B9C, 0x8B9E, 0x8B9F, 0x8C38, 0x8C39, 0x8C3D, 0x8C3E, 0x8C45, 0x8C47, 0x8C49, 0x8C4B, 0x8C4F,
    0x8C51, 0x8C53, 0x8C54, 0x8C57, 0x8C58, 0x8C5B, 0x8C5D, 0x8C59, 0x8C63, 0x8C64, 0x8C66, 0x8C68,
    0x8C69, 0x8C6D, 0x8C73, 0x8C75, 0x8C76, 0x8C7B, 0x8C7E, 0x8C86, 0x8C87, 0x8C8B, 0x8C90, 0x8C92,
    0x8C93, 0x8C99, 0x8C9B, 0x8C9C, 0x8CA4, 0x8CB9, 0x8CBA, 0x8CC5, 0x8CC6, 0x8CC9, 0x8CCB, 0x8CCF,
    0x8CD6, 0x8CD5, 0x8CD9, 0x8CDD, 0x8CE1, 0x8CE8, 0x8CEC, 0x8CEF, 0x8CF0, 0x8CF2, 0x8CF5, 0x8CF7,
    0x8CF8, 0x8CFE, 0x8CFF, 0x8D01, 0x8D03, 0x8D09, 0x8D12, 0x8D17, 0x8D1B, 0x8D65, 0x8D69, 0x8D6C,
    0x8D6E, 0x8D7F, 0x8D82, 0x8D84, 0x8D88, 0x8D8D, 0x8D90, 0x8D91, 0x8D95, 0x8D9E, 0x8D9F, 0x8DA0,
    0x8DA6, 0x8DAB, 0x8DAC, 0x8DAF, 0x8DB2, 0x8DB5, 0x8DB7, 0x8DB9, 0x8DBB, 0x8DC0, 0x8DC5, 0x8DC6,
    0x8DC7, 0x8DC8, 0x8DCA, 0x8DCE, 0x8DD1, 0x8DD4, 0x8DD5, 0x8DD7, 0x8DD9, 0x8DE4, 0x8DE5, 0x8DE7,
    0x8DEC, 0x8DF0, 0x8DBC, 0x8DF1, 0x8DF2, 0x8DF4, 0x8DFD, 0x8E01, 0x8E04, 0x8E05, 0x8E06, 0x8E0B,
    0x8E11, 0x8E14, 0x8E16, 0x8E20, 0x8E21, 0x8E22, 0x8E23, 0x8E26, 0x8E27, 0x8E31, 0x8E33, 0x8E36,
    0x8E37, 0x8E38, 0x8E39, 0x8E3D, 0x8E40, 0x8E41, 0x8E4B, 0x8E4D, 0x8E4E, 0x8E4F, 0x8E54, 0x8E5B,
    0x8E5C, 0x8E5D, 0x8E5E, 0x8E61, 0x8E62, 0x8E69, 0x8E6C, 0x8E6D, 0x8E6F, 0x8E70, 0x8E71, 0x8E79,
    0x8E7A, 0x8E7B, 0x8E82, 0x8E83, 0x8E89, 0x8E90, 0x8E92, 0x8E95, 0x8E9A, 0x8E9B, 0x8E9D, 0x8E9E,
    0x8EA2, 0x8EA7, 0x8EA9, 0x8EAD, 0x8EAE, 0x8EB3, 0x8EB5, 0x8EBA, 0x8EBB, 0x8EC0, 0x8EC1, 0x8EC3,
    0x8EC4, 0x8EC7, 0x8ECF, 0x8ED1, 0x8ED4, 0x8EDC, 0x8EE8, 0x8EEE, 0x8EF0, 0x8EF1, 0x8EF7, 0x8EF9,
    0x8EFA, 0x8EED, 0x8F00, 0x8F02, 0x8F07, 0x8F08, 0x8F0F, 0x8F10, 0x8F16, 0x8F17, 0x8F18, 0x8F1E,
    0x8F20, 0x8F21, 0x8F23, 0x8F25, 0x8F27, 0x8F28, 0x8F2C, 0x8F2D, 0x8F2E, 0x8F34, 0x8F35, 0x8F36,
    0x8F37, 0x8F3A, 0x8F40, 0x8F41, 0x8F43, 0x8F47, 0x8F4F, 0x8F51, 0x8F52, 0x8F53, 0x8F54, 0x8F55,
    0x8F58, 0x8F5D, 0x8F5E, 0x8F65, 0x8F9D, 0x8FA0, 0x8FA1, 0x8FA4, 0x8FA5, 0x8FA6, 0x8FB5, 0x8FB6,
    0x8FB8, 0x8FBE, 0x8FC0, 0x8FC1, 0x8FC6, 0x8FCA, 0x8FCB, 0x8FCD, 0x8FD0, 0x8FD2, 0x8FD3, 0x8FD5,
    0x8FE0, 0x8FE3, 0x8FE4, 0x8FE8, 0x8FEE, 0x8FF1, 0x8FF5, 0x8FF6, 0x8FFB, 0x8FFE, 0x9002, 0x9004,
    0x9008, 0x900C, 0x9018, 0x901B, 0x9028, 0x9029, 0x902F, 0x902A, 0x902C, 0x902D, 0x9033, 0x9034,
    0x9037, 0x903F, 0x9043, 0x9044, 0x904C, 0x905B, 0x905D, 0x9062, 0x9066, 0x9067, 0x906C, 0x9070,
    0x9074, 0x9079, 0x9085, 0x9088, 0x908B, 0x908C, 0x908E, 0x9090, 0x9095, 0x9097, 0x9098, 0x9099,
    0x909B, 0x90A0, 0x90A1, 0x90A2, 0x90A5, 0x90B0, 0x90B2, 0x90B3, 0x90B4, 0x90B6, 0x90BD, 0x90CC,
    0x90BE, 0x90C3, 0x90C4, 0x90C5, 0x90C7, 0x90C8, 0x90D5, 0x90D7, 0x90D8, 0x90D9, 0x90DC, 0x90DD,
    0x90DF, 0x90E5, 0x90D2, 0x90F6, 0x90EB, 0x90EF, 0x90F0, 0x90F4, 0x90FE, 0x90FF, 0x9100, 0x9104,
    0x9105, 0x9106, 0x9108, 0x910D, 0x9110, 0x9114, 0x9116, 0x9117, 0x9118, 0x911A, 0x911C, 0x911E,
    0x9120, 0x9125, 0x9122, 0x9123, 0x9127, 0x9129, 0x912E, 0x912F, 0x9131, 0x9134, 0x9136, 0x9137,
    0x9139, 0x913A, 0x913C, 0x913D, 0x9143, 0x9147, 0x9148, 0x914F, 0x9153, 0x9157, 0x9159, 0x915A,
    0x915B, 0x9161, 0x9164, 0x9167, 0x916D, 0x9174, 0x9179, 0x917A, 0x917B, 0x9181, 0x9183, 0x9185,
    0x9186, 0x918A, 0x918E, 0x9191, 0x9193, 0x9194, 0x9195, 0x9198, 0x919E, 0x91A1, 0x91A6, 0x91A8,
    0x91AC, 0x91AD, 0x91AE, 0x91B0, 0x91B1, 0x91B2, 0x91B3, 0x91B6, 0x91BB, 0x91BC, 0x91BD, 0x91BF,
    0x91C2, 0x91C3, 0x91C5, 0x91D3, 0x91D4, 0x91D7, 0x91D9, 0x91DA, 0x91DE, 0x91E4, 0x91E5, 0x91E9,
    0x91EA, 0x91EC, 0x91ED, 0x91EE, 0x91EF, 0x91F0, 0x91F1, 0x91F7, 0x91F9, 0x91FB, 0x91FD, 0x9200,
    0x9201, 0x9204, 0x9205, 0x9206, 0x9207, 0x9209, 0x920A, 0x920C, 0x9210, 0x9212, 0x9213, 0x9216,
    0x9218, 0x921C, 0x921D, 0x9223, 0x9224, 0x9225, 0x9226, 0x9228, 0x922E, 0x922F, 0x9230, 0x9233,
    0x9235, 0x9236, 0x9238, 0x9239, 0x923A, 0x923C, 0x923E, 0x9240, 0x9242, 0x9243, 0x9246, 0x9247,
    0x924A, 0x924D, 0x924E, 0x924F, 0x9251, 0x9258, 0x9259, 0x925C, 0x925D, 0x9260, 0x9261, 0x9265,
    0x9267, 0x9268, 0x9269, 0x926E, 0x926F, 0x9270, 0x9275, 0x9276, 0x9277, 0x9278, 0x9279, 0x927B,
    0x927C, 0x927D, 0x927F, 0x9288, 0x9289, 0x928A, 0x928D, 0x928E, 0x9292, 0x9297, 0x9299, 0x929F,
    0x92A0, 0x92A4, 0x92A5, 0x92A7, 0x92A8, 0x92AB, 0x92AF, 0x92B2, 0x92B6, 0x92B8, 0x92BA, 0x92BB,
    0x92BC, 0x92BD, 0x92BF, 0x92C0, 0x92C1, 0x92C2, 0x92C3, 0x92C5, 0x92C6, 0x92C7, 0x92C8, 0x92CB,
    0x92CC, 0x92CD, 0x92CE, 0x92D0, 0x92D3, 0x92D5, 0x92D7, 0x92D8, 0x92D9, 0x92DC, 0x92DD, 0x92DF,
    0x92E0, 0x92E1, 0x92E3, 0x92E5, 0x92E7, 0x92E8, 0x92EC, 0x92EE, 0x92F0, 0x92F9, 0x92FB, 0x92FF,
    0x9300, 0x9302, 0x9308, 0x930D, 0x9311, 0x9314, 0x9315, 0x931C, 0x931D, 0x931E, 0x931F, 0x9321,
    0x9324, 0x9325, 0x9327, 0x9329, 0x932A, 0x9333, 0x9334, 0x9336, 0x9337, 0x9347, 0x9348, 0x9349,
    0x9350, 0x9351, 0x9352, 0x9355, 0x9357, 0x9358, 0x935A, 0x935E, 0x9364, 0x9365, 0x9367, 0x9369,
    0x936A, 0x936D, 0x936F, 0x9370, 0x9371, 0x9373, 0x9374, 0x9376, 0x937A, 0x937D, 0x937F, 0x9380,
    0x9381, 0x9382, 0x9388, 0x938A, 0x938B, 0x938D, 0x938F, 0x9392, 0x9395, 0x9398, 0x939B, 0x939E,
    0x93A1, 0x93A3, 0x93A4, 0x93A6, 0x93A8, 0x93AB, 0x93B4, 0x93B5, 0x93B6, 0x93BA, 0x93A9, 0x93C1,
    0x93C4, 0x93C5, 0x93C6, 0x93C7, 0x93C9, 0x93CA, 0x93CB, 0x93CC, 0x93CD, 0x93D3, 0x93D9, 0x93DC,
    0x93DE, 0x93DF, 0x93E2, 0x93E6, 0x93E7, 0x93F9, 0x93F7, 0x93F8, 0x93FA, 0x93FB, 0x93FD, 0x9401,
    0x9402, 0x9404, 0x9408, 0x9409, 0x940D, 0x940E, 0x940F, 0x9415, 0x9416, 0x9417, 0x941F, 0x942E,
    0x942F, 0x9431, 0x9432, 0x9433, 0x9434, 0x943B, 0x943F, 0x943D, 0x9443, 0x9445, 0x9448, 0x944A,
    0x944C, 0x9455, 0x9459, 0x945C, 0x945F, 0x9461, 0x9463, 0x9468, 0x946B, 0x946D, 0x946E, 0x946F,
    0x9471, 0x9472, 0x9484, 0x9483, 0x9578, 0x9579, 0x957E, 0x9584, 0x9588, 0x958C, 0x958D, 0x958E,
    0x959D, 0x959E, 0x959F, 0x95A1, 0x95A6, 0x95A9, 0x95AB, 0x95AC, 0x95B4, 0x95B6, 0x95BA, 0x95BD,
    0x95BF, 0x95C6, 0x95C8, 0x95C9, 0x95CB, 0x95D0, 0x95D1, 0x95D2, 0x95D3, 0x95D9, 0x95DA, 0x95DD,
    0x95DE, 0x95DF, 0x95E0, 0x95E4, 0x95E6, 0x961D, 0x961E, 0x9622, 0x9624, 0x9625, 0x9626, 0x962C,
    0x9631, 0x9633, 0x9637, 0x9638, 0x9639, 0x963A, 0x963C, 0x963D, 0x9641, 0x9652, 0x9654, 0x9656,
    0x9657, 0x9658, 0x9661, 0x966E, 0x9674, 0x967B, 0x967C, 0x967E, 0x967F, 0x9681, 0x9682, 0x9683,
    0x9684, 0x9689, 0x9691, 0x9696, 0x969A, 0x969D, 0x969F, 0x96A4, 0x96A5, 0x96A6, 0x96A9, 0x96AE,
    0x96AF, 0x96B3, 0x96BA, 0x96CA, 0x96D2, 0x5DB2, 0x96D8, 0x96DA, 0x96DD, 0x96DE, 0x96DF, 0x96E9,
    0x96EF, 0x96F1, 0x96FA, 0x9702, 0x9703, 0x9705, 0x9709, 0x971A, 0x971B, 0x971D, 0x9721, 0x9722,
    0x9723, 0x9728, 0x9731, 0x9733, 0x9741, 0x9743, 0x974A, 0x974E, 0x974F, 0x9755, 0x9757, 0x9758,
    0x975A, 0x975B, 0x9763, 0x9767, 0x976A, 0x976E, 0x9773, 0x9776, 0x9777, 0x9778, 0x977B, 0x977D,
    0x977F, 0x9780, 0x9789, 0x9795, 0x9796, 0x9797, 0x9799, 0x979A, 0x979E, 0x979F, 0x97A2, 0x97AC,
    0x97AE, 0x97B1, 0x97B2, 0x97B5, 0x97B6, 0x97B8, 0x97B9, 0x97BA, 0x97BC, 0x97BE, 0x97BF, 0x97C1,
    0x97C4, 0x97C5, 0x97C7, 0x97C9, 0x97CA, 0x97CC, 0x97CD, 0x97CE, 0x97D0, 0x97D1, 0x97D4, 0x97D7,
    0x97D8, 0x97D9, 0x97DD, 0x97DE, 0x97E0, 0x97DB, 0x97E1, 0x97E4, 0x97EF, 0x97F1, 0x97F4, 0x97F7,
    0x97F8, 0x97FA, 0x9807, 0x980A, 0x9819, 0x980D, 0x980E, 0x9814, 0x9816, 0x981C, 0x981E, 0x9820,
    0x9823, 0x9826, 0x982B, 0x982E, 0x982F, 0x9830, 0x9832, 0x9833, 0x9835, 0x9825, 0x983E, 0x9844,
    0x9847, 0x984A, 0x9851, 0x9852, 0x9853, 0x9856, 0x9857, 0x9859, 0x985A, 0x9862, 0x9863, 0x9865,
    0x9866, 0x986A, 0x986C, 0x98AB, 0x98AD, 0x98AE, 0x98B0, 0x98B4, 0x98B7, 0x98B8, 0x98BA, 0x98BB,
    0x98BF, 0x98C2, 0x98C5, 0x98C8, 0x98CC, 0x98E1, 0x98E3, 0x98E5, 0x98E6, 0x98E7, 0x98EA, 0x98F3,
    0x98F6, 0x9902, 0x9907, 0x9908, 0x9911, 0x9915, 0x9916, 0x9917, 0x991A, 0x991B, 0x991C, 0x991F,
    0x9922, 0x9926, 0x9927, 0x992B, 0x9931, 0x9932, 0x9933, 0x9934, 0x9935, 0x9939, 0x993A, 0x993B,
    0x993C, 0x9940, 0x9941, 0x9946, 0x9947, 0x9948, 0x994D, 0x994E, 0x9954, 0x9958, 0x9959, 0x995B,
    0x995C, 0x995E, 0x995F, 0x9960, 0x999B, 0x999D, 0x999F, 0x99A6, 0x99B0, 0x99B1, 0x99B2, 0x99B5,
    0x99B9, 0x99BA, 0x99BD, 0x99BF, 0x99C3, 0x99C9, 0x99D3, 0x99D4, 0x99D9, 0x99DA, 0x99DC, 0x99DE,
    0x99E7, 0x99EA, 0x99EB, 0x99EC, 0x99F0, 0x99F4, 0x99F5, 0x99F9, 0x99FD, 0x99FE, 0x9A02, 0x9A03,
    0x9A04, 0x9A0B, 0x9A0C, 0x9A10, 0x9A11, 0x9A16, 0x9A1E, 0x9A20, 0x9A22, 0x9A23, 0x9A24, 0x9A27,
    0x9A2D, 0x9A2E, 0x9A33, 0x9A35, 0x9A36, 0x9A38, 0x9A47, 0x9A41, 0x9A44, 0x9A4A, 0x9A4B, 0x9A4C,
    0x9A4E, 0x9A51, 0x9A54, 0x9A56, 0x9A5D, 0x9AAA, 0x9AAC, 0x9AAE, 0x9AAF, 0x9AB2, 0x9AB4, 0x9AB5,
    0x9AB6, 0x9AB9, 0x9ABB, 0x9ABE, 0x9ABF, 0x9AC1, 0x9AC3, 0x9AC6, 0x9AC8, 0x9ACE, 0x9AD0, 0x9AD2,
    0x9AD5, 0x9AD6, 0x9AD7, 0x9ADB, 0x9ADC, 0x9AE0, 0x9AE4, 0x9AE5, 0x9AE7, 0x9AE9, 0x9AEC, 0x9AF2,
    0x9AF3, 0x9AF5, 0x9AF9, 0x9AFA, 0x9AFD, 0x9AFF, 0x9B00, 0x9B01, 0x9B02, 0x9B03, 0x9B04, 0x9B05,
    0x9B08, 0x9B09, 0x9B0B, 0x9B0C, 0x9B0D, 0x9B0E, 0x9B10, 0x9B12, 0x9B16, 0x9B19, 0x9B1B, 0x9B1C,
    0x9B20, 0x9B26, 0x9B2B, 0x9B2D, 0x9B33, 0x9B34, 0x9B35, 0x9B37, 0x9B39, 0x9B3A, 0x9B3D, 0x9B48,
    0x9B4B, 0x9B4C, 0x9B55, 0x9B56, 0x9B57, 0x9B5B, 0x9B5E, 0x9B61, 0x9B63, 0x9B65, 0x9B66, 0x9B68,
    0x9B6A, 0x9B6B, 0x9B6C, 0x9B6D, 0x9B6E, 0x9B73, 0x9B75, 0x9B77, 0x9B78, 0x9B79, 0x9B7F, 0x9B80,
    0x9B84, 0x9B85, 0x9B86, 0x9B87, 0x9B89, 0x9B8A, 0x9B8B, 0x9B8D, 0x9B8F, 0x9B90, 0x9B94, 0x9B9A,
    0x9B9D, 0x9B9E, 0x9BA6, 0x9BA7, 0x9BA9, 0x9BAC, 0x9BB0, 0x9BB1, 0x9BB2, 0x9BB7, 0x9BB8, 0x9BBB,
    0x9BBC, 0x9BBE, 0x9BBF, 0x9BC1, 0x9BC7, 0x9BC8, 0x9BCE, 0x9BD0, 0x9BD7, 0x9BD8, 0x9BDD, 0x9BDF,
    0x9BE5, 0x9BE7, 0x9BEA, 0x9BEB, 0x9BEF, 0x9BF3, 0x9BF7, 0x9BF8, 0x9BF9, 0x9BFA, 0x9BFD, 0x9BFF,
    0x9C00, 0x9C02, 0x9C0B, 0x9C0F, 0x9C11, 0x9C16, 0x9C18, 0x9C19, 0x9C1A, 0x9C1C, 0x9C1E, 0x9C22,
    0x9C23, 0x9C26, 0x9C27, 0x9C28, 0x9C29, 0x9C2A, 0x9C31, 0x9C35, 0x9C36, 0x9C37, 0x9C3D, 0x9C41,
    0x9C43, 0x9C44, 0x9C45, 0x9C49, 0x9C4A, 0x9C4E, 0x9C4F, 0x9C50, 0x9C53, 0x9C54, 0x9C56, 0x9C58,
    0x9C5B, 0x9C5D, 0x9C5E, 0x9C5F, 0x9C63, 0x9C69, 0x9C6A, 0x9C5C, 0x9C6B, 0x9C68, 0x9C6E, 0x9C70,
    0x9C72, 0x9C75, 0x9C77, 0x9C7B, 0x9CE6, 0x9CF2, 0x9CF7, 0x9CF9, 0x9D0B, 0x9D02, 0x9D11, 0x9D17,
    0x9D18, 0x9D1C, 0x9D1D, 0x9D1E, 0x9D2F, 0x9D30, 0x9D32, 0x9D33, 0x9D34, 0x9D3A, 0x9D3C, 0x9D45,
    0x9D3D, 0x9D42, 0x9D43, 0x9D47, 0x9D4A, 0x9D53, 0x9D54, 0x9D5F, 0x9D63, 0x9D62, 0x9D65, 0x9D69,
    0x9D6A, 0x9D6B, 0x9D70, 0x9D76, 0x9D77, 0x9D7B, 0x9D7C, 0x9D7E, 0x9D83, 0x9D84, 0x9D86, 0x9D8A,
    0x9D8D, 0x9D8E, 0x9D92, 0x9D93, 0x9D95, 0x9D96, 0x9D97, 0x9D98, 0x9DA1, 0x9DAA, 0x9DAC, 0x9DAE,
    0x9DB1, 0x9DB5, 0x9DB9, 0x9DBC, 0x9DBF, 0x9DC3, 0x9DC7, 0x9DC9, 0x9DCA, 0x9DD4, 0x9DD5, 0x9DD6,
    0x9DD7, 0x9DDA, 0x9DDE, 0x9DDF, 0x9DE0, 0x9DE5, 0x9DE7, 0x9DE9, 0x9DEB, 0x9DEE, 0x9DF0, 0x9DF3,
    0x9DF4, 0x9DFE, 0x9E0A, 0x9E02, 0x9E07, 0x9E0E, 0x9E10, 0x9E11, 0x9E12, 0x9E15, 0x9E16, 0x9E19,
    0x9E1C, 0x9E1D, 0x9E7A, 0x9E7B, 0x9E7C, 0x9E80, 0x9E82, 0x9E83, 0x9E84, 0x9E85, 0x9E87, 0x9E8E,
    0x9E8F, 0x9E96, 0x9E98, 0x9E9B, 0x9E9E, 0x9EA4, 0x9EA8, 0x9EAC, 0x9EAE, 0x9EAF, 0x9EB0, 0x9EB3,
    0x9EB4, 0x9EB5, 0x9EC6, 0x9EC8, 0x9ECB, 0x9ED5, 0x9EDF, 0x9EE4, 0x9EE7, 0x9EEC, 0x9EED, 0x9EEE,
    0x9EF0, 0x9EF1, 0x9EF2, 0x9EF5, 0x9EF8, 0x9EFF, 0x9F02, 0x9F03, 0x9F09, 0x9F0F, 0x9F10, 0x9F11,
    0x9F12, 0x9F14, 0x9F16, 0x9F17, 0x9F19, 0x9F1A, 0x9F1B, 0x9F1F, 0x9F22, 0x9F26, 0x9F2A, 0x9F2B,
    0x9F2F, 0x9F31, 0x9F32, 0x9F34, 0x9F37, 0x9F39, 0x9F3A, 0x9F3C, 0x9F3D, 0x9F3F, 0x9F41, 0x9F43,
    0x9F44, 0x9F45, 0x9F46, 0x9F47, 0x9F53, 0x9F55, 0x9F56, 0x9F57, 0x9F58, 0x9F5A, 0x9F5D, 0x9F5E,
    0x9F68, 0x9F69, 0x9F6D, 0x9F6E, 0x9F6F, 0x9F70, 0x9F71, 0x9F73, 0x9F75, 0x9F7A, 0x9F7D, 0x9F8F,
    0x9F90, 0x9F91, 0x9F92, 0x9F94, 0x9F96, 0x9F97, 0x9F9E, 0x9FA1, 0x9FA2, 0x9FA3, 0x9FA5,
];

pub(super) static EUC_KR: [u16; 23750] = [
    0xAC02, 0xAC03, 0xAC05, 0xAC06, 0xAC0B, 0xAC0C, 0xAC0D, 0xAC0E, 0xAC0F, 0xAC18, 0xAC1E, 0xAC1F,
    0xAC21, 0xAC22, 0xAC23, 0xAC25, 0xAC26, 0xAC27, 0xAC28, 0xAC29, 0xAC2A, 0xAC2B, 0xAC2E, 0xAC32,
    0xAC33, 0xAC34, 0x0000, 0x0000, 0x0000, 0x0000, 0x0000, 0x0000, 0xAC35, 0xAC36, 0xAC37, 0xAC3A,
    0xAC3B, 0xAC3D, 0xAC3E, 0xAC3F, 0xAC41, 0xAC42, 0xAC43, 0xAC44, 0xAC45, 0xAC46, 0xAC47, 0xAC48,
    0xAC49, 0xAC4A, 0xAC4C, 0xAC4E, 0xAC4F, 0xAC50, 0xAC51, 0xAC52, 0xAC53, 0xAC55, 0x0000, 0x0000,
    0x0000, 0x0000, 0x0000, 0x0000, 0xAC56, 0xAC57, 0xAC59, 0xAC5A, 0xAC5B, 0xAC5D, 0xAC5E, 0xAC5F,
    0xAC60, 0xAC61, 0xAC62, 0xAC63, 0xAC64, 0xAC65, 0xAC66, 0xAC67, 0xAC68, 0xAC69, 0xAC6A, 0xAC6B,
    0xAC6C, 0xAC6D, 0xAC6E, 0xAC6F, 0xAC72, 0xAC73, 0xAC75, 0xAC76, 0xAC79, 0xAC7B, 0xAC7C, 0xAC7D,
    0xAC7E, 0xAC7F, 0xAC82, 0xAC87, 0xAC88, 0xAC8D, 0xAC8E, 0xAC8F, 0xAC91, 0xAC92, 0xAC93, 0xAC95,
    0xAC96, 0xAC97, 0xAC98, 0xAC99, 0xAC9A, 0xAC9B, 0xAC9E, 0xACA2, 0xACA3, 0xACA4, 0xACA5, 0xACA6,
    0xACA7, 0xACAB, 0xACAD, 0xACAE, 0xACB1, 0xACB2, 0xACB3, 0xACB4, 0xACB5, 0xACB6, 0xACB7, 0xACBA,
    0xACBE, 0xACBF, 0xACC0, 0xACC2, 0xACC3, 0xACC5, 0xACC6, 0xACC7, 0xACC9, 0xACCA, 0xACCB, 0xACCD,
    0xACCE, 0xACCF, 0xACD0, 0xACD1, 0xACD2, 0xACD3, 0xACD4, 0xACD6, 0xACD8, 0xACD9, 0xACDA, 0xACDB,
    0xACDC, 0xACDD, 0xACDE, 0xACDF, 0xACE2, 0xACE3, 0xACE5, 0xACE6, 0xACE9, 0xACEB, 0xACED, 0xACEE,
    0xACF2, 0xACF4, 0xACF7, 0xACF8, 0xACF9, 0xACFA, 0xACFB, 0xACFE, 0xACFF, 0xAD01, 0xAD02, 0xAD03,
    0xAD05, 0xAD07, 0xAD08, 0xAD09, 0xAD0A, 0xAD0B, 0xAD0E, 0xAD10, 0xAD12, 0xAD13, 0xAD14, 0xAD15,
    0xAD16, 0xAD17, 0xAD19, 0xAD1A, 0xAD1B, 0xAD1D, 0xAD1E, 0xAD1F, 0xAD21, 0xAD22, 0xAD23, 0xAD24,
    0xAD25, 0xAD26, 0xAD27, 0xAD28, 0xAD2A, 0xAD2B, 0xAD2E, 0xAD2F, 0xAD30, 0xAD31, 0xAD32, 0xAD33,
    0x0000, 0x0000, 0x0000, 0x0000, 0x0000, 0x0000, 0xAD36, 0xAD37, 0xAD39, 0xAD3A, 0xAD3B, 0xAD3D,
    0xAD3E, 0xAD3F, 0xAD40, 0xAD41, 0xAD42, 0xAD43, 0xAD46, 0xAD48, 0xAD4A, 0xAD4B, 0xAD4C, 0xAD4D,
    0xAD4E, 0xAD4F, 0xAD51, 0xAD52, 0xAD53, 0xAD55, 0xAD56, 0xAD57, 0x0000, 0x0000, 0x0000, 0x0000,
    0x0000, 0x0000, 0xAD59, 0xAD5A, 0xAD5B, 0xAD5C, 0xAD5D, 0xAD5E, 0xAD5F, 0xAD60, 0xAD62, 0xAD64,
    0xAD65, 0xAD66, 0xAD67, 0xAD68, 0xAD69, 0xAD6A, 0xAD6B, 0xAD6E, 0xAD6F, 0xAD71, 0xAD72, 0xAD77,
    0xAD78, 0xAD79, 0xAD7A, 0xAD7E, 0xAD80, 0xAD83, 0xAD84, 0xAD85, 0xAD86, 0xAD87, 0xAD8A, 0xAD8B,
    0xAD8D, 0xAD8E, 0xAD8F, 0xAD91, 0xAD92, 0xAD93, 0xAD94, 0xAD95, 0xAD96, 0xAD97, 0xAD98, 0xAD99,
    0xAD9A, 0xAD9B, 0xAD9E, 0xAD9F, 0xADA0, 0xADA1, 0xADA2, 0xADA3, 0xADA5, 0xADA6, 0xADA7, 0xADA8,
    0xADA9, 0xADAA, 0xADAB, 0xADAC, 0xADAD, 0xADAE, 0xADAF, 0xADB0, 0xADB1, 0xADB2, 0xADB3, 0xADB4,
    0xADB5, 0xADB6, 0xADB8, 0xADB9, 0xADBA, 0xADBB, 0xADBC, 0xADBD, 0xADBE, 0xADBF, 0xADC2, 0xADC3,
    0xADC5, 0xADC6, 0xADC7, 0xADC9, 0xADCA, 0xADCB, 0xADCC, 0xADCD, 0xADCE, 0xADCF, 0xADD2, 0xADD4,
    0xADD5, 0xADD6, 0xADD7, 0xADD8, 0xADD9, 0xADDA, 0xADDB, 0xADDD, 0xADDE, 0xADDF, 0xADE1, 0xADE2,
    0xADE3, 0xADE5, 0xADE6, 0xADE7, 0xADE8, 0xADE9, 0xADEA, 0xADEB, 0xADEC, 0xADED, 0xADEE, 0xADEF,
    0xADF0, 0xADF1, 0xADF2, 0xADF3, 0xADF4, 0xADF5, 0xADF6, 0xADF7, 0xADFA, 0xADFB, 0xADFD, 0xADFE,
    0xAE02, 0xAE03, 0xAE04, 0xAE05, 0xAE06, 0xAE07, 0xAE0A, 0xAE0C, 0xAE0E, 0xAE0F, 0xAE10, 0xAE11,
    0xAE12, 0xAE13, 0xAE15, 0xAE16, 0xAE17, 0xAE18, 0xAE19, 0xAE1A, 0xAE1B, 0xAE1C, 0x0000, 0x0000,
    0x0000, 0x0000, 0x0000, 0x0000, 0xAE1D, 0xAE1E, 0xAE1F, 0xAE20, 0xAE21, 0xAE22, 0xAE23, 0xAE24,
    0xAE25, 0xAE26, 0xAE27, 0xAE28, 0xAE29, 0xAE2A, 0xAE2B, 0xAE2C, 0xAE2D, 0xAE2E, 0xAE2F, 0xAE32,
    0xAE33, 0xAE35, 0xAE36, 0xAE39, 0xAE3B, 0xAE3C, 0x0000, 0x0000, 0x0000, 0x0000, 0x0000, 0x0000,
    0xAE3D, 0xAE3E, 0xAE3F, 0xAE42, 0xAE44, 0xAE47, 0xAE48, 0xAE49, 0xAE4B, 0xAE4F, 0xAE51, 0xAE52,
    0xAE53, 0xAE55, 0xAE57, 0xAE58, 0xAE59, 0xAE5A, 0xAE5B, 0xAE5E, 0xAE62, 0xAE63, 0xAE64, 0xAE66,
    0xAE67, 0xAE6A, 0xAE6B, 0xAE6D, 0xAE6E, 0xAE6F, 0xAE71, 0xAE72, 0xAE73, 0xAE74, 0xAE75, 0xAE76,
    0xAE77, 0xAE7A, 0xAE7E, 0xAE7F, 0xAE80, 0xAE81, 0xAE82, 0xAE83, 0xAE86, 0xAE87, 0xAE88, 0xAE89,
    0xAE8A, 0xAE8B, 0xAE8D, 0xAE8E, 0xAE8F, 0xAE90, 0xAE91, 0xAE92, 0xAE93, 0xAE94, 0xAE95, 0xAE96,
    0xAE97, 0xAE98, 0xAE99, 0xAE9A, 0xAE9B, 0xAE9C, 0xAE9D, 0xAE9E, 0xAE9F, 0xAEA0, 0xAEA1, 0xAEA2,
    0xAEA3, 0xAEA4, 0xAEA5, 0xAEA6, 0xAEA7, 0xAEA8, 0xAEA9, 0xAEAA, 0xAEAB, 0xAEAC, 0xAEAD, 0xAEAE,
    0xAEAF, 0xAEB0, 0xAEB1, 0xAEB2, 0xAEB3, 0xAEB4, 0xAEB5, 0xAEB6, 0xAEB7, 0xAEB8, 0xAEB9, 0xAEBA,
    0xAEBB, 0xAEBF, 0xAEC1, 0xAEC2, 0xAEC3, 0xAEC5, 0xAEC6, 0xAEC7, 0xAEC8, 0xAEC9, 0xAECA, 0xAECB,
    0xAECE, 0xAED2, 0xAED3, 0xAED4, 0xAED5, 0xAED6, 0xAED7, 0xAEDA, 0xAEDB, 0xAEDD, 0xAEDE, 0xAEDF,
    0xAEE0, 0xAEE1, 0xAEE2, 0xAEE3, 0xAEE4, 0xAEE5, 0xAEE6, 0xAEE7, 0xAEE9, 0xAEEA, 0xAEEC, 0xAEEE,
    0xAEEF, 0xAEF0, 0xAEF1, 0xAEF2, 0xAEF3, 0xAEF5, 0xAEF6, 0xAEF7, 0xAEF9, 0xAEFA, 0xAEFB, 0xAEFD,
    0xAEFE, 0xAEFF, 0xAF00, 0xAF01, 0xAF02, 0xAF03, 0xAF04, 0xAF05, 0x0000, 0x0000, 0x0000, 0x0000,
    0x0000, 0x0000, 0xAF06, 0xAF09, 0xAF0A, 0xAF0B, 0xAF0C, 0xAF0E, 0xAF0F, 0xAF11, 0xAF12, 0xAF13,
    0xAF14, 0xAF15, 0xAF16, 0xAF17, 0xAF18, 0xAF19, 0xAF1A, 0xAF1B, 0xAF1C, 0xAF1D, 0xAF1E, 0xAF1F,
    0xAF20, 0xAF21, 0xAF22, 0xAF23, 0x0000, 0x0000, 0x0000, 0x0000, 0x0000, 0x0000, 0xAF24, 0xAF25,
    0xAF26, 0xAF27, 0xAF28, 0xAF29, 0xAF2A, 0xAF2B, 0xAF2E, 0xAF2F, 0xAF31, 0xAF33, 0xAF35, 0xAF36,
    0xAF37, 0xAF38, 0xAF39, 0xAF3A, 0xAF3B, 0xAF3E, 0xAF40, 0xAF44, 0xAF45, 0xAF46, 0xAF47, 0xAF4A,
    0xAF4B, 0xAF4C, 0xAF4D, 0xAF4E, 0xAF4F, 0xAF51, 0xAF52, 0xAF53, 0xAF54, 0xAF55, 0xAF56, 0xAF57,
    0xAF58, 0xAF59, 0xAF5A, 0xAF5B, 0xAF5E, 0xAF5F, 0xAF60, 0xAF61, 0xAF62, 0xAF63, 0xAF66, 0xAF67,
    0xAF68, 0xAF69, 0xAF6A, 0xAF6B, 0xAF6C, 0xAF6D, 0xAF6E, 0xAF6F, 0xAF70, 0xAF71, 0xAF72, 0xAF73,
    0xAF74, 0xAF75, 0xAF76, 0xAF77, 0xAF78, 0xAF7A, 0xAF7B, 0xAF7C, 0xAF7D, 0xAF7E, 0xAF7F, 0xAF81,
    0xAF82, 0xAF83, 0xAF85, 0xAF86, 0xAF87, 0xAF89, 0xAF8A, 0xAF8B, 0xAF8C, 0xAF8D, 0xAF8E, 0xAF8F,
    0xAF92, 0xAF93, 0xAF94, 0xAF96, 0xAF97, 0xAF98, 0xAF99, 0xAF9A, 0xAF9B, 0xAF9D, 0xAF9E, 0xAF9F,
    0xAFA0, 0xAFA1, 0xAFA2, 0xAFA3, 0xAFA4, 0xAFA5, 0xAFA6, 0xAFA7, 0xAFA8, 0xAFA9, 0xAFAA, 0xAFAB,
    0xAFAC, 0xAFAD, 0xAFAE, 0xAFAF, 0xAFB0, 0xAFB1, 0xAFB2, 0xAFB3, 0xAFB4, 0xAFB5, 0xAFB6, 0xAFB7,
    0xAFBA, 0xAFBB, 0xAFBD, 0xAFBE, 0xAFBF, 0xAFC1, 0xAFC2, 0xAFC3, 0xAFC4, 0xAFC5, 0xAFC6, 0xAFCA,
    0xAFCC, 0xAFCF, 0xAFD0, 0xAFD1, 0xAFD2, 0xAFD3, 0xAFD5, 0xAFD6, 0xAFD7, 0xAFD8, 0xAFD9, 0xAFDA,
    0xAFDB, 0xAFDD, 0xAFDE, 0xAFDF, 0xAFE0, 0xAFE1, 0x0000, 0x0000, 0x0000, 0x0000, 0x0000, 0x0000,
    0xAFE2, 0xAFE3, 0xAFE4, 0xAFE5, 0xAFE6, 0xAFE7, 0xAFEA, 0xAFEB, 0xAFEC, 0xAFED, 0xAFEE, 0xAFEF,
    0xAFF2, 0xAFF3, 0xAFF5, 0xAFF6, 0xAFF7, 0xAFF9, 0xAFFA, 0xAFFB, 0xAFFC, 0xAFFD, 0xAFFE, 0xAFFF,
    0xB002, 0xB003, 0x0000, 0x0000, 0x0000, 0x0000, 0x0000, 0x0000, 0xB005, 0xB006, 0xB007, 0xB008,
    0xB009, 0xB00A, 0xB00B, 0xB00D, 0xB00E, 0xB00F, 0xB011, 0xB012, 0xB013, 0xB015, 0xB016, 0xB017,
    0xB018, 0xB019, 0xB01A, 0xB01B, 0xB01E, 0xB01F, 0xB020, 0xB021, 0xB022, 0xB023, 0xB024, 0xB025,
    0xB026, 0xB027, 0xB029, 0xB02A, 0xB02B, 0xB02C, 0xB02D, 0xB02E, 0xB02F, 0xB030, 0xB031, 0xB032,
    0xB033, 0xB034, 0xB035, 0xB036, 0xB037, 0xB038, 0xB039, 0xB03A, 0xB03B, 0xB03C, 0xB03D, 0xB03E,
    0xB03F, 0xB040, 0xB041, 0xB042, 0xB043, 0xB046, 0xB047, 0xB049, 0xB04B, 0xB04D, 0xB04F, 0xB050,
    0xB051, 0xB052, 0xB056, 0xB058, 0xB05A, 0xB05B, 0xB05C, 0xB05E, 0xB05F, 0xB060, 0xB061, 0xB062,
    0xB063, 0xB064, 0xB065, 0xB066, 0xB067, 0xB068, 0xB069, 0xB06A, 0xB06B, 0xB06C, 0xB06D, 0xB06E,
    0xB06F, 0xB070, 0xB071, 0xB072, 0xB073, 0xB074, 0xB075, 0xB076, 0xB077, 0xB078, 0xB079, 0xB07A,
    0xB07B, 0xB07E, 0xB07F, 0xB081, 0xB082, 0xB083, 0xB085, 0xB086, 0xB087, 0xB088, 0xB089, 0xB08A,
    0xB08B, 0xB08E, 0xB090, 0xB092, 0xB093, 0xB094, 0xB095, 0xB096, 0xB097, 0xB09B, 0xB09D, 0xB09E,
    0xB0A3, 0xB0A4, 0xB0A5, 0xB0A6, 0xB0A7, 0xB0AA, 0xB0B0, 0xB0B2, 0xB0B6, 0xB0B7, 0xB0B9, 0xB0BA,
    0xB0BB, 0xB0BD, 0xB0BE, 0xB0BF, 0xB0C0, 0xB0C1, 0xB0C2, 0xB0C3, 0xB0C6, 0xB0CA, 0xB0CB, 0xB0CC,
    0xB0CD, 0xB0CE, 0xB0CF, 0xB0D2, 0x0000, 0x0000, 0x0000, 0x0000, 0x0000, 0x0000, 0xB0D3, 0xB0D5,
    0xB0D6, 0xB0D7, 0xB0D9, 0xB0DA, 0xB0DB, 0xB0DC, 0xB0DD, 0xB0DE, 0xB0DF, 0xB0E1, 0xB0E2, 0xB0E3,
    0xB0E4, 0xB0E6, 0xB0E7, 0xB0E8, 0xB0E9, 0xB0EA, 0xB0EB, 0xB0EC, 0xB0ED, 0xB0EE, 0xB0EF, 0xB0F0,
    0x0000, 0x0000, 0x0000, 0x0000, 0x0000, 0x0000, 0xB0F1, 0xB0F2, 0xB0F3, 0xB0F4, 0xB0F5, 0xB0F6,
    0xB0F7, 0xB0F8, 0xB0F9, 0xB0FA, 0xB0FB, 0xB0FC, 0xB0FD, 0xB0FE, 0xB0FF, 0xB100, 0xB101, 0xB102,
    0xB103, 0xB104, 0xB105, 0xB106, 0xB107, 0xB10A, 0xB10D, 0xB10E, 0xB10F, 0xB111, 0xB114, 0xB115,
    0xB116, 0xB117, 0xB11A, 0xB11E, 0xB11F, 0xB120, 0xB121, 0xB122, 0xB126, 0xB127, 0xB129, 0xB12A,
    0xB12B, 0xB12D, 0xB12E, 0xB12F, 0xB130, 0xB131, 0xB132, 0xB133, 0xB136, 0xB13A, 0xB13B, 0xB13C,
    0xB13D, 0xB13E, 0xB13F, 0xB142, 0xB143, 0xB145, 0xB146, 0xB147, 0xB149, 0xB14A, 0xB14B, 0xB14C,
    0xB14D, 0xB14E, 0xB14F, 0xB152, 0xB153, 0xB156, 0xB157, 0xB159, 0xB15A, 0xB15B, 0xB15D, 0xB15E,
    0xB15F, 0xB161, 0xB162, 0xB163, 0xB164, 0xB165, 0xB166, 0xB167, 0xB168, 0xB169, 0xB16A, 0xB16B,
    0xB16C, 0xB16D, 0xB16E, 0xB16F, 0xB170, 0xB171, 0xB172, 0xB173, 0xB174, 0xB175, 0xB176, 0xB177,
    0xB17A, 0xB17B, 0xB17D, 0xB17E, 0xB17F, 0xB181, 0xB183, 0xB184, 0xB185, 0xB186, 0xB187, 0xB18A,
    0xB18C, 0xB18E, 0xB18F, 0xB190, 0xB191, 0xB195, 0xB196, 0xB197, 0xB199, 0xB19A, 0xB19B, 0xB19D,
    0xB19E, 0xB19F, 0xB1A0, 0xB1A1, 0xB1A2, 0xB1A3, 0xB1A4, 0xB1A5, 0xB1A6, 0xB1A7, 0xB1A9, 0xB1AA,
    0xB1AB, 0xB1AC, 0xB1AD, 0xB1AE, 0xB1AF, 0xB1B0, 0xB1B1, 0xB1B2, 0xB1B3, 0xB1B4, 0xB1B5, 0xB1B6,
    0xB1B7, 0xB1B8, 0x0000, 0x0000, 0x0000, 0x0000, 0x0000, 0x0000, 0xB1B9, 0xB1BA, 0xB1BB, 0xB1BC,
    0xB1BD, 0xB1BE, 0xB1BF, 0xB1C0, 0xB1C1, 0xB1C2, 0xB1C3, 0xB1C4, 0xB1C5, 0xB1C6, 0xB1C7, 0xB1C8,
    0xB1C9, 0xB1CA, 0xB1CB, 0xB1CD, 0xB1CE, 0xB1CF, 0xB1D1, 0xB1D2, 0xB1D3, 0xB1D5, 0x0000, 0x0000,
    0x0000, 0x0000, 0x0000, 0x0000, 0xB1D6, 0xB1D7, 0xB1D8, 0xB1D9, 0xB1DA, 0xB1DB, 0xB1DE, 0xB1E0,
    0xB1E1, 0xB1E2, 0xB1E3, 0xB1E4, 0xB1E5, 0xB1E6, 0xB1E7, 0xB1EA, 0xB1EB, 0xB1ED, 0xB1EE, 0xB1EF,
    0xB1F1, 0xB1F2, 0xB1F3, 0xB1F4, 0xB1F5, 0xB1F6, 0xB1F7, 0xB1F8, 0xB1FA, 0xB1FC, 0xB1FE, 0xB1FF,
    0xB200, 0xB201, 0xB202, 0xB203, 0xB206, 0xB207, 0xB209, 0xB20A, 0xB20D, 0xB20E, 0xB20F, 0xB210,
    0xB211, 0xB212, 0xB213, 0xB216, 0xB218, 0xB21A, 0xB21B, 0xB21C, 0xB21D, 0xB21E, 0xB21F, 0xB221,
    0xB222, 0xB223, 0xB224, 0xB225, 0xB226, 0xB227, 0xB228, 0xB229, 0xB22A, 0xB22B, 0xB22C, 0xB22D,
    0xB22E, 0xB22F, 0xB230, 0xB231, 0xB232, 0xB233, 0xB235, 0xB236, 0xB237, 0xB238, 0xB239, 0xB23A,
    0xB23B, 0xB23D, 0xB23E, 0xB23F, 0xB240, 0xB241, 0xB242, 0xB243, 0xB244, 0xB245, 0xB246, 0xB247,
    0xB248, 0xB249, 0xB24A, 0xB24B, 0xB24C, 0xB24D, 0xB24E, 0xB24F, 0xB250, 0xB251, 0xB252, 0xB253,
    0xB254, 0xB255, 0xB256, 0xB257, 0xB259, 0xB25A, 0xB25B, 0xB25D, 0xB25E, 0xB25F, 0xB261, 0xB262,
    0xB263, 0xB264, 0xB265, 0xB266, 0xB267, 0xB26A, 0xB26B, 0xB26C, 0xB26D, 0xB26E, 0xB26F, 0xB270,
    0xB271, 0xB272, 0xB273, 0xB276, 0xB277, 0xB278, 0xB279, 0xB27A, 0xB27B, 0xB27D, 0xB27E, 0xB27F,
    0xB280, 0xB281, 0xB282, 0xB283, 0xB286, 0xB287, 0xB288, 0xB28A, 0xB28B, 0xB28C, 0xB28D, 0xB28E,
    0x0000, 0x0000, 0x0000, 0x0000, 0x0000, 0x0000, 0xB28F, 0xB292, 0xB293, 0xB295, 0xB296, 0xB297,
    0xB29B, 0xB29C, 0xB29D, 0xB29E, 0xB29F, 0xB2A2, 0xB2A4, 0xB2A7, 0xB2A8, 0xB2A9, 0xB2AB, 0xB2AD,
    0xB2AE, 0xB2AF, 0xB2B1, 0xB2B2, 0xB2B3, 0xB2B5, 0xB2B6, 0xB2B7, 0x0000, 0x0000, 0x0000, 0x0000,
    0x0000, 0x0000, 0xB2B8, 0xB2B9, 0xB2BA, 0xB2BB, 0xB2BC, 0xB2BD, 0xB2BE, 0xB2BF, 0xB2C0, 0xB2C1,
    0xB2C2, 0xB2C3, 0xB2C4, 0xB2C5, 0xB2C6, 0xB2C7, 0xB2CA, 0xB2CB, 0xB2CD, 0xB2CE, 0xB2CF, 0xB2D1,
    0xB2D3, 0xB2D4, 0xB2D5, 0xB2D6, 0xB2D7, 0xB2DA, 0xB2DC, 0xB2DE, 0xB2DF, 0xB2E0, 0xB2E1, 0xB2E3,
    0xB2E7, 0xB2E9, 0xB2EA, 0xB2F0, 0xB2F1, 0xB2F2, 0xB2F6, 0xB2FC, 0xB2FD, 0xB2FE, 0xB302, 0xB303,
    0xB305, 0xB306, 0xB307, 0xB309, 0xB30A, 0xB30B, 0xB30C, 0xB30D, 0xB30E, 0xB30F, 0xB312, 0xB316,
    0xB317, 0xB318, 0xB319, 0xB31A, 0xB31B, 0xB31D, 0xB31E, 0xB31F, 0xB320, 0xB321, 0xB322, 0xB323,
    0xB324, 0xB325, 0xB326, 0xB327, 0xB328, 0xB329, 0xB32A, 0xB32B, 0xB32C, 0xB32D, 0xB32E, 0xB32F,
    0xB330, 0xB331, 0xB332, 0xB333, 0xB334, 0xB335, 0xB336, 0xB337, 0xB338, 0xB339, 0xB33A, 0xB33B,
    0xB33C, 0xB33D, 0xB33E, 0xB33F, 0xB340, 0xB341, 0xB342, 0xB343, 0xB344, 0xB345, 0xB346, 0xB347,
    0xB348, 0xB349, 0xB34A, 0xB34B, 0xB34C, 0xB34D, 0xB34E, 0xB34F, 0xB350, 0xB351, 0xB352, 0xB353,
    0xB357, 0xB359, 0xB35A, 0xB35D, 0xB360, 0xB361, 0xB362, 0xB363, 0xB366, 0xB368, 0xB36A, 0xB36C,
    0xB36D, 0xB36F, 0xB372, 0xB373, 0xB375, 0xB376, 0xB377, 0xB379, 0xB37A, 0xB37B, 0xB37C, 0xB37D,
    0xB37E, 0xB37F, 0xB382, 0xB386, 0xB387, 0xB388, 0xB389, 0xB38A, 0xB38B, 0xB38D, 0x0000, 0x0000,
    0x0000, 0x0000, 0x0000, 0x0000, 0xB38E, 0xB38F, 0xB391, 0xB392, 0xB393, 0xB395, 0xB396, 0xB397,
    0xB398, 0xB399, 0xB39A, 0xB39B, 0xB39C, 0xB39D, 0xB39E, 0xB39F, 0xB3A2, 0xB3A3, 0xB3A4, 0xB3A5,
    0xB3A6, 0xB3A7, 0xB3A9, 0xB3AA, 0xB3AB, 0xB3AD, 0x0000, 0x0000, 0x0000, 0x0000, 0x0000, 0x0000,
    0xB3AE, 0xB3AF, 0xB3B0, 0xB3B1, 0xB3B2, 0xB3B3, 0xB3B4, 0xB3B5, 0xB3B6, 0xB3B7, 0xB3B8, 0xB3B9,
    0xB3BA, 0xB3BB, 0xB3BC, 0xB3BD, 0xB3BE, 0xB3BF, 0xB3C0, 0xB3C1, 0xB3C2, 0xB3C3, 0xB3C6, 0xB3C7,
    0xB3C9, 0xB3CA, 0xB3CD, 0xB3CF, 0xB3D1, 0xB3D2, 0xB3D3, 0xB3D6, 0xB3D8, 0xB3DA, 0xB3DC, 0xB3DE,
    0xB3DF, 0xB3E1, 0xB3E2, 0xB3E3, 0xB3E5, 0xB3E6, 0xB3E7, 0xB3E9, 0xB3EA, 0xB3EB, 0xB3EC, 0xB3ED,
    0xB3EE, 0xB3EF, 0xB3F0, 0xB3F1, 0xB3F2, 0xB3F3, 0xB3F4, 0xB3F5, 0xB3F6, 0xB3F7, 0xB3F8, 0xB3F9,
    0xB3FA, 0xB3FB, 0xB3FD, 0xB3FE, 0xB3FF, 0xB400, 0xB401, 0xB402, 0xB403, 0xB404, 0xB405, 0xB406,
    0xB407, 0xB408, 0xB409, 0xB40A, 0xB40B, 0xB40C, 0xB40D, 0xB40E, 0xB40F, 0xB411, 0xB412, 0xB413,
    0xB414, 0xB415, 0xB416, 0xB417, 0xB419, 0xB41A, 0xB41B, 0xB41D, 0xB41E, 0xB41F, 0xB421, 0xB422,
    0xB423, 0xB424, 0xB425, 0xB426, 0xB427, 0xB42A, 0xB42C, 0xB42D, 0xB42E, 0xB42F, 0xB430, 0xB431,
    0xB432, 0xB433, 0xB435, 0xB436, 0xB437, 0xB438, 0xB439, 0xB43A, 0xB43B, 0xB43C, 0xB43D, 0xB43E,
    0xB43F, 0xB440, 0xB441, 0xB442, 0xB443, 0xB444, 0xB445, 0xB446, 0xB447, 0xB448, 0xB449, 0xB44A,
    0xB44B, 0xB44C, 0xB44D, 0xB44E, 0xB44F, 0xB452, 0xB453, 0xB455, 0xB456, 0xB457, 0xB459, 0xB45A,
    0xB45B, 0xB45C, 0xB45D, 0xB45E, 0xB45F, 0xB462, 0xB464, 0xB466, 0x0000, 0x0000, 0x0000, 0x0000,
    0x0000, 0x0000, 0xB467, 0xB468, 0xB469, 0xB46A, 0xB46B, 0xB46D, 0xB46E, 0xB46F, 0xB470, 0xB471,
    0xB472, 0xB473, 0xB474, 0xB475, 0xB476, 0xB477, 0xB478, 0xB479, 0xB47A, 0xB47B, 0xB47C, 0xB47D,
    0xB47E, 0xB47F, 0xB481, 0xB482, 0x0000, 0x0000, 0x0000, 0x0000, 0x0000, 0x0000, 0xB483, 0xB484,
    0xB485, 0xB486, 0xB487, 0xB489, 0xB48A, 0xB48B, 0xB48C, 0xB48D, 0xB48E, 0xB48F, 0xB490, 0xB491,
    0xB492, 0xB493, 0xB494, 0xB495, 0xB496, 0xB497, 0xB498, 0xB499, 0xB49A, 0xB49B, 0xB49C, 0xB49E,
    0xB49F, 0xB4A0, 0xB4A1, 0xB4A2, 0xB4A3, 0xB4A5, 0xB4A6, 0xB4A7, 0xB4A9, 0xB4AA, 0xB4AB, 0xB4AD,
    0xB4AE, 0xB4AF, 0xB4B0, 0xB4B1, 0xB4B2, 0xB4B3, 0xB4B4, 0xB4B6, 0xB4B8, 0xB4BA, 0xB4BB, 0xB4BC,
    0xB4BD, 0xB4BE, 0xB4BF, 0xB4C1, 0xB4C2, 0xB4C3, 0xB4C5, 0xB4C6, 0xB4C7, 0xB4C9, 0xB4CA, 0xB4CB,
    0xB4CC, 0xB4CD, 0xB4CE, 0xB4CF, 0xB4D1, 0xB4D2, 0xB4D3, 0xB4D4, 0xB4D6, 0xB4D7, 0xB4D8, 0xB4D9,
    0xB4DA, 0xB4DB, 0xB4DE, 0xB4DF, 0xB4E1, 0xB4E2, 0xB4E5, 0xB4E7, 0xB4E8, 0xB4E9, 0xB4EA, 0xB4EB,
    0xB4EE, 0xB4F0, 0xB4F2, 0xB4F3, 0xB4F4, 0xB4F5, 0xB4F6, 0xB4F7, 0xB4F9, 0xB4FA, 0xB4FB, 0xB4FC,
    0xB4FD, 0xB4FE, 0xB4FF, 0xB500, 0xB501, 0xB502, 0xB503, 0xB504, 0xB505, 0xB506, 0xB507, 0xB508,
    0xB509, 0xB50A, 0xB50B, 0xB50C, 0xB50D, 0xB50E, 0xB50F, 0xB510, 0xB511, 0xB512, 0xB513, 0xB516,
    0xB517, 0xB519, 0xB51A, 0xB51D, 0xB51E, 0xB51F, 0xB520, 0xB521, 0xB522, 0xB523, 0xB526, 0xB52B,
    0xB52C, 0xB52D, 0xB52E, 0xB52F, 0xB532, 0xB533, 0xB535, 0xB536, 0xB537, 0xB539, 0xB53A, 0xB53B,
    0xB53C, 0xB53D, 0xB53E, 0xB53F, 0xB542, 0xB546, 0x0000, 0x0000, 0x0000, 0x0000, 0x0000, 0x0000,
    0xB547, 0xB548, 0xB549, 0xB54A, 0xB54E, 0xB54F, 0xB551, 0xB552, 0xB553, 0xB555, 0xB556, 0xB557,
    0xB558, 0xB559, 0xB55A, 0xB55B, 0xB55E, 0xB562, 0xB563, 0xB564, 0xB565, 0xB566, 0xB567, 0xB568,
    0xB569, 0xB56A, 0x0000, 0x0000, 0x0000, 0x0000, 0x0000, 0x0000, 0xB56B, 0xB56C, 0xB56D, 0xB56E,
    0xB56F, 0xB570, 0xB571, 0xB572, 0xB573, 0xB574, 0xB575, 0xB576, 0xB577, 0xB578, 0xB579, 0xB57A,
    0xB57B, 0xB57C, 0xB57D, 0xB57E, 0xB57F, 0xB580, 0xB581, 0xB582, 0xB583, 0xB584, 0xB585, 0xB586,
    0xB587, 0xB588, 0xB589, 0xB58A, 0xB58B, 0xB58C, 0xB58D, 0xB58E, 0xB58F, 0xB590, 0xB591, 0xB592,
    0xB593, 0xB594, 0xB595, 0xB596, 0xB597, 0xB598, 0xB599, 0xB59A, 0xB59B, 0xB59C, 0xB59D, 0xB59E,
    0xB59F, 0xB5A2, 0xB5A3, 0xB5A5, 0xB5A6, 0xB5A7, 0xB5A9, 0xB5AC, 0xB5AD, 0xB5AE, 0xB5AF, 0xB5B2,
    0xB5B6, 0xB5B7, 0xB5B8, 0xB5B9, 0xB5BA, 0xB5BE, 0xB5BF, 0xB5C1, 0xB5C2, 0xB5C3, 0xB5C5, 0xB5C6,
    0xB5C7, 0xB5C8, 0xB5C9, 0xB5CA, 0xB5CB, 0xB5CE, 0xB5D2, 0xB5D3, 0xB5D4, 0xB5D5, 0xB5D6, 0xB5D7,
    0xB5D9, 0xB5DA, 0xB5DB, 0xB5DC, 0xB5DD, 0xB5DE, 0xB5DF, 0xB5E0, 0xB5E1, 0xB5E2, 0xB5E3, 0xB5E4,
    0xB5E5, 0xB5E6, 0xB5E7, 0xB5E8, 0xB5E9, 0xB5EA, 0xB5EB, 0xB5ED, 0xB5EE, 0xB5EF, 0xB5F0, 0xB5F1,
    0xB5F2, 0xB5F3, 0xB5F4, 0xB5F5, 0xB5F6, 0xB5F7, 0xB5F8, 0xB5F9, 0xB5FA, 0xB5FB, 0xB5FC, 0xB5FD,
    0xB5FE, 0xB5FF, 0xB600, 0xB601, 0xB602, 0xB603, 0xB604, 0xB605, 0xB606, 0xB607, 0xB608, 0xB609,
    0xB60A, 0xB60B, 0xB60C, 0xB60D, 0xB60E, 0xB60F, 0xB612, 0xB613, 0xB615, 0xB616, 0xB617, 0xB619,
    0xB61A, 0xB61B, 0xB61C, 0xB61D, 0x0000, 0x0000, 0x0000, 0x0000, 0x0000, 0x0000, 0xB61E, 0xB61F,
    0xB620, 0xB621, 0xB622, 0xB623, 0xB624, 0xB626, 0xB627, 0xB628, 0xB629, 0xB62A, 0xB62B, 0xB62D,
    0xB62E, 0xB62F, 0xB630, 0xB631, 0xB632, 0xB633, 0xB635, 0xB636, 0xB637, 0xB638, 0xB639, 0xB63A,
    0x0000, 0x0000, 0x0000, 0x0000, 0x0000, 0x0000, 0xB63B, 0xB63C, 0xB63D, 0xB63E, 0xB63F, 0xB640,
    0xB641, 0xB642, 0xB643, 0xB644, 0xB645, 0xB646, 0xB647, 0xB649, 0xB64A, 0xB64B, 0xB64C, 0xB64D,
    0xB64E, 0xB64F, 0xB650, 0xB651, 0xB652, 0xB653, 0xB654, 0xB655, 0xB656, 0xB657, 0xB658, 0xB659,
    0xB65A, 0xB65B, 0xB65C, 0xB65D, 0xB65E, 0xB65F, 0xB660, 0xB661, 0xB662, 0xB663, 0xB665, 0xB666,
    0xB667, 0xB669, 0xB66A, 0xB66B, 0xB66C, 0xB66D, 0xB66E, 0xB66F, 0xB670, 0xB671, 0xB672, 0xB673,
    0xB674, 0xB675, 0xB676, 0xB677, 0xB678, 0xB679, 0xB67A, 0xB67B, 0xB67C, 0xB67D, 0xB67E, 0xB67F,
    0xB680, 0xB681, 0xB682, 0xB683, 0xB684, 0xB685, 0xB686, 0xB687, 0xB688, 0xB689, 0xB68A, 0xB68B,
    0xB68C, 0xB68D, 0xB68E, 0xB68F, 0xB690, 0xB691, 0xB692, 0xB693, 0xB694, 0xB695, 0xB696, 0xB697,
    0xB698, 0xB699, 0xB69A, 0xB69B, 0xB69E, 0xB69F, 0xB6A1, 0xB6A2, 0xB6A3, 0xB6A5, 0xB6A6, 0xB6A7,
    0xB6A8, 0xB6A9, 0xB6AA, 0xB6AD, 0xB6AE, 0xB6AF, 0xB6B0, 0xB6B2, 0xB6B3, 0xB6B4, 0xB6B5, 0xB6B6,
    0xB6B7, 0xB6B8, 0xB6B9, 0xB6BA, 0xB6BB, 0xB6BC, 0xB6BD, 0xB6BE, 0xB6BF, 0xB6C0, 0xB6C1, 0xB6C2,
    0xB6C3, 0xB6C4, 0xB6C5, 0xB6C6, 0xB6C7, 0xB6C8, 0xB6C9, 0xB6CA, 0xB6CB, 0xB6CC, 0xB6CD, 0xB6CE,
    0xB6CF, 0xB6D0, 0xB6D1, 0xB6D2, 0xB6D3, 0xB6D5, 0xB6D6, 0xB6D7, 0xB6D8, 0xB6D9, 0xB6DA, 0xB6DB,
    0xB6DC, 0xB6DD, 0x0000, 0x0000, 0x0000, 0x0000, 0x0000, 0x0000, 0xB6DE, 0xB6DF, 0xB6E0, 0xB6E1,
    0xB6E2, 0xB6E3, 0xB6E4, 0xB6E5, 0xB6E6, 0xB6E7, 0xB6E8, 0xB6E9, 0xB6EA, 0xB6EB, 0xB6EC, 0xB6ED,
    0xB6EE, 0xB6EF, 0xB6F1, 0xB6F2, 0xB6F3, 0xB6F5, 0xB6F6, 0xB6F7, 0xB6F9, 0xB6FA, 0x0000, 0x0000,
    0x0000, 0x0000, 0x0000, 0x0000, 0xB6FB, 0xB6FC, 0xB6FD, 0xB6FE, 0xB6FF, 0xB702, 0xB703, 0xB704,
    0xB706, 0xB707, 0xB708, 0xB709, 0xB70A, 0xB70B, 0xB70C, 0xB70D, 0xB70E, 0xB70F, 0xB710, 0xB711,
    0xB712, 0xB713, 0xB714, 0xB715, 0xB716, 0xB717, 0xB718, 0xB719, 0xB71A, 0xB71B, 0xB71C, 0xB71D,
    0xB71E, 0xB71F, 0xB720, 0xB721, 0xB722, 0xB723, 0xB724, 0xB725, 0xB726, 0xB727, 0xB72A, 0xB72B,
    0xB72D, 0xB72E, 0xB731, 0xB732, 0xB733, 0xB734, 0xB735, 0xB736, 0xB737, 0xB73A, 0xB73C, 0xB73D,
    0xB73E, 0xB73F, 0xB740, 0xB741, 0xB742, 0xB743, 0xB745, 0xB746, 0xB747, 0xB749, 0xB74A, 0xB74B,
    0xB74D, 0xB74E, 0xB74F, 0xB750, 0xB751, 0xB752, 0xB753, 0xB756, 0xB757, 0xB758, 0xB759, 0xB75A,
    0xB75B, 0xB75C, 0xB75D, 0xB75E, 0xB75F, 0xB761, 0xB762, 0xB763, 0xB765, 0xB766, 0xB767, 0xB769,
    0xB76A, 0xB76B, 0xB76C, 0xB76D, 0xB76E, 0xB76F, 0xB772, 0xB774, 0xB776, 0xB777, 0xB778, 0xB779,
    0xB77A, 0xB77B, 0xB77E, 0xB77F, 0xB781, 0xB782, 0xB783, 0xB785, 0xB786, 0xB787, 0xB788, 0xB789,
    0xB78A, 0xB78B, 0xB78E, 0xB793, 0xB794, 0xB795, 0xB79A, 0xB79B, 0xB79D, 0xB79E, 0xB79F, 0xB7A1,
    0xB7A2, 0xB7A3, 0xB7A4, 0xB7A5, 0xB7A6, 0xB7A7, 0xB7AA, 0xB7AE, 0xB7AF, 0xB7B0, 0xB7B1, 0xB7B2,
    0xB7B3, 0xB7B6, 0xB7B7, 0xB7B9, 0xB7BA, 0xB7BB, 0xB7BC, 0xB7BD, 0xB7BE, 0xB7BF, 0xB7C0, 0xB7C1,
    0x0000, 0x0000, 0x0000, 0x0000, 0x0000, 0x0000, 0xB7C2, 0xB7C3, 0xB7C4, 0xB7C5, 0xB7C6, 0xB7C8,
    0xB7CA, 0xB7CB, 0xB7CC, 0xB7CD, 0xB7CE, 0xB7CF, 0xB7D0, 0xB7D1, 0xB7D2, 0xB7D3, 0xB7D4, 0xB7D5,
    0xB7D6, 0xB7D7, 0xB7D8, 0xB7D9, 0xB7DA, 0xB7DB, 0xB7DC, 0xB7DD, 0x0000, 0x0000, 0x0000, 0x0000,
    0x0000, 0x0000, 0xB7DE, 0xB7DF, 0xB7E0, 0xB7E1, 0xB7E2, 0xB7E3, 0xB7E4, 0xB7E5, 0xB7E6, 0xB7E7,
    0xB7E8, 0xB7E9, 0xB7EA, 0xB7EB, 0xB7EE, 0xB7EF, 0xB7F1, 0xB7F2, 0xB7F3, 0xB7F5, 0xB7F6, 0xB7F7,
    0xB7F8, 0xB7F9, 0xB7FA, 0xB7FB, 0xB7FE, 0xB802, 0xB803, 0xB804, 0xB805, 0xB806, 0xB80A, 0xB80B,
    0xB80D, 0xB80E, 0xB80F, 0xB811, 0xB812, 0xB813, 0xB814, 0xB815, 0xB816, 0xB817, 0xB81A, 0xB81C,
    0xB81E, 0xB81F, 0xB820, 0xB821, 0xB822, 0xB823, 0xB826, 0xB827, 0xB829, 0xB82A, 0xB82B, 0xB82D,
    0xB82E, 0xB82F, 0xB830, 0xB831, 0xB832, 0xB833, 0xB836, 0xB83A, 0xB83B, 0xB83C, 0xB83D, 0xB83E,
    0xB83F, 0xB841, 0xB842, 0xB843, 0xB845, 0xB846, 0xB847, 0xB848, 0xB849, 0xB84A, 0xB84B, 0xB84C,
    0xB84D, 0xB84E, 0xB84F, 0xB850, 0xB852, 0xB854, 0xB855, 0xB856, 0xB857, 0xB858, 0xB859, 0xB85A,
    0xB85B, 0xB85E, 0xB85F, 0xB861, 0xB862, 0xB863, 0xB865, 0xB866, 0xB867, 0xB868, 0xB869, 0xB86A,
    0xB86B, 0xB86E, 0xB870, 0xB872, 0xB873, 0xB874, 0xB875, 0xB876, 0xB877, 0xB879, 0xB87A, 0xB87B,
    0xB87D, 0xB87E, 0xB87F, 0xB880, 0xB881, 0xB882, 0xB883, 0xB884, 0xB885, 0xB886, 0xB887, 0xB888,
    0xB889, 0xB88A, 0xB88B, 0xB88C, 0xB88E, 0xB88F, 0xB890, 0xB891, 0xB892, 0xB893, 0xB894, 0xB895,
    0xB896, 0xB897, 0xB898, 0xB899, 0xB89A, 0xB89B, 0xB89C, 0xB89D, 0xB89E, 0xB89F, 0x0000, 0x0000,
    0x0000, 0x0000, 0x0000, 0x0000, 0xB8A0, 0xB8A1, 0xB8A2, 0xB8A3, 0xB8A4, 0xB8A5, 0xB8A6, 0xB8A7,
    0xB8A9, 0xB8AA, 0xB8AB, 0xB8AC, 0xB8AD, 0xB8AE, 0xB8AF, 0xB8B1, 0xB8B2, 0xB8B3, 0xB8B5, 0xB8B6,
    0xB8B7, 0xB8B9, 0xB8BA, 0xB8BB, 0xB8BC, 0xB8BD, 0x0000, 0x0000, 0x0000, 0x0000, 0x0000, 0x0000,
    0xB8BE, 0xB8BF, 0xB8C2, 0xB8C4, 0xB8C6, 0xB8C7, 0xB8C8, 0xB8C9, 0xB8CA, 0xB8CB, 0xB8CD, 0xB8CE,
    0xB8CF, 0xB8D1, 0xB8D2, 0xB8D3, 0xB8D5, 0xB8D6, 0xB8D7, 0xB8D8, 0xB8D9, 0xB8DA, 0xB8DB, 0xB8DC,
    0xB8DE, 0xB8E0, 0xB8E2, 0xB8E3, 0xB8E4, 0xB8E5, 0xB8E6, 0xB8E7, 0xB8EA, 0xB8EB, 0xB8ED, 0xB8EE,
    0xB8EF, 0xB8F1, 0xB8F2, 0xB8F3, 0xB8F4, 0xB8F5, 0xB8F6, 0xB8F7, 0xB8FA, 0xB8FC, 0xB8FE, 0xB8FF,
    0xB900, 0xB901, 0xB902, 0xB903, 0xB905, 0xB906, 0xB907, 0xB908, 0xB909, 0xB90A, 0xB90B, 0xB90C,
    0xB90D, 0xB90E, 0xB90F, 0xB910, 0xB911, 0xB912, 0xB913, 0xB914, 0xB915, 0xB916, 0xB917, 0xB919,
    0xB91A, 0xB91B, 0xB91C, 0xB91D, 0xB91E, 0xB91F, 0xB921, 0xB922, 0xB923, 0xB924, 0xB925, 0xB926,
    0xB927, 0xB928, 0xB929, 0xB92A, 0xB92B, 0xB92C, 0xB92D, 0xB92E, 0xB92F, 0xB930, 0xB931, 0xB932,
    0xB933, 0xB934, 0xB935, 0xB936, 0xB937, 0xB938, 0xB939, 0xB93A, 0xB93B, 0xB93E, 0xB93F, 0xB941,
    0xB942, 0xB943, 0xB945, 0xB946, 0xB947, 0xB948, 0xB949, 0xB94A, 0xB94B, 0xB94D, 0xB94E, 0xB950,
    0xB952, 0xB953, 0xB954, 0xB955, 0xB956, 0xB957, 0xB95A, 0xB95B, 0xB95D, 0xB95E, 0xB95F, 0xB961,
    0xB962, 0xB963, 0xB964, 0xB965, 0xB966, 0xB967, 0xB96A, 0xB96C, 0xB96E, 0xB96F, 0xB970, 0xB971,
    0xB972, 0xB973, 0xB976, 0xB977, 0xB979, 0xB97A, 0xB97B, 0xB97D, 0x0000, 0x0000, 0x0000, 0x0000,
    0x0000, 0x0000, 0xB97E, 0xB97F, 0xB980, 0xB981, 0xB982, 0xB983, 0xB986, 0xB988, 0xB98B, 0xB98C,
    0xB98F, 0xB990, 0xB991, 0xB992, 0xB993, 0xB994, 0xB995, 0xB996, 0xB997, 0xB998, 0xB999, 0xB99A,
    0xB99B, 0xB99C, 0xB99D, 0xB99E, 0x0000, 0x0000, 0x0000, 0x0000, 0x0000, 0x0000, 0xB99F, 0xB9A0,
    0xB9A1, 0xB9A2, 0xB9A3, 0xB9A4, 0xB9A5, 0xB9A6, 0xB9A7, 0xB9A8, 0xB9A9, 0xB9AA, 0xB9AB, 0xB9AE,
    0xB9AF, 0xB9B1, 0xB9B2, 0xB9B3, 0xB9B5, 0xB9B6, 0xB9B7, 0xB9B8, 0xB9B9, 0xB9BA, 0xB9BB, 0xB9BE,
    0xB9C0, 0xB9C2, 0xB9C3, 0xB9C4, 0xB9C5, 0xB9C6, 0xB9C7, 0xB9CA, 0xB9CB, 0xB9CD, 0xB9D3, 0xB9D4,
    0xB9D5, 0xB9D6, 0xB9D7, 0xB9DA, 0xB9DC, 0xB9DF, 0xB9E0, 0xB9E2, 0xB9E6, 0xB9E7, 0xB9E9, 0xB9EA,
    0xB9EB, 0xB9ED, 0xB9EE, 0xB9EF, 0xB9F0, 0xB9F1, 0xB9F2, 0xB9F3, 0xB9F6, 0xB9FB, 0xB9FC, 0xB9FD,
    0xB9FE, 0xB9FF, 0xBA02, 0xBA03, 0xBA04, 0xBA05, 0xBA06, 0xBA07, 0xBA09, 0xBA0A, 0xBA0B, 0xBA0C,
    0xBA0D, 0xBA0E, 0xBA0F, 0xBA10, 0xBA11, 0xBA12, 0xBA13, 0xBA14, 0xBA16, 0xBA17, 0xBA18, 0xBA19,
    0xBA1A, 0xBA1B, 0xBA1C, 0xBA1D, 0xBA1E, 0xBA1F, 0xBA20, 0xBA21, 0xBA22, 0xBA23, 0xBA24, 0xBA25,
    0xBA26, 0xBA27, 0xBA28, 0xBA29, 0xBA2A, 0xBA2B, 0xBA2C, 0xBA2D, 0xBA2E, 0xBA2F, 0xBA30, 0xBA31,
    0xBA32, 0xBA33, 0xBA34, 0xBA35, 0xBA36, 0xBA37, 0xBA3A, 0xBA3B, 0xBA3D, 0xBA3E, 0xBA3F, 0xBA41,
    0xBA43, 0xBA44, 0xBA45, 0xBA46, 0xBA47, 0xBA4A, 0xBA4C, 0xBA4F, 0xBA50, 0xBA51, 0xBA52, 0xBA56,
    0xBA57, 0xBA59, 0xBA5A, 0xBA5B, 0xBA5D, 0xBA5E, 0xBA5F, 0xBA60, 0xBA61, 0xBA62, 0xBA63, 0xBA66,
    0xBA6A, 0xBA6B, 0xBA6C, 0xBA6D, 0xBA6E, 0xBA6F, 0x0000, 0x0000, 0x0000, 0x0000, 0x0000, 0x0000,
    0xBA72, 0xBA73, 0xBA75, 0xBA76, 0xBA77, 0xBA79, 0xBA7A, 0xBA7B, 0xBA7C, 0xBA7D, 0xBA7E, 0xBA7F,
    0xBA80, 0xBA81, 0xBA82, 0xBA86, 0xBA88, 0xBA89, 0xBA8A, 0xBA8B, 0xBA8D, 0xBA8E, 0xBA8F, 0xBA90,
    0xBA91, 0xBA92, 0x0000, 0x0000, 0x0000, 0x0000, 0x0000, 0x0000, 0xBA93, 0xBA94, 0xBA95, 0xBA96,
    0xBA97, 0xBA98, 0xBA99, 0xBA9A, 0xBA9B, 0xBA9C, 0xBA9D, 0xBA9E, 0xBA9F, 0xBAA0, 0xBAA1, 0xBAA2,
    0xBAA3, 0xBAA4, 0xBAA5, 0xBAA6, 0xBAA7, 0xBAAA, 0xBAAD, 0xBAAE, 0xBAAF, 0xBAB1, 0xBAB3, 0xBAB4,
    0xBAB5, 0xBAB6, 0xBAB7, 0xBABA, 0xBABC, 0xBABE, 0xBABF, 0xBAC0, 0xBAC1, 0xBAC2, 0xBAC3, 0xBAC5,
    0xBAC6, 0xBAC7, 0xBAC9, 0xBACA, 0xBACB, 0xBACC, 0xBACD, 0xBACE, 0xBACF, 0xBAD0, 0xBAD1, 0xBAD2,
    0xBAD3, 0xBAD4, 0xBAD5, 0xBAD6, 0xBAD7, 0xBADA, 0xBADB, 0xBADC, 0xBADD, 0xBADE, 0xBADF, 0xBAE0,
    0xBAE1, 0xBAE2, 0xBAE3, 0xBAE4, 0xBAE5, 0xBAE6, 0xBAE7, 0xBAE8, 0xBAE9, 0xBAEA, 0xBAEB, 0xBAEC,
    0xBAED, 0xBAEE, 0xBAEF, 0xBAF0, 0xBAF1, 0xBAF2, 0xBAF3, 0xBAF4, 0xBAF5, 0xBAF6, 0xBAF7, 0xBAF8,
    0xBAF9, 0xBAFA, 0xBAFB, 0xBAFD, 0xBAFE, 0xBAFF, 0xBB01, 0xBB02, 0xBB03, 0xBB05, 0xBB06, 0xBB07,
    0xBB08, 0xBB09, 0xBB0A, 0xBB0B, 0xBB0C, 0xBB0E, 0xBB10, 0xBB12, 0xBB13, 0xBB14, 0xBB15, 0xBB16,
    0xBB17, 0xBB19, 0xBB1A, 0xBB1B, 0xBB1D, 0xBB1E, 0xBB1F, 0xBB21, 0xBB22, 0xBB23, 0xBB24, 0xBB25,
    0xBB26, 0xBB27, 0xBB28, 0xBB2A, 0xBB2C, 0xBB2D, 0xBB2E, 0xBB2F, 0xBB30, 0xBB31, 0xBB32, 0xBB33,
    0xBB37, 0xBB39, 0xBB3A, 0xBB3F, 0xBB40, 0xBB41, 0xBB42, 0xBB43, 0xBB46, 0xBB48, 0xBB4A, 0xBB4B,
    0xBB4C, 0xBB4E, 0xBB51, 0xBB52, 0x0000, 0x0000, 0x0000, 0x0000, 0x0000, 0x0000, 0xBB53, 0xBB55,
    0xBB56, 0xBB57, 0xBB59, 0xBB5A, 0xBB5B, 0xBB5C, 0xBB5D, 0xBB5E, 0xBB5F, 0xBB60, 0xBB62, 0xBB64,
    0xBB65, 0xBB66, 0xBB67, 0xBB68, 0xBB69, 0xBB6A, 0xBB6B, 0xBB6D, 0xBB6E, 0xBB6F, 0xBB70, 0xBB71,
    0x0000, 0x0000, 0x0000, 0x0000, 0x0000, 0x0000, 0xBB72, 0xBB73, 0xBB74, 0xBB75, 0xBB76, 0xBB77,
    0xBB78, 0xBB79, 0xBB7A, 0xBB7B, 0xBB7C, 0xBB7D, 0xBB7E, 0xBB7F, 0xBB80, 0xBB81, 0xBB82, 0xBB83,
    0xBB84, 0xBB85, 0xBB86, 0xBB87, 0xBB89, 0xBB8A, 0xBB8B, 0xBB8D, 0xBB8E, 0xBB8F, 0xBB91, 0xBB92,
    0xBB93, 0xBB94, 0xBB95, 0xBB96, 0xBB97, 0xBB98, 0xBB99, 0xBB9A, 0xBB9B, 0xBB9C, 0xBB9D, 0xBB9E,
    0xBB9F, 0xBBA0, 0xBBA1, 0xBBA2, 0xBBA3, 0xBBA5, 0xBBA6, 0xBBA7, 0xBBA9, 0xBBAA, 0xBBAB, 0xBBAD,
    0xBBAE, 0xBBAF, 0xBBB0, 0xBBB1, 0xBBB2, 0xBBB3, 0xBBB5, 0xBBB6, 0xBBB8, 0xBBB9, 0xBBBA, 0xBBBB,
    0xBBBC, 0xBBBD, 0xBBBE, 0xBBBF, 0xBBC1, 0xBBC2, 0xBBC3, 0xBBC5, 0xBBC6, 0xBBC7, 0xBBC9, 0xBBCA,
    0xBBCB, 0xBBCC, 0xBBCD, 0xBBCE, 0xBBCF, 0xBBD1, 0xBBD2, 0xBBD4, 0xBBD5, 0xBBD6, 0xBBD7, 0xBBD8,
    0xBBD9, 0xBBDA, 0xBBDB, 0xBBDC, 0xBBDD, 0xBBDE, 0xBBDF, 0xBBE0, 0xBBE1, 0xBBE2, 0xBBE3, 0xBBE4,
    0xBBE5, 0xBBE6, 0xBBE7, 0xBBE8, 0xBBE9, 0xBBEA, 0xBBEB, 0xBBEC, 0xBBED, 0xBBEE, 0xBBEF, 0xBBF0,
    0xBBF1, 0xBBF2, 0xBBF3, 0xBBF4, 0xBBF5, 0xBBF6, 0xBBF7, 0xBBFA, 0xBBFB, 0xBBFD, 0xBBFE, 0xBC01,
    0xBC03, 0xBC04, 0xBC05, 0xBC06, 0xBC07, 0xBC0A, 0xBC0E, 0xBC10, 0xBC12, 0xBC13, 0xBC19, 0xBC1A,
    0xBC20, 0xBC21, 0xBC22, 0xBC23, 0xBC26, 0xBC28, 0xBC2A, 0xBC2B, 0xBC2C, 0xBC2E, 0xBC2F, 0xBC32,
    0xBC33, 0xBC35, 0x0000, 0x0000, 0x0000, 0x0000, 0x0000, 0x0000, 0xBC36, 0xBC37, 0xBC39, 0xBC3A,
    0xBC3B, 0xBC3C, 0xBC3D, 0xBC3E, 0xBC3F, 0xBC42, 0xBC46, 0xBC47, 0xBC48, 0xBC4A, 0xBC4B, 0xBC4E,
    0xBC4F, 0xBC51, 0xBC52, 0xBC53, 0xBC54, 0xBC55, 0xBC56, 0xBC57, 0xBC58, 0xBC59, 0x0000, 0x0000,
    0x0000, 0x0000, 0x0000, 0x0000, 0xBC5A, 0xBC5B, 0xBC5C, 0xBC5E, 0xBC5F, 0xBC60, 0xBC61, 0xBC62,
    0xBC63, 0xBC64, 0xBC65, 0xBC66, 0xBC67, 0xBC68, 0xBC69, 0xBC6A, 0xBC6B, 0xBC6C, 0xBC6D, 0xBC6E,
    0xBC6F, 0xBC70, 0xBC71, 0xBC72, 0xBC73, 0xBC74, 0xBC75, 0xBC76, 0xBC77, 0xBC78, 0xBC79, 0xBC7A,
    0xBC7B, 0xBC7C, 0xBC7D, 0xBC7E, 0xBC7F, 0xBC80, 0xBC81, 0xBC82, 0xBC83, 0xBC86, 0xBC87, 0xBC89,
    0xBC8A, 0xBC8D, 0xBC8F, 0xBC90, 0xBC91, 0xBC92, 0xBC93, 0xBC96, 0xBC98, 0xBC9B, 0xBC9C, 0xBC9D,
    0xBC9E, 0xBC9F, 0xBCA2, 0xBCA3, 0xBCA5, 0xBCA6, 0xBCA9, 0xBCAA, 0xBCAB, 0xBCAC, 0xBCAD, 0xBCAE,
    0xBCAF, 0xBCB2, 0xBCB6, 0xBCB7, 0xBCB8, 0xBCB9, 0xBCBA, 0xBCBB, 0xBCBE, 0xBCBF, 0xBCC1, 0xBCC2,
    0xBCC3, 0xBCC5, 0xBCC6, 0xBCC7, 0xBCC8, 0xBCC9, 0xBCCA, 0xBCCB, 0xBCCC, 0xBCCE, 0xBCD2, 0xBCD3,
    0xBCD4, 0xBCD6, 0xBCD7, 0xBCD9, 0xBCDA, 0xBCDB, 0xBCDD, 0xBCDE, 0xBCDF, 0xBCE0, 0xBCE1, 0xBCE2,
    0xBCE3, 0xBCE4, 0xBCE5, 0xBCE6, 0xBCE7, 0xBCE8, 0xBCE9, 0xBCEA, 0xBCEB, 0xBCEC, 0xBCED, 0xBCEE,
    0xBCEF, 0xBCF0, 0xBCF1, 0xBCF2, 0xBCF3, 0xBCF7, 0xBCF9, 0xBCFA, 0xBCFB, 0xBCFD, 0xBCFE, 0xBCFF,
    0xBD00, 0xBD01, 0xBD02, 0xBD03, 0xBD06, 0xBD08, 0xBD0A, 0xBD0B, 0xBD0C, 0xBD0D, 0xBD0E, 0xBD0F,
    0xBD11, 0xBD12, 0xBD13, 0xBD15, 0xBD16, 0xBD17, 0xBD18, 0xBD19, 0xBD1A, 0xBD1B, 0xBD1C, 0xBD1D,
    0x0000, 0x0000, 0x0000, 0x0000, 0x0000, 0x0000, 0xBD1E, 0xBD1F, 0xBD20, 0xBD21, 0xBD22, 0xBD23,
    0xBD25, 0xBD26, 0xBD27, 0xBD28, 0xBD29, 0xBD2A, 0xBD2B, 0xBD2D, 0xBD2E, 0xBD2F, 0xBD30, 0xBD31,
    0xBD32, 0xBD33, 0xBD34, 0xBD35, 0xBD36, 0xBD37, 0xBD38, 0xBD39, 0x0000, 0x0000, 0x0000, 0x0000,
    0x0000, 0x0000, 0xBD3A, 0xBD3B, 0xBD3C, 0xBD3D, 0xBD3E, 0xBD3F, 0xBD41, 0xBD42, 0xBD43, 0xBD44,
    0xBD45, 0xBD46, 0xBD47, 0xBD4A, 0xBD4B, 0xBD4D, 0xBD4E, 0xBD4F, 0xBD51, 0xBD52, 0xBD53, 0xBD54,
    0xBD55, 0xBD56, 0xBD57, 0xBD5A, 0xBD5B, 0xBD5C, 0xBD5D, 0xBD5E, 0xBD5F, 0xBD60, 0xBD61, 0xBD62,
    0xBD63, 0xBD65, 0xBD66, 0xBD67, 0xBD69, 0xBD6A, 0xBD6B, 0xBD6C, 0xBD6D, 0xBD6E, 0xBD6F, 0xBD70,
    0xBD71, 0xBD72, 0xBD73, 0xBD74, 0xBD75, 0xBD76, 0xBD77, 0xBD78, 0xBD79, 0xBD7A, 0xBD7B, 0xBD7C,
    0xBD7D, 0xBD7E, 0xBD7F, 0xBD82, 0xBD83, 0xBD85, 0xBD86, 0xBD8B, 0xBD8C, 0xBD8D, 0xBD8E, 0xBD8F,
    0xBD92, 0xBD94, 0xBD96, 0xBD97, 0xBD98, 0xBD9B, 0xBD9D, 0xBD9E, 0xBD9F, 0xBDA0, 0xBDA1, 0xBDA2,
    0xBDA3, 0xBDA5, 0xBDA6, 0xBDA7, 0xBDA8, 0xBDA9, 0xBDAA, 0xBDAB, 0xBDAC, 0xBDAD, 0xBDAE, 0xBDAF,
    0xBDB1, 0xBDB2, 0xBDB3, 0xBDB4, 0xBDB5, 0xBDB6, 0xBDB7, 0xBDB9, 0xBDBA, 0xBDBB, 0xBDBC, 0xBDBD,
    0xBDBE, 0xBDBF, 0xBDC0, 0xBDC1, 0xBDC2, 0xBDC3, 0xBDC4, 0xBDC5, 0xBDC6, 0xBDC7, 0xBDC8, 0xBDC9,
    0xBDCA, 0xBDCB, 0xBDCC, 0xBDCD, 0xBDCE, 0xBDCF, 0xBDD0, 0xBDD1, 0xBDD2, 0xBDD3, 0xBDD6, 0xBDD7,
    0xBDD9, 0xBDDA, 0xBDDB, 0xBDDD, 0xBDDE, 0xBDDF, 0xBDE0, 0xBDE1, 0xBDE2, 0xBDE3, 0xBDE4, 0xBDE5,
    0xBDE6, 0xBDE7, 0xBDE8, 0xBDEA, 0xBDEB, 0xBDEC, 0xBDED, 0xBDEE, 0xBDEF, 0xBDF1, 0x0000, 0x0000,
    0x0000, 0x0000, 0x0000, 0x0000, 0xBDF2, 0xBDF3, 0xBDF5, 0xBDF6, 0xBDF7, 0xBDF9, 0xBDFA, 0xBDFB,
    0xBDFC, 0xBDFD, 0xBDFE, 0xBDFF, 0xBE01, 0xBE02, 0xBE04, 0xBE06, 0xBE07, 0xBE08, 0xBE09, 0xBE0A,
    0xBE0B, 0xBE0E, 0xBE0F, 0xBE11, 0xBE12, 0xBE13, 0x0000, 0x0000, 0x0000, 0x0000, 0x0000, 0x0000,
    0xBE15, 0xBE16, 0xBE17, 0xBE18, 0xBE19, 0xBE1A, 0xBE1B, 0xBE1E, 0xBE20, 0xBE21, 0xBE22, 0xBE23,
    0xBE24, 0xBE25, 0xBE26, 0xBE27, 0xBE28, 0xBE29, 0xBE2A, 0xBE2B, 0xBE2C, 0xBE2D, 0xBE2E, 0xBE2F,
    0xBE30, 0xBE31, 0xBE32, 0xBE33, 0xBE34, 0xBE35, 0xBE36, 0xBE37, 0xBE38, 0xBE39, 0xBE3A, 0xBE3B,
    0xBE3C, 0xBE3D, 0xBE3E, 0xBE3F, 0xBE40, 0xBE41, 0xBE42, 0xBE43, 0xBE46, 0xBE47, 0xBE49, 0xBE4A,
    0xBE4B, 0xBE4D, 0xBE4F, 0xBE50, 0xBE51, 0xBE52, 0xBE53, 0xBE56, 0xBE58, 0xBE5C, 0xBE5D, 0xBE5E,
    0xBE5F, 0xBE62, 0xBE63, 0xBE65, 0xBE66, 0xBE67, 0xBE69, 0xBE6B, 0xBE6C, 0xBE6D, 0xBE6E, 0xBE6F,
    0xBE72, 0xBE76, 0xBE77, 0xBE78, 0xBE79, 0xBE7A, 0xBE7E, 0xBE7F, 0xBE81, 0xBE82, 0xBE83, 0xBE85,
    0xBE86, 0xBE87, 0xBE88, 0xBE89, 0xBE8A, 0xBE8B, 0xBE8E, 0xBE92, 0xBE93, 0xBE94, 0xBE95, 0xBE96,
    0xBE97, 0xBE9A, 0xBE9B, 0xBE9C, 0xBE9D, 0xBE9E, 0xBE9F, 0xBEA0, 0xBEA1, 0xBEA2, 0xBEA3, 0xBEA4,
    0xBEA5, 0xBEA6, 0xBEA7, 0xBEA9, 0xBEAA, 0xBEAB, 0xBEAC, 0xBEAD, 0xBEAE, 0xBEAF, 0xBEB0, 0xBEB1,
    0xBEB2, 0xBEB3, 0xBEB4, 0xBEB5, 0xBEB6, 0xBEB7, 0xBEB8, 0xBEB9, 0xBEBA, 0xBEBB, 0xBEBC, 0xBEBD,
    0xBEBE, 0xBEBF, 0xBEC0, 0xBEC1, 0xBEC2, 0xBEC3, 0xBEC4, 0xBEC5, 0xBEC6, 0xBEC7, 0xBEC8, 0xBEC9,
    0xBECA, 0xBECB, 0xBECC, 0xBECD, 0xBECE, 0xBECF, 0xBED2, 0xBED3, 0x0000, 0x0000, 0x0000, 0x0000,
    0x0000, 0x0000, 0xBED5, 0xBED6, 0xBED9, 0xBEDA, 0xBEDB, 0xBEDC, 0xBEDD, 0xBEDE, 0xBEDF, 0xBEE1,
    0xBEE2, 0xBEE6, 0xBEE7, 0xBEE8, 0xBEE9, 0xBEEA, 0xBEEB, 0xBEED, 0xBEEE, 0xBEEF, 0xBEF0, 0xBEF1,
    0xBEF2, 0xBEF3, 0xBEF4, 0xBEF5, 0x0000, 0x0000, 0x0000, 0x0000, 0x0000, 0x0000, 0xBEF6, 0xBEF7,
    0xBEF8, 0xBEF9, 0xBEFA, 0xBEFB, 0xBEFC, 0xBEFD, 0xBEFE, 0xBEFF, 0xBF00, 0xBF02, 0xBF03, 0xBF04,
    0xBF05, 0xBF06, 0xBF07, 0xBF0A, 0xBF0B, 0xBF0C, 0xBF0D, 0xBF0E, 0xBF0F, 0xBF10, 0xBF11, 0xBF12,
    0xBF13, 0xBF14, 0xBF15, 0xBF16, 0xBF17, 0xBF1A, 0xBF1E, 0xBF1F, 0xBF20, 0xBF21, 0xBF22, 0xBF23,
    0xBF24, 0xBF25, 0xBF26, 0xBF27, 0xBF28, 0xBF29, 0xBF2A, 0xBF2B, 0xBF2C, 0xBF2D, 0xBF2E, 0xBF2F,
    0xBF30, 0xBF31, 0xBF32, 0xBF33, 0xBF34, 0xBF35, 0xBF36, 0xBF37, 0xBF38, 0xBF39, 0xBF3A, 0xBF3B,
    0xBF3C, 0xBF3D, 0xBF3E, 0xBF3F, 0xBF42, 0xBF43, 0xBF45, 0xBF46, 0xBF47, 0xBF49, 0xBF4A, 0xBF4B,
    0xBF4C, 0xBF4D, 0xBF4E, 0xBF4F, 0xBF52, 0xBF53, 0xBF54, 0xBF56, 0xBF57, 0xBF58, 0xBF59, 0xBF5A,
    0xBF5B, 0xBF5C, 0xBF5D, 0xBF5E, 0xBF5F, 0xBF60, 0xBF61, 0xBF62, 0xBF63, 0xBF64, 0xBF65, 0xBF66,
    0xBF67, 0xBF68, 0xBF69, 0xBF6A, 0xBF6B, 0xBF6C, 0xBF6D, 0xBF6E, 0xBF6F, 0xBF70, 0xBF71, 0xBF72,
    0xBF73, 0xBF74, 0xBF75, 0xBF76, 0xBF77, 0xBF78, 0xBF79, 0xBF7A, 0xBF7B, 0xBF7C, 0xBF7D, 0xBF7E,
    0xBF7F, 0xBF80, 0xBF81, 0xBF82, 0xBF83, 0xBF84, 0xBF85, 0xBF86, 0xBF87, 0xBF88, 0xBF89, 0xBF8A,
    0xBF8B, 0xBF8C, 0xBF8D, 0xBF8E, 0xBF8F, 0xBF90, 0xBF91, 0xBF92, 0xBF93, 0xBF95, 0xBF96, 0xBF97,
    0xBF98, 0xBF99, 0xBF9A, 0xBF9B, 0xBF9C, 0xBF9D, 0x0000, 0x0000, 0x0000, 0x0000, 0x0000, 0x0000,
    0xBF9E, 0xBF9F, 0xBFA0, 0xBFA1, 0xBFA2, 0xBFA3, 0xBFA4, 0xBFA5, 0xBFA6, 0xBFA7, 0xBFA8, 0xBFA9,
    0xBFAA, 0xBFAB, 0xBFAC, 0xBFAD, 0xBFAE, 0xBFAF, 0xBFB1, 0xBFB2, 0xBFB3, 0xBFB4, 0xBFB5, 0xBFB6,
    0xBFB7, 0xBFB8, 0x0000, 0x0000, 0x0000, 0x0000, 0x0000, 0x0000, 0xBFB9, 0xBFBA, 0xBFBB, 0xBFBC,
    0xBFBD, 0xBFBE, 0xBFBF, 0xBFC0, 0xBFC1, 0xBFC2, 0xBFC3, 0xBFC4, 0xBFC6, 0xBFC7, 0xBFC8, 0xBFC9,
    0xBFCA, 0xBFCB, 0xBFCE, 0xBFCF, 0xBFD1, 0xBFD2, 0xBFD3, 0xBFD5, 0xBFD6, 0xBFD7, 0xBFD8, 0xBFD9,
    0xBFDA, 0xBFDB, 0xBFDD, 0xBFDE, 0xBFE0, 0xBFE2, 0xBFE3, 0xBFE4, 0xBFE5, 0xBFE6, 0xBFE7, 0xBFE8,
    0xBFE9, 0xBFEA, 0xBFEB, 0xBFEC, 0xBFED, 0xBFEE, 0xBFEF, 0xBFF0, 0xBFF1, 0xBFF2, 0xBFF3, 0xBFF4,
    0xBFF5, 0xBFF6, 0xBFF7, 0xBFF8, 0xBFF9, 0xBFFA, 0xBFFB, 0xBFFC, 0xBFFD, 0xBFFE, 0xBFFF, 0xC000,
    0xC001, 0xC002, 0xC003, 0xC004, 0xC005, 0xC006, 0xC007, 0xC008, 0xC009, 0xC00A, 0xC00B, 0xC00C,
    0xC00D, 0xC00E, 0xC00F, 0xC010, 0xC011, 0xC012, 0xC013, 0xC014, 0xC015, 0xC016, 0xC017, 0xC018,
    0xC019, 0xC01A, 0xC01B, 0xC01C, 0xC01D, 0xC01E, 0xC01F, 0xC020, 0xC021, 0xC022, 0xC023, 0xC024,
    0xC025, 0xC026, 0xC027, 0xC028, 0xC029, 0xC02A, 0xC02B, 0xC02C, 0xC02D, 0xC02E, 0xC02F, 0xC030,
    0xC031, 0xC032, 0xC033, 0xC034, 0xC035, 0xC036, 0xC037, 0xC038, 0xC039, 0xC03A, 0xC03B, 0xC03D,
    0xC03E, 0xC03F, 0xC040, 0xC041, 0xC042, 0xC043, 0xC044, 0xC045, 0xC046, 0xC047, 0xC048, 0xC049,
    0xC04A, 0xC04B, 0xC04C, 0xC04D, 0xC04E, 0xC04F, 0xC050, 0xC052, 0xC053, 0xC054, 0xC055, 0xC056,
    0xC057, 0xC059, 0xC05A, 0xC05B, 0x0000, 0x0000, 0x0000, 0x0000, 0x0000, 0x0000, 0xC05D, 0xC05E,
    0xC05F, 0xC061, 0xC062, 0xC063, 0xC064, 0xC065, 0xC066, 0xC067, 0xC06A, 0xC06B, 0xC06C, 0xC06D,
    0xC06E, 0xC06F, 0xC070, 0xC071, 0xC072, 0xC073, 0xC074, 0xC075, 0xC076, 0xC077, 0xC078, 0xC079,
    0x0000, 0x0000, 0x0000, 0x0000, 0x0000, 0x0000, 0xC07A, 0xC07B, 0xC07C, 0xC07D, 0xC07E, 0xC07F,
    0xC080, 0xC081, 0xC082, 0xC083, 0xC084, 0xC085, 0xC086, 0xC087, 0xC088, 0xC089, 0xC08A, 0xC08B,
    0xC08C, 0xC08D, 0xC08E, 0xC08F, 0xC092, 0xC093, 0xC095, 0xC096, 0xC097, 0xC099, 0xC09A, 0xC09B,
    0xC09C, 0xC09D, 0xC09E, 0xC09F, 0xC0A2, 0xC0A4, 0xC0A6, 0xC0A7, 0xC0A8, 0xC0A9, 0xC0AA, 0xC0AB,
    0xC0AE, 0xC0B1, 0xC0B2, 0xC0B7, 0xC0B8, 0xC0B9, 0xC0BA, 0xC0BB, 0xC0BE, 0xC0C2, 0xC0C3, 0xC0C4,
    0xC0C6, 0xC0C7, 0xC0CA, 0xC0CB, 0xC0CD, 0xC0CE, 0xC0CF, 0xC0D1, 0xC0D2, 0xC0D3, 0xC0D4, 0xC0D5,
    0xC0D6, 0xC0D7, 0xC0DA, 0xC0DE, 0xC0DF, 0xC0E0, 0xC0E1, 0xC0E2, 0xC0E3, 0xC0E6, 0xC0E7, 0xC0E9,
    0xC0EA, 0xC0EB, 0xC0ED, 0xC0EE, 0xC0EF, 0xC0F0, 0xC0F1, 0xC0F2, 0xC0F3, 0xC0F6, 0xC0F8, 0xC0FA,
    0xC0FB, 0xC0FC, 0xC0FD, 0xC0FE, 0xC0FF, 0xC101, 0xC102, 0xC103, 0xC105, 0xC106, 0xC107, 0xC109,
    0xC10A, 0xC10B, 0xC10C, 0xC10D, 0xC10E, 0xC10F, 0xC111, 0xC112, 0xC113, 0xC114, 0xC116, 0xC117,
    0xC118, 0xC119, 0xC11A, 0xC11B, 0xC121, 0xC122, 0xC125, 0xC128, 0xC129, 0xC12A, 0xC12B, 0xC12E,
    0xC132, 0xC133, 0xC134, 0xC135, 0xC137, 0xC13A, 0xC13B, 0xC13D, 0xC13E, 0xC13F, 0xC141, 0xC142,
    0xC143, 0xC144, 0xC145, 0xC146, 0xC147, 0xC14A, 0xC14E, 0xC14F, 0xC150, 0xC151, 0xC152, 0xC153,
    0xC156, 0xC157, 0x0000, 0x0000, 0x0000, 0x0000, 0x0000, 0x0000, 0xC159, 0xC15A, 0xC15B, 0xC15D,
    0xC15E, 0xC15F, 0xC160, 0xC161, 0xC162, 0xC163, 0xC166, 0xC16A, 0xC16B, 0xC16C, 0xC16D, 0xC16E,
    0xC16F, 0xC171, 0xC172, 0xC173, 0xC175, 0xC176, 0xC177, 0xC179, 0xC17A, 0xC17B, 0x0000, 0x0000,
    0x0000, 0x0000, 0x0000, 0x0000, 0xC17C, 0xC17D, 0xC17E, 0xC17F, 0xC180, 0xC181, 0xC182, 0xC183,
    0xC184, 0xC186, 0xC187, 0xC188, 0xC189, 0xC18A, 0xC18B, 0xC18F, 0xC191, 0xC192, 0xC193, 0xC195,
    0xC197, 0xC198, 0xC199, 0xC19A, 0xC19B, 0xC19E, 0xC1A0, 0xC1A2, 0xC1A3, 0xC1A4, 0xC1A6, 0xC1A7,
    0xC1AA, 0xC1AB, 0xC1AD, 0xC1AE, 0xC1AF, 0xC1B1, 0xC1B2, 0xC1B3, 0xC1B4, 0xC1B5, 0xC1B6, 0xC1B7,
    0xC1B8, 0xC1B9, 0xC1BA, 0xC1BB, 0xC1BC, 0xC1BE, 0xC1BF, 0xC1C0, 0xC1C1, 0xC1C2, 0xC1C3, 0xC1C5,
    0xC1C6, 0xC1C7, 0xC1C9, 0xC1CA, 0xC1CB, 0xC1CD, 0xC1CE, 0xC1CF, 0xC1D0, 0xC1D1, 0xC1D2, 0xC1D3,
    0xC1D5, 0xC1D6, 0xC1D9, 0xC1DA, 0xC1DB, 0xC1DC, 0xC1DD, 0xC1DE, 0xC1DF, 0xC1E1, 0xC1E2, 0xC1E3,
    0xC1E5, 0xC1E6, 0xC1E7, 0xC1E9, 0xC1EA, 0xC1EB, 0xC1EC, 0xC1ED, 0xC1EE, 0xC1EF, 0xC1F2, 0xC1F4,
    0xC1F5, 0xC1F6, 0xC1F7, 0xC1F8, 0xC1F9, 0xC1FA, 0xC1FB, 0xC1FE, 0xC1FF, 0xC201, 0xC202, 0xC203,
    0xC205, 0xC206, 0xC207, 0xC208, 0xC209, 0xC20A, 0xC20B, 0xC20E, 0xC210, 0xC212, 0xC213, 0xC214,
    0xC215, 0xC216, 0xC217, 0xC21A, 0xC21B, 0xC21D, 0xC21E, 0xC221, 0xC222, 0xC223, 0xC224, 0xC225,
    0xC226, 0xC227, 0xC22A, 0xC22C, 0xC22E, 0xC230, 0xC233, 0xC235, 0xC236, 0xC237, 0xC238, 0xC239,
    0xC23A, 0xC23B, 0xC23C, 0xC23D, 0xC23E, 0xC23F, 0xC240, 0xC241, 0xC242, 0xC243, 0xC244, 0xC245,
    0x0000, 0x0000, 0x0000, 0x0000, 0x0000, 0x0000, 0xC246, 0xC247, 0xC249, 0xC24A, 0xC24B, 0xC24C,
    0xC24D, 0xC24E, 0xC24F, 0xC252, 0xC253, 0xC255, 0xC256, 0xC257, 0xC259, 0xC25A, 0xC25B, 0xC25C,
    0xC25D, 0xC25E, 0xC25F, 0xC261, 0xC262, 0xC263, 0xC264, 0xC266, 0x0000, 0x0000, 0x0000, 0x0000,
    0x0000, 0x0000, 0xC267, 0xC268, 0xC269, 0xC26A, 0xC26B, 0xC26E, 0xC26F, 0xC271, 0xC272, 0xC273,
    0xC275, 0xC276, 0xC277, 0xC278, 0xC279, 0xC27A, 0xC27B, 0xC27E, 0xC280, 0xC282, 0xC283, 0xC284,
    0xC285, 0xC286, 0xC287, 0xC28A, 0xC28B, 0xC28C, 0xC28D, 0xC28E, 0xC28F, 0xC291, 0xC292, 0xC293,
    0xC294, 0xC295, 0xC296, 0xC297, 0xC299, 0xC29A, 0xC29C, 0xC29E, 0xC29F, 0xC2A0, 0xC2A1, 0xC2A2,
    0xC2A3, 0xC2A6, 0xC2A7, 0xC2A9, 0xC2AA, 0xC2AB, 0xC2AE, 0xC2AF, 0xC2B0, 0xC2B1, 0xC2B2, 0xC2B3,
    0xC2B6, 0xC2B8, 0xC2BA, 0xC2BB, 0xC2BC, 0xC2BD, 0xC2BE, 0xC2BF, 0xC2C0, 0xC2C1, 0xC2C2, 0xC2C3,
    0xC2C4, 0xC2C5, 0xC2C6, 0xC2C7, 0xC2C8, 0xC2C9, 0xC2CA, 0xC2CB, 0xC2CC, 0xC2CD, 0xC2CE, 0xC2CF,
    0xC2D0, 0xC2D1, 0xC2D2, 0xC2D3, 0xC2D4, 0xC2D5, 0xC2D6, 0xC2D7, 0xC2D8, 0xC2D9, 0xC2DA, 0xC2DB,
    0xC2DE, 0xC2DF, 0xC2E1, 0xC2E2, 0xC2E5, 0xC2E6, 0xC2E7, 0xC2E8, 0xC2E9, 0xC2EA, 0xC2EE, 0xC2F0,
    0xC2F2, 0xC2F3, 0xC2F4, 0xC2F5, 0xC2F7, 0xC2FA, 0xC2FD, 0xC2FE, 0xC2FF, 0xC301, 0xC302, 0xC303,
    0xC304, 0xC305, 0xC306, 0xC307, 0xC30A, 0xC30B, 0xC30E, 0xC30F, 0xC310, 0xC311, 0xC312, 0xC316,
    0xC317, 0xC319, 0xC31A, 0xC31B, 0xC31D, 0xC31E, 0xC31F, 0xC320, 0xC321, 0xC322, 0xC323, 0xC326,
    0xC327, 0xC32A, 0xC32B, 0xC32C, 0xC32D, 0xC32E, 0xC32F, 0xC330, 0xC331, 0xC332, 0x0000, 0x0000,
    0x0000, 0x0000, 0x0000, 0x0000, 0xC333, 0xC334, 0xC335, 0xC336, 0xC337, 0xC338, 0xC339, 0xC33A,
    0xC33B, 0xC33C, 0xC33D, 0xC33E, 0xC33F, 0xC340, 0xC341, 0xC342, 0xC343, 0xC344, 0xC346, 0xC347,
    0xC348, 0xC349, 0xC34A, 0xC34B, 0xC34C, 0xC34D, 0x0000, 0x0000, 0x0000, 0x0000, 0x0000, 0x0000,
    0xC34E, 0xC34F, 0xC350, 0xC351, 0xC352, 0xC353, 0xC354, 0xC355, 0xC356, 0xC357, 0xC358, 0xC359,
    0xC35A, 0xC35B, 0xC35C, 0xC35D, 0xC35E, 0xC35F, 0xC360, 0xC361, 0xC362, 0xC363, 0xC364, 0xC365,
    0xC366, 0xC367, 0xC36A, 0xC36B, 0xC36D, 0xC36E, 0xC36F, 0xC371, 0xC373, 0xC374, 0xC375, 0xC376,
    0xC377, 0xC37A, 0xC37B, 0xC37E, 0xC37F, 0xC380, 0xC381, 0xC382, 0xC383, 0xC385, 0xC386, 0xC387,
    0xC389, 0xC38A, 0xC38B, 0xC38D, 0xC38E, 0xC38F, 0xC390, 0xC391, 0xC392, 0xC393, 0xC394, 0xC395,
    0xC396, 0xC397, 0xC398, 0xC399, 0xC39A, 0xC39B, 0xC39C, 0xC39D, 0xC39E, 0xC39F, 0xC3A0, 0xC3A1,
    0xC3A2, 0xC3A3, 0xC3A4, 0xC3A5, 0xC3A6, 0xC3A7, 0xC3A8, 0xC3A9, 0xC3AA, 0xC3AB, 0xC3AC, 0xC3AD,
    0xC3AE, 0xC3AF, 0xC3B0, 0xC3B1, 0xC3B2, 0xC3B3, 0xC3B4, 0xC3B5, 0xC3B6, 0xC3B7, 0xC3B8, 0xC3B9,
    0xC3BA, 0xC3BB, 0xC3BC, 0xC3BD, 0xC3BE, 0xC3BF, 0xC3C1, 0xC3C2, 0xC3C3, 0xC3C4, 0xC3C5, 0xC3C6,
    0xC3C7, 0xC3C8, 0xC3C9, 0xC3CA, 0xC3CB, 0xC3CC, 0xC3CD, 0xC3CE, 0xC3CF, 0xC3D0, 0xC3D1, 0xC3D2,
    0xC3D3, 0xC3D4, 0xC3D5, 0xC3D6, 0xC3D7, 0xC3DA, 0xC3DB, 0xC3DD, 0xC3DE, 0xC3E1, 0xC3E3, 0xC3E4,
    0xC3E5, 0xC3E6, 0xC3E7, 0xC3EA, 0xC3EB, 0xC3EC, 0xC3EE, 0xC3EF, 0xC3F0, 0xC3F1, 0xC3F2, 0xC3F3,
    0xC3F6, 0xC3F7, 0xC3F9, 0xC3FA, 0xC3FB, 0xC3FC, 0xC3FD, 0xC3FE, 0x0000, 0x0000, 0x0000, 0x0000,
    0x0000, 0x0000, 0xC3FF, 0xC400, 0xC401, 0xC402, 0xC403, 0xC404, 0xC405, 0xC406, 0xC407, 0xC409,
    0xC40A, 0xC40B, 0xC40C, 0xC40D, 0xC40E, 0xC40F, 0xC411, 0xC412, 0xC413, 0xC414, 0xC415, 0xC416,
    0xC417, 0xC418, 0xC419, 0xC41A, 0x0000, 0x0000, 0x0000, 0x0000, 0x0000, 0x0000, 0xC41B, 0xC41C,
    0xC41D, 0xC41E, 0xC41F, 0xC420, 0xC421, 0xC422, 0xC423, 0xC425, 0xC426, 0xC427, 0xC428, 0xC429,
    0xC42A, 0xC42B, 0xC42D, 0xC42E, 0xC42F, 0xC431, 0xC432, 0xC433, 0xC435, 0xC436, 0xC437, 0xC438,
    0xC439, 0xC43A, 0xC43B, 0xC43E, 0xC43F, 0xC440, 0xC441, 0xC442, 0xC443, 0xC444, 0xC445, 0xC446,
    0xC447, 0xC449, 0xC44A, 0xC44B, 0xC44C, 0xC44D, 0xC44E, 0xC44F, 0xC450, 0xC451, 0xC452, 0xC453,
    0xC454, 0xC455, 0xC456, 0xC457, 0xC458, 0xC459, 0xC45A, 0xC45B, 0xC45C, 0xC45D, 0xC45E, 0xC45F,
    0xC460, 0xC461, 0xC462, 0xC463, 0xC466, 0xC467, 0xC469, 0xC46A, 0xC46B, 0xC46D, 0xC46E, 0xC46F,
    0xC470, 0xC471, 0xC472, 0xC473, 0xC476, 0xC477, 0xC478, 0xC47A, 0xC47B, 0xC47C, 0xC47D, 0xC47E,
    0xC47F, 0xC481, 0xC482, 0xC483, 0xC484, 0xC485, 0xC486, 0xC487, 0xC488, 0xC489, 0xC48A, 0xC48B,
    0xC48C, 0xC48D, 0xC48E, 0xC48F, 0xC490, 0xC491, 0xC492, 0xC493, 0xC495, 0xC496, 0xC497, 0xC498,
    0xC499, 0xC49A, 0xC49B, 0xC49D, 0xC49E, 0xC49F, 0xC4A0, 0xC4A1, 0xC4A2, 0xC4A3, 0xC4A4, 0xC4A5,
    0xC4A6, 0xC4A7, 0xC4A8, 0xC4A9, 0xC4AA, 0xC4AB, 0xC4AC, 0xC4AD, 0xC4AE, 0xC4AF, 0xC4B0, 0xC4B1,
    0xC4B2, 0xC4B3, 0xC4B4, 0xC4B5, 0xC4B6, 0xC4B7, 0xC4B9, 0xC4BA, 0xC4BB, 0xC4BD, 0xC4BE, 0xC4BF,
    0xC4C0, 0xC4C1, 0xC4C2, 0xC4C3, 0xC4C4, 0xC4C5, 0x0000, 0x0000, 0x0000, 0x0000, 0x0000, 0x0000,
    0xC4C6, 0xC4C7, 0xC4C8, 0xC4C9, 0xC4CA, 0xC4CB, 0xC4CC, 0xC4CD, 0xC4CE, 0xC4CF, 0xC4D0, 0xC4D1,
    0xC4D2, 0xC4D3, 0xC4D4, 0xC4D5, 0xC4D6, 0xC4D7, 0xC4D8, 0xC4D9, 0xC4DA, 0xC4DB, 0xC4DC, 0xC4DD,
    0xC4DE, 0xC4DF, 0x0000, 0x0000, 0x0000, 0x0000, 0x0000, 0x0000, 0xC4E0, 0xC4E1, 0xC4E2, 0xC4E3,
    0xC4E4, 0xC4E5, 0xC4E6, 0xC4E7, 0xC4E8, 0xC4EA, 0xC4EB, 0xC4EC, 0xC4ED, 0xC4EE, 0xC4EF, 0xC4F2,
    0xC4F3, 0xC4F5, 0xC4F6, 0xC4F7, 0xC4F9, 0xC4FB, 0xC4FC, 0xC4FD, 0xC4FE, 0xC502, 0xC503, 0xC504,
    0xC505, 0xC506, 0xC507, 0xC508, 0xC509, 0xC50A, 0xC50B, 0xC50D, 0xC50E, 0xC50F, 0xC511, 0xC512,
    0xC513, 0xC515, 0xC516, 0xC517, 0xC518, 0xC519, 0xC51A, 0xC51B, 0xC51D, 0xC51E, 0xC51F, 0xC520,
    0xC521, 0xC522, 0xC523, 0xC524, 0xC525, 0xC526, 0xC527, 0xC52A, 0xC52B, 0xC52D, 0xC52E, 0xC52F,
    0xC531, 0xC532, 0xC533, 0xC534, 0xC535, 0xC536, 0xC537, 0xC53A, 0xC53C, 0xC53E, 0xC53F, 0xC540,
    0xC541, 0xC542, 0xC543, 0xC546, 0xC547, 0xC54B, 0xC54F, 0xC550, 0xC551, 0xC552, 0xC556, 0xC55A,
    0xC55B, 0xC55C, 0xC55F, 0xC562, 0xC563, 0xC565, 0xC566, 0xC567, 0xC569, 0xC56A, 0xC56B, 0xC56C,
    0xC56D, 0xC56E, 0xC56F, 0xC572, 0xC576, 0xC577, 0xC578, 0xC579, 0xC57A, 0xC57B, 0xC57E, 0xC57F,
    0xC581, 0xC582, 0xC583, 0xC585, 0xC586, 0xC588, 0xC589, 0xC58A, 0xC58B, 0xC58E, 0xC590, 0xC592,
    0xC593, 0xC594, 0xC596, 0xC599, 0xC59A, 0xC59B, 0xC59D, 0xC59E, 0xC59F, 0xC5A1, 0xC5A2, 0xC5A3,
    0xC5A4, 0xC5A5, 0xC5A6, 0xC5A7, 0xC5A8, 0xC5AA, 0xC5AB, 0xC5AC, 0xC5AD, 0xC5AE, 0xC5AF, 0xC5B0,
    0xC5B1, 0xC5B2, 0xC5B3, 0xC5B6, 0x0000, 0x0000, 0x0000, 0x0000, 0x0000, 0x0000, 0xC5B7, 0xC5BA,
    0xC5BF, 0xC5C0, 0xC5C1, 0xC5C2, 0xC5C3, 0xC5CB, 0xC5CD, 0xC5CF, 0xC5D2, 0xC5D3, 0xC5D5, 0xC5D6,
    0xC5D7, 0xC5D9, 0xC5DA, 0xC5DB, 0xC5DC, 0xC5DD, 0xC5DE, 0xC5DF, 0xC5E2, 0xC5E4, 0xC5E6, 0xC5E7,
    0x0000, 0x0000, 0x0000, 0x0000, 0x0000, 0x0000, 0xC5E8, 0xC5E9, 0xC5EA, 0xC5EB, 0xC5EF, 0xC5F1,
    0xC5F2, 0xC5F3, 0xC5F5, 0xC5F8, 0xC5F9, 0xC5FA, 0xC5FB, 0xC602, 0xC603, 0xC604, 0xC609, 0xC60A,
    0xC60B, 0xC60D, 0xC60E, 0xC60F, 0xC611, 0xC612, 0xC613, 0xC614, 0xC615, 0xC616, 0xC617, 0xC61A,
    0xC61D, 0xC61E, 0xC61F, 0xC620, 0xC621, 0xC622, 0xC623, 0xC626, 0xC627, 0xC629, 0xC62A, 0xC62B,
    0xC62F, 0xC631, 0xC632, 0xC636, 0xC638, 0xC63A, 0xC63C, 0xC63D, 0xC63E, 0xC63F, 0xC642, 0xC643,
    0xC645, 0xC646, 0xC647, 0xC649, 0xC64A, 0xC64B, 0xC64C, 0xC64D, 0xC64E, 0xC64F, 0xC652, 0xC656,
    0xC657, 0xC658, 0xC659, 0xC65A, 0xC65B, 0xC65E, 0xC65F, 0xC661, 0xC662, 0xC663, 0xC664, 0xC665,
    0xC666, 0xC667, 0xC668, 0xC669, 0xC66A, 0xC66B, 0xC66D, 0xC66E, 0xC670, 0xC672, 0xC673, 0xC674,
    0xC675, 0xC676, 0xC677, 0xC67A, 0xC67B, 0xC67D, 0xC67E, 0xC67F, 0xC681, 0xC682, 0xC683, 0xC684,
    0xC685, 0xC686, 0xC687, 0xC68A, 0xC68C, 0xC68E, 0xC68F, 0xC690, 0xC691, 0xC692, 0xC693, 0xC696,
    0xC697, 0xC699, 0xC69A, 0xC69B, 0xC69D, 0xC69E, 0xC69F, 0xC6A0, 0xC6A1, 0xC6A2, 0xC6A3, 0xC6A6,
    0xC6A8, 0xC6AA, 0xC6AB, 0xC6AC, 0xC6AD, 0xC6AE, 0xC6AF, 0xC6B2, 0xC6B3, 0xC6B5, 0xC6B6, 0xC6B7,
    0xC6BB, 0xC6BC, 0xC6BD, 0xC6BE, 0xC6BF, 0xC6C2, 0xC6C4, 0xC6C6, 0xC6C7, 0xC6C8, 0xC6C9, 0xC6CA,
    0xC6CB, 0xC6CE, 0x0000, 0x0000, 0x0000, 0x0000, 0x0000, 0x0000, 0xC6CF, 0xC6D1, 0xC6D2, 0xC6D3,
    0xC6D5, 0xC6D6, 0xC6D7, 0xC6D8, 0xC6D9, 0xC6DA, 0xC6DB, 0xC6DE, 0xC6DF, 0xC6E2, 0xC6E3, 0xC6E4,
    0xC6E5, 0xC6E6, 0xC6E7, 0xC6EA, 0xC6EB, 0xC6ED, 0xC6EE, 0xC6EF, 0xC6F1, 0xC6F2, 0x0000, 0x0000,
    0x0000, 0x0000, 0x0000, 0x0000, 0xC6F3, 0xC6F4, 0xC6F5, 0xC6F6, 0xC6F7, 0xC6FA, 0xC6FB, 0xC6FC,
    0xC6FE, 0xC6FF, 0xC700, 0xC701, 0xC702, 0xC703, 0xC706, 0xC707, 0xC709, 0xC70A, 0xC70B, 0xC70D,
    0xC70E, 0xC70F, 0xC710, 0xC711, 0xC712, 0xC713, 0xC716, 0xC718, 0xC71A, 0xC71B, 0xC71C, 0xC71D,
    0xC71E, 0xC71F, 0xC722, 0xC723, 0xC725, 0xC726, 0xC727, 0xC729, 0xC72A, 0xC72B, 0xC72C, 0xC72D,
    0xC72E, 0xC72F, 0xC732, 0xC734, 0xC736, 0xC738, 0xC739, 0xC73A, 0xC73B, 0xC73E, 0xC73F, 0xC741,
    0xC742, 0xC743, 0xC745, 0xC746, 0xC747, 0xC748, 0xC749, 0xC74B, 0xC74E, 0xC750, 0xC759, 0xC75A,
    0xC75B, 0xC75D, 0xC75E, 0xC75F, 0xC761, 0xC762, 0xC763, 0xC764, 0xC765, 0xC766, 0xC767, 0xC769,
    0xC76A, 0xC76C, 0xC76D, 0xC76E, 0xC76F, 0xC770, 0xC771, 0xC772, 0xC773, 0xC776, 0xC777, 0xC779,
    0xC77A, 0xC77B, 0xC77F, 0xC780, 0xC781, 0xC782, 0xC786, 0xC78B, 0xC78C, 0xC78D, 0xC78F, 0xC792,
    0xC793, 0xC795, 0xC799, 0xC79B, 0xC79C, 0xC79D, 0xC79E, 0xC79F, 0xC7A2, 0xC7A7, 0xC7A8, 0xC7A9,
    0xC7AA, 0xC7AB, 0xC7AE, 0xC7AF, 0xC7B1, 0xC7B2, 0xC7B3, 0xC7B5, 0xC7B6, 0xC7B7, 0xC7B8, 0xC7B9,
    0xC7BA, 0xC7BB, 0xC7BE, 0xC7C2, 0xC7C3, 0xC7C4, 0xC7C5, 0xC7C6, 0xC7C7, 0xC7CA, 0xC7CB, 0xC7CD,
    0xC7CF, 0xC7D1, 0xC7D2, 0xC7D3, 0xC7D4, 0xC7D5, 0xC7D6, 0xC7D7, 0xC7D9, 0xC7DA, 0xC7DB, 0xC7DC,
    0x0000, 0x0000, 0x0000, 0x0000, 0x0000, 0x0000, 0xC7DE, 0xC7DF, 0xC7E0, 0xC7E1, 0xC7E2, 0xC7E3,
    0xC7E5, 0xC7E6, 0xC7E7, 0xC7E9, 0xC7EA, 0xC7EB, 0xC7ED, 0xC7EE, 0xC7EF, 0xC7F0, 0xC7F1, 0xC7F2,
    0xC7F3, 0xC7F4, 0xC7F5, 0xC7F6, 0xC7F7, 0xC7F8, 0xC7F9, 0xC7FA, 0x0000, 0x0000, 0x0000, 0x0000,
    0x0000, 0x0000, 0xC7FB, 0xC7FC, 0xC7FD, 0xC7FE, 0xC7FF, 0xC802, 0xC803, 0xC805, 0xC806, 0xC807,
    0xC809, 0xC80B, 0xC80C, 0xC80D, 0xC80E, 0xC80F, 0xC812, 0xC814, 0xC817, 0xC818, 0xC819, 0xC81A,
    0xC81B, 0xC81E, 0xC81F, 0xC821, 0xC822, 0xC823, 0xC825, 0xC826, 0xC827, 0xC828, 0xC829, 0xC82A,
    0xC82B, 0xC82E, 0xC830, 0xC832, 0xC833, 0xC834, 0xC835, 0xC836, 0xC837, 0xC839, 0xC83A, 0xC83B,
    0xC83D, 0xC83E, 0xC83F, 0xC841, 0xC842, 0xC843, 0xC844, 0xC845, 0xC846, 0xC847, 0xC84A, 0xC84B,
    0xC84E, 0xC84F, 0xC850, 0xC851, 0xC852, 0xC853, 0xC855, 0xC856, 0xC857, 0xC858, 0xC859, 0xC85A,
    0xC85B, 0xC85C, 0xC85D, 0xC85E, 0xC85F, 0xC860, 0xC861, 0xC862, 0xC863, 0xC864, 0xC865, 0xC866,
    0xC867, 0xC868, 0xC869, 0xC86A, 0xC86B, 0xC86C, 0xC86D, 0xC86E, 0xC86F, 0xC872, 0xC873, 0xC875,
    0xC876, 0xC877, 0xC879, 0xC87B, 0xC87C, 0xC87D, 0xC87E, 0xC87F, 0xC882, 0xC884, 0xC888, 0xC889,
    0xC88A, 0xC88E, 0xC88F, 0xC890, 0xC891, 0xC892, 0xC893, 0xC895, 0xC896, 0xC897, 0xC898, 0xC899,
    0xC89A, 0xC89B, 0xC89C, 0xC89E, 0xC8A0, 0xC8A2, 0xC8A3, 0xC8A4, 0xC8A5, 0xC8A6, 0xC8A7, 0xC8A9,
    0xC8AA, 0xC8AB, 0xC8AC, 0xC8AD, 0xC8AE, 0xC8AF, 0xC8B0, 0xC8B1, 0xC8B2, 0xC8B3, 0xC8B4, 0xC8B5,
    0xC8B6, 0xC8B7, 0xC8B8, 0xC8B9, 0xC8BA, 0xC8BB, 0xC8BE, 0xC8BF, 0xC8C0, 0xC8C1, 0x0000, 0x0000,
    0x0000, 0x0000, 0x0000, 0x0000, 0xC8C2, 0xC8C3, 0xC8C5, 0xC8C6, 0xC8C7, 0xC8C9, 0xC8CA, 0xC8CB,
    0xC8CD, 0xC8CE, 0xC8CF, 0xC8D0, 0xC8D1, 0xC8D2, 0xC8D3, 0xC8D6, 0xC8D8, 0xC8DA, 0xC8DB, 0xC8DC,
    0xC8DD, 0xC8DE, 0xC8DF, 0xC8E2, 0xC8E3, 0xC8E5, 0x0000, 0x0000, 0x0000, 0x0000, 0x0000, 0x0000,
    0xC8E6, 0xC8E7, 0xC8E8, 0xC8E9, 0xC8EA, 0xC8EB, 0xC8EC, 0xC8ED, 0xC8EE, 0xC8EF, 0xC8F0, 0xC8F1,
    0xC8F2, 0xC8F3, 0xC8F4, 0xC8F6, 0xC8F7, 0xC8F8, 0xC8F9, 0xC8FA, 0xC8FB, 0xC8FE, 0xC8FF, 0xC901,
    0xC902, 0xC903, 0xC907, 0xC908, 0xC909, 0xC90A, 0xC90B, 0xC90E, 0x3000, 0x3001, 0x3002, 0x00B7,
    0x2025, 0x2026, 0x00A8, 0x3003, 0x00AD, 0x2015, 0x2225, 0xFF3C, 0x223C, 0x2018, 0x2019, 0x201C,
    0x201D, 0x3014, 0x3015, 0x3008, 0x3009, 0x300A, 0x300B, 0x300C, 0x300D, 0x300E, 0x300F, 0x3010,
    0x3011, 0x00B1, 0x00D7, 0x00F7, 0x2260, 0x2264, 0x2265, 0x221E, 0x2234, 0x00B0, 0x2032, 0x2033,
    0x2103, 0x212B, 0xFFE0, 0xFFE1, 0xFFE5, 0x2642, 0x2640, 0x2220, 0x22A5, 0x2312, 0x2202, 0x2207,
    0x2261, 0x2252, 0x00A7, 0x203B, 0x2606, 0x2605, 0x25CB, 0x25CF, 0x25CE, 0x25C7, 0x25C6, 0x25A1,
    0x25A0, 0x25B3, 0x25B2, 0x25BD, 0x25BC, 0x2192, 0x2190, 0x2191, 0x2193, 0x2194, 0x3013, 0x226A,
    0x226B, 0x221A, 0x223D, 0x221D, 0x2235, 0x222B, 0x222C, 0x2208, 0x220B, 0x2286, 0x2287, 0x2282,
    0x2283, 0x222A, 0x2229, 0x2227, 0x2228, 0xFFE2, 0xC910, 0xC912, 0xC913, 0xC914, 0xC915, 0xC916,
    0xC917, 0xC919, 0xC91A, 0xC91B, 0xC91C, 0xC91D, 0xC91E, 0xC91F, 0xC920, 0xC921, 0xC922, 0xC923,
    0xC924, 0xC925, 0xC926, 0xC927, 0xC928, 0xC929, 0xC92A, 0xC92B, 0x0000, 0x0000, 0x0000, 0x0000,
    0x0000, 0x0000, 0xC92D, 0xC92E, 0xC92F, 0xC930, 0xC931, 0xC932, 0xC933, 0xC935, 0xC936, 0xC937,
    0xC938, 0xC939, 0xC93A, 0xC93B, 0xC93C, 0xC93D, 0xC93E, 0xC93F, 0xC940, 0xC941, 0xC942, 0xC943,
    0xC944, 0xC945, 0xC946, 0xC947, 0x0000, 0x0000, 0x0000, 0x0000, 0x0000, 0x0000, 0xC948, 0xC949,
    0xC94A, 0xC94B, 0xC94C, 0xC94D, 0xC94E, 0xC94F, 0xC952, 0xC953, 0xC955, 0xC956, 0xC957, 0xC959,
    0xC95A, 0xC95B, 0xC95C, 0xC95D, 0xC95E, 0xC95F, 0xC962, 0xC964, 0xC965, 0xC966, 0xC967, 0xC968,
    0xC969, 0xC96A, 0xC96B, 0xC96D, 0xC96E, 0xC96F, 0x21D2, 0x21D4, 0x2200, 0x2203, 0x00B4, 0xFF5E,
    0x02C7, 0x02D8, 0x02DD, 0x02DA, 0x02D9, 0x00B8, 0x02DB, 0x00A1, 0x00BF, 0x02D0, 0x222E, 0x2211,
    0x220F, 0x00A4, 0x2109, 0x2030, 0x25C1, 0x25C0, 0x25B7, 0x25B6, 0x2664, 0x2660, 0x2661, 0x2665,
    0x2667, 0x2663, 0x2299, 0x25C8, 0x25A3, 0x25D0, 0x25D1, 0x2592, 0x25A4, 0x25A5, 0x25A8, 0x25A7,
    0x25A6, 0x25A9, 0x2668, 0x260F, 0x260E, 0x261C, 0x261E, 0x00B6, 0x2020, 0x2021, 0x2195, 0x2197,
    0x2199, 0x2196, 0x2198, 0x266D, 0x2669, 0x266A, 0x266C, 0x327F, 0x321C, 0x2116, 0x33C7, 0x2122,
    0x33C2, 0x33D8, 0x2121, 0x20AC, 0x00AE, 0x0000, 0x0000, 0x0000, 0x0000, 0x0000, 0x0000, 0x0000,
    0x0000, 0x0000, 0x0000, 0x0000, 0x0000, 0x0000, 0x0000, 0x0000, 0x0000, 0x0000, 0x0000, 0x0000,
    0x0000, 0x0000, 0x0000, 0x0000, 0xC971, 0xC972, 0xC973, 0xC975, 0xC976, 0xC977, 0xC978, 0xC979,
    0xC97A, 0xC97B, 0xC97D, 0xC97E, 0xC97F, 0xC980, 0xC981, 0xC982, 0xC983, 0xC984, 0xC985, 0xC986,
    0xC987, 0xC98A, 0xC98B, 0xC98D, 0xC98E, 0xC98F, 0x0000, 0x0000, 0x0000, 0x0000, 0x0000, 0x0000,
    0xC991, 0xC992, 0xC993, 0xC994, 0xC995, 0xC996, 0xC997, 0xC99A, 0xC99C, 0xC99E, 0xC99F, 0xC9A0,
    0xC9A1, 0xC9A2, 0xC9A3, 0xC9A4, 0xC9A5, 0xC9A6, 0xC9A7, 0xC9A8, 0xC9A9, 0xC9AA, 0xC9AB, 0xC9AC,
    0xC9AD, 0xC9AE, 0x0000, 0x0000, 0x0000, 0x0000, 0x0000, 0x0000, 0xC9AF, 0xC9B0, 0xC9B1, 0xC9B2,
    0xC9B3, 0xC9B4, 0xC9B5, 0xC9B6, 0xC9B7, 0xC9B8, 0xC9B9, 0xC9BA, 0xC9BB, 0xC9BC, 0xC9BD, 0xC9BE,
    0xC9BF, 0xC9C2, 0xC9C3, 0xC9C5, 0xC9C6, 0xC9C9, 0xC9CB, 0xC9CC, 0xC9CD, 0xC9CE, 0xC9CF, 0xC9D2,
    0xC9D4, 0xC9D7, 0xC9D8, 0xC9DB, 0xFF01, 0xFF02, 0xFF03, 0xFF04, 0xFF05, 0xFF06, 0xFF07, 0xFF08,
    0xFF09, 0xFF0A, 0xFF0B, 0xFF0C, 0xFF0D, 0xFF0E, 0xFF0F, 0xFF10, 0xFF11, 0xFF12, 0xFF13, 0xFF14,
    0xFF15, 0xFF16, 0xFF17, 0xFF18, 0xFF19, 0xFF1A, 0xFF1B, 0xFF1C, 0xFF1D, 0xFF1E, 0xFF1F, 0xFF20,
    0xFF21, 0xFF22, 0xFF23, 0xFF24, 0xFF25, 0xFF26, 0xFF27, 0xFF28, 0xFF29, 0xFF2A, 0xFF2B, 0xFF2C,
    0xFF2D, 0xFF2E, 0xFF2F, 0xFF30, 0xFF31, 0xFF32, 0xFF33, 0xFF34, 0xFF35, 0xFF36, 0xFF37, 0xFF38,
    0xFF39, 0xFF3A, 0xFF3B, 0xFFE6, 0xFF3D, 0xFF3E, 0xFF3F, 0xFF40, 0xFF41, 0xFF42, 0xFF43, 0xFF44,
    0xFF45, 0xFF46, 0xFF47, 0xFF48, 0xFF49, 0xFF4A, 0xFF4B, 0xFF4C, 0xFF4D, 0xFF4E, 0xFF4F, 0xFF50,
    0xFF51, 0xFF52, 0xFF53, 0xFF54, 0xFF55, 0xFF56, 0xFF57, 0xFF58, 0xFF59, 0xFF5A, 0xFF5B, 0xFF5C,
    0xFF5D, 0xFFE3, 0xC9DE, 0xC9DF, 0xC9E1, 0xC9E3, 0xC9E5, 0xC9E6, 0xC9E8, 0xC9E9, 0xC9EA, 0xC9EB,
    0xC9EE, 0xC9F2, 0xC9F3, 0xC9F4, 0xC9F5, 0xC9F6, 0xC9F7, 0xC9FA, 0xC9FB, 0xC9FD, 0xC9FE, 0xC9FF,
    0xCA01, 0xCA02, 0xCA03, 0xCA04, 0x0000, 0x0000, 0x0000, 0x0000, 0x0000, 0x0000, 0xCA05, 0xCA06,
    0xCA07, 0xCA0A, 0xCA0E, 0xCA0F, 0xCA10, 0xCA11, 0xCA12, 0xCA13, 0xCA15, 0xCA16, 0xCA17, 0xCA19,
    0xCA1A, 0xCA1B, 0xCA1C, 0xCA1D, 0xCA1E, 0xCA1F, 0xCA20, 0xCA21, 0xCA22, 0xCA23, 0xCA24, 0xCA25,
    0x0000, 0x0000, 0x0000, 0x0000, 0x0000, 0x0000, 0xCA26, 0xCA27, 0xCA28, 0xCA2A, 0xCA2B, 0xCA2C,
    0xCA2D, 0xCA2E, 0xCA2F, 0xCA30, 0xCA31, 0xCA32, 0xCA33, 0xCA34, 0xCA35, 0xCA36, 0xCA37, 0xCA38,
    0xCA39, 0xCA3A, 0xCA3B, 0xCA3C, 0xCA3D, 0xCA3E, 0xCA3F, 0xCA40, 0xCA41, 0xCA42, 0xCA43, 0xCA44,
    0xCA45, 0xCA46, 0x3131, 0x3132, 0x3133, 0x3134, 0x3135, 0x3136, 0x3137, 0x3138, 0x3139, 0x313A,
    0x313B, 0x313C, 0x313D, 0x313E, 0x313F, 0x3140, 0x3141, 0x3142, 0x3143, 0x3144, 0x3145, 0x3146,
    0x3147, 0x3148, 0x3149, 0x314A, 0x314B, 0x314C, 0x314D, 0x314E, 0x314F, 0x3150, 0x3151, 0x3152,
    0x3153, 0x3154, 0x3155, 0x3156, 0x3157, 0x3158, 0x3159, 0x315A, 0x315B, 0x315C, 0x315D, 0x315E,
    0x315F, 0x3160, 0x3161, 0x3162, 0x3163, 0x3164, 0x3165, 0x3166, 0x3167, 0x3168, 0x3169, 0x316A,
    0x316B, 0x316C, 0x316D, 0x316E, 0x316F, 0x3170, 0x3171, 0x3172, 0x3173, 0x3174, 0x3175, 0x3176,
    0x3177, 0x3178, 0x3179, 0x317A, 0x317B, 0x317C, 0x317D, 0x317E, 0x317F, 0x3180, 0x3181, 0x3182,
    0x3183, 0x3184, 0x3185, 0x3186, 0x3187, 0x3188, 0x3189, 0x318A, 0x318B, 0x318C, 0x318D, 0x318E,
    0xCA47, 0xCA48, 0xCA49, 0xCA4A, 0xCA4B, 0xCA4E, 0xCA4F, 0xCA51, 0xCA52, 0xCA53, 0xCA55, 0xCA56,
    0xCA57, 0xCA58, 0xCA59, 0xCA5A, 0xCA5B, 0xCA5E, 0xCA62, 0xCA63, 0xCA64, 0xCA65, 0xCA66, 0xCA67,
    0xCA69, 0xCA6A, 0x0000, 0x0000, 0x0000, 0x0000, 0x0000, 0x0000, 0xCA6B, 0xCA6C, 0xCA6D, 0xCA6E,
    0xCA6F, 0xCA70, 0xCA71, 0xCA72, 0xCA73, 0xCA74, 0xCA75, 0xCA76, 0xCA77, 0xCA78, 0xCA79, 0xCA7A,
    0xCA7B, 0xCA7C, 0xCA7E, 0xCA7F, 0xCA80, 0xCA81, 0xCA82, 0xCA83, 0xCA85, 0xCA86, 0x0000, 0x0000,
    0x0000, 0x0000, 0x0000, 0x0000, 0xCA87, 0xCA88, 0xCA89, 0xCA8A, 0xCA8B, 0xCA8C, 0xCA8D, 0xCA8E,
    0xCA8F, 0xCA90, 0xCA91, 0xCA92, 0xCA93, 0xCA94, 0xCA95, 0xCA96, 0xCA97, 0xCA99, 0xCA9A, 0xCA9B,
    0xCA9C, 0xCA9D, 0xCA9E, 0xCA9F, 0xCAA0, 0xCAA1, 0xCAA2, 0xCAA3, 0xCAA4, 0xCAA5, 0xCAA6, 0xCAA7,
    0x2170, 0x2171, 0x2172, 0x2173, 0x2174, 0x2175, 0x2176, 0x2177, 0x2178, 0x2179, 0x0000, 0x0000,
    0x0000, 0x0000, 0x0000, 0x2160, 0x2161, 0x2162, 0x2163, 0x2164, 0x2165, 0x2166, 0x2167, 0x2168,
    0x2169, 0x0000, 0x0000, 0x0000, 0x0000, 0x0000, 0x0000, 0x0000, 0x0391, 0x0392, 0x0393, 0x0394,
    0x0395, 0x0396, 0x0397, 0x0398, 0x0399, 0x039A, 0x039B, 0x039C, 0x039D, 0x039E, 0x039F, 0x03A0,
    0x03A1, 0x03A3, 0x03A4, 0x03A5, 0x03A6, 0x03A7, 0x03A8, 0x03A9, 0x0000, 0x0000, 0x0000, 0x0000,
    0x0000, 0x0000, 0x0000, 0x0000, 0x03B1, 0x03B2, 0x03B3, 0x03B4, 0x03B5, 0x03B6, 0x03B7, 0x03B8,
    0x03B9, 0x03BA, 0x03BB, 0x03BC, 0x03BD, 0x03BE, 0x03BF, 0x03C0, 0x03C1, 0x03C3, 0x03C4, 0x03C5,
    0x03C6, 0x03C7, 0x03C8, 0x03C9, 0x0000, 0x0000, 0x0000, 0x0000, 0x0000, 0x0000, 0xCAA8, 0xCAA9,
    0xCAAA, 0xCAAB, 0xCAAC, 0xCAAD, 0xCAAE, 0xCAAF, 0xCAB0, 0xCAB1, 0xCAB2, 0xCAB3, 0xCAB4, 0xCAB5,
    0xCAB6, 0xCAB7, 0xCAB8, 0xCAB9, 0xCABA, 0xCABB, 0xCABE, 0xCABF, 0xCAC1, 0xCAC2, 0xCAC3, 0xCAC5,
    0x0000, 0x0000, 0x0000, 0x0000, 0x0000, 0x0000, 0xCAC6, 0xCAC7, 0xCAC8, 0xCAC9, 0xCACA, 0xCACB,
    0xCACE, 0xCAD0, 0xCAD2, 0xCAD4, 0xCAD5, 0xCAD6, 0xCAD7, 0xCADA, 0xCADB, 0xCADC, 0xCADD, 0xCADE,
    0xCADF, 0xCAE1, 0xCAE2, 0xCAE3, 0xCAE4, 0xCAE5, 0xCAE6, 0xCAE7, 0x0000, 0x0000, 0x0000, 0x0000,
    0x0000, 0x0000, 0xCAE8, 0xCAE9, 0xCAEA, 0xCAEB, 0xCAED, 0xCAEE, 0xCAEF, 0xCAF0, 0xCAF1, 0xCAF2,
    0xCAF3, 0xCAF5, 0xCAF6, 0xCAF7, 0xCAF8, 0xCAF9, 0xCAFA, 0xCAFB, 0xCAFC, 0xCAFD, 0xCAFE, 0xCAFF,
    0xCB00, 0xCB01, 0xCB02, 0xCB03, 0xCB04, 0xCB05, 0xCB06, 0xCB07, 0xCB09, 0xCB0A, 0x2500, 0x2502,
    0x250C, 0x2510, 0x2518, 0x2514, 0x251C, 0x252C, 0x2524, 0x2534, 0x253C, 0x2501, 0x2503, 0x250F,
    0x2513, 0x251B, 0x2517, 0x2523, 0x2533, 0x252B, 0x253B, 0x254B, 0x2520, 0x252F, 0x2528, 0x2537,
    0x253F, 0x251D, 0x2530, 0x2525, 0x2538, 0x2542, 0x2512, 0x2511, 0x251A, 0x2519, 0x2516, 0x2515,
    0x250E, 0x250D, 0x251E, 0x251F, 0x2521, 0x2522, 0x2526, 0x2527, 0x2529, 0x252A, 0x252D, 0x252E,
    0x2531, 0x2532, 0x2535, 0x2536, 0x2539, 0x253A, 0x253D, 0x253E, 0x2540, 0x2541, 0x2543, 0x2544,
    0x2545, 0x2546, 0x2547, 0x2548, 0x2549, 0x254A, 0x0000, 0x0000, 0x0000, 0x0000, 0x0000, 0x0000,
    0x0000, 0x0000, 0x0000, 0x0000, 0x0000, 0x0000, 0x0000, 0x0000, 0x0000, 0x0000, 0x0000, 0x0000,
    0x0000, 0x0000, 0x0000, 0x0000, 0x0000, 0x0000, 0x0000, 0x0000, 0xCB0B, 0xCB0C, 0xCB0D, 0xCB0E,
    0xCB0F, 0xCB11, 0xCB12, 0xCB13, 0xCB15, 0xCB16, 0xCB17, 0xCB19, 0xCB1A, 0xCB1B, 0xCB1C, 0xCB1D,
    0xCB1E, 0xCB1F, 0xCB22, 0xCB23, 0xCB24, 0xCB25, 0xCB26, 0xCB27, 0xCB28, 0xCB29, 0x0000, 0x0000,
    0x0000, 0x0000, 0x0000, 0x0000, 0xCB2A, 0xCB2B, 0xCB2C, 0xCB2D, 0xCB2E, 0xCB2F, 0xCB30, 0xCB31,
    0xCB32, 0xCB33, 0xCB34, 0xCB35, 0xCB36, 0xCB37, 0xCB38, 0xCB39, 0xCB3A, 0xCB3B, 0xCB3C, 0xCB3D,
    0xCB3E, 0xCB3F, 0xCB40, 0xCB42, 0xCB43, 0xCB44, 0x0000, 0x0000, 0x0000, 0x0000, 0x0000, 0x0000,
    0xCB45, 0xCB46, 0xCB47, 0xCB4A, 0xCB4B, 0xCB4D, 0xCB4E, 0xCB4F, 0xCB51, 0xCB52, 0xCB53, 0xCB54,
    0xCB55, 0xCB56, 0xCB57, 0xCB5A, 0xCB5B, 0xCB5C, 0xCB5E, 0xCB5F, 0xCB60, 0xCB61, 0xCB62, 0xCB63,
    0xCB65, 0xCB66, 0xCB67, 0xCB68, 0xCB69, 0xCB6A, 0xCB6B, 0xCB6C, 0x3395, 0x3396, 0x3397, 0x2113,
    0x3398, 0x33C4, 0x33A3, 0x33A4, 0x33A5, 0x33A6, 0x3399, 0x339A, 0x339B, 0x339C, 0x339D, 0x339E,
    0x339F, 0x33A0, 0x33A1, 0x33A2, 0x33CA, 0x338D, 0x338E, 0x338F, 0x33CF, 0x3388, 0x3389, 0x33C8,
    0x33A7, 0x33A8, 0x33B0, 0x33B1, 0x33B2, 0x33B3, 0x33B4, 0x33B5, 0x33B6, 0x33B7, 0x33B8, 0x33B9,
    0x3380, 0x3381, 0x3382, 0x3383, 0x3384, 0x33BA, 0x33BB, 0x33BC, 0x33BD, 0x33BE, 0x33BF, 0x3390,
    0x3391, 0x3392, 0x3393, 0x3394, 0x2126, 0x33C0, 0x33C1, 0x338A, 0x338B, 0x338C, 0x33D6, 0x33C5,
    0x33AD, 0x33AE, 0x33AF, 0x33DB, 0x33A9, 0x33AA, 0x33AB, 0x33AC, 0x33DD, 0x33D0, 0x33D3, 0x33C3,
    0x33C9, 0x33DC, 0x33C6, 0x0000, 0x0000, 0x0000, 0x0000, 0x0000, 0x0000, 0x0000, 0x0000, 0x0000,
    0x0000, 0x0000, 0x0000, 0x0000, 0x0000, 0x0000, 0xCB6D, 0xCB6E, 0xCB6F, 0xCB70, 0xCB71, 0xCB72,
    0xCB73, 0xCB74, 0xCB75, 0xCB76, 0xCB77, 0xCB7A, 0xCB7B, 0xCB7C, 0xCB7D, 0xCB7E, 0xCB7F, 0xCB80,
    0xCB81, 0xCB82, 0xCB83, 0xCB84, 0xCB85, 0xCB86, 0xCB87, 0xCB88, 0x0000, 0x0000, 0x0000, 0x0000,
    0x0000, 0x0000, 0xCB89, 0xCB8A, 0xCB8B, 0xCB8C, 0xCB8D, 0xCB8E, 0xCB8F, 0xCB90, 0xCB91, 0xCB92,
    0xCB93, 0xCB94, 0xCB95, 0xCB96, 0xCB97, 0xCB98, 0xCB99, 0xCB9A, 0xCB9B, 0xCB9D, 0xCB9E, 0xCB9F,
    0xCBA0, 0xCBA1, 0xCBA2, 0xCBA3, 0x0000, 0x0000, 0x0000, 0x0000, 0x0000, 0x0000, 0xCBA4, 0xCBA5,
    0xCBA6, 0xCBA7, 0xCBA8, 0xCBA9, 0xCBAA, 0xCBAB, 0xCBAC, 0xCBAD, 0xCBAE, 0xCBAF, 0xCBB0, 0xCBB1,
    0xCBB2, 0xCBB3, 0xCBB4, 0xCBB5, 0xCBB6, 0xCBB7, 0xCBB9, 0xCBBA, 0xCBBB, 0xCBBC, 0xCBBD, 0xCBBE,
    0xCBBF, 0xCBC0, 0xCBC1, 0xCBC2, 0xCBC3, 0xCBC4, 0x00C6, 0x00D0, 0x00AA, 0x0126, 0x0000, 0x0132,
    0x0000, 0x013F, 0x0141, 0x00D8, 0x0152, 0x00BA, 0x00DE, 0x0166, 0x014A, 0x0000, 0x3260, 0x3261,
    0x3262, 0x3263, 0x3264, 0x3265, 0x3266, 0x3267, 0x3268, 0x3269, 0x326A, 0x326B, 0x326C, 0x326D,
    0x326E, 0x326F, 0x3270, 0x3271, 0x3272, 0x3273, 0x3274, 0x3275, 0x3276, 0x3277, 0x3278, 0x3279,
    0x327A, 0x327B, 0x24D0, 0x24D1, 0x24D2, 0x24D3, 0x24D4, 0x24D5, 0x24D6, 0x24D7, 0x24D8, 0x24D9,
    0x24DA, 0x24DB, 0x24DC, 0x24DD, 0x24DE, 0x24DF, 0x24E0, 0x24E1, 0x24E2, 0x24E3, 0x24E4, 0x24E5,
    0x24E6, 0x24E7, 0x24E8, 0x24E9, 0x2460, 0x2461, 0x2462, 0x2463, 0x2464, 0x2465, 0x2466, 0x2467,
    0x2468, 0x2469, 0x246A, 0x246B, 0x246C, 0x246D, 0x246E, 0x00BD, 0x2153, 0x2154, 0x00BC, 0x00BE,
    0x215B, 0x215C, 0x215D, 0x215E, 0xCBC5, 0xCBC6, 0xCBC7, 0xCBC8, 0xCBC9, 0xCBCA, 0xCBCB, 0xCBCC,
    0xCBCD, 0xCBCE, 0xCBCF, 0xCBD0, 0xCBD1, 0xCBD2, 0xCBD3, 0xCBD5, 0xCBD6, 0xCBD7, 0xCBD8, 0xCBD9,
    0xCBDA, 0xCBDB, 0xCBDC, 0xCBDD, 0xCBDE, 0xCBDF, 0x0000, 0x0000, 0x0000, 0x0000, 0x0000, 0x0000,
    0xCBE0, 0xCBE1, 0xCBE2, 0xCBE3, 0xCBE5, 0xCBE6, 0xCBE8, 0xCBEA, 0xCBEB, 0xCBEC, 0xCBED, 0xCBEE,
    0xCBEF, 0xCBF0, 0xCBF1, 0xCBF2, 0xCBF3, 0xCBF4, 0xCBF5, 0xCBF6, 0xCBF7, 0xCBF8, 0xCBF9, 0xCBFA,
    0xCBFB, 0xCBFC, 0x0000, 0x0000, 0x0000, 0x0000, 0x0000, 0x0000, 0xCBFD, 0xCBFE, 0xCBFF, 0xCC00,
    0xCC01, 0xCC02, 0xCC03, 0xCC04, 0xCC05, 0xCC06, 0xCC07, 0xCC08, 0xCC09, 0xCC0A, 0xCC0B, 0xCC0E,
    0xCC0F, 0xCC11, 0xCC12, 0xCC13, 0xCC15, 0xCC16, 0xCC17, 0xCC18, 0xCC19, 0xCC1A, 0xCC1B, 0xCC1E,
    0xCC1F, 0xCC20, 0xCC23, 0xCC24, 0x00E6, 0x0111, 0x00F0, 0x0127, 0x0131, 0x0133, 0x0138, 0x0140,
    0x0142, 0x00F8, 0x0153, 0x00DF, 0x00FE, 0x0167, 0x014B, 0x0149, 0x3200, 0x3201, 0x3202, 0x3203,
    0x3204, 0x3205, 0x3206, 0x3207, 0x3208, 0x3209, 0x320A, 0x320B, 0x320C, 0x320D, 0x320E, 0x320F,
    0x3210, 0x3211, 0x3212, 0x3213, 0x3214, 0x3215, 0x3216, 0x3217, 0x3218, 0x3219, 0x321A, 0x321B,
    0x249C, 0x249D, 0x249E, 0x249F, 0x24A0, 0x24A1, 0x24A2, 0x24A3, 0x24A4, 0x24A5, 0x24A6, 0x24A7,
    0x24A8, 0x24A9, 0x24AA, 0x24AB, 0x24AC, 0x24AD, 0x24AE, 0x24AF, 0x24B0, 0x24B1, 0x24B2, 0x24B3,
    0x24B4, 0x24B5, 0x2474, 0x2475, 0x2476, 0x2477, 0x2478, 0x2479, 0x247A, 0x247B, 0x247C, 0x247D,
    0x247E, 0x247F, 0x2480, 0x2481, 0x2482, 0x00B9, 0x00B2, 0x00B3, 0x2074, 0x207F, 0x2081, 0x2082,
    0x2083, 0x2084, 0xCC25, 0xCC26, 0xCC2A, 0xCC2B, 0xCC2D, 0xCC2F, 0xCC31, 0xCC32, 0xCC33, 0xCC34,
    0xCC35, 0xCC36, 0xCC37, 0xCC3A, 0xCC3F, 0xCC40, 0xCC41, 0xCC42, 0xCC43, 0xCC46, 0xCC47, 0xCC49,
    0xCC4A, 0xCC4B, 0xCC4D, 0xCC4E, 0x0000, 0x0000, 0x0000, 0x0000, 0x0000, 0x0000, 0xCC4F, 0xCC50,
    0xCC51, 0xCC52, 0xCC53, 0xCC56, 0xCC5A, 0xCC5B, 0xCC5C, 0xCC5D, 0xCC5E, 0xCC5F, 0xCC61, 0xCC62,
    0xCC63, 0xCC65, 0xCC67, 0xCC69, 0xCC6A, 0xCC6B, 0xCC6C, 0xCC6D, 0xCC6E, 0xCC6F, 0xCC71, 0xCC72,
    0x0000, 0x0000, 0x0000, 0x0000, 0x0000, 0x0000, 0xCC73, 0xCC74, 0xCC76, 0xCC77, 0xCC78, 0xCC79,
    0xCC7A, 0xCC7B, 0xCC7C, 0xCC7D, 0xCC7E, 0xCC7F, 0xCC80, 0xCC81, 0xCC82, 0xCC83, 0xCC84, 0xCC85,
    0xCC86, 0xCC87, 0xCC88, 0xCC89, 0xCC8A, 0xCC8B, 0xCC8C, 0xCC8D, 0xCC8E, 0xCC8F, 0xCC90, 0xCC91,
    0xCC92, 0xCC93, 0x3041, 0x3042, 0x3043, 0x3044, 0x3045, 0x3046, 0x3047, 0x3048, 0x3049, 0x304A,
    0x304B, 0x304C, 0x304D, 0x304E, 0x304F, 0x3050, 0x3051, 0x3052, 0x3053, 0x3054, 0x3055, 0x3056,
    0x3057, 0x3058, 0x3059, 0x305A, 0x305B, 0x305C, 0x305D, 0x305E, 0x305F, 0x3060, 0x3061, 0x3062,
    0x3063, 0x3064, 0x3065, 0x3066, 0x3067, 0x3068, 0x3069, 0x306A, 0x306B, 0x306C, 0x306D, 0x306E,
    0x306F, 0x3070, 0x3071, 0x3072, 0x3073, 0x3074, 0x3075, 0x3076, 0x3077, 0x3078, 0x3079, 0x307A,
    0x307B, 0x307C, 0x307D, 0x307E, 0x307F, 0x3080, 0x3081, 0x3082, 0x3083, 0x3084, 0x3085, 0x3086,
    0x3087, 0x3088, 0x3089, 0x308A, 0x308B, 0x308C, 0x308D, 0x308E, 0x308F, 0x3090, 0x3091, 0x3092,
    0x3093, 0x0000, 0x0000, 0x0000, 0x0000, 0x0000, 0x0000, 0x0000, 0x0000, 0x0000, 0x0000, 0x0000,
    0xCC94, 0xCC95, 0xCC96, 0xCC97, 0xCC9A, 0xCC9B, 0xCC9D, 0xCC9E, 0xCC9F, 0xCCA1, 0xCCA2, 0xCCA3,
    0xCCA4, 0xCCA5, 0xCCA6, 0xCCA7, 0xCCAA, 0xCCAE, 0xCCAF, 0xCCB0, 0xCCB1, 0xCCB2, 0xCCB3, 0xCCB6,
    0xCCB7, 0xCCB9, 0x0000, 0x0000, 0x0000, 0x0000, 0x0000, 0x0000, 0xCCBA, 0xCCBB, 0xCCBD, 0xCCBE,
    0xCCBF, 0xCCC0, 0xCCC1, 0xCCC2, 0xCCC3, 0xCCC6, 0xCCC8, 0xCCCA, 0xCCCB, 0xCCCC, 0xCCCD, 0xCCCE,
    0xCCCF, 0xCCD1, 0xCCD2, 0xCCD3, 0xCCD5, 0xCCD6, 0xCCD7, 0xCCD8, 0xCCD9, 0xCCDA, 0x0000, 0x0000,
    0x0000, 0x0000, 0x0000, 0x0000, 0xCCDB, 0xCCDC, 0xCCDD, 0xCCDE, 0xCCDF, 0xCCE0, 0xCCE1, 0xCCE2,
    0xCCE3, 0xCCE5, 0xCCE6, 0xCCE7, 0xCCE8, 0xCCE9, 0xCCEA, 0xCCEB, 0xCCED, 0xCCEE, 0xCCEF, 0xCCF1,
    0xCCF2, 0xCCF3, 0xCCF4, 0xCCF5, 0xCCF6, 0xCCF7, 0xCCF8, 0xCCF9, 0xCCFA, 0xCCFB, 0xCCFC, 0xCCFD,
    0x30A1, 0x30A2, 0x30A3, 0x30A4, 0x30A5, 0x30A6, 0x30A7, 0x30A8, 0x30A9, 0x30AA, 0x30AB, 0x30AC,
    0x30AD, 0x30AE, 0x30AF, 0x30B0, 0x30B1, 0x30B2, 0x30B3, 0x30B4, 0x30B5, 0x30B6, 0x30B7, 0x30B8,
    0x30B9, 0x30BA, 0x30BB, 0x30BC, 0x30BD, 0x30BE, 0x30BF, 0x30C0, 0x30C1, 0x30C2, 0x30C3, 0x30C4,
    0x30C5, 0x30C6, 0x30C7, 0x30C8, 0x30C9, 0x30CA, 0x30CB, 0x30CC, 0x30CD, 0x30CE, 0x30CF, 0x30D0,
    0x30D1, 0x30D2, 0x30D3, 0x30D4, 0x30D5, 0x30D6, 0x30D7, 0x30D8, 0x30D9, 0x30DA, 0x30DB, 0x30DC,
    0x30DD, 0x30DE, 0x30DF, 0x30E0, 0x30E1, 0x30E2, 0x30E3, 0x30E4, 0x30E5, 0x30E6, 0x30E7, 0x30E8,
    0x30E9, 0x30EA, 0x30EB, 0x30EC, 0x30ED, 0x30EE, 0x30EF, 0x30F0, 0x30F1, 0x30F2, 0x30F3, 0x30F4,
    0x30F5, 0x30F6, 0x0000, 0x0000, 0x0000, 0x0000, 0x0000, 0x0000, 0x0000, 0x0000, 0xCCFE, 0xCCFF,
    0xCD00, 0xCD02, 0xCD03, 0xCD04, 0xCD05, 0xCD06, 0xCD07, 0xCD0A, 0xCD0B, 0xCD0D, 0xCD0E, 0xCD0F,
    0xCD11, 0xCD12, 0xCD13, 0xCD14, 0xCD15, 0xCD16, 0xCD17, 0xCD1A, 0xCD1C, 0xCD1E, 0xCD1F, 0xCD20,
    0x0000, 0x0000, 0x0000, 0x0000, 0x0000, 0x0000, 0xCD21, 0xCD22, 0xCD23, 0xCD25, 0xCD26, 0xCD27,
    0xCD29, 0xCD2A, 0xCD2B, 0xCD2D, 0xCD2E, 0xCD2F, 0xCD30, 0xCD31, 0xCD32, 0xCD33, 0xCD34, 0xCD35,
    0xCD36, 0xCD37, 0xCD38, 0xCD3A, 0xCD3B, 0xCD3C, 0xCD3D, 0xCD3E, 0x0000, 0x0000, 0x0000, 0x0000,
    0x0000, 0x0000, 0xCD3F, 0xCD40, 0xCD41, 0xCD42, 0xCD43, 0xCD44, 0xCD45, 0xCD46, 0xCD47, 0xCD48,
    0xCD49, 0xCD4A, 0xCD4B, 0xCD4C, 0xCD4D, 0xCD4E, 0xCD4F, 0xCD50, 0xCD51, 0xCD52, 0xCD53, 0xCD54,
    0xCD55, 0xCD56, 0xCD57, 0xCD58, 0xCD59, 0xCD5A, 0xCD5B, 0xCD5D, 0xCD5E, 0xCD5F, 0x0410, 0x0411,
    0x0412, 0x0413, 0x0414, 0x0415, 0x0401, 0x0416, 0x0417, 0x0418, 0x0419, 0x041A, 0x041B, 0x041C,
    0x041D, 0x041E, 0x041F, 0x0420, 0x0421, 0x0422, 0x0423, 0x0424, 0x0425, 0x0426, 0x0427, 0x0428,
    0x0429, 0x042A, 0x042B, 0x042C, 0x042D, 0x042E, 0x042F, 0x0000, 0x0000, 0x0000, 0x0000, 0x0000,
    0x0000, 0x0000, 0x0000, 0x0000, 0x0000, 0x0000, 0x0000, 0x0000, 0x0000, 0x0000, 0x0430, 0x0431,
    0x0432, 0x0433, 0x0434, 0x0435, 0x0451, 0x0436, 0x0437, 0x0438, 0x0439, 0x043A, 0x043B, 0x043C,
    0x043D, 0x043E, 0x043F, 0x0440, 0x0441, 0x0442, 0x0443, 0x0444, 0x0445, 0x0446, 0x0447, 0x0448,
    0x0449, 0x044A, 0x044B, 0x044C, 0x044D, 0x044E, 0x044F, 0x0000, 0x0000, 0x0000, 0x0000, 0x0000,
    0x0000, 0x0000, 0x0000, 0x0000, 0x0000, 0x0000, 0x0000, 0x0000, 0xCD61, 0xCD62, 0xCD63, 0xCD65,
    0xCD66, 0xCD67, 0xCD68, 0xCD69, 0xCD6A, 0xCD6B, 0xCD6E, 0xCD70, 0xCD72, 0xCD73, 0xCD74, 0xCD75,
    0xCD76, 0xCD77, 0xCD79, 0xCD7A, 0xCD7B, 0xCD7C, 0xCD7D, 0xCD7E, 0xCD7F, 0xCD80, 0x0000, 0x0000,
    0x0000, 0x0000, 0x0000, 0x0000, 0xCD81, 0xCD82, 0xCD83, 0xCD84, 0xCD85, 0xCD86, 0xCD87, 0xCD89,
    0xCD8A, 0xCD8B, 0xCD8C, 0xCD8D, 0xCD8E, 0xCD8F, 0xCD90, 0xCD91, 0xCD92, 0xCD93, 0xCD96, 0xCD97,
    0xCD99, 0xCD9A, 0xCD9B, 0xCD9D, 0xCD9E, 0xCD9F, 0x0000, 0x0000, 0x0000, 0x0000, 0x0000, 0x0000,
    0xCDA0, 0xCDA1, 0xCDA2, 0xCDA3, 0xCDA6, 0xCDA8, 0xCDAA, 0xCDAB, 0xCDAC, 0xCDAD, 0xCDAE, 0xCDAF,
    0xCDB1, 0xCDB2, 0xCDB3, 0xCDB4, 0xCDB5, 0xCDB6, 0xCDB7, 0xCDB8, 0xCDB9, 0xCDBA, 0xCDBB, 0xCDBC,
    0xCDBD, 0xCDBE, 0xCDBF, 0xCDC0, 0xCDC1, 0xCDC2, 0xCDC3, 0xCDC5, 0x0000, 0x0000, 0x0000, 0x0000,
    0x0000, 0x0000, 0x0000, 0x0000, 0x0000, 0x0000, 0x0000, 0x0000, 0x0000, 0x0000, 0x0000, 0x0000,
    0x0000, 0x0000, 0x0000, 0x0000, 0x0000, 0x0000, 0x0000, 0x0000, 0x0000, 0x0000, 0x0000, 0x0000,
    0x0000, 0x0000, 0x0000, 0x0000, 0x0000, 0x0000, 0x0000, 0x0000, 0x0000, 0x0000, 0x0000, 0x0000,
    0x0000, 0x0000, 0x0000, 0x0000, 0x0000, 0x0000, 0x0000, 0x0000, 0x0000, 0x0000, 0x0000, 0x0000,
    0x0000, 0x0000, 0x0000, 0x0000, 0x0000, 0x0000, 0x0000, 0x0000, 0x0000, 0x0000, 0x0000, 0x0000,
    0x0000, 0x0000, 0x0000, 0x0000, 0x0000, 0x0000, 0x0000, 0x0000, 0x0000, 0x0000, 0x0000, 0x0000,
    0x0000, 0x0000, 0x0000, 0x0000, 0x0000, 0x0000, 0x0000, 0x0000, 0x0000, 0x0000, 0x0000, 0x0000,
    0x0000, 0x0000, 0x0000, 0x0000, 0x0000, 0x0000, 0xCDC6, 0xCDC7, 0xCDC8, 0xCDC9, 0xCDCA, 0xCDCB,
    0xCDCD, 0xCDCE, 0xCDCF, 0xCDD1, 0xCDD2, 0xCDD3, 0xCDD4, 0xCDD5, 0xCDD6, 0xCDD7, 0xCDD8, 0xCDD9,
    0xCDDA, 0xCDDB, 0xCDDC, 0xCDDD, 0xCDDE, 0xCDDF, 0xCDE0, 0xCDE1, 0x0000, 0x0000, 0x0000, 0x0000,
    0x0000, 0x0000, 0xCDE2, 0xCDE3, 0xCDE4, 0xCDE5, 0xCDE6, 0xCDE7, 0xCDE9, 0xCDEA, 0xCDEB, 0xCDED,
    0xCDEE, 0xCDEF, 0xCDF1, 0xCDF2, 0xCDF3, 0xCDF4, 0xCDF5, 0xCDF6, 0xCDF7, 0xCDFA, 0xCDFC, 0xCDFE,
    0xCDFF, 0xCE00, 0xCE01, 0xCE02, 0x0000, 0x0000, 0x0000, 0x0000, 0x0000, 0x0000, 0xCE03, 0xCE05,
    0xCE06, 0xCE07, 0xCE09, 0xCE0A, 0xCE0B, 0xCE0D, 0xCE0E, 0xCE0F, 0xCE10, 0xCE11, 0xCE12, 0xCE13,
    0xCE15, 0xCE16, 0xCE17, 0xCE18, 0xCE1A, 0xCE1B, 0xCE1C, 0xCE1D, 0xCE1E, 0xCE1F, 0xCE22, 0xCE23,
    0xCE25, 0xCE26, 0xCE27, 0xCE29, 0xCE2A, 0xCE2B, 0x0000, 0x0000, 0x0000, 0x0000, 0x0000, 0x0000,
    0x0000, 0x0000, 0x0000, 0x0000, 0x0000, 0x0000, 0x0000, 0x0000, 0x0000, 0x0000, 0x0000, 0x0000,
    0x0000, 0x0000, 0x0000, 0x0000, 0x0000, 0x0000, 0x0000, 0x0000, 0x0000, 0x0000, 0x0000, 0x0000,
    0x0000, 0x0000, 0x0000, 0x0000, 0x0000, 0x0000, 0x0000, 0x0000, 0x0000, 0x0000, 0x0000, 0x0000,
    0x0000, 0x0000, 0x0000, 0x0000, 0x0000, 0x0000, 0x0000, 0x0000, 0x0000, 0x0000, 0x0000, 0x0000,
    0x0000, 0x0000, 0x0000, 0x0000, 0x0000, 0x0000, 0x0000, 0x0000, 0x0000, 0x0000, 0x0000, 0x0000,
    0x0000, 0x0000, 0x0000, 0x0000, 0x0000, 0x0000, 0x0000, 0x0000, 0x0000, 0x0000, 0x0000, 0x0000,
    0x0000, 0x0000, 0x0000, 0x0000, 0x0000, 0x0000, 0x0000, 0x0000, 0x0000, 0x0000, 0x0000, 0x0000,
    0x0000, 0x0000, 0x0000, 0x0000, 0xCE2C, 0xCE2D, 0xCE2E, 0xCE2F, 0xCE32, 0xCE34, 0xCE36, 0xCE37,
    0xCE38, 0xCE39, 0xCE3A, 0xCE3B, 0xCE3C, 0xCE3D, 0xCE3E, 0xCE3F, 0xCE40, 0xCE41, 0xCE42, 0xCE43,
    0xCE44, 0xCE45, 0xCE46, 0xCE47, 0xCE48, 0xCE49, 0x0000, 0x0000, 0x0000, 0x0000, 0x0000, 0x0000,
    0xCE4A, 0xCE4B, 0xCE4C, 0xCE4D, 0xCE4E, 0xCE4F, 0xCE50, 0xCE51, 0xCE52, 0xCE53, 0xCE54, 0xCE55,
    0xCE56, 0xCE57, 0xCE5A, 0xCE5B, 0xCE5D, 0xCE5E, 0xCE62, 0xCE63, 0xCE64, 0xCE65, 0xCE66, 0xCE67,
    0xCE6A, 0xCE6C, 0x0000, 0x0000, 0x0000, 0x0000, 0x0000, 0x0000, 0xCE6E, 0xCE6F, 0xCE70, 0xCE71,
    0xCE72, 0xCE73, 0xCE76, 0xCE77, 0xCE79, 0xCE7A, 0xCE7B, 0xCE7D, 0xCE7E, 0xCE7F, 0xCE80, 0xCE81,
    0xCE82, 0xCE83, 0xCE86, 0xCE88, 0xCE8A, 0xCE8B, 0xCE8C, 0xCE8D, 0xCE8E, 0xCE8F, 0xCE92, 0xCE93,
    0xCE95, 0xCE96, 0xCE97, 0xCE99, 0x0000, 0x0000, 0x0000, 0x0000, 0x0000, 0x0000, 0x0000, 0x0000,
    0x0000, 0x0000, 0x0000, 0x0000, 0x0000, 0x0000, 0x0000, 0x0000, 0x0000, 0x0000, 0x0000, 0x0000,
    0x0000, 0x0000, 0x0000, 0x0000, 0x0000, 0x0000, 0x0000, 0x0000, 0x0000, 0x0000, 0x0000, 0x0000,
    0x0000, 0x0000, 0x0000, 0x0000, 0x0000, 0x0000, 0x0000, 0x0000, 0x0000, 0x0000, 0x0000, 0x0000,
    0x0000, 0x0000, 0x0000, 0x0000, 0x0000, 0x0000, 0x0000, 0x0000, 0x0000, 0x0000, 0x0000, 0x0000,
    0x0000, 0x0000, 0x0000, 0x0000, 0x0000, 0x0000, 0x0000, 0x0000, 0x0000, 0x0000, 0x0000, 0x0000,
    0x0000, 0x0000, 0x0000, 0x0000, 0x0000, 0x0000, 0x0000, 0x0000, 0x0000, 0x0000, 0x0000, 0x0000,
    0x0000, 0x0000, 0x0000, 0x0000, 0x0000, 0x0000, 0x0000, 0x0000, 0x0000, 0x0000, 0x0000, 0x0000,
    0x0000, 0x0000, 0xCE9A, 0xCE9B, 0xCE9C, 0xCE9D, 0xCE9E, 0xCE9F, 0xCEA2, 0xCEA6, 0xCEA7, 0xCEA8,
    0xCEA9, 0xCEAA, 0xCEAB, 0xCEAE, 0xCEAF, 0xCEB0, 0xCEB1, 0xCEB2, 0xCEB3, 0xCEB4, 0xCEB5, 0xCEB6,
    0xCEB7, 0xCEB8, 0xCEB9, 0xCEBA, 0x0000, 0x0000, 0x0000, 0x0000, 0x0000, 0x0000, 0xCEBB, 0xCEBC,
    0xCEBD, 0xCEBE, 0xCEBF, 0xCEC0, 0xCEC2, 0xCEC3, 0xCEC4, 0xCEC5, 0xCEC6, 0xCEC7, 0xCEC8, 0xCEC9,
    0xCECA, 0xCECB, 0xCECC, 0xCECD, 0xCECE, 0xCECF, 0xCED0, 0xCED1, 0xCED2, 0xCED3, 0xCED4, 0xCED5,
    0x0000, 0x0000, 0x0000, 0x0000, 0x0000, 0x0000, 0xCED6, 0xCED7, 0xCED8, 0xCED9, 0xCEDA, 0xCEDB,
    0xCEDC, 0xCEDD, 0xCEDE, 0xCEDF, 0xCEE0, 0xCEE1, 0xCEE2, 0xCEE3, 0xCEE6, 0xCEE7, 0xCEE9, 0xCEEA,
    0xCEED, 0xCEEE, 0xCEEF, 0xCEF0, 0xCEF1, 0xCEF2, 0xCEF3, 0xCEF6, 0xCEFA, 0xCEFB, 0xCEFC, 0xCEFD,
    0xCEFE, 0xCEFF, 0xAC00, 0xAC01, 0xAC04, 0xAC07, 0xAC08, 0xAC09, 0xAC0A, 0xAC10, 0xAC11, 0xAC12,
    0xAC13, 0xAC14, 0xAC15, 0xAC16, 0xAC17, 0xAC19, 0xAC1A, 0xAC1B, 0xAC1C, 0xAC1D, 0xAC20, 0xAC24,
    0xAC2C, 0xAC2D, 0xAC2F, 0xAC30, 0xAC31, 0xAC38, 0xAC39, 0xAC3C, 0xAC40, 0xAC4B, 0xAC4D, 0xAC54,
    0xAC58, 0xAC5C, 0xAC70, 0xAC71, 0xAC74, 0xAC77, 0xAC78, 0xAC7A, 0xAC80, 0xAC81, 0xAC83, 0xAC84,
    0xAC85, 0xAC86, 0xAC89, 0xAC8A, 0xAC8B, 0xAC8C, 0xAC90, 0xAC94, 0xAC9C, 0xAC9D, 0xAC9F, 0xACA0,
    0xACA1, 0xACA8, 0xACA9, 0xACAA, 0xACAC, 0xACAF, 0xACB0, 0xACB8, 0xACB9, 0xACBB, 0xACBC, 0xACBD,
    0xACC1, 0xACC4, 0xACC8, 0xACCC, 0xACD5, 0xACD7, 0xACE0, 0xACE1, 0xACE4, 0xACE7, 0xACE8, 0xACEA,
    0xACEC, 0xACEF, 0xACF0, 0xACF1, 0xACF3, 0xACF5, 0xACF6, 0xACFC, 0xACFD, 0xAD00, 0xAD04, 0xAD06,
    0xCF02, 0xCF03, 0xCF05, 0xCF06, 0xCF07, 0xCF09, 0xCF0A, 0xCF0B, 0xCF0C, 0xCF0D, 0xCF0E, 0xCF0F,
    0xCF12, 0xCF14, 0xCF16, 0xCF17, 0xCF18, 0xCF19, 0xCF1A, 0xCF1B, 0xCF1D, 0xCF1E, 0xCF1F, 0xCF21,
    0xCF22, 0xCF23, 0x0000, 0x0000, 0x0000, 0x0000, 0x0000, 0x0000, 0xCF25, 0xCF26, 0xCF27, 0xCF28,
    0xCF29, 0xCF2A, 0xCF2B, 0xCF2E, 0xCF32, 0xCF33, 0xCF34, 0xCF35, 0xCF36, 0xCF37, 0xCF39, 0xCF3A,
    0xCF3B, 0xCF3C, 0xCF3D, 0xCF3E, 0xCF3F, 0xCF40, 0xCF41, 0xCF42, 0xCF43, 0xCF44, 0x0000, 0x0000,
    0x0000, 0x0000, 0x0000, 0x0000, 0xCF45, 0xCF46, 0xCF47, 0xCF48, 0xCF49, 0xCF4A, 0xCF4B, 0xCF4C,
    0xCF4D, 0xCF4E, 0xCF4F, 0xCF50, 0xCF51, 0xCF52, 0xCF53, 0xCF56, 0xCF57, 0xCF59, 0xCF5A, 0xCF5B,
    0xCF5D, 0xCF5E, 0xCF5F, 0xCF60, 0xCF61, 0xCF62, 0xCF63, 0xCF66, 0xCF68, 0xCF6A, 0xCF6B, 0xCF6C,
    0xAD0C, 0xAD0D, 0xAD0F, 0xAD11, 0xAD18, 0xAD1C, 0xAD20, 0xAD29, 0xAD2C, 0xAD2D, 0xAD34, 0xAD35,
    0xAD38, 0xAD3C, 0xAD44, 0xAD45, 0xAD47, 0xAD49, 0xAD50, 0xAD54, 0xAD58, 0xAD61, 0xAD63, 0xAD6C,
    0xAD6D, 0xAD70, 0xAD73, 0xAD74, 0xAD75, 0xAD76, 0xAD7B, 0xAD7C, 0xAD7D, 0xAD7F, 0xAD81, 0xAD82,
    0xAD88, 0xAD89, 0xAD8C, 0xAD90, 0xAD9C, 0xAD9D, 0xADA4, 0xADB7, 0xADC0, 0xADC1, 0xADC4, 0xADC8,
    0xADD0, 0xADD1, 0xADD3, 0xADDC, 0xADE0, 0xADE4, 0xADF8, 0xADF9, 0xADFC, 0xADFF, 0xAE00, 0xAE01,
    0xAE08, 0xAE09, 0xAE0B, 0xAE0D, 0xAE14, 0xAE30, 0xAE31, 0xAE34, 0xAE37, 0xAE38, 0xAE3A, 0xAE40,
    0xAE41, 0xAE43, 0xAE45, 0xAE46, 0xAE4A, 0xAE4C, 0xAE4D, 0xAE4E, 0xAE50, 0xAE54, 0xAE56, 0xAE5C,
    0xAE5D, 0xAE5F, 0xAE60, 0xAE61, 0xAE65, 0xAE68, 0xAE69, 0xAE6C, 0xAE70, 0xAE78, 0xCF6D, 0xCF6E,
    0xCF6F, 0xCF72, 0xCF73, 0xCF75, 0xCF76, 0xCF77, 0xCF79, 0xCF7A, 0xCF7B, 0xCF7C, 0xCF7D, 0xCF7E,
    0xCF7F, 0xCF81, 0xCF82, 0xCF83, 0xCF84, 0xCF86, 0xCF87, 0xCF88, 0xCF89, 0xCF8A, 0xCF8B, 0xCF8D,
    0x0000, 0x0000, 0x0000, 0x0000, 0x0000, 0x0000, 0xCF8E, 0xCF8F, 0xCF90, 0xCF91, 0xCF92, 0xCF93,
    0xCF94, 0xCF95, 0xCF96, 0xCF97, 0xCF98, 0xCF99, 0xCF9A, 0xCF9B, 0xCF9C, 0xCF9D, 0xCF9E, 0xCF9F,
    0xCFA0, 0xCFA2, 0xCFA3, 0xCFA4, 0xCFA5, 0xCFA6, 0xCFA7, 0xCFA9, 0x0000, 0x0000, 0x0000, 0x0000,
    0x0000, 0x0000, 0xCFAA, 0xCFAB, 0xCFAC, 0xCFAD, 0xCFAE, 0xCFAF, 0xCFB1, 0xCFB2, 0xCFB3, 0xCFB4,
    0xCFB5, 0xCFB6, 0xCFB7, 0xCFB8, 0xCFB9, 0xCFBA, 0xCFBB, 0xCFBC, 0xCFBD, 0xCFBE, 0xCFBF, 0xCFC0,
    0xCFC1, 0xCFC2, 0xCFC3, 0xCFC5, 0xCFC6, 0xCFC7, 0xCFC8, 0xCFC9, 0xCFCA, 0xCFCB, 0xAE79, 0xAE7B,
    0xAE7C, 0xAE7D, 0xAE84, 0xAE85, 0xAE8C, 0xAEBC, 0xAEBD, 0xAEBE, 0xAEC0, 0xAEC4, 0xAECC, 0xAECD,
    0xAECF, 0xAED0, 0xAED1, 0xAED8, 0xAED9, 0xAEDC, 0xAEE8, 0xAEEB, 0xAEED, 0xAEF4, 0xAEF8, 0xAEFC,
    0xAF07, 0xAF08, 0xAF0D, 0xAF10, 0xAF2C, 0xAF2D, 0xAF30, 0xAF32, 0xAF34, 0xAF3C, 0xAF3D, 0xAF3F,
    0xAF41, 0xAF42, 0xAF43, 0xAF48, 0xAF49, 0xAF50, 0xAF5C, 0xAF5D, 0xAF64, 0xAF65, 0xAF79, 0xAF80,
    0xAF84, 0xAF88, 0xAF90, 0xAF91, 0xAF95, 0xAF9C, 0xAFB8, 0xAFB9, 0xAFBC, 0xAFC0, 0xAFC7, 0xAFC8,
    0xAFC9, 0xAFCB, 0xAFCD, 0xAFCE, 0xAFD4, 0xAFDC, 0xAFE8, 0xAFE9, 0xAFF0, 0xAFF1, 0xAFF4, 0xAFF8,
    0xB000, 0xB001, 0xB004, 0xB00C, 0xB010, 0xB014, 0xB01C, 0xB01D, 0xB028, 0xB044, 0xB045, 0xB048,
    0xB04A, 0xB04C, 0xB04E, 0xB053, 0xB054, 0xB055, 0xB057, 0xB059, 0xCFCC, 0xCFCD, 0xCFCE, 0xCFCF,
    0xCFD0, 0xCFD1, 0xCFD2, 0xCFD3, 0xCFD4, 0xCFD5, 0xCFD6, 0xCFD7, 0xCFD8, 0xCFD9, 0xCFDA, 0xCFDB,
    0xCFDC, 0xCFDD, 0xCFDE, 0xCFDF, 0xCFE2, 0xCFE3, 0xCFE5, 0xCFE6, 0xCFE7, 0xCFE9, 0x0000, 0x0000,
    0x0000, 0x0000, 0x0000, 0x0000, 0xCFEA, 0xCFEB, 0xCFEC, 0xCFED, 0xCFEE, 0xCFEF, 0xCFF2, 0xCFF4,
    0xCFF6, 0xCFF7, 0xCFF8, 0xCFF9, 0xCFFA, 0xCFFB, 0xCFFD, 0xCFFE, 0xCFFF, 0xD001, 0xD002, 0xD003,
    0xD005, 0xD006, 0xD007, 0xD008, 0xD009, 0xD00A, 0x0000, 0x0000, 0x0000, 0x0000, 0x0000, 0x0000,
    0xD00B, 0xD00C, 0xD00D, 0xD00E, 0xD00F, 0xD010, 0xD012, 0xD013, 0xD014, 0xD015, 0xD016, 0xD017,
    0xD019, 0xD01A, 0xD01B, 0xD01C, 0xD01D, 0xD01E, 0xD01F, 0xD020, 0xD021, 0xD022, 0xD023, 0xD024,
    0xD025, 0xD026, 0xD027, 0xD028, 0xD029, 0xD02A, 0xD02B, 0xD02C, 0xB05D, 0xB07C, 0xB07D, 0xB080,
    0xB084, 0xB08C, 0xB08D, 0xB08F, 0xB091, 0xB098, 0xB099, 0xB09A, 0xB09C, 0xB09F, 0xB0A0, 0xB0A1,
    0xB0A2, 0xB0A8, 0xB0A9, 0xB0AB, 0xB0AC, 0xB0AD, 0xB0AE, 0xB0AF, 0xB0B1, 0xB0B3, 0xB0B4, 0xB0B5,
    0xB0B8, 0xB0BC, 0xB0C4, 0xB0C5, 0xB0C7, 0xB0C8, 0xB0C9, 0xB0D0, 0xB0D1, 0xB0D4, 0xB0D8, 0xB0E0,
    0xB0E5, 0xB108, 0xB109, 0xB10B, 0xB10C, 0xB110, 0xB112, 0xB113, 0xB118, 0xB119, 0xB11B, 0xB11C,
    0xB11D, 0xB123, 0xB124, 0xB125, 0xB128, 0xB12C, 0xB134, 0xB135, 0xB137, 0xB138, 0xB139, 0xB140,
    0xB141, 0xB144, 0xB148, 0xB150, 0xB151, 0xB154, 0xB155, 0xB158, 0xB15C, 0xB160, 0xB178, 0xB179,
    0xB17C, 0xB180, 0xB182, 0xB188, 0xB189, 0xB18B, 0xB18D, 0xB192, 0xB193, 0xB194, 0xB198, 0xB19C,
    0xB1A8, 0xB1CC, 0xB1D0, 0xB1D4, 0xB1DC, 0xB1DD, 0xD02E, 0xD02F, 0xD030, 0xD031, 0xD032, 0xD033,
    0xD036, 0xD037, 0xD039, 0xD03A, 0xD03B, 0xD03D, 0xD03E, 0xD03F, 0xD040, 0xD041, 0xD042, 0xD043,
    0xD046, 0xD048, 0xD04A, 0xD04B, 0xD04C, 0xD04D, 0xD04E, 0xD04F, 0x0000, 0x0000, 0x0000, 0x0000,
    0x0000, 0x0000, 0xD051, 0xD052, 0xD053, 0xD055, 0xD056, 0xD057, 0xD059, 0xD05A, 0xD05B, 0xD05C,
    0xD05D, 0xD05E, 0xD05F, 0xD061, 0xD062, 0xD063, 0xD064, 0xD065, 0xD066, 0xD067, 0xD068, 0xD069,
    0xD06A, 0xD06B, 0xD06E, 0xD06F, 0x0000, 0x0000, 0x0000, 0x0000, 0x0000, 0x0000, 0xD071, 0xD072,
    0xD073, 0xD075, 0xD076, 0xD077, 0xD078, 0xD079, 0xD07A, 0xD07B, 0xD07E, 0xD07F, 0xD080, 0xD082,
    0xD083, 0xD084, 0xD085, 0xD086, 0xD087, 0xD088, 0xD089, 0xD08A, 0xD08B, 0xD08C, 0xD08D, 0xD08E,
    0xD08F, 0xD090, 0xD091, 0xD092, 0xD093, 0xD094, 0xB1DF, 0xB1E8, 0xB1E9, 0xB1EC, 0xB1F0, 0xB1F9,
    0xB1FB, 0xB1FD, 0xB204, 0xB205, 0xB208, 0xB20B, 0xB20C, 0xB214, 0xB215, 0xB217, 0xB219, 0xB220,
    0xB234, 0xB23C, 0xB258, 0xB25C, 0xB260, 0xB268, 0xB269, 0xB274, 0xB275, 0xB27C, 0xB284, 0xB285,
    0xB289, 0xB290, 0xB291, 0xB294, 0xB298, 0xB299, 0xB29A, 0xB2A0, 0xB2A1, 0xB2A3, 0xB2A5, 0xB2A6,
    0xB2AA, 0xB2AC, 0xB2B0, 0xB2B4, 0xB2C8, 0xB2C9, 0xB2CC, 0xB2D0, 0xB2D2, 0xB2D8, 0xB2D9, 0xB2DB,
    0xB2DD, 0xB2E2, 0xB2E4, 0xB2E5, 0xB2E6, 0xB2E8, 0xB2EB, 0xB2EC, 0xB2ED, 0xB2EE, 0xB2EF, 0xB2F3,
    0xB2F4, 0xB2F5, 0xB2F7, 0xB2F8, 0xB2F9, 0xB2FA, 0xB2FB, 0xB2FF, 0xB300, 0xB301, 0xB304, 0xB308,
    0xB310, 0xB311, 0xB313, 0xB314, 0xB315, 0xB31C, 0xB354, 0xB355, 0xB356, 0xB358, 0xB35B, 0xB35C,
    0xB35E, 0xB35F, 0xB364, 0xB365, 0xD095, 0xD096, 0xD097, 0xD098, 0xD099, 0xD09A, 0xD09B, 0xD09C,
    0xD09D, 0xD09E, 0xD09F, 0xD0A0, 0xD0A1, 0xD0A2, 0xD0A3, 0xD0A6, 0xD0A7, 0xD0A9, 0xD0AA, 0xD0AB,
    0xD0AD, 0xD0AE, 0xD0AF, 0xD0B0, 0xD0B1, 0xD0B2, 0x0000, 0x0000, 0x0000, 0x0000, 0x0000, 0x0000,
    0xD0B3, 0xD0B6, 0xD0B8, 0xD0BA, 0xD0BB, 0xD0BC, 0xD0BD, 0xD0BE, 0xD0BF, 0xD0C2, 0xD0C3, 0xD0C5,
    0xD0C6, 0xD0C7, 0xD0CA, 0xD0CB, 0xD0CC, 0xD0CD, 0xD0CE, 0xD0CF, 0xD0D2, 0xD0D6, 0xD0D7, 0xD0D8,
    0xD0D9, 0xD0DA, 0x0000, 0x0000, 0x0000, 0x0000, 0x0000, 0x0000, 0xD0DB, 0xD0DE, 0xD0DF, 0xD0E1,
    0xD0E2, 0xD0E3, 0xD0E5, 0xD0E6, 0xD0E7, 0xD0E8, 0xD0E9, 0xD0EA, 0xD0EB, 0xD0EE, 0xD0F2, 0xD0F3,
    0xD0F4, 0xD0F5, 0xD0F6, 0xD0F7, 0xD0F9, 0xD0FA, 0xD0FB, 0xD0FC, 0xD0FD, 0xD0FE, 0xD0FF, 0xD100,
    0xD101, 0xD102, 0xD103, 0xD104, 0xB367, 0xB369, 0xB36B, 0xB36E, 0xB370, 0xB371, 0xB374, 0xB378,
    0xB380, 0xB381, 0xB383, 0xB384, 0xB385, 0xB38C, 0xB390, 0xB394, 0xB3A0, 0xB3A1, 0xB3A8, 0xB3AC,
    0xB3C4, 0xB3C5, 0xB3C8, 0xB3CB, 0xB3CC, 0xB3CE, 0xB3D0, 0xB3D4, 0xB3D5, 0xB3D7, 0xB3D9, 0xB3DB,
    0xB3DD, 0xB3E0, 0xB3E4, 0xB3E8, 0xB3FC, 0xB410, 0xB418, 0xB41C, 0xB420, 0xB428, 0xB429, 0xB42B,
    0xB434, 0xB450, 0xB451, 0xB454, 0xB458, 0xB460, 0xB461, 0xB463, 0xB465, 0xB46C, 0xB480, 0xB488,
    0xB49D, 0xB4A4, 0xB4A8, 0xB4AC, 0xB4B5, 0xB4B7, 0xB4B9, 0xB4C0, 0xB4C4, 0xB4C8, 0xB4D0, 0xB4D5,
    0xB4DC, 0xB4DD, 0xB4E0, 0xB4E3, 0xB4E4, 0xB4E6, 0xB4EC, 0xB4ED, 0xB4EF, 0xB4F1, 0xB4F8, 0xB514,
    0xB515, 0xB518, 0xB51B, 0xB51C, 0xB524, 0xB525, 0xB527, 0xB528, 0xB529, 0xB52A, 0xB530, 0xB531,
    0xB534, 0xB538, 0xD105, 0xD106, 0xD107, 0xD108, 0xD109, 0xD10A, 0xD10B, 0xD10C, 0xD10E, 0xD10F,
    0xD110, 0xD111, 0xD112, 0xD113, 0xD114, 0xD115, 0xD116, 0xD117, 0xD118, 0xD119, 0xD11A, 0xD11B,
    0xD11C, 0xD11D, 0xD11E, 0xD11F, 0x0000, 0x0000, 0x0000, 0x0000, 0x0000, 0x0000, 0xD120, 0xD121,
    0xD122, 0xD123, 0xD124, 0xD125, 0xD126, 0xD127, 0xD128, 0xD129, 0xD12A, 0xD12B, 0xD12C, 0xD12D,
    0xD12E, 0xD12F, 0xD132, 0xD133, 0xD135, 0xD136, 0xD137, 0xD139, 0xD13B, 0xD13C, 0xD13D, 0xD13E,
    0x0000, 0x0000, 0x0000, 0x0000, 0x0000, 0x0000, 0xD13F, 0xD142, 0xD146, 0xD147, 0xD148, 0xD149,
    0xD14A, 0xD14B, 0xD14E, 0xD14F, 0xD151, 0xD152, 0xD153, 0xD155, 0xD156, 0xD157, 0xD158, 0xD159,
    0xD15A, 0xD15B, 0xD15E, 0xD160, 0xD162, 0xD163, 0xD164, 0xD165, 0xD166, 0xD167, 0xD169, 0xD16A,
    0xD16B, 0xD16D, 0xB540, 0xB541, 0xB543, 0xB544, 0xB545, 0xB54B, 0xB54C, 0xB54D, 0xB550, 0xB554,
    0xB55C, 0xB55D, 0xB55F, 0xB560, 0xB561, 0xB5A0, 0xB5A1, 0xB5A4, 0xB5A8, 0xB5AA, 0xB5AB, 0xB5B0,
    0xB5B1, 0xB5B3, 0xB5B4, 0xB5B5, 0xB5BB, 0xB5BC, 0xB5BD, 0xB5C0, 0xB5C4, 0xB5CC, 0xB5CD, 0xB5CF,
    0xB5D0, 0xB5D1, 0xB5D8, 0xB5EC, 0xB610, 0xB611, 0xB614, 0xB618, 0xB625, 0xB62C, 0xB634, 0xB648,
    0xB664, 0xB668, 0xB69C, 0xB69D, 0xB6A0, 0xB6A4, 0xB6AB, 0xB6AC, 0xB6B1, 0xB6D4, 0xB6F0, 0xB6F4,
    0xB6F8, 0xB700, 0xB701, 0xB705, 0xB728, 0xB729, 0xB72C, 0xB72F, 0xB730, 0xB738, 0xB739, 0xB73B,
    0xB744, 0xB748, 0xB74C, 0xB754, 0xB755, 0xB760, 0xB764, 0xB768, 0xB770, 0xB771, 0xB773, 0xB775,
    0xB77C, 0xB77D, 0xB780, 0xB784, 0xB78C, 0xB78D, 0xB78F, 0xB790, 0xB791, 0xB792, 0xB796, 0xB797,
    0xD16E, 0xD16F, 0xD170, 0xD171, 0xD172, 0xD173, 0xD174, 0xD175, 0xD176, 0xD177, 0xD178, 0xD179,
    0xD17A, 0xD17B, 0xD17D, 0xD17E, 0xD17F, 0xD180, 0xD181, 0xD182, 0xD183, 0xD185, 0xD186, 0xD187,
    0xD189, 0xD18A, 0x0000, 0x0000, 0x0000, 0x0000, 0x0000, 0x0000, 0xD18B, 0xD18C, 0xD18D, 0xD18E,
    0xD18F, 0xD190, 0xD191, 0xD192, 0xD193, 0xD194, 0xD195, 0xD196, 0xD197, 0xD198, 0xD199, 0xD19A,
    0xD19B, 0xD19C, 0xD19D, 0xD19E, 0xD19F, 0xD1A2, 0xD1A3, 0xD1A5, 0xD1A6, 0xD1A7, 0x0000, 0x0000,
    0x0000, 0x0000, 0x0000, 0x0000, 0xD1A9, 0xD1AA, 0xD1AB, 0xD1AC, 0xD1AD, 0xD1AE, 0xD1AF, 0xD1B2,
    0xD1B4, 0xD1B6, 0xD1B7, 0xD1B8, 0xD1B9, 0xD1BB, 0xD1BD, 0xD1BE, 0xD1BF, 0xD1C1, 0xD1C2, 0xD1C3,
    0xD1C4, 0xD1C5, 0xD1C6, 0xD1C7, 0xD1C8, 0xD1C9, 0xD1CA, 0xD1CB, 0xD1CC, 0xD1CD, 0xD1CE, 0xD1CF,
    0xB798, 0xB799, 0xB79C, 0xB7A0, 0xB7A8, 0xB7A9, 0xB7AB, 0xB7AC, 0xB7AD, 0xB7B4, 0xB7B5, 0xB7B8,
    0xB7C7, 0xB7C9, 0xB7EC, 0xB7ED, 0xB7F0, 0xB7F4, 0xB7FC, 0xB7FD, 0xB7FF, 0xB800, 0xB801, 0xB807,
    0xB808, 0xB809, 0xB80C, 0xB810, 0xB818, 0xB819, 0xB81B, 0xB81D, 0xB824, 0xB825, 0xB828, 0xB82C,
    0xB834, 0xB835, 0xB837, 0xB838, 0xB839, 0xB840, 0xB844, 0xB851, 0xB853, 0xB85C, 0xB85D, 0xB860,
    0xB864, 0xB86C, 0xB86D, 0xB86F, 0xB871, 0xB878, 0xB87C, 0xB88D, 0xB8A8, 0xB8B0, 0xB8B4, 0xB8B8,
    0xB8C0, 0xB8C1, 0xB8C3, 0xB8C5, 0xB8CC, 0xB8D0, 0xB8D4, 0xB8DD, 0xB8DF, 0xB8E1, 0xB8E8, 0xB8E9,
    0xB8EC, 0xB8F0, 0xB8F8, 0xB8F9, 0xB8FB, 0xB8FD, 0xB904, 0xB918, 0xB920, 0xB93C, 0xB93D, 0xB940,
    0xB944, 0xB94C, 0xB94F, 0xB951, 0xB958, 0xB959, 0xB95C, 0xB960, 0xB968, 0xB969, 0xD1D0, 0xD1D1,
    0xD1D2, 0xD1D3, 0xD1D4, 0xD1D5, 0xD1D6, 0xD1D7, 0xD1D9, 0xD1DA, 0xD1DB, 0xD1DC, 0xD1DD, 0xD1DE,
    0xD1DF, 0xD1E0, 0xD1E1, 0xD1E2, 0xD1E3, 0xD1E4, 0xD1E5, 0xD1E6, 0xD1E7, 0xD1E8, 0xD1E9, 0xD1EA,
    0x0000, 0x0000, 0x0000, 0x0000, 0x0000, 0x0000, 0xD1EB, 0xD1EC, 0xD1ED, 0xD1EE, 0xD1EF, 0xD1F0,
    0xD1F1, 0xD1F2, 0xD1F3, 0xD1F5, 0xD1F6, 0xD1F7, 0xD1F9, 0xD1FA, 0xD1FB, 0xD1FC, 0xD1FD, 0xD1FE,
    0xD1FF, 0xD200, 0xD201, 0xD202, 0xD203, 0xD204, 0xD205, 0xD206, 0x0000, 0x0000, 0x0000, 0x0000,
    0x0000, 0x0000, 0xD208, 0xD20A, 0xD20B, 0xD20C, 0xD20D, 0xD20E, 0xD20F, 0xD211, 0xD212, 0xD213,
    0xD214, 0xD215, 0xD216, 0xD217, 0xD218, 0xD219, 0xD21A, 0xD21B, 0xD21C, 0xD21D, 0xD21E, 0xD21F,
    0xD220, 0xD221, 0xD222, 0xD223, 0xD224, 0xD225, 0xD226, 0xD227, 0xD228, 0xD229, 0xB96B, 0xB96D,
    0xB974, 0xB975, 0xB978, 0xB97C, 0xB984, 0xB985, 0xB987, 0xB989, 0xB98A, 0xB98D, 0xB98E, 0xB9AC,
    0xB9AD, 0xB9B0, 0xB9B4, 0xB9BC, 0xB9BD, 0xB9BF, 0xB9C1, 0xB9C8, 0xB9C9, 0xB9CC, 0xB9CE, 0xB9CF,
    0xB9D0, 0xB9D1, 0xB9D2, 0xB9D8, 0xB9D9, 0xB9DB, 0xB9DD, 0xB9DE, 0xB9E1, 0xB9E3, 0xB9E4, 0xB9E5,
    0xB9E8, 0xB9EC, 0xB9F4, 0xB9F5, 0xB9F7, 0xB9F8, 0xB9F9, 0xB9FA, 0xBA00, 0xBA01, 0xBA08, 0xBA15,
    0xBA38, 0xBA39, 0xBA3C, 0xBA40, 0xBA42, 0xBA48, 0xBA49, 0xBA4B, 0xBA4D, 0xBA4E, 0xBA53, 0xBA54,
    0xBA55, 0xBA58, 0xBA5C, 0xBA64, 0xBA65, 0xBA67, 0xBA68, 0xBA69, 0xBA70, 0xBA71, 0xBA74, 0xBA78,
    0xBA83, 0xBA84, 0xBA85, 0xBA87, 0xBA8C, 0xBAA8, 0xBAA9, 0xBAAB, 0xBAAC, 0xBAB0, 0xBAB2, 0xBAB8,
    0xBAB9, 0xBABB, 0xBABD, 0xBAC4, 0xBAC8, 0xBAD8, 0xBAD9, 0xBAFC, 0xD22A, 0xD22B, 0xD22E, 0xD22F,
    0xD231, 0xD232, 0xD233, 0xD235, 0xD236, 0xD237, 0xD238, 0xD239, 0xD23A, 0xD23B, 0xD23E, 0xD240,
    0xD242, 0xD243, 0xD244, 0xD245, 0xD246, 0xD247, 0xD249, 0xD24A, 0xD24B, 0xD24C, 0x0000, 0x0000,
    0x0000, 0x0000, 0x0000, 0x0000, 0xD24D, 0xD24E, 0xD24F, 0xD250, 0xD251, 0xD252, 0xD253, 0xD254,
    0xD255, 0xD256, 0xD257, 0xD258, 0xD259, 0xD25A, 0xD25B, 0xD25D, 0xD25E, 0xD25F, 0xD260, 0xD261,
    0xD262, 0xD263, 0xD265, 0xD266, 0xD267, 0xD268, 0x0000, 0x0000, 0x0000, 0x0000, 0x0000, 0x0000,
    0xD269, 0xD26A, 0xD26B, 0xD26C, 0xD26D, 0xD26E, 0xD26F, 0xD270, 0xD271, 0xD272, 0xD273, 0xD274,
    0xD275, 0xD276, 0xD277, 0xD278, 0xD279, 0xD27A, 0xD27B, 0xD27C, 0xD27D, 0xD27E, 0xD27F, 0xD282,
    0xD283, 0xD285, 0xD286, 0xD287, 0xD289, 0xD28A, 0xD28B, 0xD28C, 0xBB00, 0xBB04, 0xBB0D, 0xBB0F,
    0xBB11, 0xBB18, 0xBB1C, 0xBB20, 0xBB29, 0xBB2B, 0xBB34, 0xBB35, 0xBB36, 0xBB38, 0xBB3B, 0xBB3C,
    0xBB3D, 0xBB3E, 0xBB44, 0xBB45, 0xBB47, 0xBB49, 0xBB4D, 0xBB4F, 0xBB50, 0xBB54, 0xBB58, 0xBB61,
    0xBB63, 0xBB6C, 0xBB88, 0xBB8C, 0xBB90, 0xBBA4, 0xBBA8, 0xBBAC, 0xBBB4, 0xBBB7, 0xBBC0, 0xBBC4,
    0xBBC8, 0xBBD0, 0xBBD3, 0xBBF8, 0xBBF9, 0xBBFC, 0xBBFF, 0xBC00, 0xBC02, 0xBC08, 0xBC09, 0xBC0B,
    0xBC0C, 0xBC0D, 0xBC0F, 0xBC11, 0xBC14, 0xBC15, 0xBC16, 0xBC17, 0xBC18, 0xBC1B, 0xBC1C, 0xBC1D,
    0xBC1E, 0xBC1F, 0xBC24, 0xBC25, 0xBC27, 0xBC29, 0xBC2D, 0xBC30, 0xBC31, 0xBC34, 0xBC38, 0xBC40,
    0xBC41, 0xBC43, 0xBC44, 0xBC45, 0xBC49, 0xBC4C, 0xBC4D, 0xBC50, 0xBC5D, 0xBC84, 0xBC85, 0xBC88,
    0xBC8B, 0xBC8C, 0xBC8E, 0xBC94, 0xBC95, 0xBC97, 0xD28D, 0xD28E, 0xD28F, 0xD292, 0xD293, 0xD294,
    0xD296, 0xD297, 0xD298, 0xD299, 0xD29A, 0xD29B, 0xD29D, 0xD29E, 0xD29F, 0xD2A1, 0xD2A2, 0xD2A3,
    0xD2A5, 0xD2A6, 0xD2A7, 0xD2A8, 0xD2A9, 0xD2AA, 0xD2AB, 0xD2AD, 0x0000, 0x0000, 0x0000, 0x0000,
    0x0000, 0x0000, 0xD2AE, 0xD2AF, 0xD2B0, 0xD2B2, 0xD2B3, 0xD2B4, 0xD2B5, 0xD2B6, 0xD2B7, 0xD2BA,
    0xD2BB, 0xD2BD, 0xD2BE, 0xD2C1, 0xD2C3, 0xD2C4, 0xD2C5, 0xD2C6, 0xD2C7, 0xD2CA, 0xD2CC, 0xD2CD,
    0xD2CE, 0xD2CF, 0xD2D0, 0xD2D1, 0x0000, 0x0000, 0x0000, 0x0000, 0x0000, 0x0000, 0xD2D2, 0xD2D3,
    0xD2D5, 0xD2D6, 0xD2D7, 0xD2D9, 0xD2DA, 0xD2DB, 0xD2DD, 0xD2DE, 0xD2DF, 0xD2E0, 0xD2E1, 0xD2E2,
    0xD2E3, 0xD2E6, 0xD2E7, 0xD2E8, 0xD2E9, 0xD2EA, 0xD2EB, 0xD2EC, 0xD2ED, 0xD2EE, 0xD2EF, 0xD2F2,
    0xD2F3, 0xD2F5, 0xD2F6, 0xD2F7, 0xD2F9, 0xD2FA, 0xBC99, 0xBC9A, 0xBCA0, 0xBCA1, 0xBCA4, 0xBCA7,
    0xBCA8, 0xBCB0, 0xBCB1, 0xBCB3, 0xBCB4, 0xBCB5, 0xBCBC, 0xBCBD, 0xBCC0, 0xBCC4, 0xBCCD, 0xBCCF,
    0xBCD0, 0xBCD1, 0xBCD5, 0xBCD8, 0xBCDC, 0xBCF4, 0xBCF5, 0xBCF6, 0xBCF8, 0xBCFC, 0xBD04, 0xBD05,
    0xBD07, 0xBD09, 0xBD10, 0xBD14, 0xBD24, 0xBD2C, 0xBD40, 0xBD48, 0xBD49, 0xBD4C, 0xBD50, 0xBD58,
    0xBD59, 0xBD64, 0xBD68, 0xBD80, 0xBD81, 0xBD84, 0xBD87, 0xBD88, 0xBD89, 0xBD8A, 0xBD90, 0xBD91,
    0xBD93, 0xBD95, 0xBD99, 0xBD9A, 0xBD9C, 0xBDA4, 0xBDB0, 0xBDB8, 0xBDD4, 0xBDD5, 0xBDD8, 0xBDDC,
    0xBDE9, 0xBDF0, 0xBDF4, 0xBDF8, 0xBE00, 0xBE03, 0xBE05, 0xBE0C, 0xBE0D, 0xBE10, 0xBE14, 0xBE1C,
    0xBE1D, 0xBE1F, 0xBE44, 0xBE45, 0xBE48, 0xBE4C, 0xBE4E, 0xBE54, 0xBE55, 0xBE57, 0xBE59, 0xBE5A,
    0xBE5B, 0xBE60, 0xBE61, 0xBE64, 0xD2FB, 0xD2FC, 0xD2FD, 0xD2FE, 0xD2FF, 0xD302, 0xD304, 0xD306,
    0xD307, 0xD308, 0xD309, 0xD30A, 0xD30B, 0xD30F, 0xD311, 0xD312, 0xD313, 0xD315, 0xD317, 0xD318,
    0xD319, 0xD31A, 0xD31B, 0xD31E, 0xD322, 0xD323, 0x0000, 0x0000, 0x0000, 0x0000, 0x0000, 0x0000,
    0xD324, 0xD326, 0xD327, 0xD32A, 0xD32B, 0xD32D, 0xD32E, 0xD32F, 0xD331, 0xD332, 0xD333, 0xD334,
    0xD335, 0xD336, 0xD337, 0xD33A, 0xD33E, 0xD33F, 0xD340, 0xD341, 0xD342, 0xD343, 0xD346, 0xD347,
    0xD348, 0xD349, 0x0000, 0x0000, 0x0000, 0x0000, 0x0000, 0x0000, 0xD34A, 0xD34B, 0xD34C, 0xD34D,
    0xD34E, 0xD34F, 0xD350, 0xD351, 0xD352, 0xD353, 0xD354, 0xD355, 0xD356, 0xD357, 0xD358, 0xD359,
    0xD35A, 0xD35B, 0xD35C, 0xD35D, 0xD35E, 0xD35F, 0xD360, 0xD361, 0xD362, 0xD363, 0xD364, 0xD365,
    0xD366, 0xD367, 0xD368, 0xD369, 0xBE68, 0xBE6A, 0xBE70, 0xBE71, 0xBE73, 0xBE74, 0xBE75, 0xBE7B,
    0xBE7C, 0xBE7D, 0xBE80, 0xBE84, 0xBE8C, 0xBE8D, 0xBE8F, 0xBE90, 0xBE91, 0xBE98, 0xBE99, 0xBEA8,
    0xBED0, 0xBED1, 0xBED4, 0xBED7, 0xBED8, 0xBEE0, 0xBEE3, 0xBEE4, 0xBEE5, 0xBEEC, 0xBF01, 0xBF08,
    0xBF09, 0xBF18, 0xBF19, 0xBF1B, 0xBF1C, 0xBF1D, 0xBF40, 0xBF41, 0xBF44, 0xBF48, 0xBF50, 0xBF51,
    0xBF55, 0xBF94, 0xBFB0, 0xBFC5, 0xBFCC, 0xBFCD, 0xBFD0, 0xBFD4, 0xBFDC, 0xBFDF, 0xBFE1, 0xC03C,
    0xC051, 0xC058, 0xC05C, 0xC060, 0xC068, 0xC069, 0xC090, 0xC091, 0xC094, 0xC098, 0xC0A0, 0xC0A1,
    0xC0A3, 0xC0A5, 0xC0AC, 0xC0AD, 0xC0AF, 0xC0B0, 0xC0B3, 0xC0B4, 0xC0B5, 0xC0B6, 0xC0BC, 0xC0BD,
    0xC0BF, 0xC0C0, 0xC0C1, 0xC0C5, 0xC0C8, 0xC0C9, 0xC0CC, 0xC0D0, 0xC0D8, 0xC0D9, 0xC0DB, 0xC0DC,
    0xC0DD, 0xC0E4, 0xD36A, 0xD36B, 0xD36C, 0xD36D, 0xD36E, 0xD36F, 0xD370, 0xD371, 0xD372, 0xD373,
    0xD374, 0xD375, 0xD376, 0xD377, 0xD378, 0xD379, 0xD37A, 0xD37B, 0xD37E, 0xD37F, 0xD381, 0xD382,
    0xD383, 0xD385, 0xD386, 0xD387, 0x0000, 0x0000, 0x0000, 0x0000, 0x0000, 0x0000, 0xD388, 0xD389,
    0xD38A, 0xD38B, 0xD38E, 0xD392, 0xD393, 0xD394, 0xD395, 0xD396, 0xD397, 0xD39A, 0xD39B, 0xD39D,
    0xD39E, 0xD39F, 0xD3A1, 0xD3A2, 0xD3A3, 0xD3A4, 0xD3A5, 0xD3A6, 0xD3A7, 0xD3AA, 0xD3AC, 0xD3AE,
    0x0000, 0x0000, 0x0000, 0x0000, 0x0000, 0x0000, 0xD3AF, 0xD3B0, 0xD3B1, 0xD3B2, 0xD3B3, 0xD3B5,
    0xD3B6, 0xD3B7, 0xD3B9, 0xD3BA, 0xD3BB, 0xD3BD, 0xD3BE, 0xD3BF, 0xD3C0, 0xD3C1, 0xD3C2, 0xD3C3,
    0xD3C6, 0xD3C7, 0xD3CA, 0xD3CB, 0xD3CC, 0xD3CD, 0xD3CE, 0xD3CF, 0xD3D1, 0xD3D2, 0xD3D3, 0xD3D4,
    0xD3D5, 0xD3D6, 0xC0E5, 0xC0E8, 0xC0EC, 0xC0F4, 0xC0F5, 0xC0F7, 0xC0F9, 0xC100, 0xC104, 0xC108,
    0xC110, 0xC115, 0xC11C, 0xC11D, 0xC11E, 0xC11F, 0xC120, 0xC123, 0xC124, 0xC126, 0xC127, 0xC12C,
    0xC12D, 0xC12F, 0xC130, 0xC131, 0xC136, 0xC138, 0xC139, 0xC13C, 0xC140, 0xC148, 0xC149, 0xC14B,
    0xC14C, 0xC14D, 0xC154, 0xC155, 0xC158, 0xC15C, 0xC164, 0xC165, 0xC167, 0xC168, 0xC169, 0xC170,
    0xC174, 0xC178, 0xC185, 0xC18C, 0xC18D, 0xC18E, 0xC190, 0xC194, 0xC196, 0xC19C, 0xC19D, 0xC19F,
    0xC1A1, 0xC1A5, 0xC1A8, 0xC1A9, 0xC1AC, 0xC1B0, 0xC1BD, 0xC1C4, 0xC1C8, 0xC1CC, 0xC1D4, 0xC1D7,
    0xC1D8, 0xC1E0, 0xC1E4, 0xC1E8, 0xC1F0, 0xC1F1, 0xC1F3, 0xC1FC, 0xC1FD, 0xC200, 0xC204, 0xC20C,
    0xC20D, 0xC20F, 0xC211, 0xC218, 0xC219, 0xC21C, 0xC21F, 0xC220, 0xC228, 0xC229, 0xC22B, 0xC22D,
    0xD3D7, 0xD3D9, 0xD3DA, 0xD3DB, 0xD3DC, 0xD3DD, 0xD3DE, 0xD3DF, 0xD3E0, 0xD3E2, 0xD3E4, 0xD3E5,
    0xD3E6, 0xD3E7, 0xD3E8, 0xD3E9, 0xD3EA, 0xD3EB, 0xD3EE, 0xD3EF, 0xD3F1, 0xD3F2, 0xD3F3, 0xD3F5,
    0xD3F6, 0xD3F7, 0x0000, 0x0000, 0x0000, 0x0000, 0x0000, 0x0000, 0xD3F8, 0xD3F9, 0xD3FA, 0xD3FB,
    0xD3FE, 0xD400, 0xD402, 0xD403, 0xD404, 0xD405, 0xD406, 0xD407, 0xD409, 0xD40A, 0xD40B, 0xD40C,
    0xD40D, 0xD40E, 0xD40F, 0xD410, 0xD411, 0xD412, 0xD413, 0xD414, 0xD415, 0xD416, 0x0000, 0x0000,
    0x0000, 0x0000, 0x0000, 0x0000, 0xD417, 0xD418, 0xD419, 0xD41A, 0xD41B, 0xD41C, 0xD41E, 0xD41F,
    0xD420, 0xD421, 0xD422, 0xD423, 0xD424, 0xD425, 0xD426, 0xD427, 0xD428, 0xD429, 0xD42A, 0xD42B,
    0xD42C, 0xD42D, 0xD42E, 0xD42F, 0xD430, 0xD431, 0xD432, 0xD433, 0xD434, 0xD435, 0xD436, 0xD437,
    0xC22F, 0xC231, 0xC232, 0xC234, 0xC248, 0xC250, 0xC251, 0xC254, 0xC258, 0xC260, 0xC265, 0xC26C,
    0xC26D, 0xC270, 0xC274, 0xC27C, 0xC27D, 0xC27F, 0xC281, 0xC288, 0xC289, 0xC290, 0xC298, 0xC29B,
    0xC29D, 0xC2A4, 0xC2A5, 0xC2A8, 0xC2AC, 0xC2AD, 0xC2B4, 0xC2B5, 0xC2B7, 0xC2B9, 0xC2DC, 0xC2DD,
    0xC2E0, 0xC2E3, 0xC2E4, 0xC2EB, 0xC2EC, 0xC2ED, 0xC2EF, 0xC2F1, 0xC2F6, 0xC2F8, 0xC2F9, 0xC2FB,
    0xC2FC, 0xC300, 0xC308, 0xC309, 0xC30C, 0xC30D, 0xC313, 0xC314, 0xC315, 0xC318, 0xC31C, 0xC324,
    0xC325, 0xC328, 0xC329, 0xC345, 0xC368, 0xC369, 0xC36C, 0xC370, 0xC372, 0xC378, 0xC379, 0xC37C,
    0xC37D, 0xC384, 0xC388, 0xC38C, 0xC3C0, 0xC3D8, 0xC3D9, 0xC3DC, 0xC3DF, 0xC3E0, 0xC3E2, 0xC3E8,
    0xC3E9, 0xC3ED, 0xC3F4, 0xC3F5, 0xC3F8, 0xC408, 0xC410, 0xC424, 0xC42C, 0xC430, 0xD438, 0xD439,
    0xD43A, 0xD43B, 0xD43C, 0xD43D, 0xD43E, 0xD43F, 0xD441, 0xD442, 0xD443, 0xD445, 0xD446, 0xD447,
    0xD448, 0xD449, 0xD44A, 0xD44B, 0xD44C, 0xD44D, 0xD44E, 0xD44F, 0xD450, 0xD451, 0xD452, 0xD453,
    0x0000, 0x0000, 0x0000, 0x0000, 0x0000, 0x0000, 0xD454, 0xD455, 0xD456, 0xD457, 0xD458, 0xD459,
    0xD45A, 0xD45B, 0xD45D, 0xD45E, 0xD45F, 0xD461, 0xD462, 0xD463, 0xD465, 0xD466, 0xD467, 0xD468,
    0xD469, 0xD46A, 0xD46B, 0xD46C, 0xD46E, 0xD470, 0xD471, 0xD472, 0x0000, 0x0000, 0x0000, 0x0000,
    0x0000, 0x0000, 0xD473, 0xD474, 0xD475, 0xD476, 0xD477, 0xD47A, 0xD47B, 0xD47D, 0xD47E, 0xD481,
    0xD483, 0xD484, 0xD485, 0xD486, 0xD487, 0xD48A, 0xD48C, 0xD48E, 0xD48F, 0xD490, 0xD491, 0xD492,
    0xD493, 0xD495, 0xD496, 0xD497, 0xD498, 0xD499, 0xD49A, 0xD49B, 0xD49C, 0xD49D, 0xC434, 0xC43C,
    0xC43D, 0xC448, 0xC464, 0xC465, 0xC468, 0xC46C, 0xC474, 0xC475, 0xC479, 0xC480, 0xC494, 0xC49C,
    0xC4B8, 0xC4BC, 0xC4E9, 0xC4F0, 0xC4F1, 0xC4F4, 0xC4F8, 0xC4FA, 0xC4FF, 0xC500, 0xC501, 0xC50C,
    0xC510, 0xC514, 0xC51C, 0xC528, 0xC529, 0xC52C, 0xC530, 0xC538, 0xC539, 0xC53B, 0xC53D, 0xC544,
    0xC545, 0xC548, 0xC549, 0xC54A, 0xC54C, 0xC54D, 0xC54E, 0xC553, 0xC554, 0xC555, 0xC557, 0xC558,
    0xC559, 0xC55D, 0xC55E, 0xC560, 0xC561, 0xC564, 0xC568, 0xC570, 0xC571, 0xC573, 0xC574, 0xC575,
    0xC57C, 0xC57D, 0xC580, 0xC584, 0xC587, 0xC58C, 0xC58D, 0xC58F, 0xC591, 0xC595, 0xC597, 0xC598,
    0xC59C, 0xC5A0, 0xC5A9, 0xC5B4, 0xC5B5, 0xC5B8, 0xC5B9, 0xC5BB, 0xC5BC, 0xC5BD, 0xC5BE, 0xC5C4,
    0xC5C5, 0xC5C6, 0xC5C7, 0xC5C8, 0xC5C9, 0xC5CA, 0xC5CC, 0xC5CE, 0xD49E, 0xD49F, 0xD4A0, 0xD4A1,
    0xD4A2, 0xD4A3, 0xD4A4, 0xD4A5, 0xD4A6, 0xD4A7, 0xD4A8, 0xD4AA, 0xD4AB, 0xD4AC, 0xD4AD, 0xD4AE,
    0xD4AF, 0xD4B0, 0xD4B1, 0xD4B2, 0xD4B3, 0xD4B4, 0xD4B5, 0xD4B6, 0xD4B7, 0xD4B8, 0x0000, 0x0000,
    0x0000, 0x0000, 0x0000, 0x0000, 0xD4B9, 0xD4BA, 0xD4BB, 0xD4BC, 0xD4BD, 0xD4BE, 0xD4BF, 0xD4C0,
    0xD4C1, 0xD4C2, 0xD4C3, 0xD4C4, 0xD4C5, 0xD4C6, 0xD4C7, 0xD4C8, 0xD4C9, 0xD4CA, 0xD4CB, 0xD4CD,
    0xD4CE, 0xD4CF, 0xD4D1, 0xD4D2, 0xD4D3, 0xD4D5, 0x0000, 0x0000, 0x0000, 0x0000, 0x0000, 0x0000,
    0xD4D6, 0xD4D7, 0xD4D8, 0xD4D9, 0xD4DA, 0xD4DB, 0xD4DD, 0xD4DE, 0xD4E0, 0xD4E1, 0xD4E2, 0xD4E3,
    0xD4E4, 0xD4E5, 0xD4E6, 0xD4E7, 0xD4E9, 0xD4EA, 0xD4EB, 0xD4ED, 0xD4EE, 0xD4EF, 0xD4F1, 0xD4F2,
    0xD4F3, 0xD4F4, 0xD4F5, 0xD4F6, 0xD4F7, 0xD4F9, 0xD4FA, 0xD4FC, 0xC5D0, 0xC5D1, 0xC5D4, 0xC5D8,
    0xC5E0, 0xC5E1, 0xC5E3, 0xC5E5, 0xC5EC, 0xC5ED, 0xC5EE, 0xC5F0, 0xC5F4, 0xC5F6, 0xC5F7, 0xC5FC,
    0xC5FD, 0xC5FE, 0xC5FF, 0xC600, 0xC601, 0xC605, 0xC606, 0xC607, 0xC608, 0xC60C, 0xC610, 0xC618,
    0xC619, 0xC61B, 0xC61C, 0xC624, 0xC625, 0xC628, 0xC62C, 0xC62D, 0xC62E, 0xC630, 0xC633, 0xC634,
    0xC635, 0xC637, 0xC639, 0xC63B, 0xC640, 0xC641, 0xC644, 0xC648, 0xC650, 0xC651, 0xC653, 0xC654,
    0xC655, 0xC65C, 0xC65D, 0xC660, 0xC66C, 0xC66F, 0xC671, 0xC678, 0xC679, 0xC67C, 0xC680, 0xC688,
    0xC689, 0xC68B, 0xC68D, 0xC694, 0xC695, 0xC698, 0xC69C, 0xC6A4, 0xC6A5, 0xC6A7, 0xC6A9, 0xC6B0,
    0xC6B1, 0xC6B4, 0xC6B8, 0xC6B9, 0xC6BA, 0xC6C0, 0xC6C1, 0xC6C3, 0xC6C5, 0xC6CC, 0xC6CD, 0xC6D0,
    0xC6D4, 0xC6DC, 0xC6DD, 0xC6E0, 0xC6E1, 0xC6E8, 0xD4FE, 0xD4FF, 0xD500, 0xD501, 0xD502, 0xD503,
    0xD505, 0xD506, 0xD507, 0xD509, 0xD50A, 0xD50B, 0xD50D, 0xD50E, 0xD50F, 0xD510, 0xD511, 0xD512,
    0xD513, 0xD516, 0xD518, 0xD519, 0xD51A, 0xD51B, 0xD51C, 0xD51D, 0x0000, 0x0000, 0x0000, 0x0000,
    0x0000, 0x0000, 0xD51E, 0xD51F, 0xD520, 0xD521, 0xD522, 0xD523, 0xD524, 0xD525, 0xD526, 0xD527,
    0xD528, 0xD529, 0xD52A, 0xD52B, 0xD52C, 0xD52D, 0xD52E, 0xD52F, 0xD530, 0xD531, 0xD532, 0xD533,
    0xD534, 0xD535, 0xD536, 0xD537, 0x0000, 0x0000, 0x0000, 0x0000, 0x0000, 0x0000, 0xD538, 0xD539,
    0xD53A, 0xD53B, 0xD53E, 0xD53F, 0xD541, 0xD542, 0xD543, 0xD545, 0xD546, 0xD547, 0xD548, 0xD549,
    0xD54A, 0xD54B, 0xD54E, 0xD550, 0xD552, 0xD553, 0xD554, 0xD555, 0xD556, 0xD557, 0xD55A, 0xD55B,
    0xD55D, 0xD55E, 0xD55F, 0xD561, 0xD562, 0xD563, 0xC6E9, 0xC6EC, 0xC6F0, 0xC6F8, 0xC6F9, 0xC6FD,
    0xC704, 0xC705, 0xC708, 0xC70C, 0xC714, 0xC715, 0xC717, 0xC719, 0xC720, 0xC721, 0xC724, 0xC728,
    0xC730, 0xC731, 0xC733, 0xC735, 0xC737, 0xC73C, 0xC73D, 0xC740, 0xC744, 0xC74A, 0xC74C, 0xC74D,
    0xC74F, 0xC751, 0xC752, 0xC753, 0xC754, 0xC755, 0xC756, 0xC757, 0xC758, 0xC75C, 0xC760, 0xC768,
    0xC76B, 0xC774, 0xC775, 0xC778, 0xC77C, 0xC77D, 0xC77E, 0xC783, 0xC784, 0xC785, 0xC787, 0xC788,
    0xC789, 0xC78A, 0xC78E, 0xC790, 0xC791, 0xC794, 0xC796, 0xC797, 0xC798, 0xC79A, 0xC7A0, 0xC7A1,
    0xC7A3, 0xC7A4, 0xC7A5, 0xC7A6, 0xC7AC, 0xC7AD, 0xC7B0, 0xC7B4, 0xC7BC, 0xC7BD, 0xC7BF, 0xC7C0,
    0xC7C1, 0xC7C8, 0xC7C9, 0xC7CC, 0xC7CE, 0xC7D0, 0xC7D8, 0xC7DD, 0xC7E4, 0xC7E8, 0xC7EC, 0xC800,
    0xC801, 0xC804, 0xC808, 0xC80A, 0xD564, 0xD566, 0xD567, 0xD56A, 0xD56C, 0xD56E, 0xD56F, 0xD570,
    0xD571, 0xD572, 0xD573, 0xD576, 0xD577, 0xD579, 0xD57A, 0xD57B, 0xD57D, 0xD57E, 0xD57F, 0xD580,
    0xD581, 0xD582, 0xD583, 0xD586, 0xD58A, 0xD58B, 0x0000, 0x0000, 0x0000, 0x0000, 0x0000, 0x0000,
    0xD58C, 0xD58D, 0xD58E, 0xD58F, 0xD591, 0xD592, 0xD593, 0xD594, 0xD595, 0xD596, 0xD597, 0xD598,
    0xD599, 0xD59A, 0xD59B, 0xD59C, 0xD59D, 0xD59E, 0xD59F, 0xD5A0, 0xD5A1, 0xD5A2, 0xD5A3, 0xD5A4,
    0xD5A6, 0xD5A7, 0x0000, 0x0000, 0x0000, 0x0000, 0x0000, 0x0000, 0xD5A8, 0xD5A9, 0xD5AA, 0xD5AB,
    0xD5AC, 0xD5AD, 0xD5AE, 0xD5AF, 0xD5B0, 0xD5B1, 0xD5B2, 0xD5B3, 0xD5B4, 0xD5B5, 0xD5B6, 0xD5B7,
    0xD5B8, 0xD5B9, 0xD5BA, 0xD5BB, 0xD5BC, 0xD5BD, 0xD5BE, 0xD5BF, 0xD5C0, 0xD5C1, 0xD5C2, 0xD5C3,
    0xD5C4, 0xD5C5, 0xD5C6, 0xD5C7, 0xC810, 0xC811, 0xC813, 0xC815, 0xC816, 0xC81C, 0xC81D, 0xC820,
    0xC824, 0xC82C, 0xC82D, 0xC82F, 0xC831, 0xC838, 0xC83C, 0xC840, 0xC848, 0xC849, 0xC84C, 0xC84D,
    0xC854, 0xC870, 0xC871, 0xC874, 0xC878, 0xC87A, 0xC880, 0xC881, 0xC883, 0xC885, 0xC886, 0xC887,
    0xC88B, 0xC88C, 0xC88D, 0xC894, 0xC89D, 0xC89F, 0xC8A1, 0xC8A8, 0xC8BC, 0xC8BD, 0xC8C4, 0xC8C8,
    0xC8CC, 0xC8D4, 0xC8D5, 0xC8D7, 0xC8D9, 0xC8E0, 0xC8E1, 0xC8E4, 0xC8F5, 0xC8FC, 0xC8FD, 0xC900,
    0xC904, 0xC905, 0xC906, 0xC90C, 0xC90D, 0xC90F, 0xC911, 0xC918, 0xC92C, 0xC934, 0xC950, 0xC951,
    0xC954, 0xC958, 0xC960, 0xC961, 0xC963, 0xC96C, 0xC970, 0xC974, 0xC97C, 0xC988, 0xC989, 0xC98C,
    0xC990, 0xC998, 0xC999, 0xC99B, 0xC99D, 0xC9C0, 0xC9C1, 0xC9C4, 0xC9C7, 0xC9C8, 0xC9CA, 0xC9D0,
    0xC9D1, 0xC9D3, 0xD5CA, 0xD5CB, 0xD5CD, 0xD5CE, 0xD5CF, 0xD5D1, 0xD5D3, 0xD5D4, 0xD5D5, 0xD5D6,
    0xD5D7, 0xD5DA, 0xD5DC, 0xD5DE, 0xD5DF, 0xD5E0, 0xD5E1, 0xD5E2, 0xD5E3, 0xD5E6, 0xD5E7, 0xD5E9,
    0xD5EA, 0xD5EB, 0xD5ED, 0xD5EE, 0x0000, 0x0000, 0x0000, 0x0000, 0x0000, 0x0000, 0xD5EF, 0xD5F0,
    0xD5F1, 0xD5F2, 0xD5F3, 0xD5F6, 0xD5F8, 0xD5FA, 0xD5FB, 0xD5FC, 0xD5FD, 0xD5FE, 0xD5FF, 0xD602,
    0xD603, 0xD605, 0xD606, 0xD607, 0xD609, 0xD60A, 0xD60B, 0xD60C, 0xD60D, 0xD60E, 0xD60F, 0xD612,
    0x0000, 0x0000, 0x0000, 0x0000, 0x0000, 0x0000, 0xD616, 0xD617, 0xD618, 0xD619, 0xD61A, 0xD61B,
    0xD61D, 0xD61E, 0xD61F, 0xD621, 0xD622, 0xD623, 0xD625, 0xD626, 0xD627, 0xD628, 0xD629, 0xD62A,
    0xD62B, 0xD62C, 0xD62E, 0xD62F, 0xD630, 0xD631, 0xD632, 0xD633, 0xD634, 0xD635, 0xD636, 0xD637,
    0xD63A, 0xD63B, 0xC9D5, 0xC9D6, 0xC9D9, 0xC9DA, 0xC9DC, 0xC9DD, 0xC9E0, 0xC9E2, 0xC9E4, 0xC9E7,
    0xC9EC, 0xC9ED, 0xC9EF, 0xC9F0, 0xC9F1, 0xC9F8, 0xC9F9, 0xC9FC, 0xCA00, 0xCA08, 0xCA09, 0xCA0B,
    0xCA0C, 0xCA0D, 0xCA14, 0xCA18, 0xCA29, 0xCA4C, 0xCA4D, 0xCA50, 0xCA54, 0xCA5C, 0xCA5D, 0xCA5F,
    0xCA60, 0xCA61, 0xCA68, 0xCA7D, 0xCA84, 0xCA98, 0xCABC, 0xCABD, 0xCAC0, 0xCAC4, 0xCACC, 0xCACD,
    0xCACF, 0xCAD1, 0xCAD3, 0xCAD8, 0xCAD9, 0xCAE0, 0xCAEC, 0xCAF4, 0xCB08, 0xCB10, 0xCB14, 0xCB18,
    0xCB20, 0xCB21, 0xCB41, 0xCB48, 0xCB49, 0xCB4C, 0xCB50, 0xCB58, 0xCB59, 0xCB5D, 0xCB64, 0xCB78,
    0xCB79, 0xCB9C, 0xCBB8, 0xCBD4, 0xCBE4, 0xCBE7, 0xCBE9, 0xCC0C, 0xCC0D, 0xCC10, 0xCC14, 0xCC1C,
    0xCC1D, 0xCC21, 0xCC22, 0xCC27, 0xCC28, 0xCC29, 0xCC2C, 0xCC2E, 0xCC30, 0xCC38, 0xCC39, 0xCC3B,
    0xD63D, 0xD63E, 0xD63F, 0xD641, 0xD642, 0xD643, 0xD644, 0xD646, 0xD647, 0xD64A, 0xD64C, 0xD64E,
    0xD64F, 0xD650, 0xD652, 0xD653, 0xD656, 0xD657, 0xD659, 0xD65A, 0xD65B, 0xD65D, 0xD65E, 0xD65F,
    0xD660, 0xD661, 0x0000, 0x0000, 0x0000, 0x0000, 0x0000, 0x0000, 0xD662, 0xD663, 0xD664, 0xD665,
    0xD666, 0xD668, 0xD66A, 0xD66B, 0xD66C, 0xD66D, 0xD66E, 0xD66F, 0xD672, 0xD673, 0xD675, 0xD676,
    0xD677, 0xD678, 0xD679, 0xD67A, 0xD67B, 0xD67C, 0xD67D, 0xD67E, 0xD67F, 0xD680, 0x0000, 0x0000,
    0x0000, 0x0000, 0x0000, 0x0000, 0xD681, 0xD682, 0xD684, 0xD686, 0xD687, 0xD688, 0xD689, 0xD68A,
    0xD68B, 0xD68E, 0xD68F, 0xD691, 0xD692, 0xD693, 0xD695, 0xD696, 0xD697, 0xD698, 0xD699, 0xD69A,
    0xD69B, 0xD69C, 0xD69E, 0xD6A0, 0xD6A2, 0xD6A3, 0xD6A4, 0xD6A5, 0xD6A6, 0xD6A7, 0xD6A9, 0xD6AA,
    0xCC3C, 0xCC3D, 0xCC3E, 0xCC44, 0xCC45, 0xCC48, 0xCC4C, 0xCC54, 0xCC55, 0xCC57, 0xCC58, 0xCC59,
    0xCC60, 0xCC64, 0xCC66, 0xCC68, 0xCC70, 0xCC75, 0xCC98, 0xCC99, 0xCC9C, 0xCCA0, 0xCCA8, 0xCCA9,
    0xCCAB, 0xCCAC, 0xCCAD, 0xCCB4, 0xCCB5, 0xCCB8, 0xCCBC, 0xCCC4, 0xCCC5, 0xCCC7, 0xCCC9, 0xCCD0,
    0xCCD4, 0xCCE4, 0xCCEC, 0xCCF0, 0xCD01, 0xCD08, 0xCD09, 0xCD0C, 0xCD10, 0xCD18, 0xCD19, 0xCD1B,
    0xCD1D, 0xCD24, 0xCD28, 0xCD2C, 0xCD39, 0xCD5C, 0xCD60, 0xCD64, 0xCD6C, 0xCD6D, 0xCD6F, 0xCD71,
    0xCD78, 0xCD88, 0xCD94, 0xCD95, 0xCD98, 0xCD9C, 0xCDA4, 0xCDA5, 0xCDA7, 0xCDA9, 0xCDB0, 0xCDC4,
    0xCDCC, 0xCDD0, 0xCDE8, 0xCDEC, 0xCDF0, 0xCDF8, 0xCDF9, 0xCDFB, 0xCDFD, 0xCE04, 0xCE08, 0xCE0C,
    0xCE14, 0xCE19, 0xCE20, 0xCE21, 0xCE24, 0xCE28, 0xCE30, 0xCE31, 0xCE33, 0xCE35, 0xD6AB, 0xD6AD,
    0xD6AE, 0xD6AF, 0xD6B1, 0xD6B2, 0xD6B3, 0xD6B4, 0xD6B5, 0xD6B6, 0xD6B7, 0xD6B8, 0xD6BA, 0xD6BC,
    0xD6BD, 0xD6BE, 0xD6BF, 0xD6C0, 0xD6C1, 0xD6C2, 0xD6C3, 0xD6C6, 0xD6C7, 0xD6C9, 0xD6CA, 0xD6CB,
    0x0000, 0x0000, 0x0000, 0x0000, 0x0000, 0x0000, 0xD6CD, 0xD6CE, 0xD6CF, 0xD6D0, 0xD6D2, 0xD6D3,
    0xD6D5, 0xD6D6, 0xD6D8, 0xD6DA, 0xD6DB, 0xD6DC, 0xD6DD, 0xD6DE, 0xD6DF, 0xD6E1, 0xD6E2, 0xD6E3,
    0xD6E5, 0xD6E6, 0xD6E7, 0xD6E9, 0xD6EA, 0xD6EB, 0xD6EC, 0xD6ED, 0x0000, 0x0000, 0x0000, 0x0000,
    0x0000, 0x0000, 0xD6EE, 0xD6EF, 0xD6F1, 0xD6F2, 0xD6F3, 0xD6F4, 0xD6F6, 0xD6F7, 0xD6F8, 0xD6F9,
    0xD6FA, 0xD6FB, 0xD6FE, 0xD6FF, 0xD701, 0xD702, 0xD703, 0xD705, 0xD706, 0xD707, 0xD708, 0xD709,
    0xD70A, 0xD70B, 0xD70C, 0xD70D, 0xD70E, 0xD70F, 0xD710, 0xD712, 0xD713, 0xD714, 0xCE58, 0xCE59,
    0xCE5C, 0xCE5F, 0xCE60, 0xCE61, 0xCE68, 0xCE69, 0xCE6B, 0xCE6D, 0xCE74, 0xCE75, 0xCE78, 0xCE7C,
    0xCE84, 0xCE85, 0xCE87, 0xCE89, 0xCE90, 0xCE91, 0xCE94, 0xCE98, 0xCEA0, 0xCEA1, 0xCEA3, 0xCEA4,
    0xCEA5, 0xCEAC, 0xCEAD, 0xCEC1, 0xCEE4, 0xCEE5, 0xCEE8, 0xCEEB, 0xCEEC, 0xCEF4, 0xCEF5, 0xCEF7,
    0xCEF8, 0xCEF9, 0xCF00, 0xCF01, 0xCF04, 0xCF08, 0xCF10, 0xCF11, 0xCF13, 0xCF15, 0xCF1C, 0xCF20,
    0xCF24, 0xCF2C, 0xCF2D, 0xCF2F, 0xCF30, 0xCF31, 0xCF38, 0xCF54, 0xCF55, 0xCF58, 0xCF5C, 0xCF64,
    0xCF65, 0xCF67, 0xCF69, 0xCF70, 0xCF71, 0xCF74, 0xCF78, 0xCF80, 0xCF85, 0xCF8C, 0xCFA1, 0xCFA8,
    0xCFB0, 0xCFC4, 0xCFE0, 0xCFE1, 0xCFE4, 0xCFE8, 0xCFF0, 0xCFF1, 0xCFF3, 0xCFF5, 0xCFFC, 0xD000,
    0xD004, 0xD011, 0xD018, 0xD02D, 0xD034, 0xD035, 0xD038, 0xD03C, 0xD715, 0xD716, 0xD717, 0xD71A,
    0xD71B, 0xD71D, 0xD71E, 0xD71F, 0xD721, 0xD722, 0xD723, 0xD724, 0xD725, 0xD726, 0xD727, 0xD72A,
    0xD72C, 0xD72E, 0xD72F, 0xD730, 0xD731, 0xD732, 0xD733, 0xD736, 0xD737, 0xD739, 0x0000, 0x0000,
    0x0000, 0x0000, 0x0000, 0x0000, 0xD73A, 0xD73B, 0xD73D, 0xD73E, 0xD73F, 0xD740, 0xD741, 0xD742,
    0xD743, 0xD745, 0xD746, 0xD748, 0xD74A, 0xD74B, 0xD74C, 0xD74D, 0xD74E, 0xD74F, 0xD752, 0xD753,
    0xD755, 0xD75A, 0xD75B, 0xD75C, 0xD75D, 0xD75E, 0x0000, 0x0000, 0x0000, 0x0000, 0x0000, 0x0000,
    0xD75F, 0xD762, 0xD764, 0xD766, 0xD767, 0xD768, 0xD76A, 0xD76B, 0xD76D, 0xD76E, 0xD76F, 0xD771,
    0xD772, 0xD773, 0xD775, 0xD776, 0xD777, 0xD778, 0xD779, 0xD77A, 0xD77B, 0xD77E, 0xD77F, 0xD780,
    0xD782, 0xD783, 0xD784, 0xD785, 0xD786, 0xD787, 0xD78A, 0xD78B, 0xD044, 0xD045, 0xD047, 0xD049,
    0xD050, 0xD054, 0xD058, 0xD060, 0xD06C, 0xD06D, 0xD070, 0xD074, 0xD07C, 0xD07D, 0xD081, 0xD0A4,
    0xD0A5, 0xD0A8, 0xD0AC, 0xD0B4, 0xD0B5, 0xD0B7, 0xD0B9, 0xD0C0, 0xD0C1, 0xD0C4, 0xD0C8, 0xD0C9,
    0xD0D0, 0xD0D1, 0xD0D3, 0xD0D4, 0xD0D5, 0xD0DC, 0xD0DD, 0xD0E0, 0xD0E4, 0xD0EC, 0xD0ED, 0xD0EF,
    0xD0F0, 0xD0F1, 0xD0F8, 0xD10D, 0xD130, 0xD131, 0xD134, 0xD138, 0xD13A, 0xD140, 0xD141, 0xD143,
    0xD144, 0xD145, 0xD14C, 0xD14D, 0xD150, 0xD154, 0xD15C, 0xD15D, 0xD15F, 0xD161, 0xD168, 0xD16C,
    0xD17C, 0xD184, 0xD188, 0xD1A0, 0xD1A1, 0xD1A4, 0xD1A8, 0xD1B0, 0xD1B1, 0xD1B3, 0xD1B5, 0xD1BA,
    0xD1BC, 0xD1C0, 0xD1D8, 0xD1F4, 0xD1F8, 0xD207, 0xD209, 0xD210, 0xD22C, 0xD22D, 0xD230, 0xD234,
    0xD23C, 0xD23D, 0xD23F, 0xD241, 0xD248, 0xD25C, 0xD78D, 0xD78E, 0xD78F, 0xD791, 0xD792, 0xD793,
    0xD794, 0xD795, 0xD796, 0xD797, 0xD79A, 0xD79C, 0xD79E, 0xD79F, 0xD7A0, 0xD7A1, 0xD7A2, 0xD7A3,
    0x0000, 0x0000, 0x0000, 0x0000, 0x0000, 0x0000, 0x0000, 0x0000, 0x0000, 0x0000, 0x0000, 0x0000,
    0x0000, 0x0000, 0x0000, 0x0000, 0x0000, 0x0000, 0x0000, 0x0000, 0x0000, 0x0000, 0x0000, 0x0000,
    0x0000, 0x0000, 0x0000, 0x0000, 0x0000, 0x0000, 0x0000, 0x0000, 0x0000, 0x0000, 0x0000, 0x0000,
    0x0000, 0x0000, 0x0000, 0x0000, 0x0000, 0x0000, 0x0000, 0x0000, 0x0000, 0x0000, 0x0000, 0x0000,
    0x0000, 0x0000, 0x0000, 0x0000, 0x0000, 0x0000, 0x0000, 0x0000, 0x0000, 0x0000, 0x0000, 0x0000,
    0x0000, 0x0000, 0x0000, 0x0000, 0x0000, 0x0000, 0x0000, 0x0000, 0x0000, 0x0000, 0x0000, 0x0000,
    0x0000, 0x0000, 0x0000, 0x0000, 0x0000, 0x0000, 0xD264, 0xD280, 0xD281, 0xD284, 0xD288, 0xD290,
    0xD291, 0xD295, 0xD29C, 0xD2A0, 0xD2A4, 0xD2AC, 0xD2B1, 0xD2B8, 0xD2B9, 0xD2BC, 0xD2BF, 0xD2C0,
    0xD2C2, 0xD2C8, 0xD2C9, 0xD2CB, 0xD2D4, 0xD2D8, 0xD2DC, 0xD2E4, 0xD2E5, 0xD2F0, 0xD2F1, 0xD2F4,
    0xD2F8, 0xD300, 0xD301, 0xD303, 0xD305, 0xD30C, 0xD30D, 0xD30E, 0xD310, 0xD314, 0xD316, 0xD31C,
    0xD31D, 0xD31F, 0xD320, 0xD321, 0xD325, 0xD328, 0xD329, 0xD32C, 0xD330, 0xD338, 0xD339, 0xD33B,
    0xD33C, 0xD33D, 0xD344, 0xD345, 0xD37C, 0xD37D, 0xD380, 0xD384, 0xD38C, 0xD38D, 0xD38F, 0xD390,
    0xD391, 0xD398, 0xD399, 0xD39C, 0xD3A0, 0xD3A8, 0xD3A9, 0xD3AB, 0xD3AD, 0xD3B4, 0xD3B8, 0xD3BC,
    0xD3C4, 0xD3C5, 0xD3C8, 0xD3C9, 0xD3D0, 0xD3D8, 0xD3E1, 0xD3E3, 0xD3EC, 0xD3ED, 0xD3F0, 0xD3F4,
    0xD3FC, 0xD3FD, 0xD3FF, 0xD401, 0x0000, 0x0000, 0x0000, 0x0000, 0x0000, 0x0000, 0x0000, 0x0000,
    0x0000, 0x0000, 0x0000, 0x0000, 0x0000, 0x0000, 0x0000, 0x0000, 0x0000, 0x0000, 0x0000, 0x0000,
    0x0000, 0x0000, 0x0000, 0x0000, 0x0000, 0x0000, 0x0000, 0x0000, 0x0000, 0x0000, 0x0000, 0x0000,
    0x0000, 0x0000, 0x0000, 0x0000, 0x0000, 0x0000, 0x0000, 0x0000, 0x0000, 0x0000, 0x0000, 0x0000,
    0x0000, 0x0000, 0x0000, 0x0000, 0x0000, 0x0000, 0x0000, 0x0000, 0x0000, 0x0000, 0x0000, 0x0000,
    0x0000, 0x0000, 0x0000, 0x0000, 0x0000, 0x0000, 0x0000, 0x0000, 0x0000, 0x0000, 0x0000, 0x0000,
    0x0000, 0x0000, 0x0000, 0x0000, 0x0000, 0x0000, 0x0000, 0x0000, 0x0000, 0x0000, 0x0000, 0x0000,
    0x0000, 0x0000, 0x0000, 0x0000, 0x0000, 0x0000, 0x0000, 0x0000, 0x0000, 0x0000, 0x0000, 0x0000,
    0x0000, 0x0000, 0x0000, 0x0000, 0xD408, 0xD41D, 0xD440, 0xD444, 0xD45C, 0xD460, 0xD464, 0xD46D,
    0xD46F, 0xD478, 0xD479, 0xD47C, 0xD47F, 0xD480, 0xD482, 0xD488, 0xD489, 0xD48B, 0xD48D, 0xD494,
    0xD4A9, 0xD4CC, 0xD4D0, 0xD4D4, 0xD4DC, 0xD4DF, 0xD4E8, 0xD4EC, 0xD4F0, 0xD4F8, 0xD4FB, 0xD4FD,
    0xD504, 0xD508, 0xD50C, 0xD514, 0xD515, 0xD517, 0xD53C, 0xD53D, 0xD540, 0xD544, 0xD54C, 0xD54D,
    0xD54F, 0xD551, 0xD558, 0xD559, 0xD55C, 0xD560, 0xD565, 0xD568, 0xD569, 0xD56B, 0xD56D, 0xD574,
    0xD575, 0xD578, 0xD57C, 0xD584, 0xD585, 0xD587, 0xD588, 0xD589, 0xD590, 0xD5A5, 0xD5C8, 0xD5C9,
    0xD5CC, 0xD5D0, 0xD5D2, 0xD5D8, 0xD5D9, 0xD5DB, 0xD5DD, 0xD5E4, 0xD5E5, 0xD5E8, 0xD5EC, 0xD5F4,
    0xD5F5, 0xD5F7, 0xD5F9, 0xD600, 0xD601, 0xD604, 0xD608, 0xD610, 0xD611, 0xD613, 0xD614, 0xD615,
    0xD61C, 0xD620, 0x0000, 0x0000, 0x0000, 0x0000, 0x0000, 0x0000, 0x0000, 0x0000, 0x0000, 0x0000,
    0x0000, 0x0000, 0x0000, 0x0000, 0x0000, 0x0000, 0x0000, 0x0000, 0x0000, 0x0000, 0x0000, 0x0000,
    0x0000, 0x0000, 0x0000, 0x0000, 0x0000, 0x0000, 0x0000, 0x0000, 0x0000, 0x0000, 0x0000, 0x0000,
    0x0000, 0x0000, 0x0000, 0x0000, 0x0000, 0x0000, 0x0000, 0x0000, 0x0000, 0x0000, 0x0000, 0x0000,
    0x0000, 0x0000, 0x0000, 0x0000, 0x0000, 0x0000, 0x0000, 0x0000, 0x0000, 0x0000, 0x0000, 0x0000,
    0x0000, 0x0000, 0x0000, 0x0000, 0x0000, 0x0000, 0x0000, 0x0000, 0x0000, 0x0000, 0x0000, 0x0000,
    0x0000, 0x0000, 0x0000, 0x0000, 0x0000, 0x0000, 0x0000, 0x0000, 0x0000, 0x0000, 0x0000, 0x0000,
    0x0000, 0x0000, 0x0000, 0x0000, 0x0000, 0x0000, 0x0000, 0x0000, 0x0000, 0x0000, 0x0000, 0x0000,
    0x0000, 0x0000, 0xD624, 0xD62D, 0xD638, 0xD639, 0xD63C, 0xD640, 0xD645, 0xD648, 0xD649, 0xD64B,
    0xD64D, 0xD651, 0xD654, 0xD655, 0xD658, 0xD65C, 0xD667, 0xD669, 0xD670, 0xD671, 0xD674, 0xD683,
    0xD685, 0xD68C, 0xD68D, 0xD690, 0xD694, 0xD69D, 0xD69F, 0xD6A1, 0xD6A8, 0xD6AC, 0xD6B0, 0xD6B9,
    0xD6BB, 0xD6C4, 0xD6C5, 0xD6C8, 0xD6CC, 0xD6D1, 0xD6D4, 0xD6D7, 0xD6D9, 0xD6E0, 0xD6E4, 0xD6E8,
    0xD6F0, 0xD6F5, 0xD6FC, 0xD6FD, 0xD700, 0xD704, 0xD711, 0xD718, 0xD719, 0xD71C, 0xD720, 0xD728,
    0xD729, 0xD72B, 0xD72D, 0xD734, 0xD735, 0xD738, 0xD73C, 0xD744, 0xD747, 0xD749, 0xD750, 0xD751,
    0xD754, 0xD756, 0xD757, 0xD758, 0xD759, 0xD760, 0xD761, 0xD763, 0xD765, 0xD769, 0xD76C, 0xD770,
    0xD774, 0xD77C, 0xD77D, 0xD781, 0xD788, 0xD789, 0xD78C, 0xD790, 0xD798, 0xD799, 0xD79B, 0xD79D,
    0x0000, 0x0000, 0x0000, 0x0000, 0x0000, 0x0000, 0x0000, 0x0000, 0x0000, 0x0000, 0x0000, 0x0000,
    0x0000, 0x0000, 0x0000, 0x0000, 0x0000, 0x0000, 0x0000, 0x0000, 0x0000, 0x0000, 0x0000, 0x0000,
    0x0000, 0x0000, 0x0000, 0x0000, 0x0000, 0x0000, 0x0000, 0x0000, 0x0000, 0x0000, 0x0000, 0x0000,
    0x0000, 0x0000, 0x0000, 0x0000, 0x0000, 0x0000, 0x0000, 0x0000, 0x0000, 0x0000, 0x0000, 0x0000,
    0x0000, 0x0000, 0x0000, 0x0000, 0x0000, 0x0000, 0x0000, 0x0000, 0x0000, 0x0000, 0x0000, 0x0000,
    0x0000, 0x0000, 0x0000, 0x0000, 0x0000, 0x0000, 0x0000, 0x0000, 0x0000, 0x0000, 0x0000, 0x0000,
    0x0000, 0x0000, 0x0000, 0x0000, 0x0000, 0x0000, 0x0000, 0x0000, 0x0000, 0x0000, 0x0000, 0x0000,
    0x0000, 0x0000, 0x0000, 0x0000, 0x0000, 0x0000, 0x0000, 0x0000, 0x0000, 0x0000, 0x0000, 0x0000,
    0x0000, 0x0000, 0x0000, 0x0000, 0x0000, 0x0000, 0x0000, 0x0000, 0x0000, 0x0000, 0x0000, 0x0000,
    0x0000, 0x0000, 0x0000, 0x0000, 0x0000, 0x0000, 0x0000, 0x0000, 0x0000, 0x0000, 0x0000, 0x0000,
    0x0000, 0x0000, 0x0000, 0x0000, 0x0000, 0x0000, 0x0000, 0x0000, 0x0000, 0x0000, 0x0000, 0x0000,
    0x0000, 0x0000, 0x0000, 0x0000, 0x0000, 0x0000, 0x0000, 0x0000, 0x0000, 0x0000, 0x0000, 0x0000,
    0x0000, 0x0000, 0x0000, 0x0000, 0x0000, 0x0000, 0x0000, 0x0000, 0x0000, 0x0000, 0x0000, 0x0000,
    0x0000, 0x0000, 0x0000, 0x0000, 0x0000, 0x0000, 0x0000, 0x0000, 0x0000, 0x0000, 0x0000, 0x0000,
    0x0000, 0x0000, 0x0000, 0x0000, 0x0000, 0x0000, 0x0000, 0x0000, 0x0000, 0x0000, 0x0000, 0x0000,
    0x0000, 0x0000, 0x0000, 0x0000, 0x0000, 0x0000, 0x0000, 0x0000, 0x0000, 0x0000, 0x0000, 0x0000,
    0x0000, 0x0000, 0x0000, 0x0000, 0x0000, 0x0000, 0x0000, 0x0000, 0x0000, 0x0000, 0x0000, 0x0000,
    0x0000, 0x0000, 0x0000, 0x0000, 0x0000, 0x0000, 0x0000, 0x0000, 0x0000, 0x0000, 0x0000, 0x0000,
    0x0000, 0x0000, 0x0000, 0x0000, 0x0000, 0x0000, 0x0000, 0x0000, 0x0000, 0x0000, 0x0000, 0x0000,
    0x0000, 0x0000, 0x0000, 0x0000, 0x0000, 0x0000, 0x0000, 0x0000, 0x0000, 0x0000, 0x0000, 0x0000,
    0x0000, 0x0000, 0x0000, 0x0000, 0x0000, 0x0000, 0x0000, 0x0000, 0x0000, 0x0000, 0x0000, 0x0000,
    0x0000, 0x0000, 0x0000, 0x0000, 0x0000, 0x0000, 0x0000, 0x0000, 0x0000, 0x0000, 0x0000, 0x0000,
    0x0000, 0x0000, 0x0000, 0x0000, 0x0000, 0x0000, 0x0000, 0x0000, 0x0000, 0x0000, 0x0000, 0x0000,
    0x0000, 0x0000, 0x0000, 0x0000, 0x0000, 0x0000, 0x0000, 0x0000, 0x0000, 0x0000, 0x4F3D, 0x4F73,
    0x5047, 0x50F9, 0x52A0, 0x53EF, 0x5475, 0x54E5, 0x5609, 0x5AC1, 0x5BB6, 0x6687, 0x67B6, 0x67B7,
    0x67EF, 0x6B4C, 0x73C2, 0x75C2, 0x7A3C, 0x82DB, 0x8304, 0x8857, 0x8888, 0x8A36, 0x8CC8, 0x8DCF,
    0x8EFB, 0x8FE6, 0x99D5, 0x523B, 0x5374, 0x5404, 0x606A, 0x6164, 0x6BBC, 0x73CF, 0x811A, 0x89BA,
    0x89D2, 0x95A3, 0x4F83, 0x520A, 0x58BE, 0x5978, 0x59E6, 0x5E72, 0x5E79, 0x61C7, 0x63C0, 0x6746,
    0x67EC, 0x687F, 0x6F97, 0x764E, 0x770B, 0x78F5, 0x7A08, 0x7AFF, 0x7C21, 0x809D, 0x826E, 0x8271,
    0x8AEB, 0x9593, 0x4E6B, 0x559D, 0x66F7, 0x6E34, 0x78A3, 0x7AED, 0x845B, 0x8910, 0x874E, 0x97A8,
    0x52D8, 0x574E, 0x582A, 0x5D4C, 0x611F, 0x61BE, 0x6221, 0x6562, 0x67D1, 0x6A44, 0x6E1B, 0x7518,
    0x75B3, 0x76E3, 0x77B0, 0x7D3A, 0x90AF, 0x9451, 0x9452, 0x9F95, 0x0000, 0x0000, 0x0000, 0x0000,
    0x0000, 0x0000, 0x0000, 0x0000, 0x0000, 0x0000, 0x0000, 0x0000, 0x0000, 0x0000, 0x0000, 0x0000,
    0x0000, 0x0000, 0x0000, 0x0000, 0x0000, 0x0000, 0x0000, 0x0000, 0x0000, 0x0000, 0x0000, 0x0000,
    0x0000, 0x0000, 0x0000, 0x0000, 0x0000, 0x0000, 0x0000, 0x0000, 0x0000, 0x0000, 0x0000, 0x0000,
    0x0000, 0x0000, 0x0000, 0x0000, 0x0000, 0x0000, 0x0000, 0x0000, 0x0000, 0x0000, 0x0000, 0x0000,
    0x0000, 0x0000, 0x0000, 0x0000, 0x0000, 0x0000, 0x0000, 0x0000, 0x0000, 0x0000, 0x0000, 0x0000,
    0x0000, 0x0000, 0x0000, 0x0000, 0x0000, 0x0000, 0x0000, 0x0000, 0x0000, 0x0000, 0x0000, 0x0000,
    0x0000, 0x0000, 0x0000, 0x0000, 0x0000, 0x0000, 0x0000, 0x0000, 0x0000, 0x0000, 0x0000, 0x0000,
    0x0000, 0x0000, 0x0000, 0x0000, 0x0000, 0x0000, 0x0000, 0x0000, 0x5323, 0x5CAC, 0x7532, 0x80DB,
    0x9240, 0x9598, 0x525B, 0x5808, 0x59DC, 0x5CA1, 0x5D17, 0x5EB7, 0x5F3A, 0x5F4A, 0x6177, 0x6C5F,
    0x757A, 0x7586, 0x7CE0, 0x7D73, 0x7DB1, 0x7F8C, 0x8154, 0x8221, 0x8591, 0x8941, 0x8B1B, 0x92FC,
    0x964D, 0x9C47, 0x4ECB, 0x4EF7, 0x500B, 0x51F1, 0x584F, 0x6137, 0x613E, 0x6168, 0x6539, 0x69EA,
    0x6F11, 0x75A5, 0x7686, 0x76D6, 0x7B87, 0x82A5, 0x84CB, 0xF900, 0x93A7, 0x958B, 0x5580, 0x5BA2,
    0x5751, 0xF901, 0x7CB3, 0x7FB9, 0x91B5, 0x5028, 0x53BB, 0x5C45, 0x5DE8, 0x62D2, 0x636E, 0x64DA,
    0x64E7, 0x6E20, 0x70AC, 0x795B, 0x8DDD, 0x8E1E, 0xF902, 0x907D, 0x9245, 0x92F8, 0x4E7E, 0x4EF6,
    0x5065, 0x5DFE, 0x5EFA, 0x6106, 0x6957, 0x8171, 0x8654, 0x8E47, 0x9375, 0x9A2B, 0x4E5E, 0x5091,
    0x6770, 0x6840, 0x5109, 0x528D, 0x5292, 0x6AA2, 0x0000, 0x0000, 0x0000, 0x0000, 0x0000, 0x0000,
    0x0000, 0x0000, 0x0000, 0x0000, 0x0000, 0x0000, 0x0000, 0x0000, 0x0000, 0x0000, 0x0000, 0x0000,
    0x0000, 0x0000, 0x0000, 0x0000, 0x0000, 0x0000, 0x0000, 0x0000, 0x0000, 0x0000, 0x0000, 0x0000,
    0x0000, 0x0000, 0x0000, 0x0000, 0x0000, 0x0000, 0x0000, 0x0000, 0x0000, 0x0000, 0x0000, 0x0000,
    0x0000, 0x0000, 0x0000, 0x0000, 0x0000, 0x0000, 0x0000, 0x0000, 0x0000, 0x0000, 0x0000, 0x0000,
    0x0000, 0x0000, 0x0000, 0x0000, 0x0000, 0x0000, 0x0000, 0x0000, 0x0000, 0x0000, 0x0000, 0x0000,
    0x0000, 0x0000, 0x0000, 0x0000, 0x0000, 0x0000, 0x0000, 0x0000, 0x0000, 0x0000, 0x0000, 0x0000,
    0x0000, 0x0000, 0x0000, 0x0000, 0x0000, 0x0000, 0x0000, 0x0000, 0x0000, 0x0000, 0x0000, 0x0000,
    0x0000, 0x0000, 0x0000, 0x0000, 0x0000, 0x0000, 0x77BC, 0x9210, 0x9ED4, 0x52AB, 0x602F, 0x8FF2,
    0x5048, 0x61A9, 0x63ED, 0x64CA, 0x683C, 0x6A84, 0x6FC0, 0x8188, 0x89A1, 0x9694, 0x5805, 0x727D,
    0x72AC, 0x7504, 0x7D79, 0x7E6D, 0x80A9, 0x898B, 0x8B74, 0x9063, 0x9D51, 0x6289, 0x6C7A, 0x6F54,
    0x7D50, 0x7F3A, 0x8A23, 0x517C, 0x614A, 0x7B9D, 0x8B19, 0x9257, 0x938C, 0x4EAC, 0x4FD3, 0x501E,
    0x50BE, 0x5106, 0x52C1, 0x52CD, 0x537F, 0x5770, 0x5883, 0x5E9A, 0x5F91, 0x6176, 0x61AC, 0x64CE,
    0x656C, 0x666F, 0x66BB, 0x66F4, 0x6897, 0x6D87, 0x7085, 0x70F1, 0x749F, 0x74A5, 0x74CA, 0x75D9,
    0x786C, 0x78EC, 0x7ADF, 0x7AF6, 0x7D45, 0x7D93, 0x8015, 0x803F, 0x811B, 0x8396, 0x8B66, 0x8F15,
    0x9015, 0x93E1, 0x9803, 0x9838, 0x9A5A, 0x9BE8, 0x4FC2, 0x5553, 0x583A, 0x5951, 0x5B63, 0x5C46,
    0x60B8, 0x6212, 0x6842, 0x68B0, 0x0000, 0x0000, 0x0000, 0x0000, 0x0000, 0x0000, 0x0000, 0x0000,
    0x0000, 0x0000, 0x0000, 0x0000, 0x0000, 0x0000, 0x0000, 0x0000, 0x0000, 0x0000, 0x0000, 0x0000,
    0x0000, 0x0000, 0x0000, 0x0000, 0x0000, 0x0000, 0x0000, 0x0000, 0x0000, 0x0000, 0x0000, 0x0000,
    0x0000, 0x0000, 0x0000, 0x0000, 0x0000, 0x0000, 0x0000, 0x0000, 0x0000, 0x0000, 0x0000, 0x0000,
    0x0000, 0x0000, 0x0000, 0x0000, 0x0000, 0x0000, 0x0000, 0x0000, 0x0000, 0x0000, 0x0000, 0x0000,
    0x0000, 0x0000, 0x0000, 0x0000, 0x0000, 0x0000, 0x0000, 0x0000, 0x0000, 0x0000, 0x0000, 0x0000,
    0x0000, 0x0000, 0x0000, 0x0000, 0x0000, 0x0000, 0x0000, 0x0000, 0x0000, 0x0000, 0x0000, 0x0000,
    0x0000, 0x0000, 0x0000, 0x0000, 0x0000, 0x0000, 0x0000, 0x0000, 0x0000, 0x0000, 0x0000, 0x0000,
    0x0000, 0x0000, 0x0000, 0x0000, 0x68E8, 0x6EAA, 0x754C, 0x7678, 0x78CE, 0x7A3D, 0x7CFB, 0x7E6B,
    0x7E7C, 0x8A08, 0x8AA1, 0x8C3F, 0x968E, 0x9DC4, 0x53E4, 0x53E9, 0x544A, 0x5471, 0x56FA, 0x59D1,
    0x5B64, 0x5C3B, 0x5EAB, 0x62F7, 0x6537, 0x6545, 0x6572, 0x66A0, 0x67AF, 0x69C1, 0x6CBD, 0x75FC,
    0x7690, 0x777E, 0x7A3F, 0x7F94, 0x8003, 0x80A1, 0x818F, 0x82E6, 0x82FD, 0x83F0, 0x85C1, 0x8831,
    0x88B4, 0x8AA5, 0xF903, 0x8F9C, 0x932E, 0x96C7, 0x9867, 0x9AD8, 0x9F13, 0x54ED, 0x659B, 0x66F2,
    0x688F, 0x7A40, 0x8C37, 0x9D60, 0x56F0, 0x5764, 0x5D11, 0x6606, 0x68B1, 0x68CD, 0x6EFE, 0x7428,
    0x889E, 0x9BE4, 0x6C68, 0xF904, 0x9AA8, 0x4F9B, 0x516C, 0x5171, 0x529F, 0x5B54, 0x5DE5, 0x6050,
    0x606D, 0x62F1, 0x63A7, 0x653B, 0x73D9, 0x7A7A, 0x86A3, 0x8CA2, 0x978F, 0x4E32, 0x5BE1, 0x6208,
    0x679C, 0x74DC, 0x0000, 0x0000, 0x0000, 0x0000, 0x0000, 0x0000, 0x0000, 0x0000, 0x0000, 0x0000,
    0x0000, 0x0000, 0x0000, 0x0000, 0x0000, 0x0000, 0x0000, 0x0000, 0x0000, 0x0000, 0x0000, 0x0000,
    0x0000, 0x0000, 0x0000, 0x0000, 0x0000, 0x0000, 0x0000, 0x0000, 0x0000, 0x0000, 0x0000, 0x0000,
    0x0000, 0x0000, 0x0000, 0x0000, 0x0000, 0x0000, 0x0000, 0x0000, 0x0000, 0x0000, 0x0000, 0x0000,
    0x0000, 0x0000, 0x0000, 0x0000, 0x0000, 0x0000, 0x0000, 0x0000, 0x0000, 0x0000, 0x0000, 0x0000,
    0x0000, 0x0000, 0x0000, 0x0000, 0x0000, 0x0000, 0x0000, 0x0000, 0x0000, 0x0000, 0x0000, 0x0000,
    0x0000, 0x0000, 0x0000, 0x0000, 0x0000, 0x0000, 0x0000, 0x0000, 0x0000, 0x0000, 0x0000, 0x0000,
    0x0000, 0x0000, 0x0000, 0x0000, 0x0000, 0x0000, 0x0000, 0x0000, 0x0000, 0x0000, 0x0000, 0x0000,
    0x0000, 0x0000, 0x79D1, 0x83D3, 0x8A87, 0x8AB2, 0x8DE8, 0x904E, 0x934B, 0x9846, 0x5ED3, 0x69E8,
    0x85FF, 0x90ED, 0xF905, 0x51A0, 0x5B98, 0x5BEC, 0x6163, 0x68FA, 0x6B3E, 0x704C, 0x742F, 0x74D8,
    0x7BA1, 0x7F50, 0x83C5, 0x89C0, 0x8CAB, 0x95DC, 0x9928, 0x522E, 0x605D, 0x62EC, 0x9002, 0x4F8A,
    0x5149, 0x5321, 0x58D9, 0x5EE3, 0x66E0, 0x6D38, 0x709A, 0x72C2, 0x73D6, 0x7B50, 0x80F1, 0x945B,
    0x5366, 0x639B, 0x7F6B, 0x4E56, 0x5080, 0x584A, 0x58DE, 0x602A, 0x6127, 0x62D0, 0x69D0, 0x9B41,
    0x5B8F, 0x7D18, 0x80B1, 0x8F5F, 0x4EA4, 0x50D1, 0x54AC, 0x55AC, 0x5B0C, 0x5DA0, 0x5DE7, 0x652A,
    0x654E, 0x6821, 0x6A4B, 0x72E1, 0x768E, 0x77EF, 0x7D5E, 0x7FF9, 0x81A0, 0x854E, 0x86DF, 0x8F03,
    0x8F4E, 0x90CA, 0x9903, 0x9A55, 0x9BAB, 0x4E18, 0x4E45, 0x4E5D, 0x4EC7, 0x4FF1, 0x5177, 0x52FE,
    0x0000, 0x0000, 0x0000, 0x0000, 0x0000, 0x0000, 0x0000, 0x0000, 0x0000, 0x0000, 0x0000, 0x0000,
    0x0000, 0x0000, 0x0000, 0x0000, 0x0000, 0x0000, 0x0000, 0x0000, 0x0000, 0x0000, 0x0000, 0x0000,
    0x0000, 0x0000, 0x0000, 0x0000, 0x0000, 0x0000, 0x0000, 0x0000, 0x0000, 0x0000, 0x0000, 0x0000,
    0x0000, 0x0000, 0x0000, 0x0000, 0x0000, 0x0000, 0x0000, 0x0000, 0x0000, 0x0000, 0x0000, 0x0000,
    0x0000, 0x0000, 0x0000, 0x0000, 0x0000, 0x0000, 0x0000, 0x0000, 0x0000, 0x0000, 0x0000, 0x0000,
    0x0000, 0x0000, 0x0000, 0x0000, 0x0000, 0x0000, 0x0000, 0x0000, 0x0000, 0x0000, 0x0000, 0x0000,
    0x0000, 0x0000, 0x0000, 0x0000, 0x0000, 0x0000, 0x0000, 0x0000, 0x0000, 0x0000, 0x0000, 0x0000,
    0x0000, 0x0000, 0x0000, 0x0000, 0x0000, 0x0000, 0x0000, 0x0000, 0x0000, 0x0000, 0x0000, 0x0000,
    0x5340, 0x53E3, 0x53E5, 0x548E, 0x5614, 0x5775, 0x57A2, 0x5BC7, 0x5D87, 0x5ED0, 0x61FC, 0x62D8,
    0x6551, 0x67B8, 0x67E9, 0x69CB, 0x6B50, 0x6BC6, 0x6BEC, 0x6C42, 0x6E9D, 0x7078, 0x72D7, 0x7396,
    0x7403, 0x77BF, 0x77E9, 0x7A76, 0x7D7F, 0x8009, 0x81FC, 0x8205, 0x820A, 0x82DF, 0x8862, 0x8B33,
    0x8CFC, 0x8EC0, 0x9011, 0x90B1, 0x9264, 0x92B6, 0x99D2, 0x9A45, 0x9CE9, 0x9DD7, 0x9F9C, 0x570B,
    0x5C40, 0x83CA, 0x97A0, 0x97AB, 0x9EB4, 0x541B, 0x7A98, 0x7FA4, 0x88D9, 0x8ECD, 0x90E1, 0x5800,
    0x5C48, 0x6398, 0x7A9F, 0x5BAE, 0x5F13, 0x7A79, 0x7AAE, 0x828E, 0x8EAC, 0x5026, 0x5238, 0x52F8,
    0x5377, 0x5708, 0x62F3, 0x6372, 0x6B0A, 0x6DC3, 0x7737, 0x53A5, 0x7357, 0x8568, 0x8E76, 0x95D5,
    0x673A, 0x6AC3, 0x6F70, 0x8A6D, 0x8ECC, 0x994B, 0xF906, 0x6677, 0x6B78, 0x8CB4, 0x0000, 0x0000,
    0x0000, 0x0000, 0x0000, 0x0000, 0x0000, 0x0000, 0x0000, 0x0000, 0x0000, 0x0000, 0x0000, 0x0000,
    0x0000, 0x0000, 0x0000, 0x0000, 0x0000, 0x0000, 0x0000, 0x0000, 0x0000, 0x0000, 0x0000, 0x0000,
    0x0000, 0x0000, 0x0000, 0x0000, 0x0000, 0x0000, 0x0000, 0x0000, 0x0000, 0x0000, 0x0000, 0x0000,
    0x0000, 0x0000, 0x0000, 0x0000, 0x0000, 0x0000, 0x0000, 0x0000, 0x0000, 0x0000, 0x0000, 0x0000,
    0x0000, 0x0000, 0x0000, 0x0000, 0x0000, 0x0000, 0x0000, 0x0000, 0x0000, 0x0000, 0x0000, 0x0000,
    0x0000, 0x0000, 0x0000, 0x0000, 0x0000, 0x0000, 0x0000, 0x0000, 0x0000, 0x0000, 0x0000, 0x0000,
    0x0000, 0x0000, 0x0000, 0x0000, 0x0000, 0x0000, 0x0000, 0x0000, 0x0000, 0x0000, 0x0000, 0x0000,
    0x0000, 0x0000, 0x0000, 0x0000, 0x0000, 0x0000, 0x0000, 0x0000, 0x0000, 0x0000, 0x9B3C, 0xF907,
    0x53EB, 0x572D, 0x594E, 0x63C6, 0x69FB, 0x73EA, 0x7845, 0x7ABA, 0x7AC5, 0x7CFE, 0x8475, 0x898F,
    0x8D73, 0x9035, 0x95A8, 0x52FB, 0x5747, 0x7547, 0x7B60, 0x83CC, 0x921E, 0xF908, 0x6A58, 0x514B,
    0x524B, 0x5287, 0x621F, 0x68D8, 0x6975, 0x9699, 0x50C5, 0x52A4, 0x52E4, 0x61C3, 0x65A4, 0x6839,
    0x69FF, 0x747E, 0x7B4B, 0x82B9, 0x83EB, 0x89B2, 0x8B39, 0x8FD1, 0x9949, 0xF909, 0x4ECA, 0x5997,
    0x64D2, 0x6611, 0x6A8E, 0x7434, 0x7981, 0x79BD, 0x82A9, 0x887E, 0x887F, 0x895F, 0xF90A, 0x9326,
    0x4F0B, 0x53CA, 0x6025, 0x6271, 0x6C72, 0x7D1A, 0x7D66, 0x4E98, 0x5162, 0x77DC, 0x80AF, 0x4F01,
    0x4F0E, 0x5176, 0x5180, 0x55DC, 0x5668, 0x573B, 0x57FA, 0x57FC, 0x5914, 0x5947, 0x5993, 0x5BC4,
    0x5C90, 0x5D0E, 0x5DF1, 0x5E7E, 0x5FCC, 0x6280, 0x65D7, 0x65E3, 0x0000, 0x0000, 0x0000, 0x0000,
    0x0000, 0x0000, 0x0000, 0x0000, 0x0000, 0x0000, 0x0000, 0x0000, 0x0000, 0x0000, 0x0000, 0x0000,
    0x0000, 0x0000, 0x0000, 0x0000, 0x0000, 0x0000, 0x0000, 0x0000, 0x0000, 0x0000, 0x0000, 0x0000,
    0x0000, 0x0000, 0x0000, 0x0000, 0x0000, 0x0000, 0x0000, 0x0000, 0x0000, 0x0000, 0x0000, 0x0000,
    0x0000, 0x0000, 0x0000, 0x0000, 0x0000, 0x0000, 0x0000, 0x0000, 0x0000, 0x0000, 0x0000, 0x0000,
    0x0000, 0x0000, 0x0000, 0x0000, 0x0000, 0x0000, 0x0000, 0x0000, 0x0000, 0x0000, 0x0000, 0x0000,
    0x0000, 0x0000, 0x0000, 0x0000, 0x0000, 0x0000, 0x0000, 0x0000, 0x0000, 0x0000, 0x0000, 0x0000,
    0x0000, 0x0000, 0x0000, 0x0000, 0x0000, 0x0000, 0x0000, 0x0000, 0x0000, 0x0000, 0x0000, 0x0000,
    0x0000, 0x0000, 0x0000, 0x0000, 0x0000, 0x0000, 0x0000, 0x0000, 0x671E, 0x671F, 0x675E, 0x68CB,
    0x68C4, 0x6A5F, 0x6B3A, 0x6C23, 0x6C7D, 0x6C82, 0x6DC7, 0x7398, 0x7426, 0x742A, 0x7482, 0x74A3,
    0x7578, 0x757F, 0x7881, 0x78EF, 0x7941, 0x7947, 0x7948, 0x797A, 0x7B95, 0x7D00, 0x7DBA, 0x7F88,
    0x8006, 0x802D, 0x808C, 0x8A18, 0x8B4F, 0x8C48, 0x8D77, 0x9321, 0x9324, 0x98E2, 0x9951, 0x9A0E,
    0x9A0F, 0x9A65, 0x9E92, 0x7DCA, 0x4F76, 0x5409, 0x62EE, 0x6854, 0x91D1, 0x55AB, 0x513A, 0xF90B,
    0xF90C, 0x5A1C, 0x61E6, 0xF90D, 0x62CF, 0x62FF, 0xF90E, 0xF90F, 0xF910, 0xF911, 0xF912, 0xF913,
    0x90A3, 0xF914, 0xF915, 0xF916, 0xF917, 0xF918, 0x8AFE, 0xF919, 0xF91A, 0xF91B, 0xF91C, 0x6696,
    0xF91D, 0x7156, 0xF91E, 0xF91F, 0x96E3, 0xF920, 0x634F, 0x637A, 0x5357, 0xF921, 0x678F, 0x6960,
    0x6E73, 0xF922, 0x7537, 0xF923, 0xF924, 0xF925, 0x0000, 0x0000, 0x0000, 0x0000, 0x0000, 0x0000,
    0x0000, 0x0000, 0x0000, 0x0000, 0x0000, 0x0000, 0x0000, 0x0000, 0x0000, 0x0000, 0x0000, 0x0000,
    0x0000, 0x0000, 0x0000, 0x0000, 0x0000, 0x0000, 0x0000, 0x0000, 0x0000, 0x0000, 0x0000, 0x0000,
    0x0000, 0x0000, 0x0000, 0x0000, 0x0000, 0x0000, 0x0000, 0x0000, 0x0000, 0x0000, 0x0000, 0x0000,
    0x0000, 0x0000, 0x0000, 0x0000, 0x0000, 0x0000, 0x0000, 0x0000, 0x0000, 0x0000, 0x0000, 0x0000,
    0x0000, 0x0000, 0x0000, 0x0000, 0x0000, 0x0000, 0x0000, 0x0000, 0x0000, 0x0000, 0x0000, 0x0000,
    0x0000, 0x0000, 0x0000, 0x0000, 0x0000, 0x0000, 0x0000, 0x0000, 0x0000, 0x0000, 0x0000, 0x0000,
    0x0000, 0x0000, 0x0000, 0x0000, 0x0000, 0x0000, 0x0000, 0x0000, 0x0000, 0x0000, 0x0000, 0x0000,
    0x0000, 0x0000, 0x0000, 0x0000, 0x0000, 0x0000, 0x7D0D, 0xF926, 0xF927, 0x8872, 0x56CA, 0x5A18,
    0xF928, 0xF929, 0xF92A, 0xF92B, 0xF92C, 0x4E43, 0xF92D, 0x5167, 0x5948, 0x67F0, 0x8010, 0xF92E,
    0x5973, 0x5E74, 0x649A, 0x79CA, 0x5FF5, 0x606C, 0x62C8, 0x637B, 0x5BE7, 0x5BD7, 0x52AA, 0xF92F,
    0x5974, 0x5F29, 0x6012, 0xF930, 0xF931, 0xF932, 0x7459, 0xF933, 0xF934, 0xF935, 0xF936, 0xF937,
    0xF938, 0x99D1, 0xF939, 0xF93A, 0xF93B, 0xF93C, 0xF93D, 0xF93E, 0xF93F, 0xF940, 0xF941, 0xF942,
    0xF943, 0x6FC3, 0xF944, 0xF945, 0x81BF, 0x8FB2, 0x60F1, 0xF946, 0xF947, 0x8166, 0xF948, 0xF949,
    0x5C3F, 0xF94A, 0xF94B, 0xF94C, 0xF94D, 0xF94E, 0xF94F, 0xF950, 0xF951, 0x5AE9, 0x8A25, 0x677B,
    0x7D10, 0xF952, 0xF953, 0xF954, 0xF955, 0xF956, 0xF957, 0x80FD, 0xF958, 0xF959, 0x5C3C, 0x6CE5,
    0x533F, 0x6EBA, 0x591A, 0x8336, 0x0000, 0x0000, 0x0000, 0x0000, 0x0000, 0x0000, 0x0000, 0x0000,
    0x0000, 0x0000, 0x0000, 0x0000, 0x0000, 0x0000, 0x0000, 0x0000, 0x0000, 0x0000, 0x0000, 0x0000,
    0x0000, 0x0000, 0x0000, 0x0000, 0x0000, 0x0000, 0x0000, 0x0000, 0x0000, 0x0000, 0x0000, 0x0000,
    0x0000, 0x0000, 0x0000, 0x0000, 0x0000, 0x0000, 0x0000, 0x0000, 0x0000, 0x0000, 0x0000, 0x0000,
    0x0000, 0x0000, 0x0000, 0x0000, 0x0000, 0x0000, 0x0000, 0x0000, 0x0000, 0x0000, 0x0000, 0x0000,
    0x0000, 0x0000, 0x0000, 0x0000, 0x0000, 0x0000, 0x0000, 0x0000, 0x0000, 0x0000, 0x0000, 0x0000,
    0x0000, 0x0000, 0x0000, 0x0000, 0x0000, 0x0000, 0x0000, 0x0000, 0x0000, 0x0000, 0x0000, 0x0000,
    0x0000, 0x0000, 0x0000, 0x0000, 0x0000, 0x0000, 0x0000, 0x0000, 0x0000, 0x0000, 0x0000, 0x0000,
    0x0000, 0x0000, 0x0000, 0x0000, 0x4E39, 0x4EB6, 0x4F46, 0x55AE, 0x5718, 0x58C7, 0x5F56, 0x65B7,
    0x65E6, 0x6A80, 0x6BB5, 0x6E4D, 0x77ED, 0x7AEF, 0x7C1E, 0x7DDE, 0x86CB, 0x8892, 0x9132, 0x935B,
    0x64BB, 0x6FBE, 0x737A, 0x75B8, 0x9054, 0x5556, 0x574D, 0x61BA, 0x64D4, 0x66C7, 0x6DE1, 0x6E5B,
    0x6F6D, 0x6FB9, 0x75F0, 0x8043, 0x81BD, 0x8541, 0x8983, 0x8AC7, 0x8B5A, 0x931F, 0x6C93, 0x7553,
    0x7B54, 0x8E0F, 0x905D, 0x5510, 0x5802, 0x5858, 0x5E62, 0x6207, 0x649E, 0x68E0, 0x7576, 0x7CD6,
    0x87B3, 0x9EE8, 0x4EE3, 0x5788, 0x576E, 0x5927, 0x5C0D, 0x5CB1, 0x5E36, 0x5F85, 0x6234, 0x64E1,
    0x73B3, 0x81FA, 0x888B, 0x8CB8, 0x968A, 0x9EDB, 0x5B85, 0x5FB7, 0x60B3, 0x5012, 0x5200, 0x5230,
    0x5716, 0x5835, 0x5857, 0x5C0E, 0x5C60, 0x5CF6, 0x5D8B, 0x5EA6, 0x5F92, 0x60BC, 0x6311, 0x6389,
    0x6417, 0x6843, 0x0000, 0x0000, 0x0000, 0x0000, 0x0000, 0x0000, 0x0000, 0x0000, 0x0000, 0x0000,
    0x0000, 0x0000, 0x0000, 0x0000, 0x0000, 0x0000, 0x0000, 0x0000, 0x0000, 0x0000, 0x0000, 0x0000,
    0x0000, 0x0000, 0x0000, 0x0000, 0x0000, 0x0000, 0x0000, 0x0000, 0x0000, 0x0000, 0x0000, 0x0000,
    0x0000, 0x0000, 0x0000, 0x0000, 0x0000, 0x0000, 0x0000, 0x0000, 0x0000, 0x0000, 0x0000, 0x0000,
    0x0000, 0x0000, 0x0000, 0x0000, 0x0000, 0x0000, 0x0000, 0x0000, 0x0000, 0x0000, 0x0000, 0x0000,
    0x0000, 0x0000, 0x0000, 0x0000, 0x0000, 0x0000, 0x0000, 0x0000, 0x0000, 0x0000, 0x0000, 0x0000,
    0x0000, 0x0000, 0x0000, 0x0000, 0x0000, 0x0000, 0x0000, 0x0000, 0x0000, 0x0000, 0x0000, 0x0000,
    0x0000, 0x0000, 0x0000, 0x0000, 0x0000, 0x0000, 0x0000, 0x0000, 0x0000, 0x0000, 0x0000, 0x0000,
    0x0000, 0x0000, 0x68F9, 0x6AC2, 0x6DD8, 0x6E21, 0x6ED4, 0x6FE4, 0x71FE, 0x76DC, 0x7779, 0x79B1,
    0x7A3B, 0x8404, 0x89A9, 0x8CED, 0x8DF3, 0x8E48, 0x9003, 0x9014, 0x9053, 0x90FD, 0x934D, 0x9676,
    0x97DC, 0x6BD2, 0x7006, 0x7258, 0x72A2, 0x7368, 0x7763, 0x79BF, 0x7BE4, 0x7E9B, 0x8B80, 0x58A9,
    0x60C7, 0x6566, 0x65FD, 0x66BE, 0x6C8C, 0x711E, 0x71C9, 0x8C5A, 0x9813, 0x4E6D, 0x7A81, 0x4EDD,
    0x51AC, 0x51CD, 0x52D5, 0x540C, 0x61A7, 0x6771, 0x6850, 0x68DF, 0x6D1E, 0x6F7C, 0x75BC, 0x77B3,
    0x7AE5, 0x80F4, 0x8463, 0x9285, 0x515C, 0x6597, 0x675C, 0x6793, 0x75D8, 0x7AC7, 0x8373, 0xF95A,
    0x8C46, 0x9017, 0x982D, 0x5C6F, 0x81C0, 0x829A, 0x9041, 0x906F, 0x920D, 0x5F97, 0x5D9D, 0x6A59,
    0x71C8, 0x767B, 0x7B49, 0x85E4, 0x8B04, 0x9127, 0x9A30, 0x5587, 0x61F6, 0xF95B, 0x7669, 0x7F85,
    0x0000, 0x0000, 0x0000, 0x0000, 0x0000, 0x0000, 0x0000, 0x0000, 0x0000, 0x0000, 0x0000, 0x0000,
    0x0000, 0x0000, 0x0000, 0x0000, 0x0000, 0x0000, 0x0000, 0x0000, 0x0000, 0x0000, 0x0000, 0x0000,
    0x0000, 0x0000, 0x0000, 0x0000, 0x0000, 0x0000, 0x0000, 0x0000, 0x0000, 0x0000, 0x0000, 0x0000,
    0x0000, 0x0000, 0x0000, 0x0000, 0x0000, 0x0000, 0x0000, 0x0000, 0x0000, 0x0000, 0x0000, 0x0000,
    0x0000, 0x0000, 0x0000, 0x0000, 0x0000, 0x0000, 0x0000, 0x0000, 0x0000, 0x0000, 0x0000, 0x0000,
    0x0000, 0x0000, 0x0000, 0x0000, 0x0000, 0x0000, 0x0000, 0x0000, 0x0000, 0x0000, 0x0000, 0x0000,
    0x0000, 0x0000, 0x0000, 0x0000, 0x0000, 0x0000, 0x0000, 0x0000, 0x0000, 0x0000, 0x0000, 0x0000,
    0x0000, 0x0000, 0x0000, 0x0000, 0x0000, 0x0000, 0x0000, 0x0000, 0x0000, 0x0000, 0x0000, 0x0000,
    0x863F, 0x87BA, 0x88F8, 0x908F, 0xF95C, 0x6D1B, 0x70D9, 0x73DE, 0x7D61, 0x843D, 0xF95D, 0x916A,
    0x99F1, 0xF95E, 0x4E82, 0x5375, 0x6B04, 0x6B12, 0x703E, 0x721B, 0x862D, 0x9E1E, 0x524C, 0x8FA3,
    0x5D50, 0x64E5, 0x652C, 0x6B16, 0x6FEB, 0x7C43, 0x7E9C, 0x85CD, 0x8964, 0x89BD, 0x62C9, 0x81D8,
    0x881F, 0x5ECA, 0x6717, 0x6D6A, 0x72FC, 0x7405, 0x746F, 0x8782, 0x90DE, 0x4F86, 0x5D0D, 0x5FA0,
    0x840A, 0x51B7, 0x63A0, 0x7565, 0x4EAE, 0x5006, 0x5169, 0x51C9, 0x6881, 0x6A11, 0x7CAE, 0x7CB1,
    0x7CE7, 0x826F, 0x8AD2, 0x8F1B, 0x91CF, 0x4FB6, 0x5137, 0x52F5, 0x5442, 0x5EEC, 0x616E, 0x623E,
    0x65C5, 0x6ADA, 0x6FFE, 0x792A, 0x85DC, 0x8823, 0x95AD, 0x9A62, 0x9A6A, 0x9E97, 0x9ECE, 0x529B,
    0x66C6, 0x6B77, 0x701D, 0x792B, 0x8F62, 0x9742, 0x6190, 0x6200, 0x6523, 0x6F23, 0x0000, 0x0000,
    0x0000, 0x0000, 0x0000, 0x0000, 0x0000, 0x0000, 0x0000, 0x0000, 0x0000, 0x0000, 0x0000, 0x0000,
    0x0000, 0x0000, 0x0000, 0x0000, 0x0000, 0x0000, 0x0000, 0x0000, 0x0000, 0x0000, 0x0000, 0x0000,
    0x0000, 0x0000, 0x0000, 0x0000, 0x0000, 0x0000, 0x0000, 0x0000, 0x0000, 0x0000, 0x0000, 0x0000,
    0x0000, 0x0000, 0x0000, 0x0000, 0x0000, 0x0000, 0x0000, 0x0000, 0x0000, 0x0000, 0x0000, 0x0000,
    0x0000, 0x0000, 0x0000, 0x0000, 0x0000, 0x0000, 0x0000, 0x0000, 0x0000, 0x0000, 0x0000, 0x0000,
    0x0000, 0x0000, 0x0000, 0x0000, 0x0000, 0x0000, 0x0000, 0x0000, 0x0000, 0x0000, 0x0000, 0x0000,
    0x0000, 0x0000, 0x0000, 0x0000, 0x0000, 0x0000, 0x0000, 0x0000, 0x0000, 0x0000, 0x0000, 0x0000,
    0x0000, 0x0000, 0x0000, 0x0000, 0x0000, 0x0000, 0x0000, 0x0000, 0x0000, 0x0000, 0x7149, 0x7489,
    0x7DF4, 0x806F, 0x84EE, 0x8F26, 0x9023, 0x934A, 0x51BD, 0x5217, 0x52A3, 0x6D0C, 0x70C8, 0x88C2,
    0x5EC9, 0x6582, 0x6BAE, 0x6FC2, 0x7C3E, 0x7375, 0x4EE4, 0x4F36, 0x56F9, 0xF95F, 0x5CBA, 0x5DBA,
    0x601C, 0x73B2, 0x7B2D, 0x7F9A, 0x7FCE, 0x8046, 0x901E, 0x9234, 0x96F6, 0x9748, 0x9818, 0x9F61,
    0x4F8B, 0x6FA7, 0x79AE, 0x91B4, 0x96B7, 0x52DE, 0xF960, 0x6488, 0x64C4, 0x6AD3, 0x6F5E, 0x7018,
    0x7210, 0x76E7, 0x8001, 0x8606, 0x865C, 0x8DEF, 0x8F05, 0x9732, 0x9B6F, 0x9DFA, 0x9E75, 0x788C,
    0x797F, 0x7DA0, 0x83C9, 0x9304, 0x9E7F, 0x9E93, 0x8AD6, 0x58DF, 0x5F04, 0x6727, 0x7027, 0x74CF,
    0x7C60, 0x807E, 0x5121, 0x7028, 0x7262, 0x78CA, 0x8CC2, 0x8CDA, 0x8CF4, 0x96F7, 0x4E86, 0x50DA,
    0x5BEE, 0x5ED6, 0x6599, 0x71CE, 0x7642, 0x77AD, 0x804A, 0x84FC, 0x0000, 0x0000, 0x0000, 0x0000,
    0x0000, 0x0000, 0x0000, 0x0000, 0x0000, 0x0000, 0x0000, 0x0000, 0x0000, 0x0000, 0x0000, 0x0000,
    0x0000, 0x0000, 0x0000, 0x0000, 0x0000, 0x0000, 0x0000, 0x0000, 0x0000, 0x0000, 0x0000, 0x0000,
    0x0000, 0x0000, 0x0000, 0x0000, 0x0000, 0x0000, 0x0000, 0x0000, 0x0000, 0x0000, 0x0000, 0x0000,
    0x0000, 0x0000, 0x0000, 0x0000, 0x0000, 0x0000, 0x0000, 0x0000, 0x0000, 0x0000, 0x0000, 0x0000,
    0x0000, 0x0000, 0x0000, 0x0000, 0x0000, 0x0000, 0x0000, 0x0000, 0x0000, 0x0000, 0x0000, 0x0000,
    0x0000, 0x0000, 0x0000, 0x0000, 0x0000, 0x0000, 0x0000, 0x0000, 0x0000, 0x0000, 0x0000, 0x0000,
    0x0000, 0x0000, 0x0000, 0x0000, 0x0000, 0x0000, 0x0000, 0x0000, 0x0000, 0x0000, 0x0000, 0x0000,
    0x0000, 0x0000, 0x0000, 0x0000, 0x0000, 0x0000, 0x0000, 0x0000, 0x907C, 0x9B27, 0x9F8D, 0x58D8,
    0x5A41, 0x5C62, 0x6A13, 0x6DDA, 0x6F0F, 0x763B, 0x7D2F, 0x7E37, 0x851E, 0x8938, 0x93E4, 0x964B,
    0x5289, 0x65D2, 0x67F3, 0x69B4, 0x6D41, 0x6E9C, 0x700F, 0x7409, 0x7460, 0x7559, 0x7624, 0x786B,
    0x8B2C, 0x985E, 0x516D, 0x622E, 0x9678, 0x4F96, 0x502B, 0x5D19, 0x6DEA, 0x7DB8, 0x8F2A, 0x5F8B,
    0x6144, 0x6817, 0xF961, 0x9686, 0x52D2, 0x808B, 0x51DC, 0x51CC, 0x695E, 0x7A1C, 0x7DBE, 0x83F1,
    0x9675, 0x4FDA, 0x5229, 0x5398, 0x540F, 0x550E, 0x5C65, 0x60A7, 0x674E, 0x68A8, 0x6D6C, 0x7281,
    0x72F8, 0x7406, 0x7483, 0xF962, 0x75E2, 0x7C6C, 0x7F79, 0x7FB8, 0x8389, 0x88CF, 0x88E1, 0x91CC,
    0x91D0, 0x96E2, 0x9BC9, 0x541D, 0x6F7E, 0x71D0, 0x7498, 0x85FA, 0x8EAA, 0x96A3, 0x9C57, 0x9E9F,
    0x6797, 0x6DCB, 0x7433, 0x81E8, 0x9716, 0x782C, 0x0000, 0x0000, 0x0000, 0x0000, 0x0000, 0x0000,
    0x0000, 0x0000, 0x0000, 0x0000, 0x0000, 0x0000, 0x0000, 0x0000, 0x0000, 0x0000, 0x0000, 0x0000,
    0x0000, 0x0000, 0x0000, 0x0000, 0x0000, 0x0000, 0x0000, 0x0000, 0x0000, 0x0000, 0x0000, 0x0000,
    0x0000, 0x0000, 0x0000, 0x0000, 0x0000, 0x0000, 0x0000, 0x0000, 0x0000, 0x0000, 0x0000, 0x0000,
    0x0000, 0x0000, 0x0000, 0x0000, 0x0000, 0x0000, 0x0000, 0x0000, 0x0000, 0x0000, 0x0000, 0x0000,
    0x0000, 0x0000, 0x0000, 0x0000, 0x0000, 0x0000, 0x0000, 0x0000, 0x0000, 0x0000, 0x0000, 0x0000,
    0x0000, 0x0000, 0x0000, 0x0000, 0x0000, 0x0000, 0x0000, 0x0000, 0x0000, 0x0000, 0x0000, 0x0000,
    0x0000, 0x0000, 0x0000, 0x0000, 0x0000, 0x0000, 0x0000, 0x0000, 0x0000, 0x0000, 0x0000, 0x0000,
    0x0000, 0x0000, 0x0000, 0x0000, 0x0000, 0x0000, 0x7ACB, 0x7B20, 0x7C92, 0x6469, 0x746A, 0x75F2,
    0x78BC, 0x78E8, 0x99AC, 0x9B54, 0x9EBB, 0x5BDE, 0x5E55, 0x6F20, 0x819C, 0x83AB, 0x9088, 0x4E07,
    0x534D, 0x5A29, 0x5DD2, 0x5F4E, 0x6162, 0x633D, 0x6669, 0x66FC, 0x6EFF, 0x6F2B, 0x7063, 0x779E,
    0x842C, 0x8513, 0x883B, 0x8F13, 0x9945, 0x9C3B, 0x551C, 0x62B9, 0x672B, 0x6CAB, 0x8309, 0x896A,
    0x977A, 0x4EA1, 0x5984, 0x5FD8, 0x5FD9, 0x671B, 0x7DB2, 0x7F54, 0x8292, 0x832B, 0x83BD, 0x8F1E,
    0x9099, 0x57CB, 0x59B9, 0x5A92, 0x5BD0, 0x6627, 0x679A, 0x6885, 0x6BCF, 0x7164, 0x7F75, 0x8CB7,
    0x8CE3, 0x9081, 0x9B45, 0x8108, 0x8C8A, 0x964C, 0x9A40, 0x9EA5, 0x5B5F, 0x6C13, 0x731B, 0x76F2,
    0x76DF, 0x840C, 0x51AA, 0x8993, 0x514D, 0x5195, 0x52C9, 0x68C9, 0x6C94, 0x7704, 0x7720, 0x7DBF,
    0x7DEC, 0x9762, 0x9EB5, 0x6EC5, 0x0000, 0x0000, 0x0000, 0x0000, 0x0000, 0x0000, 0x0000, 0x0000,
    0x0000, 0x0000, 0x0000, 0x0000, 0x0000, 0x0000, 0x0000, 0x0000, 0x0000, 0x0000, 0x0000, 0x0000,
    0x0000, 0x0000, 0x0000, 0x0000, 0x0000, 0x0000, 0x0000, 0x0000, 0x0000, 0x0000, 0x0000, 0x0000,
    0x0000, 0x0000, 0x0000, 0x0000, 0x0000, 0x0000, 0x0000, 0x0000, 0x0000, 0x0000, 0x0000, 0x0000,
    0x0000, 0x0000, 0x0000, 0x0000, 0x0000, 0x0000, 0x0000, 0x0000, 0x0000, 0x0000, 0x0000, 0x0000,
    0x0000, 0x0000, 0x0000, 0x0000, 0x0000, 0x0000, 0x0000, 0x0000, 0x0000, 0x0000, 0x0000, 0x0000,
    0x0000, 0x0000, 0x0000, 0x0000, 0x0000, 0x0000, 0x0000, 0x0000, 0x0000, 0x0000, 0x0000, 0x0000,
    0x0000, 0x0000, 0x0000, 0x0000, 0x0000, 0x0000, 0x0000, 0x0000, 0x0000, 0x0000, 0x0000, 0x0000,
    0x0000, 0x0000, 0x0000, 0x0000, 0x8511, 0x51A5, 0x540D, 0x547D, 0x660E, 0x669D, 0x6927, 0x6E9F,
    0x76BF, 0x7791, 0x8317, 0x84C2, 0x879F, 0x9169, 0x9298, 0x9CF4, 0x8882, 0x4FAE, 0x5192, 0x52DF,
    0x59C6, 0x5E3D, 0x6155, 0x6478, 0x6479, 0x66AE, 0x67D0, 0x6A21, 0x6BCD, 0x6BDB, 0x725F, 0x7261,
    0x7441, 0x7738, 0x77DB, 0x8017, 0x82BC, 0x8305, 0x8B00, 0x8B28, 0x8C8C, 0x6728, 0x6C90, 0x7267,
    0x76EE, 0x7766, 0x7A46, 0x9DA9, 0x6B7F, 0x6C92, 0x5922, 0x6726, 0x8499, 0x536F, 0x5893, 0x5999,
    0x5EDF, 0x63CF, 0x6634, 0x6773, 0x6E3A, 0x732B, 0x7AD7, 0x82D7, 0x9328, 0x52D9, 0x5DEB, 0x61AE,
    0x61CB, 0x620A, 0x62C7, 0x64AB, 0x65E0, 0x6959, 0x6B66, 0x6BCB, 0x7121, 0x73F7, 0x755D, 0x7E46,
    0x821E, 0x8302, 0x856A, 0x8AA3, 0x8CBF, 0x9727, 0x9D61, 0x58A8, 0x9ED8, 0x5011, 0x520E, 0x543B,
    0x554F, 0x6587, 0x0000, 0x0000, 0x0000, 0x0000, 0x0000, 0x0000, 0x0000, 0x0000, 0x0000, 0x0000,
    0x0000, 0x0000, 0x0000, 0x0000, 0x0000, 0x0000, 0x0000, 0x0000, 0x0000, 0x0000, 0x0000, 0x0000,
    0x0000, 0x0000, 0x0000, 0x0000, 0x0000, 0x0000, 0x0000, 0x0000, 0x0000, 0x0000, 0x0000, 0x0000,
    0x0000, 0x0000, 0x0000, 0x0000, 0x0000, 0x0000, 0x0000, 0x0000, 0x0000, 0x0000, 0x0000, 0x0000,
    0x0000, 0x0000, 0x0000, 0x0000, 0x0000, 0x0000, 0x0000, 0x0000, 0x0000, 0x0000, 0x0000, 0x0000,
    0x0000, 0x0000, 0x0000, 0x0000, 0x0000, 0x0000, 0x0000, 0x0000, 0x0000, 0x0000, 0x0000, 0x0000,
    0x0000, 0x0000, 0x0000, 0x0000, 0x0000, 0x0000, 0x0000, 0x0000, 0x0000, 0x0000, 0x0000, 0x0000,
    0x0000, 0x0000, 0x0000, 0x0000, 0x0000, 0x0000, 0x0000, 0x0000, 0x0000, 0x0000, 0x0000, 0x0000,
    0x0000, 0x0000, 0x6C76, 0x7D0A, 0x7D0B, 0x805E, 0x868A, 0x9580, 0x96EF, 0x52FF, 0x6C95, 0x7269,
    0x5473, 0x5A9A, 0x5C3E, 0x5D4B, 0x5F4C, 0x5FAE, 0x672A, 0x68B6, 0x6963, 0x6E3C, 0x6E44, 0x7709,
    0x7C73, 0x7F8E, 0x8587, 0x8B0E, 0x8FF7, 0x9761, 0x9EF4, 0x5CB7, 0x60B6, 0x610D, 0x61AB, 0x654F,
    0x65FB, 0x65FC, 0x6C11, 0x6CEF, 0x739F, 0x73C9, 0x7DE1, 0x9594, 0x5BC6, 0x871C, 0x8B10, 0x525D,
    0x535A, 0x62CD, 0x640F, 0x64B2, 0x6734, 0x6A38, 0x6CCA, 0x73C0, 0x749E, 0x7B94, 0x7C95, 0x7E1B,
    0x818A, 0x8236, 0x8584, 0x8FEB, 0x96F9, 0x99C1, 0x4F34, 0x534A, 0x53CD, 0x53DB, 0x62CC, 0x642C,
    0x6500, 0x6591, 0x69C3, 0x6CEE, 0x6F58, 0x73ED, 0x7554, 0x7622, 0x76E4, 0x76FC, 0x78D0, 0x78FB,
    0x792C, 0x7D46, 0x822C, 0x87E0, 0x8FD4, 0x9812, 0x98EF, 0x52C3, 0x62D4, 0x64A5, 0x6E24, 0x6F51,
    0x0000, 0x0000, 0x0000, 0x0000, 0x0000, 0x0000, 0x0000, 0x0000, 0x0000, 0x0000, 0x0000, 0x0000,
    0x0000, 0x0000, 0x0000, 0x0000, 0x0000, 0x0000, 0x0000, 0x0000, 0x0000, 0x0000, 0x0000, 0x0000,
    0x0000, 0x0000, 0x0000, 0x0000, 0x0000, 0x0000, 0x0000, 0x0000, 0x0000, 0x0000, 0x0000, 0x0000,
    0x0000, 0x0000, 0x0000, 0x0000, 0x0000, 0x0000, 0x0000, 0x0000, 0x0000, 0x0000, 0x0000, 0x0000,
    0x0000, 0x0000, 0x0000, 0x0000, 0x0000, 0x0000, 0x0000, 0x0000, 0x0000, 0x0000, 0x0000, 0x0000,
    0x0000, 0x0000, 0x0000, 0x0000, 0x0000, 0x0000, 0x0000, 0x0000, 0x0000, 0x0000, 0x0000, 0x0000,
    0x0000, 0x0000, 0x0000, 0x0000, 0x0000, 0x0000, 0x0000, 0x0000, 0x0000, 0x0000, 0x0000, 0x0000,
    0x0000, 0x0000, 0x0000, 0x0000, 0x0000, 0x0000, 0x0000, 0x0000, 0x0000, 0x0000, 0x0000, 0x0000,
    0x767C, 0x8DCB, 0x91B1, 0x9262, 0x9AEE, 0x9B43, 0x5023, 0x508D, 0x574A, 0x59A8, 0x5C28, 0x5E47,
    0x5F77, 0x623F, 0x653E, 0x65B9, 0x65C1, 0x6609, 0x678B, 0x699C, 0x6EC2, 0x78C5, 0x7D21, 0x80AA,
    0x8180, 0x822B, 0x82B3, 0x84A1, 0x868C, 0x8A2A, 0x8B17, 0x90A6, 0x9632, 0x9F90, 0x500D, 0x4FF3,
    0xF963, 0x57F9, 0x5F98, 0x62DC, 0x6392, 0x676F, 0x6E43, 0x7119, 0x76C3, 0x80CC, 0x80DA, 0x88F4,
    0x88F5, 0x8919, 0x8CE0, 0x8F29, 0x914D, 0x966A, 0x4F2F, 0x4F70, 0x5E1B, 0x67CF, 0x6822, 0x767D,
    0x767E, 0x9B44, 0x5E61, 0x6A0A, 0x7169, 0x71D4, 0x756A, 0xF964, 0x7E41, 0x8543, 0x85E9, 0x98DC,
    0x4F10, 0x7B4F, 0x7F70, 0x95A5, 0x51E1, 0x5E06, 0x68B5, 0x6C3E, 0x6C4E, 0x6CDB, 0x72AF, 0x7BC4,
    0x8303, 0x6CD5, 0x743A, 0x50FB, 0x5288, 0x58C1, 0x64D8, 0x6A97, 0x74A7, 0x7656, 0x0000, 0x0000,
    0x0000, 0x0000, 0x0000, 0x0000, 0x0000, 0x0000, 0x0000, 0x0000, 0x0000, 0x0000, 0x0000, 0x0000,
    0x0000, 0x0000, 0x0000, 0x0000, 0x0000, 0x0000, 0x0000, 0x0000, 0x0000, 0x0000, 0x0000, 0x0000,
    0x0000, 0x0000, 0x0000, 0x0000, 0x0000, 0x0000, 0x0000, 0x0000, 0x0000, 0x0000, 0x0000, 0x0000,
    0x0000, 0x0000, 0x0000, 0x0000, 0x0000, 0x0000, 0x0000, 0x0000, 0x0000, 0x0000, 0x0000, 0x0000,
    0x0000, 0x0000, 0x0000, 0x0000, 0x0000, 0x0000, 0x0000, 0x0000, 0x0000, 0x0000, 0x0000, 0x0000,
    0x0000, 0x0000, 0x0000, 0x0000, 0x0000, 0x0000, 0x0000, 0x0000, 0x0000, 0x0000, 0x0000, 0x0000,
    0x0000, 0x0000, 0x0000, 0x0000, 0x0000, 0x0000, 0x0000, 0x0000, 0x0000, 0x0000, 0x0000, 0x0000,
    0x0000, 0x0000, 0x0000, 0x0000, 0x0000, 0x0000, 0x0000, 0x0000, 0x0000, 0x0000, 0x78A7, 0x8617,
    0x95E2, 0x9739, 0xF965, 0x535E, 0x5F01, 0x8B8A, 0x8FA8, 0x8FAF, 0x908A, 0x5225, 0x77A5, 0x9C49,
    0x9F08, 0x4E19, 0x5002, 0x5175, 0x5C5B, 0x5E77, 0x661E, 0x663A, 0x67C4, 0x68C5, 0x70B3, 0x7501,
    0x75C5, 0x79C9, 0x7ADD, 0x8F27, 0x9920, 0x9A08, 0x4FDD, 0x5821, 0x5831, 0x5BF6, 0x666E, 0x6B65,
    0x6D11, 0x6E7A, 0x6F7D, 0x73E4, 0x752B, 0x83E9, 0x88DC, 0x8913, 0x8B5C, 0x8F14, 0x4F0F, 0x50D5,
    0x5310, 0x535C, 0x5B93, 0x5FA9, 0x670D, 0x798F, 0x8179, 0x832F, 0x8514, 0x8907, 0x8986, 0x8F39,
    0x8F3B, 0x99A5, 0x9C12, 0x672C, 0x4E76, 0x4FF8, 0x5949, 0x5C01, 0x5CEF, 0x5CF0, 0x6367, 0x68D2,
    0x70FD, 0x71A2, 0x742B, 0x7E2B, 0x84EC, 0x8702, 0x9022, 0x92D2, 0x9CF3, 0x4E0D, 0x4ED8, 0x4FEF,
    0x5085, 0x5256, 0x526F, 0x5426, 0x5490, 0x57E0, 0x592B, 0x5A66, 0x0000, 0x0000, 0x0000, 0x0000,
    0x0000, 0x0000, 0x0000, 0x0000, 0x0000, 0x0000, 0x0000, 0x0000, 0x0000, 0x0000, 0x0000, 0x0000,
    0x0000, 0x0000, 0x0000, 0x0000, 0x0000, 0x0000, 0x0000, 0x0000, 0x0000, 0x0000, 0x0000, 0x0000,
    0x0000, 0x0000, 0x0000, 0x0000, 0x0000, 0x0000, 0x0000, 0x0000, 0x0000, 0x0000, 0x0000, 0x0000,
    0x0000, 0x0000, 0x0000, 0x0000, 0x0000, 0x0000, 0x0000, 0x0000, 0x0000, 0x0000, 0x0000, 0x0000,
    0x0000, 0x0000, 0x0000, 0x0000, 0x0000, 0x0000, 0x0000, 0x0000, 0x0000, 0x0000, 0x0000, 0x0000,
    0x0000, 0x0000, 0x0000, 0x0000, 0x0000, 0x0000, 0x0000, 0x0000, 0x0000, 0x0000, 0x0000, 0x0000,
    0x0000, 0x0000, 0x0000, 0x0000, 0x0000, 0x0000, 0x0000, 0x0000, 0x0000, 0x0000, 0x0000, 0x0000,
    0x0000, 0x0000, 0x0000, 0x0000, 0x0000, 0x0000, 0x0000, 0x0000, 0x5B5A, 0x5B75, 0x5BCC, 0x5E9C,
    0xF966, 0x6276, 0x6577, 0x65A7, 0x6D6E, 0x6EA5, 0x7236, 0x7B26, 0x7C3F, 0x7F36, 0x8150, 0x8151,
    0x819A, 0x8240, 0x8299, 0x83A9, 0x8A03, 0x8CA0, 0x8CE6, 0x8CFB, 0x8D74, 0x8DBA, 0x90E8, 0x91DC,
    0x961C, 0x9644, 0x99D9, 0x9CE7, 0x5317, 0x5206, 0x5429, 0x5674, 0x58B3, 0x5954, 0x596E, 0x5FFF,
    0x61A4, 0x626E, 0x6610, 0x6C7E, 0x711A, 0x76C6, 0x7C89, 0x7CDE, 0x7D1B, 0x82AC, 0x8CC1, 0x96F0,
    0xF967, 0x4F5B, 0x5F17, 0x5F7F, 0x62C2, 0x5D29, 0x670B, 0x68DA, 0x787C, 0x7E43, 0x9D6C, 0x4E15,
    0x5099, 0x5315, 0x532A, 0x5351, 0x5983, 0x5A62, 0x5E87, 0x60B2, 0x618A, 0x6249, 0x6279, 0x6590,
    0x6787, 0x69A7, 0x6BD4, 0x6BD6, 0x6BD7, 0x6BD8, 0x6CB8, 0xF968, 0x7435, 0x75FA, 0x7812, 0x7891,
    0x79D5, 0x79D8, 0x7C83, 0x7DCB, 0x7FE1, 0x80A5, 0x0000, 0x0000, 0x0000, 0x0000, 0x0000, 0x0000,
    0x0000, 0x0000, 0x0000, 0x0000, 0x0000, 0x0000, 0x0000, 0x0000, 0x0000, 0x0000, 0x0000, 0x0000,
    0x0000, 0x0000, 0x0000, 0x0000, 0x0000, 0x0000, 0x0000, 0x0000, 0x0000, 0x0000, 0x0000, 0x0000,
    0x0000, 0x0000, 0x0000, 0x0000, 0x0000, 0x0000, 0x0000, 0x0000, 0x0000, 0x0000, 0x0000, 0x0000,
    0x0000, 0x0000, 0x0000, 0x0000, 0x0000, 0x0000, 0x0000, 0x0000, 0x0000, 0x0000, 0x0000, 0x0000,
    0x0000, 0x0000, 0x0000, 0x0000, 0x0000, 0x0000, 0x0000, 0x0000, 0x0000, 0x0000, 0x0000, 0x0000,
    0x0000, 0x0000, 0x0000, 0x0000, 0x0000, 0x0000, 0x0000, 0x0000, 0x0000, 0x0000, 0x0000, 0x0000,
    0x0000, 0x0000, 0x0000, 0x0000, 0x0000, 0x0000, 0x0000, 0x0000, 0x0000, 0x0000, 0x0000, 0x0000,
    0x0000, 0x0000, 0x0000, 0x0000, 0x0000, 0x0000, 0x813E, 0x81C2, 0x83F2, 0x871A, 0x88E8, 0x8AB9,
    0x8B6C, 0x8CBB, 0x9119, 0x975E, 0x98DB, 0x9F3B, 0x56AC, 0x5B2A, 0x5F6C, 0x658C, 0x6AB3, 0x6BAF,
    0x6D5C, 0x6FF1, 0x7015, 0x725D, 0x73AD, 0x8CA7, 0x8CD3, 0x983B, 0x6191, 0x6C37, 0x8058, 0x9A01,
    0x4E4D, 0x4E8B, 0x4E9B, 0x4ED5, 0x4F3A, 0x4F3C, 0x4F7F, 0x4FDF, 0x50FF, 0x53F2, 0x53F8, 0x5506,
    0x55E3, 0x56DB, 0x58EB, 0x5962, 0x5A11, 0x5BEB, 0x5BFA, 0x5C04, 0x5DF3, 0x5E2B, 0x5F99, 0x601D,
    0x6368, 0x659C, 0x65AF, 0x67F6, 0x67FB, 0x68AD, 0x6B7B, 0x6C99, 0x6CD7, 0x6E23, 0x7009, 0x7345,
    0x7802, 0x793E, 0x7940, 0x7960, 0x79C1, 0x7BE9, 0x7D17, 0x7D72, 0x8086, 0x820D, 0x838E, 0x84D1,
    0x86C7, 0x88DF, 0x8A50, 0x8A5E, 0x8B1D, 0x8CDC, 0x8D66, 0x8FAD, 0x90AA, 0x98FC, 0x99DF, 0x9E9D,
    0x524A, 0xF969, 0x6714, 0xF96A, 0x0000, 0x0000, 0x0000, 0x0000, 0x0000, 0x0000, 0x0000, 0x0000,
    0x0000, 0x0000, 0x0000, 0x0000, 0x0000, 0x0000, 0x0000, 0x0000, 0x0000, 0x0000, 0x0000, 0x0000,
    0x0000, 0x0000, 0x0000, 0x0000, 0x0000, 0x0000, 0x0000, 0x0000, 0x0000, 0x0000, 0x0000, 0x0000,
    0x0000, 0x0000, 0x0000, 0x0000, 0x0000, 0x0000, 0x0000, 0x0000, 0x0000, 0x0000, 0x0000, 0x0000,
    0x0000, 0x0000, 0x0000, 0x0000, 0x0000, 0x0000, 0x0000, 0x0000, 0x0000, 0x0000, 0x0000, 0x0000,
    0x0000, 0x0000, 0x0000, 0x0000, 0x0000, 0x0000, 0x0000, 0x0000, 0x0000, 0x0000, 0x0000, 0x0000,
    0x0000, 0x0000, 0x0000, 0x0000, 0x0000, 0x0000, 0x0000, 0x0000, 0x0000, 0x0000, 0x0000, 0x0000,
    0x0000, 0x0000, 0x0000, 0x0000, 0x0000, 0x0000, 0x0000, 0x0000, 0x0000, 0x0000, 0x0000, 0x0000,
    0x0000, 0x0000, 0x0000, 0x0000, 0x5098, 0x522A, 0x5C71, 0x6563, 0x6C55, 0x73CA, 0x7523, 0x759D,
    0x7B97, 0x849C, 0x9178, 0x9730, 0x4E77, 0x6492, 0x6BBA, 0x715E, 0x85A9, 0x4E09, 0xF96B, 0x6749,
    0x68EE, 0x6E17, 0x829F, 0x8518, 0x886B, 0x63F7, 0x6F81, 0x9212, 0x98AF, 0x4E0A, 0x50B7, 0x50CF,
    0x511F, 0x5546, 0x55AA, 0x5617, 0x5B40, 0x5C19, 0x5CE0, 0x5E38, 0x5E8A, 0x5EA0, 0x5EC2, 0x60F3,
    0x6851, 0x6A61, 0x6E58, 0x723D, 0x7240, 0x72C0, 0x76F8, 0x7965, 0x7BB1, 0x7FD4, 0x88F3, 0x89F4,
    0x8A73, 0x8C61, 0x8CDE, 0x971C, 0x585E, 0x74BD, 0x8CFD, 0x55C7, 0xF96C, 0x7A61, 0x7D22, 0x8272,
    0x7272, 0x751F, 0x7525, 0xF96D, 0x7B19, 0x5885, 0x58FB, 0x5DBC, 0x5E8F, 0x5EB6, 0x5F90, 0x6055,
    0x6292, 0x637F, 0x654D, 0x6691, 0x66D9, 0x66F8, 0x6816, 0x68F2, 0x7280, 0x745E, 0x7B6E, 0x7D6E,
    0x7DD6, 0x7F72, 0x0000, 0x0000, 0x0000, 0x0000, 0x0000, 0x0000, 0x0000, 0x0000, 0x0000, 0x0000,
    0x0000, 0x0000, 0x0000, 0x0000, 0x0000, 0x0000, 0x0000, 0x0000, 0x0000, 0x0000, 0x0000, 0x0000,
    0x0000, 0x0000, 0x0000, 0x0000, 0x0000, 0x0000, 0x0000, 0x0000, 0x0000, 0x0000, 0x0000, 0x0000,
    0x0000, 0x0000, 0x0000, 0x0000, 0x0000, 0x0000, 0x0000, 0x0000, 0x0000, 0x0000, 0x0000, 0x0000,
    0x0000, 0x0000, 0x0000, 0x0000, 0x0000, 0x0000, 0x0000, 0x0000, 0x0000, 0x0000, 0x0000, 0x0000,
    0x0000, 0x0000, 0x0000, 0x0000, 0x0000, 0x0000, 0x0000, 0x0000, 0x0000, 0x0000, 0x0000, 0x0000,
    0x0000, 0x0000, 0x0000, 0x0000, 0x0000, 0x0000, 0x0000, 0x0000, 0x0000, 0x0000, 0x0000, 0x0000,
    0x0000, 0x0000, 0x0000, 0x0000, 0x0000, 0x0000, 0x0000, 0x0000, 0x0000, 0x0000, 0x0000, 0x0000,
    0x0000, 0x0000, 0x80E5, 0x8212, 0x85AF, 0x897F, 0x8A93, 0x901D, 0x92E4, 0x9ECD, 0x9F20, 0x5915,
    0x596D, 0x5E2D, 0x60DC, 0x6614, 0x6673, 0x6790, 0x6C50, 0x6DC5, 0x6F5F, 0x77F3, 0x78A9, 0x84C6,
    0x91CB, 0x932B, 0x4ED9, 0x50CA, 0x5148, 0x5584, 0x5B0B, 0x5BA3, 0x6247, 0x657E, 0x65CB, 0x6E32,
    0x717D, 0x7401, 0x7444, 0x7487, 0x74BF, 0x766C, 0x79AA, 0x7DDA, 0x7E55, 0x7FA8, 0x817A, 0x81B3,
    0x8239, 0x861A, 0x87EC, 0x8A75, 0x8DE3, 0x9078, 0x9291, 0x9425, 0x994D, 0x9BAE, 0x5368, 0x5C51,
    0x6954, 0x6CC4, 0x6D29, 0x6E2B, 0x820C, 0x859B, 0x893B, 0x8A2D, 0x8AAA, 0x96EA, 0x9F67, 0x5261,
    0x66B9, 0x6BB2, 0x7E96, 0x87FE, 0x8D0D, 0x9583, 0x965D, 0x651D, 0x6D89, 0x71EE, 0xF96E, 0x57CE,
    0x59D3, 0x5BAC, 0x6027, 0x60FA, 0x6210, 0x661F, 0x665F, 0x7329, 0x73F9, 0x76DB, 0x7701, 0x7B6C,
    0x0000, 0x0000, 0x0000, 0x0000, 0x0000, 0x0000, 0x0000, 0x0000, 0x0000, 0x0000, 0x0000, 0x0000,
    0x0000, 0x0000, 0x0000, 0x0000, 0x0000, 0x0000, 0x0000, 0x0000, 0x0000, 0x0000, 0x0000, 0x0000,
    0x0000, 0x0000, 0x0000, 0x0000, 0x0000, 0x0000, 0x0000, 0x0000, 0x0000, 0x0000, 0x0000, 0x0000,
    0x0000, 0x0000, 0x0000, 0x0000, 0x0000, 0x0000, 0x0000, 0x0000, 0x0000, 0x0000, 0x0000, 0x0000,
    0x0000, 0x0000, 0x0000, 0x0000, 0x0000, 0x0000, 0x0000, 0x0000, 0x0000, 0x0000, 0x0000, 0x0000,
    0x0000, 0x0000, 0x0000, 0x0000, 0x0000, 0x0000, 0x0000, 0x0000, 0x0000, 0x0000, 0x0000, 0x0000,
    0x0000, 0x0000, 0x0000, 0x0000, 0x0000, 0x0000, 0x0000, 0x0000, 0x0000, 0x0000, 0x0000, 0x0000,
    0x0000, 0x0000, 0x0000, 0x0000, 0x0000, 0x0000, 0x0000, 0x0000, 0x0000, 0x0000, 0x0000, 0x0000,
    0x8056, 0x8072, 0x8165, 0x8AA0, 0x9192, 0x4E16, 0x52E2, 0x6B72, 0x6D17, 0x7A05, 0x7B39, 0x7D30,
    0xF96F, 0x8CB0, 0x53EC, 0x562F, 0x5851, 0x5BB5, 0x5C0F, 0x5C11, 0x5DE2, 0x6240, 0x6383, 0x6414,
    0x662D, 0x68B3, 0x6CBC, 0x6D88, 0x6EAF, 0x701F, 0x70A4, 0x71D2, 0x7526, 0x758F, 0x758E, 0x7619,
    0x7B11, 0x7BE0, 0x7C2B, 0x7D20, 0x7D39, 0x852C, 0x856D, 0x8607, 0x8A34, 0x900D, 0x9061, 0x90B5,
    0x92B7, 0x97F6, 0x9A37, 0x4FD7, 0x5C6C, 0x675F, 0x6D91, 0x7C9F, 0x7E8C, 0x8B16, 0x8D16, 0x901F,
    0x5B6B, 0x5DFD, 0x640D, 0x84C0, 0x905C, 0x98E1, 0x7387, 0x5B8B, 0x609A, 0x677E, 0x6DDE, 0x8A1F,
    0x8AA6, 0x9001, 0x980C, 0x5237, 0xF970, 0x7051, 0x788E, 0x9396, 0x8870, 0x91D7, 0x4FEE, 0x53D7,
    0x55FD, 0x56DA, 0x5782, 0x58FD, 0x5AC2, 0x5B88, 0x5CAB, 0x5CC0, 0x5E25, 0x6101, 0x0000, 0x0000,
    0x0000, 0x0000, 0x0000, 0x0000, 0x0000, 0x0000, 0x0000, 0x0000, 0x0000, 0x0000, 0x0000, 0x0000,
    0x0000, 0x0000, 0x0000, 0x0000, 0x0000, 0x0000, 0x0000, 0x0000, 0x0000, 0x0000, 0x0000, 0x0000,
    0x0000, 0x0000, 0x0000, 0x0000, 0x0000, 0x0000, 0x0000, 0x0000, 0x0000, 0x0000, 0x0000, 0x0000,
    0x0000, 0x0000, 0x0000, 0x0000, 0x0000, 0x0000, 0x0000, 0x0000, 0x0000, 0x0000, 0x0000, 0x0000,
    0x0000, 0x0000, 0x0000, 0x0000, 0x0000, 0x0000, 0x0000, 0x0000, 0x0000, 0x0000, 0x0000, 0x0000,
    0x0000, 0x0000, 0x0000, 0x0000, 0x0000, 0x0000, 0x0000, 0x0000, 0x0000, 0x0000, 0x0000, 0x0000,
    0x0000, 0x0000, 0x0000, 0x0000, 0x0000, 0x0000, 0x0000, 0x0000, 0x0000, 0x0000, 0x0000, 0x0000,
    0x0000, 0x0000, 0x0000, 0x0000, 0x0000, 0x0000, 0x0000, 0x0000, 0x0000, 0x0000, 0x620D, 0x624B,
    0x6388, 0x641C, 0x6536, 0x6578, 0x6A39, 0x6B8A, 0x6C34, 0x6D19, 0x6F31, 0x71E7, 0x72E9, 0x7378,
    0x7407, 0x74B2, 0x7626, 0x7761, 0x79C0, 0x7A57, 0x7AEA, 0x7CB9, 0x7D8F, 0x7DAC, 0x7E61, 0x7F9E,
    0x8129, 0x8331, 0x8490, 0x84DA, 0x85EA, 0x8896, 0x8AB0, 0x8B90, 0x8F38, 0x9042, 0x9083, 0x916C,
    0x9296, 0x92B9, 0x968B, 0x96A7, 0x96A8, 0x96D6, 0x9700, 0x9808, 0x9996, 0x9AD3, 0x9B1A, 0x53D4,
    0x587E, 0x5919, 0x5B70, 0x5BBF, 0x6DD1, 0x6F5A, 0x719F, 0x7421, 0x74B9, 0x8085, 0x83FD, 0x5DE1,
    0x5F87, 0x5FAA, 0x6042, 0x65EC, 0x6812, 0x696F, 0x6A53, 0x6B89, 0x6D35, 0x6DF3, 0x73E3, 0x76FE,
    0x77AC, 0x7B4D, 0x7D14, 0x8123, 0x821C, 0x8340, 0x84F4, 0x8563, 0x8A62, 0x8AC4, 0x9187, 0x931E,
    0x9806, 0x99B4, 0x620C, 0x8853, 0x8FF0, 0x9265, 0x5D07, 0x5D27, 0x0000, 0x0000, 0x0000, 0x0000,
    0x0000, 0x0000, 0x0000, 0x0000, 0x0000, 0x0000, 0x0000, 0x0000, 0x0000, 0x0000, 0x0000, 0x0000,
    0x0000, 0x0000, 0x0000, 0x0000, 0x0000, 0x0000, 0x0000, 0x0000, 0x0000, 0x0000, 0x0000, 0x0000,
    0x0000, 0x0000, 0x0000, 0x0000, 0x0000, 0x0000, 0x0000, 0x0000, 0x0000, 0x0000, 0x0000, 0x0000,
    0x0000, 0x0000, 0x0000, 0x0000, 0x0000, 0x0000, 0x0000, 0x0000, 0x0000, 0x0000, 0x0000, 0x0000,
    0x0000, 0x0000, 0x0000, 0x0000, 0x0000, 0x0000, 0x0000, 0x0000, 0x0000, 0x0000, 0x0000, 0x0000,
    0x0000, 0x0000, 0x0000, 0x0000, 0x0000, 0x0000, 0x0000, 0x0000, 0x0000, 0x0000, 0x0000, 0x0000,
    0x0000, 0x0000, 0x0000, 0x0000, 0x0000, 0x0000, 0x0000, 0x0000, 0x0000, 0x0000, 0x0000, 0x0000,
    0x0000, 0x0000, 0x0000, 0x0000, 0x0000, 0x0000, 0x0000, 0x0000, 0x5D69, 0x745F, 0x819D, 0x8768,
    0x6FD5, 0x62FE, 0x7FD2, 0x8936, 0x8972, 0x4E1E, 0x4E58, 0x50E7, 0x52DD, 0x5347, 0x627F, 0x6607,
    0x7E69, 0x8805, 0x965E, 0x4F8D, 0x5319, 0x5636, 0x59CB, 0x5AA4, 0x5C38, 0x5C4E, 0x5C4D, 0x5E02,
    0x5F11, 0x6043, 0x65BD, 0x662F, 0x6642, 0x67BE, 0x67F4, 0x731C, 0x77E2, 0x793A, 0x7FC5, 0x8494,
    0x84CD, 0x8996, 0x8A66, 0x8A69, 0x8AE1, 0x8C55, 0x8C7A, 0x57F4, 0x5BD4, 0x5F0F, 0x606F, 0x62ED,
    0x690D, 0x6B96, 0x6E5C, 0x7184, 0x7BD2, 0x8755, 0x8B58, 0x8EFE, 0x98DF, 0x98FE, 0x4F38, 0x4F81,
    0x4FE1, 0x547B, 0x5A20, 0x5BB8, 0x613C, 0x65B0, 0x6668, 0x71FC, 0x7533, 0x795E, 0x7D33, 0x814E,
    0x81E3, 0x8398, 0x85AA, 0x85CE, 0x8703, 0x8A0A, 0x8EAB, 0x8F9B, 0xF971, 0x8FC5, 0x5931, 0x5BA4,
    0x5BE6, 0x6089, 0x5BE9, 0x5C0B, 0x5FC3, 0x6C81, 0x0000, 0x0000, 0x0000, 0x0000, 0x0000, 0x0000,
    0x0000, 0x0000, 0x0000, 0x0000, 0x0000, 0x0000, 0x0000, 0x0000, 0x0000, 0x0000, 0x0000, 0x0000,
    0x0000, 0x0000, 0x0000, 0x0000, 0x0000, 0x0000, 0x0000, 0x0000, 0x0000, 0x0000, 0x0000, 0x0000,
    0x0000, 0x0000, 0x0000, 0x0000, 0x0000, 0x0000, 0x0000, 0x0000, 0x0000, 0x0000, 0x0000, 0x0000,
    0x0000, 0x0000, 0x0000, 0x0000, 0x0000, 0x0000, 0x0000, 0x0000, 0x0000, 0x0000, 0x0000, 0x0000,
    0x0000, 0x0000, 0x0000, 0x0000, 0x0000, 0x0000, 0x0000, 0x0000, 0x0000, 0x0000, 0x0000, 0x0000,
    0x0000, 0x0000, 0x0000, 0x0000, 0x0000, 0x0000, 0x0000, 0x0000, 0x0000, 0x0000, 0x0000, 0x0000,
    0x0000, 0x0000, 0x0000, 0x0000, 0x0000, 0x0000, 0x0000, 0x0000, 0x0000, 0x0000, 0x0000, 0x0000,
    0x0000, 0x0000, 0x0000, 0x0000, 0x0000, 0x0000, 0xF972, 0x6DF1, 0x700B, 0x751A, 0x82AF, 0x8AF6,
    0x4EC0, 0x5341, 0xF973, 0x96D9, 0x6C0F, 0x4E9E, 0x4FC4, 0x5152, 0x555E, 0x5A25, 0x5CE8, 0x6211,
    0x7259, 0x82BD, 0x83AA, 0x86FE, 0x8859, 0x8A1D, 0x963F, 0x96C5, 0x9913, 0x9D09, 0x9D5D, 0x580A,
    0x5CB3, 0x5DBD, 0x5E44, 0x60E1, 0x6115, 0x63E1, 0x6A02, 0x6E25, 0x9102, 0x9354, 0x984E, 0x9C10,
    0x9F77, 0x5B89, 0x5CB8, 0x6309, 0x664F, 0x6848, 0x773C, 0x96C1, 0x978D, 0x9854, 0x9B9F, 0x65A1,
    0x8B01, 0x8ECB, 0x95BC, 0x5535, 0x5CA9, 0x5DD6, 0x5EB5, 0x6697, 0x764C, 0x83F4, 0x95C7, 0x58D3,
    0x62BC, 0x72CE, 0x9D28, 0x4EF0, 0x592E, 0x600F, 0x663B, 0x6B83, 0x79E7, 0x9D26, 0x5393, 0x54C0,
    0x57C3, 0x5D16, 0x611B, 0x66D6, 0x6DAF, 0x788D, 0x827E, 0x9698, 0x9744, 0x5384, 0x627C, 0x6396,
    0x6DB2, 0x7E0A, 0x814B, 0x984D, 0x0000, 0x0000, 0x0000, 0x0000, 0x0000, 0x0000, 0x0000, 0x0000,
    0x0000, 0x0000, 0x0000, 0x0000, 0x0000, 0x0000, 0x0000, 0x0000, 0x0000, 0x0000, 0x0000, 0x0000,
    0x0000, 0x0000, 0x0000, 0x0000, 0x0000, 0x0000, 0x0000, 0x0000, 0x0000, 0x0000, 0x0000, 0x0000,
    0x0000, 0x0000, 0x0000, 0x0000, 0x0000, 0x0000, 0x0000, 0x0000, 0x0000, 0x0000, 0x0000, 0x0000,
    0x0000, 0x0000, 0x0000, 0x0000, 0x0000, 0x0000, 0x0000, 0x0000, 0x0000, 0x0000, 0x0000, 0x0000,
    0x0000, 0x0000, 0x0000, 0x0000, 0x0000, 0x0000, 0x0000, 0x0000, 0x0000, 0x0000, 0x0000, 0x0000,
    0x0000, 0x0000, 0x0000, 0x0000, 0x0000, 0x0000, 0x0000, 0x0000, 0x0000, 0x0000, 0x0000, 0x0000,
    0x0000, 0x0000, 0x0000, 0x0000, 0x0000, 0x0000, 0x0000, 0x0000, 0x0000, 0x0000, 0x0000, 0x0000,
    0x0000, 0x0000, 0x0000, 0x0000, 0x6AFB, 0x7F4C, 0x9DAF, 0x9E1A, 0x4E5F, 0x503B, 0x51B6, 0x591C,
    0x60F9, 0x63F6, 0x6930, 0x723A, 0x8036, 0xF974, 0x91CE, 0x5F31, 0xF975, 0xF976, 0x7D04, 0x82E5,
    0x846F, 0x84BB, 0x85E5, 0x8E8D, 0xF977, 0x4F6F, 0xF978, 0xF979, 0x58E4, 0x5B43, 0x6059, 0x63DA,
    0x6518, 0x656D, 0x6698, 0xF97A, 0x694A, 0x6A23, 0x6D0B, 0x7001, 0x716C, 0x75D2, 0x760D, 0x79B3,
    0x7A70, 0xF97B, 0x7F8A, 0xF97C, 0x8944, 0xF97D, 0x8B93, 0x91C0, 0x967D, 0xF97E, 0x990A, 0x5704,
    0x5FA1, 0x65BC, 0x6F01, 0x7600, 0x79A6, 0x8A9E, 0x99AD, 0x9B5A, 0x9F6C, 0x5104, 0x61B6, 0x6291,
    0x6A8D, 0x81C6, 0x5043, 0x5830, 0x5F66, 0x7109, 0x8A00, 0x8AFA, 0x5B7C, 0x8616, 0x4FFA, 0x513C,
    0x56B4, 0x5944, 0x63A9, 0x6DF9, 0x5DAA, 0x696D, 0x5186, 0x4E88, 0x4F59, 0xF97F, 0xF980, 0xF981,
    0x5982, 0xF982, 0x0000, 0x0000, 0x0000, 0x0000, 0x0000, 0x0000, 0x0000, 0x0000, 0x0000, 0x0000,
    0x0000, 0x0000, 0x0000, 0x0000, 0x0000, 0x0000, 0x0000, 0x0000, 0x0000, 0x0000, 0x0000, 0x0000,
    0x0000, 0x0000, 0x0000, 0x0000, 0x0000, 0x0000, 0x0000, 0x0000, 0x0000, 0x0000, 0x0000, 0x0000,
    0x0000, 0x0000, 0x0000, 0x0000, 0x0000, 0x0000, 0x0000, 0x0000, 0x0000, 0x0000, 0x0000, 0x0000,
    0x0000, 0x0000, 0x0000, 0x0000, 0x0000, 0x0000, 0x0000, 0x0000, 0x0000, 0x0000, 0x0000, 0x0000,
    0x0000, 0x0000, 0x0000, 0x0000, 0x0000, 0x0000, 0x0000, 0x0000, 0x0000, 0x0000, 0x0000, 0x0000,
    0x0000, 0x0000, 0x0000, 0x0000, 0x0000, 0x0000, 0x0000, 0x0000, 0x0000, 0x0000, 0x0000, 0x0000,
    0x0000, 0x0000, 0x0000, 0x0000, 0x0000, 0x0000, 0x0000, 0x0000, 0x0000, 0x0000, 0x0000, 0x0000,
    0x0000, 0x0000, 0xF983, 0x6B5F, 0x6C5D, 0xF984, 0x74B5, 0x7916, 0xF985, 0x8207, 0x8245, 0x8339,
    0x8F3F, 0x8F5D, 0xF986, 0x9918, 0xF987, 0xF988, 0xF989, 0x4EA6, 0xF98A, 0x57DF, 0x5F79, 0x6613,
    0xF98B, 0xF98C, 0x75AB, 0x7E79, 0x8B6F, 0xF98D, 0x9006, 0x9A5B, 0x56A5, 0x5827, 0x59F8, 0x5A1F,
    0x5BB4, 0xF98E, 0x5EF6, 0xF98F, 0xF990, 0x6350, 0x633B, 0xF991, 0x693D, 0x6C87, 0x6CBF, 0x6D8E,
    0x6D93, 0x6DF5, 0x6F14, 0xF992, 0x70DF, 0x7136, 0x7159, 0xF993, 0x71C3, 0x71D5, 0xF994, 0x784F,
    0x786F, 0xF995, 0x7B75, 0x7DE3, 0xF996, 0x7E2F, 0xF997, 0x884D, 0x8EDF, 0xF998, 0xF999, 0xF99A,
    0x925B, 0xF99B, 0x9CF6, 0xF99C, 0xF99D, 0xF99E, 0x6085, 0x6D85, 0xF99F, 0x71B1, 0xF9A0, 0xF9A1,
    0x95B1, 0x53AD, 0xF9A2, 0xF9A3, 0xF9A4, 0x67D3, 0xF9A5, 0x708E, 0x7130, 0x7430, 0x8276, 0x82D2,
    0x0000, 0x0000, 0x0000, 0x0000, 0x0000, 0x0000, 0x0000, 0x0000, 0x0000, 0x0000, 0x0000, 0x0000,
    0x0000, 0x0000, 0x0000, 0x0000, 0x0000, 0x0000, 0x0000, 0x0000, 0x0000, 0x0000, 0x0000, 0x0000,
    0x0000, 0x0000, 0x0000, 0x0000, 0x0000, 0x0000, 0x0000, 0x0000, 0x0000, 0x0000, 0x0000, 0x0000,
    0x0000, 0x0000, 0x0000, 0x0000, 0x0000, 0x0000, 0x0000, 0x0000, 0x0000, 0x0000, 0x0000, 0x0000,
    0x0000, 0x0000, 0x0000, 0x0000, 0x0000, 0x0000, 0x0000, 0x0000, 0x0000, 0x0000, 0x0000, 0x0000,
    0x0000, 0x0000, 0x0000, 0x0000, 0x0000, 0x0000, 0x0000, 0x0000, 0x0000, 0x0000, 0x0000, 0x0000,
    0x0000, 0x0000, 0x0000, 0x0000, 0x0000, 0x0000, 0x0000, 0x0000, 0x0000, 0x0000, 0x0000, 0x0000,
    0x0000, 0x0000, 0x0000, 0x0000, 0x0000, 0x0000, 0x0000, 0x0000, 0x0000, 0x0000, 0x0000, 0x0000,
    0xF9A6, 0x95BB, 0x9AE5, 0x9E7D, 0x66C4, 0xF9A7, 0x71C1, 0x8449, 0xF9A8, 0xF9A9, 0x584B, 0xF9AA,
    0xF9AB, 0x5DB8, 0x5F71, 0xF9AC, 0x6620, 0x668E, 0x6979, 0x69AE, 0x6C38, 0x6CF3, 0x6E36, 0x6F41,
    0x6FDA, 0x701B, 0x702F, 0x7150, 0x71DF, 0x7370, 0xF9AD, 0x745B, 0xF9AE, 0x74D4, 0x76C8, 0x7A4E,
    0x7E93, 0xF9AF, 0xF9B0, 0x82F1, 0x8A60, 0x8FCE, 0xF9B1, 0x9348, 0xF9B2, 0x9719, 0xF9B3, 0xF9B4,
    0x4E42, 0x502A, 0xF9B5, 0x5208, 0x53E1, 0x66F3, 0x6C6D, 0x6FCA, 0x730A, 0x777F, 0x7A62, 0x82AE,
    0x85DD, 0x8602, 0xF9B6, 0x88D4, 0x8A63, 0x8B7D, 0x8C6B, 0xF9B7, 0x92B3, 0xF9B8, 0x9713, 0x9810,
    0x4E94, 0x4F0D, 0x4FC9, 0x50B2, 0x5348, 0x543E, 0x5433, 0x55DA, 0x5862, 0x58BA, 0x5967, 0x5A1B,
    0x5BE4, 0x609F, 0xF9B9, 0x61CA, 0x6556, 0x65FF, 0x6664, 0x68A7, 0x6C5A, 0x6FB3, 0x0000, 0x0000,
    0x0000, 0x0000, 0x0000, 0x0000, 0x0000, 0x0000, 0x0000, 0x0000, 0x0000, 0x0000, 0x0000, 0x0000,
    0x0000, 0x0000, 0x0000, 0x0000, 0x0000, 0x0000, 0x0000, 0x0000, 0x0000, 0x0000, 0x0000, 0x0000,
    0x0000, 0x0000, 0x0000, 0x0000, 0x0000, 0x0000, 0x0000, 0x0000, 0x0000, 0x0000, 0x0000, 0x0000,
    0x0000, 0x0000, 0x0000, 0x0000, 0x0000, 0x0000, 0x0000, 0x0000, 0x0000, 0x0000, 0x0000, 0x0000,
    0x0000, 0x0000, 0x0000, 0x0000, 0x0000, 0x0000, 0x0000, 0x0000, 0x0000, 0x0000, 0x0000, 0x0000,
    0x0000, 0x0000, 0x0000, 0x0000, 0x0000, 0x0000, 0x0000, 0x0000, 0x0000, 0x0000, 0x0000, 0x0000,
    0x0000, 0x0000, 0x0000, 0x0000, 0x0000, 0x0000, 0x0000, 0x0000, 0x0000, 0x0000, 0x0000, 0x0000,
    0x0000, 0x0000, 0x0000, 0x0000, 0x0000, 0x0000, 0x0000, 0x0000, 0x0000, 0x0000, 0x70CF, 0x71AC,
    0x7352, 0x7B7D, 0x8708, 0x8AA4, 0x9C32, 0x9F07, 0x5C4B, 0x6C83, 0x7344, 0x7389, 0x923A, 0x6EAB,
    0x7465, 0x761F, 0x7A69, 0x7E15, 0x860A, 0x5140, 0x58C5, 0x64C1, 0x74EE, 0x7515, 0x7670, 0x7FC1,
    0x9095, 0x96CD, 0x9954, 0x6E26, 0x74E6, 0x7AA9, 0x7AAA, 0x81E5, 0x86D9, 0x8778, 0x8A1B, 0x5A49,
    0x5B8C, 0x5B9B, 0x68A1, 0x6900, 0x6D63, 0x73A9, 0x7413, 0x742C, 0x7897, 0x7DE9, 0x7FEB, 0x8118,
    0x8155, 0x839E, 0x8C4C, 0x962E, 0x9811, 0x66F0, 0x5F80, 0x65FA, 0x6789, 0x6C6A, 0x738B, 0x502D,
    0x5A03, 0x6B6A, 0x77EE, 0x5916, 0x5D6C, 0x5DCD, 0x7325, 0x754F, 0xF9BA, 0xF9BB, 0x50E5, 0x51F9,
    0x582F, 0x592D, 0x5996, 0x59DA, 0x5BE5, 0xF9BC, 0xF9BD, 0x5DA2, 0x62D7, 0x6416, 0x6493, 0x64FE,
    0xF9BE, 0x66DC, 0xF9BF, 0x6A48, 0xF9C0, 0x71FF, 0x7464, 0xF9C1, 0x0000, 0x0000, 0x0000, 0x0000,
    0x0000, 0x0000, 0x0000, 0x0000, 0x0000, 0x0000, 0x0000, 0x0000, 0x0000, 0x0000, 0x0000, 0x0000,
    0x0000, 0x0000, 0x0000, 0x0000, 0x0000, 0x0000, 0x0000, 0x0000, 0x0000, 0x0000, 0x0000, 0x0000,
    0x0000, 0x0000, 0x0000, 0x0000, 0x0000, 0x0000, 0x0000, 0x0000, 0x0000, 0x0000, 0x0000, 0x0000,
    0x0000, 0x0000, 0x0000, 0x0000, 0x0000, 0x0000, 0x0000, 0x0000, 0x0000, 0x0000, 0x0000, 0x0000,
    0x0000, 0x0000, 0x0000, 0x0000, 0x0000, 0x0000, 0x0000, 0x0000, 0x0000, 0x0000, 0x0000, 0x0000,
    0x0000, 0x0000, 0x0000, 0x0000, 0x0000, 0x0000, 0x0000, 0x0000, 0x0000, 0x0000, 0x0000, 0x0000,
    0x0000, 0x0000, 0x0000, 0x0000, 0x0000, 0x0000, 0x0000, 0x0000, 0x0000, 0x0000, 0x0000, 0x0000,
    0x0000, 0x0000, 0x0000, 0x0000, 0x0000, 0x0000, 0x0000, 0x0000, 0x7A88, 0x7AAF, 0x7E47, 0x7E5E,
    0x8000, 0x8170, 0xF9C2, 0x87EF, 0x8981, 0x8B20, 0x9059, 0xF9C3, 0x9080, 0x9952, 0x617E, 0x6B32,
    0x6D74, 0x7E1F, 0x8925, 0x8FB1, 0x4FD1, 0x50AD, 0x5197, 0x52C7, 0x57C7, 0x5889, 0x5BB9, 0x5EB8,
    0x6142, 0x6995, 0x6D8C, 0x6E67, 0x6EB6, 0x7194, 0x7462, 0x7528, 0x752C, 0x8073, 0x8338, 0x84C9,
    0x8E0A, 0x9394, 0x93DE, 0xF9C4, 0x4E8E, 0x4F51, 0x5076, 0x512A, 0x53C8, 0x53CB, 0x53F3, 0x5B87,
    0x5BD3, 0x5C24, 0x611A, 0x6182, 0x65F4, 0x725B, 0x7397, 0x7440, 0x76C2, 0x7950, 0x7991, 0x79B9,
    0x7D06, 0x7FBD, 0x828B, 0x85D5, 0x865E, 0x8FC2, 0x9047, 0x90F5, 0x91EA, 0x9685, 0x96E8, 0x96E9,
    0x52D6, 0x5F67, 0x65ED, 0x6631, 0x682F, 0x715C, 0x7A36, 0x90C1, 0x980A, 0x4E91, 0xF9C5, 0x6A52,
    0x6B9E, 0x6F90, 0x7189, 0x8018, 0x82B8, 0x8553, 0x0000, 0x0000, 0x0000, 0x0000, 0x0000, 0x0000,
    0x0000, 0x0000, 0x0000, 0x0000, 0x0000, 0x0000, 0x0000, 0x0000, 0x0000, 0x0000, 0x0000, 0x0000,
    0x0000, 0x0000, 0x0000, 0x0000, 0x0000, 0x0000, 0x0000, 0x0000, 0x0000, 0x0000, 0x0000, 0x0000,
    0x0000, 0x0000, 0x0000, 0x0000, 0x0000, 0x0000, 0x0000, 0x0000, 0x0000, 0x0000, 0x0000, 0x0000,
    0x0000, 0x0000, 0x0000, 0x0000, 0x0000, 0x0000, 0x0000, 0x0000, 0x0000, 0x0000, 0x0000, 0x0000,
    0x0000, 0x0000, 0x0000, 0x0000, 0x0000, 0x0000, 0x0000, 0x0000, 0x0000, 0x0000, 0x0000, 0x0000,
    0x0000, 0x0000, 0x0000, 0x0000, 0x0000, 0x0000, 0x0000, 0x0000, 0x0000, 0x0000, 0x0000, 0x0000,
    0x0000, 0x0000, 0x0000, 0x0000, 0x0000, 0x0000, 0x0000, 0x0000, 0x0000, 0x0000, 0x0000, 0x0000,
    0x0000, 0x0000, 0x0000, 0x0000, 0x0000, 0x0000, 0x904B, 0x9695, 0x96F2, 0x97FB, 0x851A, 0x9B31,
    0x4E90, 0x718A, 0x96C4, 0x5143, 0x539F, 0x54E1, 0x5713, 0x5712, 0x57A3, 0x5A9B, 0x5AC4, 0x5BC3,
    0x6028, 0x613F, 0x63F4, 0x6C85, 0x6D39, 0x6E72, 0x6E90, 0x7230, 0x733F, 0x7457, 0x82D1, 0x8881,
    0x8F45, 0x9060, 0xF9C6, 0x9662, 0x9858, 0x9D1B, 0x6708, 0x8D8A, 0x925E, 0x4F4D, 0x5049, 0x50DE,
    0x5371, 0x570D, 0x59D4, 0x5A01, 0x5C09, 0x6170, 0x6690, 0x6E2D, 0x7232, 0x744B, 0x7DEF, 0x80C3,
    0x840E, 0x8466, 0x853F, 0x875F, 0x885B, 0x8918, 0x8B02, 0x9055, 0x97CB, 0x9B4F, 0x4E73, 0x4F91,
    0x5112, 0x516A, 0xF9C7, 0x552F, 0x55A9, 0x5B7A, 0x5BA5, 0x5E7C, 0x5E7D, 0x5EBE, 0x60A0, 0x60DF,
    0x6108, 0x6109, 0x63C4, 0x6538, 0x6709, 0xF9C8, 0x67D4, 0x67DA, 0xF9C9, 0x6961, 0x6962, 0x6CB9,
    0x6D27, 0xF9CA, 0x6E38, 0xF9CB, 0x0000, 0x0000, 0x0000, 0x0000, 0x0000, 0x0000, 0x0000, 0x0000,
    0x0000, 0x0000, 0x0000, 0x0000, 0x0000, 0x0000, 0x0000, 0x0000, 0x0000, 0x0000, 0x0000, 0x0000,
    0x0000, 0x0000, 0x0000, 0x0000, 0x0000, 0x0000, 0x0000, 0x0000, 0x0000, 0x0000, 0x0000, 0x0000,
    0x0000, 0x0000, 0x0000, 0x0000, 0x0000, 0x0000, 0x0000, 0x0000, 0x0000, 0x0000, 0x0000, 0x0000,
    0x0000, 0x0000, 0x0000, 0x0000, 0x0000, 0x0000, 0x0000, 0x0000, 0x0000, 0x0000, 0x0000, 0x0000,
    0x0000, 0x0000, 0x0000, 0x0000, 0x0000, 0x0000, 0x0000, 0x0000, 0x0000, 0x0000, 0x0000, 0x0000,
    0x0000, 0x0000, 0x0000, 0x0000, 0x0000, 0x0000, 0x0000, 0x0000, 0x0000, 0x0000, 0x0000, 0x0000,
    0x0000, 0x0000, 0x0000, 0x0000, 0x0000, 0x0000, 0x0000, 0x0000, 0x0000, 0x0000, 0x0000, 0x0000,
    0x0000, 0x0000, 0x0000, 0x0000, 0x6FE1, 0x7336, 0x7337, 0xF9CC, 0x745C, 0x7531, 0xF9CD, 0x7652,
    0xF9CE, 0xF9CF, 0x7DAD, 0x81FE, 0x8438, 0x88D5, 0x8A98, 0x8ADB, 0x8AED, 0x8E30, 0x8E42, 0x904A,
    0x903E, 0x907A, 0x9149, 0x91C9, 0x936E, 0xF9D0, 0xF9D1, 0x5809, 0xF9D2, 0x6BD3, 0x8089, 0x80B2,
    0xF9D3, 0xF9D4, 0x5141, 0x596B, 0x5C39, 0xF9D5, 0xF9D6, 0x6F64, 0x73A7, 0x80E4, 0x8D07, 0xF9D7,
    0x9217, 0x958F, 0xF9D8, 0xF9D9, 0xF9DA, 0xF9DB, 0x807F, 0x620E, 0x701C, 0x7D68, 0x878D, 0xF9DC,
    0x57A0, 0x6069, 0x6147, 0x6BB7, 0x8ABE, 0x9280, 0x96B1, 0x4E59, 0x541F, 0x6DEB, 0x852D, 0x9670,
    0x97F3, 0x98EE, 0x63D6, 0x6CE3, 0x9091, 0x51DD, 0x61C9, 0x81BA, 0x9DF9, 0x4F9D, 0x501A, 0x5100,
    0x5B9C, 0x610F, 0x61FF, 0x64EC, 0x6905, 0x6BC5, 0x7591, 0x77E3, 0x7FA9, 0x8264, 0x858F, 0x87FB,
    0x8863, 0x8ABC, 0x0000, 0x0000, 0x0000, 0x0000, 0x0000, 0x0000, 0x0000, 0x0000, 0x0000, 0x0000,
    0x0000, 0x0000, 0x0000, 0x0000, 0x0000, 0x0000, 0x0000, 0x0000, 0x0000, 0x0000, 0x0000, 0x0000,
    0x0000, 0x0000, 0x0000, 0x0000, 0x0000, 0x0000, 0x0000, 0x0000, 0x0000, 0x0000, 0x0000, 0x0000,
    0x0000, 0x0000, 0x0000, 0x0000, 0x0000, 0x0000, 0x0000, 0x0000, 0x0000, 0x0000, 0x0000, 0x0000,
    0x0000, 0x0000, 0x0000, 0x0000, 0x0000, 0x0000, 0x0000, 0x0000, 0x0000, 0x0000, 0x0000, 0x0000,
    0x0000, 0x0000, 0x0000, 0x0000, 0x0000, 0x0000, 0x0000, 0x0000, 0x0000, 0x0000, 0x0000, 0x0000,
    0x0000, 0x0000, 0x0000, 0x0000, 0x0000, 0x0000, 0x0000, 0x0000, 0x0000, 0x0000, 0x0000, 0x0000,
    0x0000, 0x0000, 0x0000, 0x0000, 0x0000, 0x0000, 0x0000, 0x0000, 0x0000, 0x0000, 0x0000, 0x0000,
    0x0000, 0x0000, 0x8B70, 0x91AB, 0x4E8C, 0x4EE5, 0x4F0A, 0xF9DD, 0xF9DE, 0x5937, 0x59E8, 0xF9DF,
    0x5DF2, 0x5F1B, 0x5F5B, 0x6021, 0xF9E0, 0xF9E1, 0xF9E2, 0xF9E3, 0x723E, 0x73E5, 0xF9E4, 0x7570,
    0x75CD, 0xF9E5, 0x79FB, 0xF9E6, 0x800C, 0x8033, 0x8084, 0x82E1, 0x8351, 0xF9E7, 0xF9E8, 0x8CBD,
    0x8CB3, 0x9087, 0xF9E9, 0xF9EA, 0x98F4, 0x990C, 0xF9EB, 0xF9EC, 0x7037, 0x76CA, 0x7FCA, 0x7FCC,
    0x7FFC, 0x8B1A, 0x4EBA, 0x4EC1, 0x5203, 0x5370, 0xF9ED, 0x54BD, 0x56E0, 0x59FB, 0x5BC5, 0x5F15,
    0x5FCD, 0x6E6E, 0xF9EE, 0xF9EF, 0x7D6A, 0x8335, 0xF9F0, 0x8693, 0x8A8D, 0xF9F1, 0x976D, 0x9777,
    0xF9F2, 0xF9F3, 0x4E00, 0x4F5A, 0x4F7E, 0x58F9, 0x65E5, 0x6EA2, 0x9038, 0x93B0, 0x99B9, 0x4EFB,
    0x58EC, 0x598A, 0x59D9, 0x6041, 0xF9F4, 0xF9F5, 0x7A14, 0xF9F6, 0x834F, 0x8CC3, 0x5165, 0x5344,
    0x0000, 0x0000, 0x0000, 0x0000, 0x0000, 0x0000, 0x0000, 0x0000, 0x0000, 0x0000, 0x0000, 0x0000,
    0x0000, 0x0000, 0x0000, 0x0000, 0x0000, 0x0000, 0x0000, 0x0000, 0x0000, 0x0000, 0x0000, 0x0000,
    0x0000, 0x0000, 0x0000, 0x0000, 0x0000, 0x0000, 0x0000, 0x0000, 0x0000, 0x0000, 0x0000, 0x0000,
    0x0000, 0x0000, 0x0000, 0x0000, 0x0000, 0x0000, 0x0000, 0x0000, 0x0000, 0x0000, 0x0000, 0x0000,
    0x0000, 0x0000, 0x0000, 0x0000, 0x0000, 0x0000, 0x0000, 0x0000, 0x0000, 0x0000, 0x0000, 0x0000,
    0x0000, 0x0000, 0x0000, 0x0000, 0x0000, 0x0000, 0x0000, 0x0000, 0x0000, 0x0000, 0x0000, 0x0000,
    0x0000, 0x0000, 0x0000, 0x0000, 0x0000, 0x0000, 0x0000, 0x0000, 0x0000, 0x0000, 0x0000, 0x0000,
    0x0000, 0x0000, 0x0000, 0x0000, 0x0000, 0x0000, 0x0000, 0x0000, 0x0000, 0x0000, 0x0000, 0x0000,
    0xF9F7, 0xF9F8, 0xF9F9, 0x4ECD, 0x5269, 0x5B55, 0x82BF, 0x4ED4, 0x523A, 0x54A8, 0x59C9, 0x59FF,
    0x5B50, 0x5B57, 0x5B5C, 0x6063, 0x6148, 0x6ECB, 0x7099, 0x716E, 0x7386, 0x74F7, 0x75B5, 0x78C1,
    0x7D2B, 0x8005, 0x81EA, 0x8328, 0x8517, 0x85C9, 0x8AEE, 0x8CC7, 0x96CC, 0x4F5C, 0x52FA, 0x56BC,
    0x65AB, 0x6628, 0x707C, 0x70B8, 0x7235, 0x7DBD, 0x828D, 0x914C, 0x96C0, 0x9D72, 0x5B71, 0x68E7,
    0x6B98, 0x6F7A, 0x76DE, 0x5C91, 0x66AB, 0x6F5B, 0x7BB4, 0x7C2A, 0x8836, 0x96DC, 0x4E08, 0x4ED7,
    0x5320, 0x5834, 0x58BB, 0x58EF, 0x596C, 0x5C07, 0x5E33, 0x5E84, 0x5F35, 0x638C, 0x66B2, 0x6756,
    0x6A1F, 0x6AA3, 0x6B0C, 0x6F3F, 0x7246, 0xF9FA, 0x7350, 0x748B, 0x7AE0, 0x7CA7, 0x8178, 0x81DF,
    0x81E7, 0x838A, 0x846C, 0x8523, 0x8594, 0x85CF, 0x88DD, 0x8D13, 0x91AC, 0x9577, 0x0000, 0x0000,
    0x0000, 0x0000, 0x0000, 0x0000, 0x0000, 0x0000, 0x0000, 0x0000, 0x0000, 0x0000, 0x0000, 0x0000,
    0x0000, 0x0000, 0x0000, 0x0000, 0x0000, 0x0000, 0x0000, 0x0000, 0x0000, 0x0000, 0x0000, 0x0000,
    0x0000, 0x0000, 0x0000, 0x0000, 0x0000, 0x0000, 0x0000, 0x0000, 0x0000, 0x0000, 0x0000, 0x0000,
    0x0000, 0x0000, 0x0000, 0x0000, 0x0000, 0x0000, 0x0000, 0x0000, 0x0000, 0x0000, 0x0000, 0x0000,
    0x0000, 0x0000, 0x0000, 0x0000, 0x0000, 0x0000, 0x0000, 0x0000, 0x0000, 0x0000, 0x0000, 0x0000,
    0x0000, 0x0000, 0x0000, 0x0000, 0x0000, 0x0000, 0x0000, 0x0000, 0x0000, 0x0000, 0x0000, 0x0000,
    0x0000, 0x0000, 0x0000, 0x0000, 0x0000, 0x0000, 0x0000, 0x0000, 0x0000, 0x0000, 0x0000, 0x0000,
    0x0000, 0x0000, 0x0000, 0x0000, 0x0000, 0x0000, 0x0000, 0x0000, 0x0000, 0x0000, 0x969C, 0x518D,
    0x54C9, 0x5728, 0x5BB0, 0x624D, 0x6750, 0x683D, 0x6893, 0x6E3D, 0x6ED3, 0x707D, 0x7E21, 0x88C1,
    0x8CA1, 0x8F09, 0x9F4B, 0x9F4E, 0x722D, 0x7B8F, 0x8ACD, 0x931A, 0x4F47, 0x4F4E, 0x5132, 0x5480,
    0x59D0, 0x5E95, 0x62B5, 0x6775, 0x696E, 0x6A17, 0x6CAE, 0x6E1A, 0x72D9, 0x732A, 0x75BD, 0x7BB8,
    0x7D35, 0x82E7, 0x83F9, 0x8457, 0x85F7, 0x8A5B, 0x8CAF, 0x8E87, 0x9019, 0x90B8, 0x96CE, 0x9F5F,
    0x52E3, 0x540A, 0x5AE1, 0x5BC2, 0x6458, 0x6575, 0x6EF4, 0x72C4, 0xF9FB, 0x7684, 0x7A4D, 0x7B1B,
    0x7C4D, 0x7E3E, 0x7FDF, 0x837B, 0x8B2B, 0x8CCA, 0x8D64, 0x8DE1, 0x8E5F, 0x8FEA, 0x8FF9, 0x9069,
    0x93D1, 0x4F43, 0x4F7A, 0x50B3, 0x5168, 0x5178, 0x524D, 0x526A, 0x5861, 0x587C, 0x5960, 0x5C08,
    0x5C55, 0x5EDB, 0x609B, 0x6230, 0x6813, 0x6BBF, 0x6C08, 0x6FB1, 0x0000, 0x0000, 0x0000, 0x0000,
    0x0000, 0x0000, 0x0000, 0x0000, 0x0000, 0x0000, 0x0000, 0x0000, 0x0000, 0x0000, 0x0000, 0x0000,
    0x0000, 0x0000, 0x0000, 0x0000, 0x0000, 0x0000, 0x0000, 0x0000, 0x0000, 0x0000, 0x0000, 0x0000,
    0x0000, 0x0000, 0x0000, 0x0000, 0x0000, 0x0000, 0x0000, 0x0000, 0x0000, 0x0000, 0x0000, 0x0000,
    0x0000, 0x0000, 0x0000, 0x0000, 0x0000, 0x0000, 0x0000, 0x0000, 0x0000, 0x0000, 0x0000, 0x0000,
    0x0000, 0x0000, 0x0000, 0x0000, 0x0000, 0x0000, 0x0000, 0x0000, 0x0000, 0x0000, 0x0000, 0x0000,
    0x0000, 0x0000, 0x0000, 0x0000, 0x0000, 0x0000, 0x0000, 0x0000, 0x0000, 0x0000, 0x0000, 0x0000,
    0x0000, 0x0000, 0x0000, 0x0000, 0x0000, 0x0000, 0x0000, 0x0000, 0x0000, 0x0000, 0x0000, 0x0000,
    0x0000, 0x0000, 0x0000, 0x0000, 0x0000, 0x0000, 0x0000, 0x0000, 0x714E, 0x7420, 0x7530, 0x7538,
    0x7551, 0x7672, 0x7B4C, 0x7B8B, 0x7BAD, 0x7BC6, 0x7E8F, 0x8A6E, 0x8F3E, 0x8F49, 0x923F, 0x9293,
    0x9322, 0x942B, 0x96FB, 0x985A, 0x986B, 0x991E, 0x5207, 0x622A, 0x6298, 0x6D59, 0x7664, 0x7ACA,
    0x7BC0, 0x7D76, 0x5360, 0x5CBE, 0x5E97, 0x6F38, 0x70B9, 0x7C98, 0x9711, 0x9B8E, 0x9EDE, 0x63A5,
    0x647A, 0x8776, 0x4E01, 0x4E95, 0x4EAD, 0x505C, 0x5075, 0x5448, 0x59C3, 0x5B9A, 0x5E40, 0x5EAD,
    0x5EF7, 0x5F81, 0x60C5, 0x633A, 0x653F, 0x6574, 0x65CC, 0x6676, 0x6678, 0x67FE, 0x6968, 0x6A89,
    0x6B63, 0x6C40, 0x6DC0, 0x6DE8, 0x6E1F, 0x6E5E, 0x701E, 0x70A1, 0x738E, 0x73FD, 0x753A, 0x775B,
    0x7887, 0x798E, 0x7A0B, 0x7A7D, 0x7CBE, 0x7D8E, 0x8247, 0x8A02, 0x8AEA, 0x8C9E, 0x912D, 0x914A,
    0x91D8, 0x9266, 0x92CC, 0x9320, 0x9706, 0x9756, 0x0000, 0x0000, 0x0000, 0x0000, 0x0000, 0x0000,
    0x0000, 0x0000, 0x0000, 0x0000, 0x0000, 0x0000, 0x0000, 0x0000, 0x0000, 0x0000, 0x0000, 0x0000,
    0x0000, 0x0000, 0x0000, 0x0000, 0x0000, 0x0000, 0x0000, 0x0000, 0x0000, 0x0000, 0x0000, 0x0000,
    0x0000, 0x0000, 0x0000, 0x0000, 0x0000, 0x0000, 0x0000, 0x0000, 0x0000, 0x0000, 0x0000, 0x0000,
    0x0000, 0x0000, 0x0000, 0x0000, 0x0000, 0x0000, 0x0000, 0x0000, 0x0000, 0x0000, 0x0000, 0x0000,
    0x0000, 0x0000, 0x0000, 0x0000, 0x0000, 0x0000, 0x0000, 0x0000, 0x0000, 0x0000, 0x0000, 0x0000,
    0x0000, 0x0000, 0x0000, 0x0000, 0x0000, 0x0000, 0x0000, 0x0000, 0x0000, 0x0000, 0x0000, 0x0000,
    0x0000, 0x0000, 0x0000, 0x0000, 0x0000, 0x0000, 0x0000, 0x0000, 0x0000, 0x0000, 0x0000, 0x0000,
    0x0000, 0x0000, 0x0000, 0x0000, 0x0000, 0x0000, 0x975C, 0x9802, 0x9F0E, 0x5236, 0x5291, 0x557C,
    0x5824, 0x5E1D, 0x5F1F, 0x608C, 0x63D0, 0x68AF, 0x6FDF, 0x796D, 0x7B2C, 0x81CD, 0x85BA, 0x88FD,
    0x8AF8, 0x8E44, 0x918D, 0x9664, 0x969B, 0x973D, 0x984C, 0x9F4A, 0x4FCE, 0x5146, 0x51CB, 0x52A9,
    0x5632, 0x5F14, 0x5F6B, 0x63AA, 0x64CD, 0x65E9, 0x6641, 0x66FA, 0x66F9, 0x671D, 0x689D, 0x68D7,
    0x69FD, 0x6F15, 0x6F6E, 0x7167, 0x71E5, 0x722A, 0x74AA, 0x773A, 0x7956, 0x795A, 0x79DF, 0x7A20,
    0x7A95, 0x7C97, 0x7CDF, 0x7D44, 0x7E70, 0x8087, 0x85FB, 0x86A4, 0x8A54, 0x8ABF, 0x8D99, 0x8E81,
    0x9020, 0x906D, 0x91E3, 0x963B, 0x96D5, 0x9CE5, 0x65CF, 0x7C07, 0x8DB3, 0x93C3, 0x5B58, 0x5C0A,
    0x5352, 0x62D9, 0x731D, 0x5027, 0x5B97, 0x5F9E, 0x60B0, 0x616B, 0x68D5, 0x6DD9, 0x742E, 0x7A2E,
    0x7D42, 0x7D9C, 0x7E31, 0x816B, 0x0000, 0x0000, 0x0000, 0x0000, 0x0000, 0x0000, 0x0000, 0x0000,
    0x0000, 0x0000, 0x0000, 0x0000, 0x0000, 0x0000, 0x0000, 0x0000, 0x0000, 0x0000, 0x0000, 0x0000,
    0x0000, 0x0000, 0x0000, 0x0000, 0x0000, 0x0000, 0x0000, 0x0000, 0x0000, 0x0000, 0x0000, 0x0000,
    0x0000, 0x0000, 0x0000, 0x0000, 0x0000, 0x0000, 0x0000, 0x0000, 0x0000, 0x0000, 0x0000, 0x0000,
    0x0000, 0x0000, 0x0000, 0x0000, 0x0000, 0x0000, 0x0000, 0x0000, 0x0000, 0x0000, 0x0000, 0x0000,
    0x0000, 0x0000, 0x0000, 0x0000, 0x0000, 0x0000, 0x0000, 0x0000, 0x0000, 0x0000, 0x0000, 0x0000,
    0x0000, 0x0000, 0x0000, 0x0000, 0x0000, 0x0000, 0x0000, 0x0000, 0x0000, 0x0000, 0x0000, 0x0000,
    0x0000, 0x0000, 0x0000, 0x0000, 0x0000, 0x0000, 0x0000, 0x0000, 0x0000, 0x0000, 0x0000, 0x0000,
    0x0000, 0x0000, 0x0000, 0x0000, 0x8E2A, 0x8E35, 0x937E, 0x9418, 0x4F50, 0x5750, 0x5DE6, 0x5EA7,
    0x632B, 0x7F6A, 0x4E3B, 0x4F4F, 0x4F8F, 0x505A, 0x59DD, 0x80C4, 0x546A, 0x5468, 0x55FE, 0x594F,
    0x5B99, 0x5DDE, 0x5EDA, 0x665D, 0x6731, 0x67F1, 0x682A, 0x6CE8, 0x6D32, 0x6E4A, 0x6F8D, 0x70B7,
    0x73E0, 0x7587, 0x7C4C, 0x7D02, 0x7D2C, 0x7DA2, 0x821F, 0x86DB, 0x8A3B, 0x8A85, 0x8D70, 0x8E8A,
    0x8F33, 0x9031, 0x914E, 0x9152, 0x9444, 0x99D0, 0x7AF9, 0x7CA5, 0x4FCA, 0x5101, 0x51C6, 0x57C8,
    0x5BEF, 0x5CFB, 0x6659, 0x6A3D, 0x6D5A, 0x6E96, 0x6FEC, 0x710C, 0x756F, 0x7AE3, 0x8822, 0x9021,
    0x9075, 0x96CB, 0x99FF, 0x8301, 0x4E2D, 0x4EF2, 0x8846, 0x91CD, 0x537D, 0x6ADB, 0x696B, 0x6C41,
    0x847A, 0x589E, 0x618E, 0x66FE, 0x62EF, 0x70DD, 0x7511, 0x75C7, 0x7E52, 0x84B8, 0x8B49, 0x8D08,
    0x4E4B, 0x53EA, 0x0000, 0x0000, 0x0000, 0x0000, 0x0000, 0x0000, 0x0000, 0x0000, 0x0000, 0x0000,
    0x0000, 0x0000, 0x0000, 0x0000, 0x0000, 0x0000, 0x0000, 0x0000, 0x0000, 0x0000, 0x0000, 0x0000,
    0x0000, 0x0000, 0x0000, 0x0000, 0x0000, 0x0000, 0x0000, 0x0000, 0x0000, 0x0000, 0x0000, 0x0000,
    0x0000, 0x0000, 0x0000, 0x0000, 0x0000, 0x0000, 0x0000, 0x0000, 0x0000, 0x0000, 0x0000, 0x0000,
    0x0000, 0x0000, 0x0000, 0x0000, 0x0000, 0x0000, 0x0000, 0x0000, 0x0000, 0x0000, 0x0000, 0x0000,
    0x0000, 0x0000, 0x0000, 0x0000, 0x0000, 0x0000, 0x0000, 0x0000, 0x0000, 0x0000, 0x0000, 0x0000,
    0x0000, 0x0000, 0x0000, 0x0000, 0x0000, 0x0000, 0x0000, 0x0000, 0x0000, 0x0000, 0x0000, 0x0000,
    0x0000, 0x0000, 0x0000, 0x0000, 0x0000, 0x0000, 0x0000, 0x0000, 0x0000, 0x0000, 0x0000, 0x0000,
    0x0000, 0x0000, 0x54AB, 0x5730, 0x5740, 0x5FD7, 0x6301, 0x6307, 0x646F, 0x652F, 0x65E8, 0x667A,
    0x679D, 0x67B3, 0x6B62, 0x6C60, 0x6C9A, 0x6F2C, 0x77E5, 0x7825, 0x7949, 0x7957, 0x7D19, 0x80A2,
    0x8102, 0x81F3, 0x829D, 0x82B7, 0x8718, 0x8A8C, 0xF9FC, 0x8D04, 0x8DBE, 0x9072, 0x76F4, 0x7A19,
    0x7A37, 0x7E54, 0x8077, 0x5507, 0x55D4, 0x5875, 0x632F, 0x6422, 0x6649, 0x664B, 0x686D, 0x699B,
    0x6B84, 0x6D25, 0x6EB1, 0x73CD, 0x7468, 0x74A1, 0x755B, 0x75B9, 0x76E1, 0x771E, 0x778B, 0x79E6,
    0x7E09, 0x7E1D, 0x81FB, 0x852F, 0x8897, 0x8A3A, 0x8CD1, 0x8EEB, 0x8FB0, 0x9032, 0x93AD, 0x9663,
    0x9673, 0x9707, 0x4F84, 0x53F1, 0x59EA, 0x5AC9, 0x5E19, 0x684E, 0x74C6, 0x75BE, 0x79E9, 0x7A92,
    0x81A3, 0x86ED, 0x8CEA, 0x8DCC, 0x8FED, 0x659F, 0x6715, 0xF9FD, 0x57F7, 0x6F57, 0x7DDD, 0x8F2F,
    0x0000, 0x0000, 0x0000, 0x0000, 0x0000, 0x0000, 0x0000, 0x0000, 0x0000, 0x0000, 0x0000, 0x0000,
    0x0000, 0x0000, 0x0000, 0x0000, 0x0000, 0x0000, 0x0000, 0x0000, 0x0000, 0x0000, 0x0000, 0x0000,
    0x0000, 0x0000, 0x0000, 0x0000, 0x0000, 0x0000, 0x0000, 0x0000, 0x0000, 0x0000, 0x0000, 0x0000,
    0x0000, 0x0000, 0x0000, 0x0000, 0x0000, 0x0000, 0x0000, 0x0000, 0x0000, 0x0000, 0x0000, 0x0000,
    0x0000, 0x0000, 0x0000, 0x0000, 0x0000, 0x0000, 0x0000, 0x0000, 0x0000, 0x0000, 0x0000, 0x0000,
    0x0000, 0x0000, 0x0000, 0x0000, 0x0000, 0x0000, 0x0000, 0x0000, 0x0000, 0x0000, 0x0000, 0x0000,
    0x0000, 0x0000, 0x0000, 0x0000, 0x0000, 0x0000, 0x0000, 0x0000, 0x0000, 0x0000, 0x0000, 0x0000,
    0x0000, 0x0000, 0x0000, 0x0000, 0x0000, 0x0000, 0x0000, 0x0000, 0x0000, 0x0000, 0x0000, 0x0000,
    0x93F6, 0x96C6, 0x5FB5, 0x61F2, 0x6F84, 0x4E14, 0x4F98, 0x501F, 0x53C9, 0x55DF, 0x5D6F, 0x5DEE,
    0x6B21, 0x6B64, 0x78CB, 0x7B9A, 0xF9FE, 0x8E49, 0x8ECA, 0x906E, 0x6349, 0x643E, 0x7740, 0x7A84,
    0x932F, 0x947F, 0x9F6A, 0x64B0, 0x6FAF, 0x71E6, 0x74A8, 0x74DA, 0x7AC4, 0x7C12, 0x7E82, 0x7CB2,
    0x7E98, 0x8B9A, 0x8D0A, 0x947D, 0x9910, 0x994C, 0x5239, 0x5BDF, 0x64E6, 0x672D, 0x7D2E, 0x50ED,
    0x53C3, 0x5879, 0x6158, 0x6159, 0x61FA, 0x65AC, 0x7AD9, 0x8B92, 0x8B96, 0x5009, 0x5021, 0x5275,
    0x5531, 0x5A3C, 0x5EE0, 0x5F70, 0x6134, 0x655E, 0x660C, 0x6636, 0x66A2, 0x69CD, 0x6EC4, 0x6F32,
    0x7316, 0x7621, 0x7A93, 0x8139, 0x8259, 0x83D6, 0x84BC, 0x50B5, 0x57F0, 0x5BC0, 0x5BE8, 0x5F69,
    0x63A1, 0x7826, 0x7DB5, 0x83DC, 0x8521, 0x91C7, 0x91F5, 0x518A, 0x67F5, 0x7B56, 0x0000, 0x0000,
    0x0000, 0x0000, 0x0000, 0x0000, 0x0000, 0x0000, 0x0000, 0x0000, 0x0000, 0x0000, 0x0000, 0x0000,
    0x0000, 0x0000, 0x0000, 0x0000, 0x0000, 0x0000, 0x0000, 0x0000, 0x0000, 0x0000, 0x0000, 0x0000,
    0x0000, 0x0000, 0x0000, 0x0000, 0x0000, 0x0000, 0x0000, 0x0000, 0x0000, 0x0000, 0x0000, 0x0000,
    0x0000, 0x0000, 0x0000, 0x0000, 0x0000, 0x0000, 0x0000, 0x0000, 0x0000, 0x0000, 0x0000, 0x0000,
    0x0000, 0x0000, 0x0000, 0x0000, 0x0000, 0x0000, 0x0000, 0x0000, 0x0000, 0x0000, 0x0000, 0x0000,
    0x0000, 0x0000, 0x0000, 0x0000, 0x0000, 0x0000, 0x0000, 0x0000, 0x0000, 0x0000, 0x0000, 0x0000,
    0x0000, 0x0000, 0x0000, 0x0000, 0x0000, 0x0000, 0x0000, 0x0000, 0x0000, 0x0000, 0x0000, 0x0000,
    0x0000, 0x0000, 0x0000, 0x0000, 0x0000, 0x0000, 0x0000, 0x0000, 0x0000, 0x0000, 0x8CAC, 0x51C4,
    0x59BB, 0x60BD, 0x8655, 0x501C, 0xF9FF, 0x5254, 0x5C3A, 0x617D, 0x621A, 0x62D3, 0x64F2, 0x65A5,
    0x6ECC, 0x7620, 0x810A, 0x8E60, 0x965F, 0x96BB, 0x4EDF, 0x5343, 0x5598, 0x5929, 0x5DDD, 0x64C5,
    0x6CC9, 0x6DFA, 0x7394, 0x7A7F, 0x821B, 0x85A6, 0x8CE4, 0x8E10, 0x9077, 0x91E7, 0x95E1, 0x9621,
    0x97C6, 0x51F8, 0x54F2, 0x5586, 0x5FB9, 0x64A4, 0x6F88, 0x7DB4, 0x8F1F, 0x8F4D, 0x9435, 0x50C9,
    0x5C16, 0x6CBE, 0x6DFB, 0x751B, 0x77BB, 0x7C3D, 0x7C64, 0x8A79, 0x8AC2, 0x581E, 0x59BE, 0x5E16,
    0x6377, 0x7252, 0x758A, 0x776B, 0x8ADC, 0x8CBC, 0x8F12, 0x5EF3, 0x6674, 0x6DF8, 0x807D, 0x83C1,
    0x8ACB, 0x9751, 0x9BD6, 0xFA00, 0x5243, 0x66FF, 0x6D95, 0x6EEF, 0x7DE0, 0x8AE6, 0x902E, 0x905E,
    0x9AD4, 0x521D, 0x527F, 0x54E8, 0x6194, 0x6284, 0x62DB, 0x68A2, 0x0000, 0x0000, 0x0000, 0x0000,
    0x0000, 0x0000, 0x0000, 0x0000, 0x0000, 0x0000, 0x0000, 0x0000, 0x0000, 0x0000, 0x0000, 0x0000,
    0x0000, 0x0000, 0x0000, 0x0000, 0x0000, 0x0000, 0x0000, 0x0000, 0x0000, 0x0000, 0x0000, 0x0000,
    0x0000, 0x0000, 0x0000, 0x0000, 0x0000, 0x0000, 0x0000, 0x0000, 0x0000, 0x0000, 0x0000, 0x0000,
    0x0000, 0x0000, 0x0000, 0x0000, 0x0000, 0x0000, 0x0000, 0x0000, 0x0000, 0x0000, 0x0000, 0x0000,
    0x0000, 0x0000, 0x0000, 0x0000, 0x0000, 0x0000, 0x0000, 0x0000, 0x0000, 0x0000, 0x0000, 0x0000,
    0x0000, 0x0000, 0x0000, 0x0000, 0x0000, 0x0000, 0x0000, 0x0000, 0x0000, 0x0000, 0x0000, 0x0000,
    0x0000, 0x0000, 0x0000, 0x0000, 0x0000, 0x0000, 0x0000, 0x0000, 0x0000, 0x0000, 0x0000, 0x0000,
    0x0000, 0x0000, 0x0000, 0x0000, 0x0000, 0x0000, 0x0000, 0x0000, 0x6912, 0x695A, 0x6A35, 0x7092,
    0x7126, 0x785D, 0x7901, 0x790E, 0x79D2, 0x7A0D, 0x8096, 0x8278, 0x82D5, 0x8349, 0x8549, 0x8C82,
    0x8D85, 0x9162, 0x918B, 0x91AE, 0x4FC3, 0x56D1, 0x71ED, 0x77D7, 0x8700, 0x89F8, 0x5BF8, 0x5FD6,
    0x6751, 0x90A8, 0x53E2, 0x585A, 0x5BF5, 0x60A4, 0x6181, 0x6460, 0x7E3D, 0x8070, 0x8525, 0x9283,
    0x64AE, 0x50AC, 0x5D14, 0x6700, 0x589C, 0x62BD, 0x63A8, 0x690E, 0x6978, 0x6A1E, 0x6E6B, 0x76BA,
    0x79CB, 0x82BB, 0x8429, 0x8ACF, 0x8DA8, 0x8FFD, 0x9112, 0x914B, 0x919C, 0x9310, 0x9318, 0x939A,
    0x96DB, 0x9A36, 0x9C0D, 0x4E11, 0x755C, 0x795D, 0x7AFA, 0x7B51, 0x7BC9, 0x7E2E, 0x84C4, 0x8E59,
    0x8E74, 0x8EF8, 0x9010, 0x6625, 0x693F, 0x7443, 0x51FA, 0x672E, 0x9EDC, 0x5145, 0x5FE0, 0x6C96,
    0x87F2, 0x885D, 0x8877, 0x60B4, 0x81B5, 0x8403, 0x0000, 0x0000, 0x0000, 0x0000, 0x0000, 0x0000,
    0x0000, 0x0000, 0x0000, 0x0000, 0x0000, 0x0000, 0x0000, 0x0000, 0x0000, 0x0000, 0x0000, 0x0000,
    0x0000, 0x0000, 0x0000, 0x0000, 0x0000, 0x0000, 0x0000, 0x0000, 0x0000, 0x0000, 0x0000, 0x0000,
    0x0000, 0x0000, 0x0000, 0x0000, 0x0000, 0x0000, 0x0000, 0x0000, 0x0000, 0x0000, 0x0000, 0x0000,
    0x0000, 0x0000, 0x0000, 0x0000, 0x0000, 0x0000, 0x0000, 0x0000, 0x0000, 0x0000, 0x0000, 0x0000,
    0x0000, 0x0000, 0x0000, 0x0000, 0x0000, 0x0000, 0x0000, 0x0000, 0x0000, 0x0000, 0x0000, 0x0000,
    0x0000, 0x0000, 0x0000, 0x0000, 0x0000, 0x0000, 0x0000, 0x0000, 0x0000, 0x0000, 0x0000, 0x0000,
    0x0000, 0x0000, 0x0000, 0x0000, 0x0000, 0x0000, 0x0000, 0x0000, 0x0000, 0x0000, 0x0000, 0x0000,
    0x0000, 0x0000, 0x0000, 0x0000, 0x0000, 0x0000, 0x8D05, 0x53D6, 0x5439, 0x5634, 0x5A36, 0x5C31,
    0x708A, 0x7FE0, 0x805A, 0x8106, 0x81ED, 0x8DA3, 0x9189, 0x9A5F, 0x9DF2, 0x5074, 0x4EC4, 0x53A0,
    0x60FB, 0x6E2C, 0x5C64, 0x4F88, 0x5024, 0x55E4, 0x5CD9, 0x5E5F, 0x6065, 0x6894, 0x6CBB, 0x6DC4,
    0x71BE, 0x75D4, 0x75F4, 0x7661, 0x7A1A, 0x7A49, 0x7DC7, 0x7DFB, 0x7F6E, 0x81F4, 0x86A9, 0x8F1C,
    0x96C9, 0x99B3, 0x9F52, 0x5247, 0x52C5, 0x98ED, 0x89AA, 0x4E03, 0x67D2, 0x6F06, 0x4FB5, 0x5BE2,
    0x6795, 0x6C88, 0x6D78, 0x741B, 0x7827, 0x91DD, 0x937C, 0x87C4, 0x79E4, 0x7A31, 0x5FEB, 0x4ED6,
    0x54A4, 0x553E, 0x58AE, 0x59A5, 0x60F0, 0x6253, 0x62D6, 0x6736, 0x6955, 0x8235, 0x9640, 0x99B1,
    0x99DD, 0x502C, 0x5353, 0x5544, 0x577C, 0xFA01, 0x6258, 0xFA02, 0x64E2, 0x666B, 0x67DD, 0x6FC1,
    0x6FEF, 0x7422, 0x7438, 0x8A17, 0x0000, 0x0000, 0x0000, 0x0000, 0x0000, 0x0000, 0x0000, 0x0000,
    0x0000, 0x0000, 0x0000, 0x0000, 0x0000, 0x0000, 0x0000, 0x0000, 0x0000, 0x0000, 0x0000, 0x0000,
    0x0000, 0x0000, 0x0000, 0x0000, 0x0000, 0x0000, 0x0000, 0x0000, 0x0000, 0x0000, 0x0000, 0x0000,
    0x0000, 0x0000, 0x0000, 0x0000, 0x0000, 0x0000, 0x0000, 0x0000, 0x0000, 0x0000, 0x0000, 0x0000,
    0x0000, 0x0000, 0x0000, 0x0000, 0x0000, 0x0000, 0x0000, 0x0000, 0x0000, 0x0000, 0x0000, 0x0000,
    0x0000, 0x0000, 0x0000, 0x0000, 0x0000, 0x0000, 0x0000, 0x0000, 0x0000, 0x0000, 0x0000, 0x0000,
    0x0000, 0x0000, 0x0000, 0x0000, 0x0000, 0x0000, 0x0000, 0x0000, 0x0000, 0x0000, 0x0000, 0x0000,
    0x0000, 0x0000, 0x0000, 0x0000, 0x0000, 0x0000, 0x0000, 0x0000, 0x0000, 0x0000, 0x0000, 0x0000,
    0x0000, 0x0000, 0x0000, 0x0000, 0x9438, 0x5451, 0x5606, 0x5766, 0x5F48, 0x619A, 0x6B4E, 0x7058,
    0x70AD, 0x7DBB, 0x8A95, 0x596A, 0x812B, 0x63A2, 0x7708, 0x803D, 0x8CAA, 0x5854, 0x642D, 0x69BB,
    0x5B95, 0x5E11, 0x6E6F, 0xFA03, 0x8569, 0x514C, 0x53F0, 0x592A, 0x6020, 0x614B, 0x6B86, 0x6C70,
    0x6CF0, 0x7B1E, 0x80CE, 0x82D4, 0x8DC6, 0x90B0, 0x98B1, 0xFA04, 0x64C7, 0x6FA4, 0x6491, 0x6504,
    0x514E, 0x5410, 0x571F, 0x8A0E, 0x615F, 0x6876, 0xFA05, 0x75DB, 0x7B52, 0x7D71, 0x901A, 0x5806,
    0x69CC, 0x817F, 0x892A, 0x9000, 0x9839, 0x5078, 0x5957, 0x59AC, 0x6295, 0x900F, 0x9B2A, 0x615D,
    0x7279, 0x95D6, 0x5761, 0x5A46, 0x5DF4, 0x628A, 0x64AD, 0x64FA, 0x6777, 0x6CE2, 0x6D3E, 0x722C,
    0x7436, 0x7834, 0x7F77, 0x82AD, 0x8DDB, 0x9817, 0x5224, 0x5742, 0x677F, 0x7248, 0x74E3, 0x8CA9,
    0x8FA6, 0x9211, 0x0000, 0x0000, 0x0000, 0x0000, 0x0000, 0x0000, 0x0000, 0x0000, 0x0000, 0x0000,
    0x0000, 0x0000, 0x0000, 0x0000, 0x0000, 0x0000, 0x0000, 0x0000, 0x0000, 0x0000, 0x0000, 0x0000,
    0x0000, 0x0000, 0x0000, 0x0000, 0x0000, 0x0000, 0x0000, 0x0000, 0x0000, 0x0000, 0x0000, 0x0000,
    0x0000, 0x0000, 0x0000, 0x0000, 0x0000, 0x0000, 0x0000, 0x0000, 0x0000, 0x0000, 0x0000, 0x0000,
    0x0000, 0x0000, 0x0000, 0x0000, 0x0000, 0x0000, 0x0000, 0x0000, 0x0000, 0x0000, 0x0000, 0x0000,
    0x0000, 0x0000, 0x0000, 0x0000, 0x0000, 0x0000, 0x0000, 0x0000, 0x0000, 0x0000, 0x0000, 0x0000,
    0x0000, 0x0000, 0x0000, 0x0000, 0x0000, 0x0000, 0x0000, 0x0000, 0x0000, 0x0000, 0x0000, 0x0000,
    0x0000, 0x0000, 0x0000, 0x0000, 0x0000, 0x0000, 0x0000, 0x0000, 0x0000, 0x0000, 0x0000, 0x0000,
    0x0000, 0x0000, 0x962A, 0x516B, 0x53ED, 0x634C, 0x4F69, 0x5504, 0x6096, 0x6557, 0x6C9B, 0x6D7F,
    0x724C, 0x72FD, 0x7A17, 0x8987, 0x8C9D, 0x5F6D, 0x6F8E, 0x70F9, 0x81A8, 0x610E, 0x4FBF, 0x504F,
    0x6241, 0x7247, 0x7BC7, 0x7DE8, 0x7FE9, 0x904D, 0x97AD, 0x9A19, 0x8CB6, 0x576A, 0x5E73, 0x67B0,
    0x840D, 0x8A55, 0x5420, 0x5B16, 0x5E63, 0x5EE2, 0x5F0A, 0x6583, 0x80BA, 0x853D, 0x9589, 0x965B,
    0x4F48, 0x5305, 0x530D, 0x530F, 0x5486, 0x54FA, 0x5703, 0x5E03, 0x6016, 0x629B, 0x62B1, 0x6355,
    0xFA06, 0x6CE1, 0x6D66, 0x75B1, 0x7832, 0x80DE, 0x812F, 0x82DE, 0x8461, 0x84B2, 0x888D, 0x8912,
    0x900B, 0x92EA, 0x98FD, 0x9B91, 0x5E45, 0x66B4, 0x66DD, 0x7011, 0x7206, 0xFA07, 0x4FF5, 0x527D,
    0x5F6A, 0x6153, 0x6753, 0x6A19, 0x6F02, 0x74E2, 0x7968, 0x8868, 0x8C79, 0x98C7, 0x98C4, 0x9A43,
    0x0000, 0x0000, 0x0000, 0x0000, 0x0000, 0x0000, 0x0000, 0x0000, 0x0000, 0x0000, 0x0000, 0x0000,
    0x0000, 0x0000, 0x0000, 0x0000, 0x0000, 0x0000, 0x0000, 0x0000, 0x0000, 0x0000, 0x0000, 0x0000,
    0x0000, 0x0000, 0x0000, 0x0000, 0x0000, 0x0000, 0x0000, 0x0000, 0x0000, 0x0000, 0x0000, 0x0000,
    0x0000, 0x0000, 0x0000, 0x0000, 0x0000, 0x0000, 0x0000, 0x0000, 0x0000, 0x0000, 0x0000, 0x0000,
    0x0000, 0x0000, 0x0000, 0x0000, 0x0000, 0x0000, 0x0000, 0x0000, 0x0000, 0x0000, 0x0000, 0x0000,
    0x0000, 0x0000, 0x0000, 0x0000, 0x0000, 0x0000, 0x0000, 0x0000, 0x0000, 0x0000, 0x0000, 0x0000,
    0x0000, 0x0000, 0x0000, 0x0000, 0x0000, 0x0000, 0x0000, 0x0000, 0x0000, 0x0000, 0x0000, 0x0000,
    0x0000, 0x0000, 0x0000, 0x0000, 0x0000, 0x0000, 0x0000, 0x0000, 0x0000, 0x0000, 0x0000, 0x0000,
    0x54C1, 0x7A1F, 0x6953, 0x8AF7, 0x8C4A, 0x98A8, 0x99AE, 0x5F7C, 0x62AB, 0x75B2, 0x76AE, 0x88AB,
    0x907F, 0x9642, 0x5339, 0x5F3C, 0x5FC5, 0x6CCC, 0x73CC, 0x7562, 0x758B, 0x7B46, 0x82FE, 0x999D,
    0x4E4F, 0x903C, 0x4E0B, 0x4F55, 0x53A6, 0x590F, 0x5EC8, 0x6630, 0x6CB3, 0x7455, 0x8377, 0x8766,
    0x8CC0, 0x9050, 0x971E, 0x9C15, 0x58D1, 0x5B78, 0x8650, 0x8B14, 0x9DB4, 0x5BD2, 0x6068, 0x608D,
    0x65F1, 0x6C57, 0x6F22, 0x6FA3, 0x701A, 0x7F55, 0x7FF0, 0x9591, 0x9592, 0x9650, 0x97D3, 0x5272,
    0x8F44, 0x51FD, 0x542B, 0x54B8, 0x5563, 0x558A, 0x6ABB, 0x6DB5, 0x7DD8, 0x8266, 0x929C, 0x9677,
    0x9E79, 0x5408, 0x54C8, 0x76D2, 0x86E4, 0x95A4, 0x95D4, 0x965C, 0x4EA2, 0x4F09, 0x59EE, 0x5AE6,
    0x5DF7, 0x6052, 0x6297, 0x676D, 0x6841, 0x6C86, 0x6E2F, 0x7F38, 0x809B, 0x822A, 0x0000, 0x0000,
    0x0000, 0x0000, 0x0000, 0x0000, 0x0000, 0x0000, 0x0000, 0x0000, 0x0000, 0x0000, 0x0000, 0x0000,
    0x0000, 0x0000, 0x0000, 0x0000, 0x0000, 0x0000, 0x0000, 0x0000, 0x0000, 0x0000, 0x0000, 0x0000,
    0x0000, 0x0000, 0x0000, 0x0000, 0x0000, 0x0000, 0x0000, 0x0000, 0x0000, 0x0000, 0x0000, 0x0000,
    0x0000, 0x0000, 0x0000, 0x0000, 0x0000, 0x0000, 0x0000, 0x0000, 0x0000, 0x0000, 0x0000, 0x0000,
    0x0000, 0x0000, 0x0000, 0x0000, 0x0000, 0x0000, 0x0000, 0x0000, 0x0000, 0x0000, 0x0000, 0x0000,
    0x0000, 0x0000, 0x0000, 0x0000, 0x0000, 0x0000, 0x0000, 0x0000, 0x0000, 0x0000, 0x0000, 0x0000,
    0x0000, 0x0000, 0x0000, 0x0000, 0x0000, 0x0000, 0x0000, 0x0000, 0x0000, 0x0000, 0x0000, 0x0000,
    0x0000, 0x0000, 0x0000, 0x0000, 0x0000, 0x0000, 0x0000, 0x0000, 0x0000, 0x0000, 0xFA08, 0xFA09,
    0x9805, 0x4EA5, 0x5055, 0x54B3, 0x5793, 0x595A, 0x5B69, 0x5BB3, 0x61C8, 0x6977, 0x6D77, 0x7023,
    0x87F9, 0x89E3, 0x8A72, 0x8AE7, 0x9082, 0x99ED, 0x9AB8, 0x52BE, 0x6838, 0x5016, 0x5E78, 0x674F,
    0x8347, 0x884C, 0x4EAB, 0x5411, 0x56AE, 0x73E6, 0x9115, 0x97FF, 0x9909, 0x9957, 0x9999, 0x5653,
    0x589F, 0x865B, 0x8A31, 0x61B2, 0x6AF6, 0x737B, 0x8ED2, 0x6B47, 0x96AA, 0x9A57, 0x5955, 0x7200,
    0x8D6B, 0x9769, 0x4FD4, 0x5CF4, 0x5F26, 0x61F8, 0x665B, 0x6CEB, 0x70AB, 0x7384, 0x73B9, 0x73FE,
    0x7729, 0x774D, 0x7D43, 0x7D62, 0x7E23, 0x8237, 0x8852, 0xFA0A, 0x8CE2, 0x9249, 0x986F, 0x5B51,
    0x7A74, 0x8840, 0x9801, 0x5ACC, 0x4FE0, 0x5354, 0x593E, 0x5CFD, 0x633E, 0x6D79, 0x72F9, 0x8105,
    0x8107, 0x83A2, 0x92CF, 0x9830, 0x4EA8, 0x5144, 0x5211, 0x578B, 0x0000, 0x0000, 0x0000, 0x0000,
    0x0000, 0x0000, 0x0000, 0x0000, 0x0000, 0x0000, 0x0000, 0x0000, 0x0000, 0x0000, 0x0000, 0x0000,
    0x0000, 0x0000, 0x0000, 0x0000, 0x0000, 0x0000, 0x0000, 0x0000, 0x0000, 0x0000, 0x0000, 0x0000,
    0x0000, 0x0000, 0x0000, 0x0000, 0x0000, 0x0000, 0x0000, 0x0000, 0x0000, 0x0000, 0x0000, 0x0000,
    0x0000, 0x0000, 0x0000, 0x0000, 0x0000, 0x0000, 0x0000, 0x0000, 0x0000, 0x0000, 0x0000, 0x0000,
    0x0000, 0x0000, 0x0000, 0x0000, 0x0000, 0x0000, 0x0000, 0x0000, 0x0000, 0x0000, 0x0000, 0x0000,
    0x0000, 0x0000, 0x0000, 0x0000, 0x0000, 0x0000, 0x0000, 0x0000, 0x0000, 0x0000, 0x0000, 0x0000,
    0x0000, 0x0000, 0x0000, 0x0000, 0x0000, 0x0000, 0x0000, 0x0000, 0x0000, 0x0000, 0x0000, 0x0000,
    0x0000, 0x0000, 0x0000, 0x0000, 0x0000, 0x0000, 0x0000, 0x0000, 0x5F62, 0x6CC2, 0x6ECE, 0x7005,
    0x7050, 0x70AF, 0x7192, 0x73E9, 0x7469, 0x834A, 0x87A2, 0x8861, 0x9008, 0x90A2, 0x93A3, 0x99A8,
    0x516E, 0x5F57, 0x60E0, 0x6167, 0x66B3, 0x8559, 0x8E4A, 0x91AF, 0x978B, 0x4E4E, 0x4E92, 0x547C,
    0x58D5, 0x58FA, 0x597D, 0x5CB5, 0x5F27, 0x6236, 0x6248, 0x660A, 0x6667, 0x6BEB, 0x6D69, 0x6DCF,
    0x6E56, 0x6EF8, 0x6F94, 0x6FE0, 0x6FE9, 0x705D, 0x72D0, 0x7425, 0x745A, 0x74E0, 0x7693, 0x795C,
    0x7CCA, 0x7E1E, 0x80E1, 0x82A6, 0x846B, 0x84BF, 0x864E, 0x865F, 0x8774, 0x8B77, 0x8C6A, 0x93AC,
    0x9800, 0x9865, 0x60D1, 0x6216, 0x9177, 0x5A5A, 0x660F, 0x6DF7, 0x6E3E, 0x743F, 0x9B42, 0x5FFD,
    0x60DA, 0x7B0F, 0x54C4, 0x5F18, 0x6C5E, 0x6CD3, 0x6D2A, 0x70D8, 0x7D05, 0x8679, 0x8A0C, 0x9D3B,
    0x5316, 0x548C, 0x5B05, 0x6A3A, 0x706B, 0x7575, 0x0000, 0x0000, 0x0000, 0x0000, 0x0000, 0x0000,
    0x0000, 0x0000, 0x0000, 0x0000, 0x0000, 0x0000, 0x0000, 0x0000, 0x0000, 0x0000, 0x0000, 0x0000,
    0x0000, 0x0000, 0x0000, 0x0000, 0x0000, 0x0000, 0x0000, 0x0000, 0x0000, 0x0000, 0x0000, 0x0000,
    0x0000, 0x0000, 0x0000, 0x0000, 0x0000, 0x0000, 0x0000, 0x0000, 0x0000, 0x0000, 0x0000, 0x0000,
    0x0000, 0x0000, 0x0000, 0x0000, 0x0000, 0x0000, 0x0000, 0x0000, 0x0000, 0x0000, 0x0000, 0x0000,
    0x0000, 0x0000, 0x0000, 0x0000, 0x0000, 0x0000, 0x0000, 0x0000, 0x0000, 0x0000, 0x0000, 0x0000,
    0x0000, 0x0000, 0x0000, 0x0000, 0x0000, 0x0000, 0x0000, 0x0000, 0x0000, 0x0000, 0x0000, 0x0000,
    0x0000, 0x0000, 0x0000, 0x0000, 0x0000, 0x0000, 0x0000, 0x0000, 0x0000, 0x0000, 0x0000, 0x0000,
    0x0000, 0x0000, 0x0000, 0x0000, 0x0000, 0x0000, 0x798D, 0x79BE, 0x82B1, 0x83EF, 0x8A71, 0x8B41,
    0x8CA8, 0x9774, 0xFA0B, 0x64F4, 0x652B, 0x78BA, 0x78BB, 0x7A6B, 0x4E38, 0x559A, 0x5950, 0x5BA6,
    0x5E7B, 0x60A3, 0x63DB, 0x6B61, 0x6665, 0x6853, 0x6E19, 0x7165, 0x74B0, 0x7D08, 0x9084, 0x9A69,
    0x9C25, 0x6D3B, 0x6ED1, 0x733E, 0x8C41, 0x95CA, 0x51F0, 0x5E4C, 0x5FA8, 0x604D, 0x60F6, 0x6130,
    0x614C, 0x6643, 0x6644, 0x69A5, 0x6CC1, 0x6E5F, 0x6EC9, 0x6F62, 0x714C, 0x749C, 0x7687, 0x7BC1,
    0x7C27, 0x8352, 0x8757, 0x9051, 0x968D, 0x9EC3, 0x532F, 0x56DE, 0x5EFB, 0x5F8A, 0x6062, 0x6094,
    0x61F7, 0x6666, 0x6703, 0x6A9C, 0x6DEE, 0x6FAE, 0x7070, 0x736A, 0x7E6A, 0x81BE, 0x8334, 0x86D4,
    0x8AA8, 0x8CC4, 0x5283, 0x7372, 0x5B96, 0x6A6B, 0x9404, 0x54EE, 0x5686, 0x5B5D, 0x6548, 0x6585,
    0x66C9, 0x689F, 0x6D8D, 0x6DC6, 0x0000, 0x0000, 0x0000, 0x0000, 0x0000, 0x0000, 0x0000, 0x0000,
    0x0000, 0x0000, 0x0000, 0x0000, 0x0000, 0x0000, 0x0000, 0x0000, 0x0000, 0x0000, 0x0000, 0x0000,
    0x0000, 0x0000, 0x0000, 0x0000, 0x0000, 0x0000, 0x0000, 0x0000, 0x0000, 0x0000, 0x0000, 0x0000,
    0x0000, 0x0000, 0x0000, 0x0000, 0x0000, 0x0000, 0x0000, 0x0000, 0x0000, 0x0000, 0x0000, 0x0000,
    0x0000, 0x0000, 0x0000, 0x0000, 0x0000, 0x0000, 0x0000, 0x0000, 0x0000, 0x0000, 0x0000, 0x0000,
    0x0000, 0x0000, 0x0000, 0x0000, 0x0000, 0x0000, 0x0000, 0x0000, 0x0000, 0x0000, 0x0000, 0x0000,
    0x0000, 0x0000, 0x0000, 0x0000, 0x0000, 0x0000, 0x0000, 0x0000, 0x0000, 0x0000, 0x0000, 0x0000,
    0x0000, 0x0000, 0x0000, 0x0000, 0x0000, 0x0000, 0x0000, 0x0000, 0x0000, 0x0000, 0x0000, 0x0000,
    0x0000, 0x0000, 0x0000, 0x0000, 0x723B, 0x80B4, 0x9175, 0x9A4D, 0x4FAF, 0x5019, 0x539A, 0x540E,
    0x543C, 0x5589, 0x55C5, 0x5E3F, 0x5F8C, 0x673D, 0x7166, 0x73DD, 0x9005, 0x52DB, 0x52F3, 0x5864,
    0x58CE, 0x7104, 0x718F, 0x71FB, 0x85B0, 0x8A13, 0x6688, 0x85A8, 0x55A7, 0x6684, 0x714A, 0x8431,
    0x5349, 0x5599, 0x6BC1, 0x5F59, 0x5FBD, 0x63EE, 0x6689, 0x7147, 0x8AF1, 0x8F1D, 0x9EBE, 0x4F11,
    0x643A, 0x70CB, 0x7566, 0x8667, 0x6064, 0x8B4E, 0x9DF8, 0x5147, 0x51F6, 0x5308, 0x6D36, 0x80F8,
    0x9ED1, 0x6615, 0x6B23, 0x7098, 0x75D5, 0x5403, 0x5C79, 0x7D07, 0x8A16, 0x6B20, 0x6B3D, 0x6B46,
    0x5438, 0x6070, 0x6D3D, 0x7FD5, 0x8208, 0x50D6, 0x51DE, 0x559C, 0x566B, 0x56CD, 0x59EC, 0x5B09,
    0x5E0C, 0x6199, 0x6198, 0x6231, 0x665E, 0x66E6, 0x7199, 0x71B9, 0x71BA, 0x72A7, 0x79A7, 0x7A00,
    0x7FB2, 0x8A70,
];

pub(super) static GB18030: [u16; 23940] = [
    0x4E02, 0x4E04, 0x4E05, 0x4E06, 0x4E0F, 0x4E12, 0x4E17, 0x4E1F, 0x4E20, 0x4E21, 0x4E23, 0x4E26,
    0x4E29, 0x4E2E, 0x4E2F, 0x4E31, 0x4E33, 0x4E35, 0x4E37, 0x4E3C, 0x4E40, 0x4E41, 0x4E42, 0x4E44,
    0x4E46, 0x4E4A, 0x4E51, 0x4E55, 0x4E57, 0x4E5A, 0x4E5B, 0x4E62, 0x4E63, 0x4E64, 0x4E65, 0x4E67,
    0x4E68, 0x4E6A, 0x4E6B, 0x4E6C, 0x4E6D, 0x4E6E, 0x4E6F, 0x4E72, 0x4E74, 0x4E75, 0x4E76, 0x4E77,
    0x4E78, 0x4E79, 0x4E7A, 0x4E7B, 0x4E7C, 0x4E7D, 0x4E7F, 0x4E80, 0x4E81, 0x4E82, 0x4E83, 0x4E84,
    0x4E85, 0x4E87, 0x4E8A, 0x4E90, 0x4E96, 0x4E97, 0x4E99, 0x4E9C, 0x4E9D, 0x4E9E, 0x4EA3, 0x4EAA,
    0x4EAF, 0x4EB0, 0x4EB1, 0x4EB4, 0x4EB6, 0x4EB7, 0x4EB8, 0x4EB9, 0x4EBC, 0x4EBD, 0x4EBE, 0x4EC8,
    0x4ECC, 0x4ECF, 0x4ED0, 0x4ED2, 0x4EDA, 0x4EDB, 0x4EDC, 0x4EE0, 0x4EE2, 0x4EE6, 0x4EE7, 0x4EE9,
    0x4EED, 0x4EEE, 0x4EEF, 0x4EF1, 0x4EF4, 0x4EF8, 0x4EF9, 0x4EFA, 0x4EFC, 0x4EFE, 0x4F00, 0x4F02,
    0x4F03, 0x4F04, 0x4F05, 0x4F06, 0x4F07, 0x4F08, 0x4F0B, 0x4F0C, 0x4F12, 0x4F13, 0x4F14, 0x4F15,
    0x4F16, 0x4F1C, 0x4F1D, 0x4F21, 0x4F23, 0x4F28, 0x4F29, 0x4F2C, 0x4F2D, 0x4F2E, 0x4F31, 0x4F33,
    0x4F35, 0x4F37, 0x4F39, 0x4F3B, 0x4F3E, 0x4F3F, 0x4F40, 0x4F41, 0x4F42, 0x4F44, 0x4F45, 0x4F47,
    0x4F48, 0x4F49, 0x4F4A, 0x4F4B, 0x4F4C, 0x4F52, 0x4F54, 0x4F56, 0x4F61, 0x4F62, 0x4F66, 0x4F68,
    0x4F6A, 0x4F6B, 0x4F6D, 0x4F6E, 0x4F71, 0x4F72, 0x4F75, 0x4F77, 0x4F78, 0x4F79, 0x4F7A, 0x4F7D,
    0x4F80, 0x4F81, 0x4F82, 0x4F85, 0x4F86, 0x4F87, 0x4F8A, 0x4F8C, 0x4F8E, 0x4F90, 0x4F92, 0x4F93,
    0x4F95, 0x4F96, 0x4F98, 0x4F99, 0x4F9A, 0x4F9C, 0x4F9E, 0x4F9F, 0x4FA1, 0x4FA2, 0x4FA4, 0x4FAB,
    0x4FAD, 0x4FB0, 0x4FB1, 0x4FB2, 0x4FB3, 0x4FB4, 0x4FB6, 0x4FB7, 0x4FB8, 0x4FB9, 0x4FBA, 0x4FBB,
    0x4FBC, 0x4FBD, 0x4FBE, 0x4FC0, 0x4FC1, 0x4FC2, 0x4FC6, 0x4FC7, 0x4FC8, 0x4FC9, 0x4FCB, 0x4FCC,
    0x4FCD, 0x4FD2, 0x4FD3, 0x4FD4, 0x4FD5, 0x4FD6, 0x4FD9, 0x4FDB, 0x4FE0, 0x4FE2, 0x4FE4, 0x4FE5,
    0x4FE7, 0x4FEB, 0x4FEC, 0x4FF0, 0x4FF2, 0x4FF4, 0x4FF5, 0x4FF6, 0x4FF7, 0x4FF9, 0x4FFB, 0x4FFC,
    0x4FFD, 0x4FFF, 0x5000, 0x5001, 0x5002, 0x5003, 0x5004, 0x5005, 0x5006, 0x5007, 0x5008, 0x5009,
    0x500A, 0x500B, 0x500E, 0x5010, 0x5011, 0x5013, 0x5015, 0x5016, 0x5017, 0x501B, 0x501D, 0x501E,
    0x5020, 0x5022, 0x5023, 0x5024, 0x5027, 0x502B, 0x502F, 0x5030, 0x5031, 0x5032, 0x5033, 0x5034,
    0x5035, 0x5036, 0x5037, 0x5038, 0x5039, 0x503B, 0x503D, 0x503F, 0x5040, 0x5041, 0x5042, 0x5044,
    0x5045, 0x5046, 0x5049, 0x504A, 0x504B, 0x504D, 0x5050, 0x5051, 0x5052, 0x5053, 0x5054, 0x5056,
    0x5057, 0x5058, 0x5059, 0x505B, 0x505D, 0x505E, 0x505F, 0x5060, 0x5061, 0x5062, 0x5063, 0x5064,
    0x5066, 0x5067, 0x5068, 0x5069, 0x506A, 0x506B, 0x506D, 0x506E, 0x506F, 0x5070, 0x5071, 0x5072,
    0x5073, 0x5074, 0x5075, 0x5078, 0x5079, 0x507A, 0x507C, 0x507D, 0x5081, 0x5082, 0x5083, 0x5084,
    0x5086, 0x5087, 0x5089, 0x508A, 0x508B, 0x508C, 0x508E, 0x508F, 0x5090, 0x5091, 0x5092, 0x5093,
    0x5094, 0x5095, 0x5096, 0x5097, 0x5098, 0x5099, 0x509A, 0x509B, 0x509C, 0x509D, 0x509E, 0x509F,
    0x50A0, 0x50A1, 0x50A2, 0x50A4, 0x50A6, 0x50AA, 0x50AB, 0x50AD, 0x50AE, 0x50AF, 0x50B0, 0x50B1,
    0x50B3, 0x50B4, 0x50B5, 0x50B6, 0x50B7, 0x50B8, 0x50B9, 0x50BC, 0x50BD, 0x50BE, 0x50BF, 0x50C0,
    0x50C1, 0x50C2, 0x50C3, 0x50C4, 0x50C5, 0x50C6, 0x50C7, 0x50C8, 0x50C9, 0x50CA, 0x50CB, 0x50CC,
    0x50CD, 0x50CE, 0x50D0, 0x50D1, 0x50D2, 0x50D3, 0x50D4, 0x50D5, 0x50D7, 0x50D8, 0x50D9, 0x50DB,
    0x50DC, 0x50DD, 0x50DE, 0x50DF, 0x50E0, 0x50E1, 0x50E2, 0x50E3, 0x50E4, 0x50E5, 0x50E8, 0x50E9,
    0x50EA, 0x50EB, 0x50EF, 0x50F0, 0x50F1, 0x50F2, 0x50F4, 0x50F6, 0x50F7, 0x50F8, 0x50F9, 0x50FA,
    0x50FC, 0x50FD, 0x50FE, 0x50FF, 0x5100, 0x5101, 0x5102, 0x5103, 0x5104, 0x5105, 0x5108, 0x5109,
    0x510A, 0x510C, 0x510D, 0x510E, 0x510F, 0x5110, 0x5111, 0x5113, 0x5114, 0x5115, 0x5116, 0x5117,
    0x5118, 0x5119, 0x511A, 0x511B, 0x511C, 0x511D, 0x511E, 0x511F, 0x5120, 0x5122, 0x5123, 0x5124,
    0x5125, 0x5126, 0x5127, 0x5128, 0x5129, 0x512A, 0x512B, 0x512C, 0x512D, 0x512E, 0x512F, 0x5130,
    0x5131, 0x5132, 0x5133, 0x5134, 0x5135, 0x5136, 0x5137, 0x5138, 0x5139, 0x513A, 0x513B, 0x513C,
    0x513D, 0x513E, 0x5142, 0x5147, 0x514A, 0x514C, 0x514E, 0x514F, 0x5150, 0x5152, 0x5153, 0x5157,
    0x5158, 0x5159, 0x515B, 0x515D, 0x515E, 0x515F, 0x5160, 0x5161, 0x5163, 0x5164, 0x5166, 0x5167,
    0x5169, 0x516A, 0x516F, 0x5172, 0x517A, 0x517E, 0x517F, 0x5183, 0x5184, 0x5186, 0x5187, 0x518A,
    0x518B, 0x518E, 0x518F, 0x5190, 0x5191, 0x5193, 0x5194, 0x5198, 0x519A, 0x519D, 0x519E, 0x519F,
    0x51A1, 0x51A3, 0x51A6, 0x51A7, 0x51A8, 0x51A9, 0x51AA, 0x51AD, 0x51AE, 0x51B4, 0x51B8, 0x51B9,
    0x51BA, 0x51BE, 0x51BF, 0x51C1, 0x51C2, 0x51C3, 0x51C5, 0x51C8, 0x51CA, 0x51CD, 0x51CE, 0x51D0,
    0x51D2, 0x51D3, 0x51D4, 0x51D5, 0x51D6, 0x51D7, 0x51D8, 0x51D9, 0x51DA, 0x51DC, 0x51DE, 0x51DF,
    0x51E2, 0x51E3, 0x51E5, 0x51E6, 0x51E7, 0x51E8, 0x51E9, 0x51EA, 0x51EC, 0x51EE, 0x51F1, 0x51F2,
    0x51F4, 0x51F7, 0x51FE, 0x5204, 0x5205, 0x5209, 0x520B, 0x520C, 0x520F, 0x5210, 0x5213, 0x5214,
    0x5215, 0x521C, 0x521E, 0x521F, 0x5221, 0x5222, 0x5223, 0x5225, 0x5226, 0x5227, 0x522A, 0x522C,
    0x522F, 0x5231, 0x5232, 0x5234, 0x5235, 0x523C, 0x523E, 0x5244, 0x5245, 0x5246, 0x5247, 0x5248,
    0x5249, 0x524B, 0x524E, 0x524F, 0x5252, 0x5253, 0x5255, 0x5257, 0x5258, 0x5259, 0x525A, 0x525B,
    0x525D, 0x525F, 0x5260, 0x5262, 0x5263, 0x5264, 0x5266, 0x5268, 0x526B, 0x526C, 0x526D, 0x526E,
    0x5270, 0x5271, 0x5273, 0x5274, 0x5275, 0x5276, 0x5277, 0x5278, 0x5279, 0x527A, 0x527B, 0x527C,
    0x527E, 0x5280, 0x5283, 0x5284, 0x5285, 0x5286, 0x5287, 0x5289, 0x528A, 0x528B, 0x528C, 0x528D,
    0x528E, 0x528F, 0x5291, 0x5292, 0x5294, 0x5295, 0x5296, 0x5297, 0x5298, 0x5299, 0x529A, 0x529C,
    0x52A4, 0x52A5, 0x52A6, 0x52A7, 0x52AE, 0x52AF, 0x52B0, 0x52B4, 0x52B5, 0x52B6, 0x52B7, 0x52B8,
    0x52B9, 0x52BA, 0x52BB, 0x52BC, 0x52BD, 0x52C0, 0x52C1, 0x52C2, 0x52C4, 0x52C5, 0x52C6, 0x52C8,
    0x52CA, 0x52CC, 0x52CD, 0x52CE, 0x52CF, 0x52D1, 0x52D3, 0x52D4, 0x52D5, 0x52D7, 0x52D9, 0x52DA,
    0x52DB, 0x52DC, 0x52DD, 0x52DE, 0x52E0, 0x52E1, 0x52E2, 0x52E3, 0x52E5, 0x52E6, 0x52E7, 0x52E8,
    0x52E9, 0x52EA, 0x52EB, 0x52EC, 0x52ED, 0x52EE, 0x52EF, 0x52F1, 0x52F2, 0x52F3, 0x52F4, 0x52F5,
    0x52F6, 0x52F7, 0x52F8, 0x52FB, 0x52FC, 0x52FD, 0x5301, 0x5302, 0x5303, 0x5304, 0x5307, 0x5309,
    0x530A, 0x530B, 0x530C, 0x530E, 0x5311, 0x5312, 0x5313, 0x5314, 0x5318, 0x531B, 0x531C, 0x531E,
    0x531F, 0x5322, 0x5324, 0x5325, 0x5327, 0x5328, 0x5329, 0x532B, 0x532C, 0x532D, 0x532F, 0x5330,
    0x5331, 0x5332, 0x5333, 0x5334, 0x5335, 0x5336, 0x5337, 0x5338, 0x533C, 0x533D, 0x5340, 0x5342,
    0x5344, 0x5346, 0x534B, 0x534C, 0x534D, 0x5350, 0x5354, 0x5358, 0x5359, 0x535B, 0x535D, 0x5365,
    0x5368, 0x536A, 0x536C, 0x536D, 0x5372, 0x5376, 0x5379, 0x537B, 0x537C, 0x537D, 0x537E, 0x5380,
    0x5381, 0x5383, 0x5387, 0x5388, 0x538A, 0x538E, 0x538F, 0x5390, 0x5391, 0x5392, 0x5393, 0x5394,
    0x5396, 0x5397, 0x5399, 0x539B, 0x539C, 0x539E, 0x53A0, 0x53A1, 0x53A4, 0x53A7, 0x53AA, 0x53AB,
    0x53AC, 0x53AD, 0x53AF, 0x53B0, 0x53B1, 0x53B2, 0x53B3, 0x53B4, 0x53B5, 0x53B7, 0x53B8, 0x53B9,
    0x53BA, 0x53BC, 0x53BD, 0x53BE, 0x53C0, 0x53C3, 0x53C4, 0x53C5, 0x53C6, 0x53C7, 0x53CE, 0x53CF,
    0x53D0, 0x53D2, 0x53D3, 0x53D5, 0x53DA, 0x53DC, 0x53DD, 0x53DE, 0x53E1, 0x53E2, 0x53E7, 0x53F4,
    0x53FA, 0x53FE, 0x53FF, 0x5400, 0x5402, 0x5405, 0x5407, 0x540B, 0x5414, 0x5418, 0x5419, 0x541A,
    0x541C, 0x5422, 0x5424, 0x5425, 0x542A, 0x5430, 0x5433, 0x5436, 0x5437, 0x543A, 0x543D, 0x543F,
    0x5441, 0x5442, 0x5444, 0x5445, 0x5447, 0x5449, 0x544C, 0x544D, 0x544E, 0x544F, 0x5451, 0x545A,
    0x545D, 0x545E, 0x545F, 0x5460, 0x5461, 0x5463, 0x5465, 0x5467, 0x5469, 0x546A, 0x546B, 0x546C,
    0x546D, 0x546E, 0x546F, 0x5470, 0x5474, 0x5479, 0x547A, 0x547E, 0x547F, 0x5481, 0x5483, 0x5485,
    0x5487, 0x5488, 0x5489, 0x548A, 0x548D, 0x5491, 0x5493, 0x5497, 0x5498, 0x549C, 0x549E, 0x549F,
    0x54A0, 0x54A1, 0x54A2, 0x54A5, 0x54AE, 0x54B0, 0x54B2, 0x54B5, 0x54B6, 0x54B7, 0x54B9, 0x54BA,
    0x54BC, 0x54BE, 0x54C3, 0x54C5, 0x54CA, 0x54CB, 0x54D6, 0x54D8, 0x54DB, 0x54E0, 0x54E1, 0x54E2,
    0x54E3, 0x54E4, 0x54EB, 0x54EC, 0x54EF, 0x54F0, 0x54F1, 0x54F4, 0x54F5, 0x54F6, 0x54F7, 0x54F8,
    0x54F9, 0x54FB, 0x54FE, 0x5500, 0x5502, 0x5503, 0x5504, 0x5505, 0x5508, 0x550A, 0x550B, 0x550C,
    0x550D, 0x550E, 0x5512, 0x5513, 0x5515, 0x5516, 0x5517, 0x5518, 0x5519, 0x551A, 0x551C, 0x551D,
    0x551E, 0x551F, 0x5521, 0x5525, 0x5526, 0x5528, 0x5529, 0x552B, 0x552D, 0x5532, 0x5534, 0x5535,
    0x5536, 0x5538, 0x5539, 0x553A, 0x553B, 0x553D, 0x5540, 0x5542, 0x5545, 0x5547, 0x5548, 0x554B,
    0x554C, 0x554D, 0x554E, 0x554F, 0x5551, 0x5552, 0x5553, 0x5554, 0x5557, 0x5558, 0x5559, 0x555A,
    0x555B, 0x555D, 0x555E, 0x555F, 0x5560, 0x5562, 0x5563, 0x5568, 0x5569, 0x556B, 0x556F, 0x5570,
    0x5571, 0x5572, 0x5573, 0x5574, 0x5579, 0x557A, 0x557D, 0x557F, 0x5585, 0x5586, 0x558C, 0x558D,
    0x558E, 0x5590, 0x5592, 0x5593, 0x5595, 0x5596, 0x5597, 0x559A, 0x559B, 0x559E, 0x55A0, 0x55A1,
    0x55A2, 0x55A3, 0x55A4, 0x55A5, 0x55A6, 0x55A8, 0x55A9, 0x55AA, 0x55AB, 0x55AC, 0x55AD, 0x55AE,
    0x55AF, 0x55B0, 0x55B2, 0x55B4, 0x55B6, 0x55B8, 0x55BA, 0x55BC, 0x55BF, 0x55C0, 0x55C1, 0x55C2,
    0x55C3, 0x55C6, 0x55C7, 0x55C8, 0x55CA, 0x55CB, 0x55CE, 0x55CF, 0x55D0, 0x55D5, 0x55D7, 0x55D8,
    0x55D9, 0x55DA, 0x55DB, 0x55DE, 0x55E0, 0x55E2, 0x55E7, 0x55E9, 0x55ED, 0x55EE, 0x55F0, 0x55F1,
    0x55F4, 0x55F6, 0x55F8, 0x55F9, 0x55FA, 0x55FB, 0x55FC, 0x55FF, 0x5602, 0x5603, 0x5604, 0x5605,
    0x5606, 0x5607, 0x560A, 0x560B, 0x560D, 0x5610, 0x5611, 0x5612, 0x5613, 0x5614, 0x5615, 0x5616,
    0x5617, 0x5619, 0x561A, 0x561C, 0x561D, 0x5620, 0x5621, 0x5622, 0x5625, 0x5626, 0x5628, 0x5629,
    0x562A, 0x562B, 0x562E, 0x562F, 0x5630, 0x5633, 0x5635, 0x5637, 0x5638, 0x563A, 0x563C, 0x563D,
    0x563E, 0x5640, 0x5641, 0x5642, 0x5643, 0x5644, 0x5645, 0x5646, 0x5647, 0x5648, 0x5649, 0x564A,
    0x564B, 0x564F, 0x5650, 0x5651, 0x5652, 0x5653, 0x5655, 0x5656, 0x565A, 0x565B, 0x565D, 0x565E,
    0x565F, 0x5660, 0x5661, 0x5663, 0x5665, 0x5666, 0x5667, 0x566D, 0x566E, 0x566F, 0x5670, 0x5672,
    0x5673, 0x5674, 0x5675, 0x5677, 0x5678, 0x5679, 0x567A, 0x567D, 0x567E, 0x567F, 0x5680, 0x5681,
    0x5682, 0x5683, 0x5684, 0x5687, 0x5688, 0x5689, 0x568A, 0x568B, 0x568C, 0x568D, 0x5690, 0x5691,
    0x5692, 0x5694, 0x5695, 0x5696, 0x5697, 0x5698, 0x5699, 0x569A, 0x569B, 0x569C, 0x569D, 0x569E,
    0x569F, 0x56A0, 0x56A1, 0x56A2, 0x56A4, 0x56A5, 0x56A6, 0x56A7, 0x56A8, 0x56A9, 0x56AA, 0x56AB,
    0x56AC, 0x56AD, 0x56AE, 0x56B0, 0x56B1, 0x56B2, 0x56B3, 0x56B4, 0x56B5, 0x56B6, 0x56B8, 0x56B9,
    0x56BA, 0x56BB, 0x56BD, 0x56BE, 0x56BF, 0x56C0, 0x56C1, 0x56C2, 0x56C3, 0x56C4, 0x56C5, 0x56C6,
    0x56C7, 0x56C8, 0x56C9, 0x56CB, 0x56CC, 0x56CD, 0x56CE, 0x56CF, 0x56D0, 0x56D1, 0x56D2, 0x56D3,
    0x56D5, 0x56D6, 0x56D8, 0x56D9, 0x56DC, 0x56E3, 0x56E5, 0x56E6, 0x56E7, 0x56E8, 0x56E9, 0x56EA,
    0x56EC, 0x56EE, 0x56EF, 0x56F2, 0x56F3, 0x56F6, 0x56F7, 0x56F8, 0x56FB, 0x56FC, 0x5700, 0x5701,
    0x5702, 0x5705, 0x5707, 0x570B, 0x570C, 0x570D, 0x570E, 0x570F, 0x5710, 0x5711, 0x5712, 0x5713,
    0x5714, 0x5715, 0x5716, 0x5717, 0x5718, 0x5719, 0x571A, 0x571B, 0x571D, 0x571E, 0x5720, 0x5721,
    0x5722, 0x5724, 0x5725, 0x5726, 0x5727, 0x572B, 0x5731, 0x5732, 0x5734, 0x5735, 0x5736, 0x5737,
    0x5738, 0x573C, 0x573D, 0x573F, 0x5741, 0x5743, 0x5744, 0x5745, 0x5746, 0x5748, 0x5749, 0x574B,
    0x5752, 0x5753, 0x5754, 0x5755, 0x5756, 0x5758, 0x5759, 0x5762, 0x5763, 0x5765, 0x5767, 0x576C,
    0x576E, 0x5770, 0x5771, 0x5772, 0x5774, 0x5775, 0x5778, 0x5779, 0x577A, 0x577D, 0x577E, 0x577F,
    0x5780, 0x5781, 0x5787, 0x5788, 0x5789, 0x578A, 0x578D, 0x578E, 0x578F, 0x5790, 0x5791, 0x5794,
    0x5795, 0x5796, 0x5797, 0x5798, 0x5799, 0x579A, 0x579C, 0x579D, 0x579E, 0x579F, 0x57A5, 0x57A8,
    0x57AA, 0x57AC, 0x57AF, 0x57B0, 0x57B1, 0x57B3, 0x57B5, 0x57B6, 0x57B7, 0x57B9, 0x57BA, 0x57BB,
    0x57BC, 0x57BD, 0x57BE, 0x57BF, 0x57C0, 0x57C1, 0x57C4, 0x57C5, 0x57C6, 0x57C7, 0x57C8, 0x57C9,
    0x57CA, 0x57CC, 0x57CD, 0x57D0, 0x57D1, 0x57D3, 0x57D6, 0x57D7, 0x57DB, 0x57DC, 0x57DE, 0x57E1,
    0x57E2, 0x57E3, 0x57E5, 0x57E6, 0x57E7, 0x57E8, 0x57E9, 0x57EA, 0x57EB, 0x57EC, 0x57EE, 0x57F0,
    0x57F1, 0x57F2, 0x57F3, 0x57F5, 0x57F6, 0x57F7, 0x57FB, 0x57FC, 0x57FE, 0x57FF, 0x5801, 0x5803,
    0x5804, 0x5805, 0x5808, 0x5809, 0x580A, 0x580C, 0x580E, 0x580F, 0x5810, 0x5812, 0x5813, 0x5814,
    0x5816, 0x5817, 0x5818, 0x581A, 0x581B, 0x581C, 0x581D, 0x581F, 0x5822, 0x5823, 0x5825, 0x5826,
    0x5827, 0x5828, 0x5829, 0x582B, 0x582C, 0x582D, 0x582E, 0x582F, 0x5831, 0x5832, 0x5833, 0x5834,
    0x5836, 0x5837, 0x5838, 0x5839, 0x583A, 0x583B, 0x583C, 0x583D, 0x583E, 0x583F, 0x5840, 0x5841,
    0x5842, 0x5843, 0x5845, 0x5846, 0x5847, 0x5848, 0x5849, 0x584A, 0x584B, 0x584E, 0x584F, 0x5850,
    0x5852, 0x5853, 0x5855, 0x5856, 0x5857, 0x5859, 0x585A, 0x585B, 0x585C, 0x585D, 0x585F, 0x5860,
    0x5861, 0x5862, 0x5863, 0x5864, 0x5866, 0x5867, 0x5868, 0x5869, 0x586A, 0x586D, 0x586E, 0x586F,
    0x5870, 0x5871, 0x5872, 0x5873, 0x5874, 0x5875, 0x5876, 0x5877, 0x5878, 0x5879, 0x587A, 0x587B,
    0x587C, 0x587D, 0x587F, 0x5882, 0x5884, 0x5886, 0x5887, 0x5888, 0x588A, 0x588B, 0x588C, 0x588D,
    0x588E, 0x588F, 0x5890, 0x5891, 0x5894, 0x5895, 0x5896, 0x5897, 0x5898, 0x589B, 0x589C, 0x589D,
    0x58A0, 0x58A1, 0x58A2, 0x58A3, 0x58A4, 0x58A5, 0x58A6, 0x58A7, 0x58AA, 0x58AB, 0x58AC, 0x58AD,
    0x58AE, 0x58AF, 0x58B0, 0x58B1, 0x58B2, 0x58B3, 0x58B4, 0x58B5, 0x58B6, 0x58B7, 0x58B8, 0x58B9,
    0x58BA, 0x58BB, 0x58BD, 0x58BE, 0x58BF, 0x58C0, 0x58C2, 0x58C3, 0x58C4, 0x58C6, 0x58C7, 0x58C8,
    0x58C9, 0x58CA, 0x58CB, 0x58CC, 0x58CD, 0x58CE, 0x58CF, 0x58D0, 0x58D2, 0x58D3, 0x58D4, 0x58D6,
    0x58D7, 0x58D8, 0x58D9, 0x58DA, 0x58DB, 0x58DC, 0x58DD, 0x58DE, 0x58DF, 0x58E0, 0x58E1, 0x58E2,
    0x58E3, 0x58E5, 0x58E6, 0x58E7, 0x58E8, 0x58E9, 0x58EA, 0x58ED, 0x58EF, 0x58F1, 0x58F2, 0x58F4,
    0x58F5, 0x58F7, 0x58F8, 0x58FA, 0x58FB, 0x58FC, 0x58FD, 0x58FE, 0x58FF, 0x5900, 0x5901, 0x5903,
    0x5905, 0x5906, 0x5908, 0x5909, 0x590A, 0x590B, 0x590C, 0x590E, 0x5910, 0x5911, 0x5912, 0x5913,
    0x5917, 0x5918, 0x591B, 0x591D, 0x591E, 0x5920, 0x5921, 0x5922, 0x5923, 0x5926, 0x5928, 0x592C,
    0x5930, 0x5932, 0x5933, 0x5935, 0x5936, 0x593B, 0x593D, 0x593E, 0x593F, 0x5940, 0x5943, 0x5945,
    0x5946, 0x594A, 0x594C, 0x594D, 0x5950, 0x5952, 0x5953, 0x5959, 0x595B, 0x595C, 0x595D, 0x595E,
    0x595F, 0x5961, 0x5963, 0x5964, 0x5966, 0x5967, 0x5968, 0x5969, 0x596A, 0x596B, 0x596C, 0x596D,
    0x596E, 0x596F, 0x5970, 0x5971, 0x5972, 0x5975, 0x5977, 0x597A, 0x597B, 0x597C, 0x597E, 0x597F,
    0x5980, 0x5985, 0x5989, 0x598B, 0x598C, 0x598E, 0x598F, 0x5990, 0x5991, 0x5994, 0x5995, 0x5998,
    0x599A, 0x599B, 0x599C, 0x599D, 0x599F, 0x59A0, 0x59A1, 0x59A2, 0x59A6, 0x59A7, 0x59AC, 0x59AD,
    0x59B0, 0x59B1, 0x59B3, 0x59B4, 0x59B5, 0x59B6, 0x59B7, 0x59B8, 0x59BA, 0x59BC, 0x59BD, 0x59BF,
    0x59C0, 0x59C1, 0x59C2, 0x59C3, 0x59C4, 0x59C5, 0x59C7, 0x59C8, 0x59C9, 0x59CC, 0x59CD, 0x59CE,
    0x59CF, 0x59D5, 0x59D6, 0x59D9, 0x59DB, 0x59DE, 0x59DF, 0x59E0, 0x59E1, 0x59E2, 0x59E4, 0x59E6,
    0x59E7, 0x59E9, 0x59EA, 0x59EB, 0x59ED, 0x59EE, 0x59EF, 0x59F0, 0x59F1, 0x59F2, 0x59F3, 0x59F4,
    0x59F5, 0x59F6, 0x59F7, 0x59F8, 0x59FA, 0x59FC, 0x59FD, 0x59FE, 0x5A00, 0x5A02, 0x5A0A, 0x5A0B,
    0x5A0D, 0x5A0E, 0x5A0F, 0x5A10, 0x5A12, 0x5A14, 0x5A15, 0x5A16, 0x5A17, 0x5A19, 0x5A1A, 0x5A1B,
    0x5A1D, 0x5A1E, 0x5A21, 0x5A22, 0x5A24, 0x5A26, 0x5A27, 0x5A28, 0x5A2A, 0x5A2B, 0x5A2C, 0x5A2D,
    0x5A2E, 0x5A2F, 0x5A30, 0x5A33, 0x5A35, 0x5A37, 0x5A38, 0x5A39, 0x5A3A, 0x5A3B, 0x5A3D, 0x5A3E,
    0x5A3F, 0x5A41, 0x5A42, 0x5A43, 0x5A44, 0x5A45, 0x5A47, 0x5A48, 0x5A4B, 0x5A4C, 0x5A4D, 0x5A4E,
    0x5A4F, 0x5A50, 0x5A51, 0x5A52, 0x5A53, 0x5A54, 0x5A56, 0x5A57, 0x5A58, 0x5A59, 0x5A5B, 0x5A5C,
    0x5A5D, 0x5A5E, 0x5A5F, 0x5A60, 0x5A61, 0x5A63, 0x5A64, 0x5A65, 0x5A66, 0x5A68, 0x5A69, 0x5A6B,
    0x5A6C, 0x5A6D, 0x5A6E, 0x5A6F, 0x5A70, 0x5A71, 0x5A72, 0x5A73, 0x5A78, 0x5A79, 0x5A7B, 0x5A7C,
    0x5A7D, 0x5A7E, 0x5A80, 0x5A81, 0x5A82, 0x5A83, 0x5A84, 0x5A85, 0x5A86, 0x5A87, 0x5A88, 0x5A89,
    0x5A8A, 0x5A8B, 0x5A8C, 0x5A8D, 0x5A8E, 0x5A8F, 0x5A90, 0x5A91, 0x5A93, 0x5A94, 0x5A95, 0x5A96,
    0x5A97, 0x5A98, 0x5A99, 0x5A9C, 0x5A9D, 0x5A9E, 0x5A9F, 0x5AA0, 0x5AA1, 0x5AA2, 0x5AA3, 0x5AA4,
    0x5AA5, 0x5AA6, 0x5AA7, 0x5AA8, 0x5AA9, 0x5AAB, 0x5AAC, 0x5AAD, 0x5AAE, 0x5AAF, 0x5AB0, 0x5AB1,
    0x5AB4, 0x5AB6, 0x5AB7, 0x5AB9, 0x5ABA, 0x5ABB, 0x5ABC, 0x5ABD, 0x5ABF, 0x5AC0, 0x5AC3, 0x5AC4,
    0x5AC5, 0x5AC6, 0x5AC7, 0x5AC8, 0x5ACA, 0x5ACB, 0x5ACD, 0x5ACE, 0x5ACF, 0x5AD0, 0x5AD1, 0x5AD3,
    0x5AD5, 0x5AD7, 0x5AD9, 0x5ADA, 0x5ADB, 0x5ADD, 0x5ADE, 0x5ADF, 0x5AE2, 0x5AE4, 0x5AE5, 0x5AE7,
    0x5AE8, 0x5AEA, 0x5AEC, 0x5AED, 0x5AEE, 0x5AEF, 0x5AF0, 0x5AF2, 0x5AF3, 0x5AF4, 0x5AF5, 0x5AF6,
    0x5AF7, 0x5AF8, 0x5AF9, 0x5AFA, 0x5AFB, 0x5AFC, 0x5AFD, 0x5AFE, 0x5AFF, 0x5B00, 0x5B01, 0x5B02,
    0x5B03, 0x5B04, 0x5B05, 0x5B06, 0x5B07, 0x5B08, 0x5B0A, 0x5B0B, 0x5B0C, 0x5B0D, 0x5B0E, 0x5B0F,
    0x5B10, 0x5B11, 0x5B12, 0x5B13, 0x5B14, 0x5B15, 0x5B18, 0x5B19, 0x5B1A, 0x5B1B, 0x5B1C, 0x5B1D,
    0x5B1E, 0x5B1F, 0x5B20, 0x5B21, 0x5B22, 0x5B23, 0x5B24, 0x5B25, 0x5B26, 0x5B27, 0x5B28, 0x5B29,
    0x5B2A, 0x5B2B, 0x5B2C, 0x5B2D, 0x5B2E, 0x5B2F, 0x5B30, 0x5B31, 0x5B33, 0x5B35, 0x5B36, 0x5B38,
    0x5B39, 0x5B3A, 0x5B3B, 0x5B3C, 0x5B3D, 0x5B3E, 0x5B3F, 0x5B41, 0x5B42, 0x5B43, 0x5B44, 0x5B45,
    0x5B46, 0x5B47, 0x5B48, 0x5B49, 0x5B4A, 0x5B4B, 0x5B4C, 0x5B4D, 0x5B4E, 0x5B4F, 0x5B52, 0x5B56,
    0x5B5E, 0x5B60, 0x5B61, 0x5B67, 0x5B68, 0x5B6B, 0x5B6D, 0x5B6E, 0x5B6F, 0x5B72, 0x5B74, 0x5B76,
    0x5B77, 0x5B78, 0x5B79, 0x5B7B, 0x5B7C, 0x5B7E, 0x5B7F, 0x5B82, 0x5B86, 0x5B8A, 0x5B8D, 0x5B8E,
    0x5B90, 0x5B91, 0x5B92, 0x5B94, 0x5B96, 0x5B9F, 0x5BA7, 0x5BA8, 0x5BA9, 0x5BAC, 0x5BAD, 0x5BAE,
    0x5BAF, 0x5BB1, 0x5BB2, 0x5BB7, 0x5BBA, 0x5BBB, 0x5BBC, 0x5BC0, 0x5BC1, 0x5BC3, 0x5BC8, 0x5BC9,
    0x5BCA, 0x5BCB, 0x5BCD, 0x5BCE, 0x5BCF, 0x5BD1, 0x5BD4, 0x5BD5, 0x5BD6, 0x5BD7, 0x5BD8, 0x5BD9,
    0x5BDA, 0x5BDB, 0x5BDC, 0x5BE0, 0x5BE2, 0x5BE3, 0x5BE6, 0x5BE7, 0x5BE9, 0x5BEA, 0x5BEB, 0x5BEC,
    0x5BED, 0x5BEF, 0x5BF1, 0x5BF2, 0x5BF3, 0x5BF4, 0x5BF5, 0x5BF6, 0x5BF7, 0x5BFD, 0x5BFE, 0x5C00,
    0x5C02, 0x5C03, 0x5C05, 0x5C07, 0x5C08, 0x5C0B, 0x5C0C, 0x5C0D, 0x5C0E, 0x5C10, 0x5C12, 0x5C13,
    0x5C17, 0x5C19, 0x5C1B, 0x5C1E, 0x5C1F, 0x5C20, 0x5C21, 0x5C23, 0x5C26, 0x5C28, 0x5C29, 0x5C2A,
    0x5C2B, 0x5C2D, 0x5C2E, 0x5C2F, 0x5C30, 0x5C32, 0x5C33, 0x5C35, 0x5C36, 0x5C37, 0x5C43, 0x5C44,
    0x5C46, 0x5C47, 0x5C4C, 0x5C4D, 0x5C52, 0x5C53, 0x5C54, 0x5C56, 0x5C57, 0x5C58, 0x5C5A, 0x5C5B,
    0x5C5C, 0x5C5D, 0x5C5F, 0x5C62, 0x5C64, 0x5C67, 0x5C68, 0x5C69, 0x5C6A, 0x5C6B, 0x5C6C, 0x5C6D,
    0x5C70, 0x5C72, 0x5C73, 0x5C74, 0x5C75, 0x5C76, 0x5C77, 0x5C78, 0x5C7B, 0x5C7C, 0x5C7D, 0x5C7E,
    0x5C80, 0x5C83, 0x5C84, 0x5C85, 0x5C86, 0x5C87, 0x5C89, 0x5C8A, 0x5C8B, 0x5C8E, 0x5C8F, 0x5C92,
    0x5C93, 0x5C95, 0x5C9D, 0x5C9E, 0x5C9F, 0x5CA0, 0x5CA1, 0x5CA4, 0x5CA5, 0x5CA6, 0x5CA7, 0x5CA8,
    0x5CAA, 0x5CAE, 0x5CAF, 0x5CB0, 0x5CB2, 0x5CB4, 0x5CB6, 0x5CB9, 0x5CBA, 0x5CBB, 0x5CBC, 0x5CBE,
    0x5CC0, 0x5CC2, 0x5CC3, 0x5CC5, 0x5CC6, 0x5CC7, 0x5CC8, 0x5CC9, 0x5CCA, 0x5CCC, 0x5CCD, 0x5CCE,
    0x5CCF, 0x5CD0, 0x5CD1, 0x5CD3, 0x5CD4, 0x5CD5, 0x5CD6, 0x5CD7, 0x5CD8, 0x5CDA, 0x5CDB, 0x5CDC,
    0x5CDD, 0x5CDE, 0x5CDF, 0x5CE0, 0x5CE2, 0x5CE3, 0x5CE7, 0x5CE9, 0x5CEB, 0x5CEC, 0x5CEE, 0x5CEF,
    0x5CF1, 0x5CF2, 0x5CF3, 0x5CF4, 0x5CF5, 0x5CF6, 0x5CF7, 0x5CF8, 0x5CF9, 0x5CFA, 0x5CFC, 0x5CFD,
    0x5CFE, 0x5CFF, 0x5D00, 0x5D01, 0x5D04, 0x5D05, 0x5D08, 0x5D09, 0x5D0A, 0x5D0B, 0x5D0C, 0x5D0D,
    0x5D0F, 0x5D10, 0x5D11, 0x5D12, 0x5D13, 0x5D15, 0x5D17, 0x5D18, 0x5D19, 0x5D1A, 0x5D1C, 0x5D1D,
    0x5D1F, 0x5D20, 0x5D21, 0x5D22, 0x5D23, 0x5D25, 0x5D28, 0x5D2A, 0x5D2B, 0x5D2C, 0x5D2F, 0x5D30,
    0x5D31, 0x5D32, 0x5D33, 0x5D35, 0x5D36, 0x5D37, 0x5D38, 0x5D39, 0x5D3A, 0x5D3B, 0x5D3C, 0x5D3F,
    0x5D40, 0x5D41, 0x5D42, 0x5D43, 0x5D44, 0x5D45, 0x5D46, 0x5D48, 0x5D49, 0x5D4D, 0x5D4E, 0x5D4F,
    0x5D50, 0x5D51, 0x5D52, 0x5D53, 0x5D54, 0x5D55, 0x5D56, 0x5D57, 0x5D59, 0x5D5A, 0x5D5C, 0x5D5E,
    0x5D5F, 0x5D60, 0x5D61, 0x5D62, 0x5D63, 0x5D64, 0x5D65, 0x5D66, 0x5D67, 0x5D68, 0x5D6A, 0x5D6D,
    0x5D6E, 0x5D70, 0x5D71, 0x5D72, 0x5D73, 0x5D75, 0x5D76, 0x5D77, 0x5D78, 0x5D79, 0x5D7A, 0x5D7B,
    0x5D7C, 0x5D7D, 0x5D7E, 0x5D7F, 0x5D80, 0x5D81, 0x5D83, 0x5D84, 0x5D85, 0x5D86, 0x5D87, 0x5D88,
    0x5D89, 0x5D8A, 0x5D8B, 0x5D8C, 0x5D8D, 0x5D8E, 0x5D8F, 0x5D90, 0x5D91, 0x5D92, 0x5D93, 0x5D94,
    0x5D95, 0x5D96, 0x5D97, 0x5D98, 0x5D9A, 0x5D9B, 0x5D9C, 0x5D9E, 0x5D9F, 0x5DA0, 0x5DA1, 0x5DA2,
    0x5DA3, 0x5DA4, 0x5DA5, 0x5DA6, 0x5DA7, 0x5DA8, 0x5DA9, 0x5DAA, 0x5DAB, 0x5DAC, 0x5DAD, 0x5DAE,
    0x5DAF, 0x5DB0, 0x5DB1, 0x5DB2, 0x5DB3, 0x5DB4, 0x5DB5, 0x5DB6, 0x5DB8, 0x5DB9, 0x5DBA, 0x5DBB,
    0x5DBC, 0x5DBD, 0x5DBE, 0x5DBF, 0x5DC0, 0x5DC1, 0x5DC2, 0x5DC3, 0x5DC4, 0x5DC6, 0x5DC7, 0x5DC8,
    0x5DC9, 0x5DCA, 0x5DCB, 0x5DCC, 0x5DCE, 0x5DCF, 0x5DD0, 0x5DD1, 0x5DD2, 0x5DD3, 0x5DD4, 0x5DD5,
    0x5DD6, 0x5DD7, 0x5DD8, 0x5DD9, 0x5DDA, 0x5DDC, 0x5DDF, 0x5DE0, 0x5DE3, 0x5DE4, 0x5DEA, 0x5DEC,
    0x5DED, 0x5DF0, 0x5DF5, 0x5DF6, 0x5DF8, 0x5DF9, 0x5DFA, 0x5DFB, 0x5DFC, 0x5DFF, 0x5E00, 0x5E04,
    0x5E07, 0x5E09, 0x5E0A, 0x5E0B, 0x5E0D, 0x5E0E, 0x5E12, 0x5E13, 0x5E17, 0x5E1E, 0x5E1F, 0x5E20,
    0x5E21, 0x5E22, 0x5E23, 0x5E24, 0x5E25, 0x5E28, 0x5E29, 0x5E2A, 0x5E2B, 0x5E2C, 0x5E2F, 0x5E30,
    0x5E32, 0x5E33, 0x5E34, 0x5E35, 0x5E36, 0x5E39, 0x5E3A, 0x5E3E, 0x5E3F, 0x5E40, 0x5E41, 0x5E43,
    0x5E46, 0x5E47, 0x5E48, 0x5E49, 0x5E4A, 0x5E4B, 0x5E4D, 0x5E4E, 0x5E4F, 0x5E50, 0x5E51, 0x5E52,
    0x5E53, 0x5E56, 0x5E57, 0x5E58, 0x5E59, 0x5E5A, 0x5E5C, 0x5E5D, 0x5E5F, 0x5E60, 0x5E63, 0x5E64,
    0x5E65, 0x5E66, 0x5E67, 0x5E68, 0x5E69, 0x5E6A, 0x5E6B, 0x5E6C, 0x5E6D, 0x5E6E, 0x5E6F, 0x5E70,
    0x5E71, 0x5E75, 0x5E77, 0x5E79, 0x5E7E, 0x5E81, 0x5E82, 0x5E83, 0x5E85, 0x5E88, 0x5E89, 0x5E8C,
    0x5E8D, 0x5E8E, 0x5E92, 0x5E98, 0x5E9B, 0x5E9D, 0x5EA1, 0x5EA2, 0x5EA3, 0x5EA4, 0x5EA8, 0x5EA9,
    0x5EAA, 0x5EAB, 0x5EAC, 0x5EAE, 0x5EAF, 0x5EB0, 0x5EB1, 0x5EB2, 0x5EB4, 0x5EBA, 0x5EBB, 0x5EBC,
    0x5EBD, 0x5EBF, 0x5EC0, 0x5EC1, 0x5EC2, 0x5EC3, 0x5EC4, 0x5EC5, 0x5EC6, 0x5EC7, 0x5EC8, 0x5ECB,
    0x5ECC, 0x5ECD, 0x5ECE, 0x5ECF, 0x5ED0, 0x5ED4, 0x5ED5, 0x5ED7, 0x5ED8, 0x5ED9, 0x5EDA, 0x5EDC,
    0x5EDD, 0x5EDE, 0x5EDF, 0x5EE0, 0x5EE1, 0x5EE2, 0x5EE3, 0x5EE4, 0x5EE5, 0x5EE6, 0x5EE7, 0x5EE9,
    0x5EEB, 0x5EEC, 0x5EED, 0x5EEE, 0x5EEF, 0x5EF0, 0x5EF1, 0x5EF2, 0x5EF3, 0x5EF5, 0x5EF8, 0x5EF9,
    0x5EFB, 0x5EFC, 0x5EFD, 0x5F05, 0x5F06, 0x5F07, 0x5F09, 0x5F0C, 0x5F0D, 0x5F0E, 0x5F10, 0x5F12,
    0x5F14, 0x5F16, 0x5F19, 0x5F1A, 0x5F1C, 0x5F1D, 0x5F1E, 0x5F21, 0x5F22, 0x5F23, 0x5F24, 0x5F28,
    0x5F2B, 0x5F2C, 0x5F2E, 0x5F30, 0x5F32, 0x5F33, 0x5F34, 0x5F35, 0x5F36, 0x5F37, 0x5F38, 0x5F3B,
    0x5F3D, 0x5F3E, 0x5F3F, 0x5F41, 0x5F42, 0x5F43, 0x5F44, 0x5F45, 0x5F46, 0x5F47, 0x5F48, 0x5F49,
    0x5F4A, 0x5F4B, 0x5F4C, 0x5F4D, 0x5F4E, 0x5F4F, 0x5F51, 0x5F54, 0x5F59, 0x5F5A, 0x5F5B, 0x5F5C,
    0x5F5E, 0x5F5F, 0x5F60, 0x5F63, 0x5F65, 0x5F67, 0x5F68, 0x5F6B, 0x5F6E, 0x5F6F, 0x5F72, 0x5F74,
    0x5F75, 0x5F76, 0x5F78, 0x5F7A, 0x5F7D, 0x5F7E, 0x5F7F, 0x5F83, 0x5F86, 0x5F8D, 0x5F8E, 0x5F8F,
    0x5F91, 0x5F93, 0x5F94, 0x5F96, 0x5F9A, 0x5F9B, 0x5F9D, 0x5F9E, 0x5F9F, 0x5FA0, 0x5FA2, 0x5FA3,
    0x5FA4, 0x5FA5, 0x5FA6, 0x5FA7, 0x5FA9, 0x5FAB, 0x5FAC, 0x5FAF, 0x5FB0, 0x5FB1, 0x5FB2, 0x5FB3,
    0x5FB4, 0x5FB6, 0x5FB8, 0x5FB9, 0x5FBA, 0x5FBB, 0x5FBE, 0x5FBF, 0x5FC0, 0x5FC1, 0x5FC2, 0x5FC7,
    0x5FC8, 0x5FCA, 0x5FCB, 0x5FCE, 0x5FD3, 0x5FD4, 0x5FD5, 0x5FDA, 0x5FDB, 0x5FDC, 0x5FDE, 0x5FDF,
    0x5FE2, 0x5FE3, 0x5FE5, 0x5FE6, 0x5FE8, 0x5FE9, 0x5FEC, 0x5FEF, 0x5FF0, 0x5FF2, 0x5FF3, 0x5FF4,
    0x5FF6, 0x5FF7, 0x5FF9, 0x5FFA, 0x5FFC, 0x6007, 0x6008, 0x6009, 0x600B, 0x600C, 0x6010, 0x6011,
    0x6013, 0x6017, 0x6018, 0x601A, 0x601E, 0x601F, 0x6022, 0x6023, 0x6024, 0x602C, 0x602D, 0x602E,
    0x6030, 0x6031, 0x6032, 0x6033, 0x6034, 0x6036, 0x6037, 0x6038, 0x6039, 0x603A, 0x603D, 0x603E,
    0x6040, 0x6044, 0x6045, 0x6046, 0x6047, 0x6048, 0x6049, 0x604A, 0x604C, 0x604E, 0x604F, 0x6051,
    0x6053, 0x6054, 0x6056, 0x6057, 0x6058, 0x605B, 0x605C, 0x605E, 0x605F, 0x6060, 0x6061, 0x6065,
    0x6066, 0x606E, 0x6071, 0x6072, 0x6074, 0x6075, 0x6077, 0x607E, 0x6080, 0x6081, 0x6082, 0x6085,
    0x6086, 0x6087, 0x6088, 0x608A, 0x608B, 0x608E, 0x608F, 0x6090, 0x6091, 0x6093, 0x6095, 0x6097,
    0x6098, 0x6099, 0x609C, 0x609E, 0x60A1, 0x60A2, 0x60A4, 0x60A5, 0x60A7, 0x60A9, 0x60AA, 0x60AE,
    0x60B0, 0x60B3, 0x60B5, 0x60B6, 0x60B7, 0x60B9, 0x60BA, 0x60BD, 0x60BE, 0x60BF, 0x60C0, 0x60C1,
    0x60C2, 0x60C3, 0x60C4, 0x60C7, 0x60C8, 0x60C9, 0x60CC, 0x60CD, 0x60CE, 0x60CF, 0x60D0, 0x60D2,
    0x60D3, 0x60D4, 0x60D6, 0x60D7, 0x60D9, 0x60DB, 0x60DE, 0x60E1, 0x60E2, 0x60E3, 0x60E4, 0x60E5,
    0x60EA, 0x60F1, 0x60F2, 0x60F5, 0x60F7, 0x60F8, 0x60FB, 0x60FC, 0x60FD, 0x60FE, 0x60FF, 0x6102,
    0x6103, 0x6104, 0x6105, 0x6107, 0x610A, 0x610B, 0x610C, 0x6110, 0x6111, 0x6112, 0x6113, 0x6114,
    0x6116, 0x6117, 0x6118, 0x6119, 0x611B, 0x611C, 0x611D, 0x611E, 0x6121, 0x6122, 0x6125, 0x6128,
    0x6129, 0x612A, 0x612C, 0x612D, 0x612E, 0x612F, 0x6130, 0x6131, 0x6132, 0x6133, 0x6134, 0x6135,
    0x6136, 0x6137, 0x6138, 0x6139, 0x613A, 0x613B, 0x613C, 0x613D, 0x613E, 0x6140, 0x6141, 0x6142,
    0x6143, 0x6144, 0x6145, 0x6146, 0x6147, 0x6149, 0x614B, 0x614D, 0x614F, 0x6150, 0x6152, 0x6153,
    0x6154, 0x6156, 0x6157, 0x6158, 0x6159, 0x615A, 0x615B, 0x615C, 0x615E, 0x615F, 0x6160, 0x6161,
    0x6163, 0x6164, 0x6165, 0x6166, 0x6169, 0x616A, 0x616B, 0x616C, 0x616D, 0x616E, 0x616F, 0x6171,
    0x6172, 0x6173, 0x6174, 0x6176, 0x6178, 0x6179, 0x617A, 0x617B, 0x617C, 0x617D, 0x617E, 0x617F,
    0x6180, 0x6181, 0x6182, 0x6183, 0x6184, 0x6185, 0x6186, 0x6187, 0x6188, 0x6189, 0x618A, 0x618C,
    0x618D, 0x618F, 0x6190, 0x6191, 0x6192, 0x6193, 0x6195, 0x6196, 0x6197, 0x6198, 0x6199, 0x619A,
    0x619B, 0x619C, 0x619E, 0x619F, 0x61A0, 0x61A1, 0x61A2, 0x61A3, 0x61A4, 0x61A5, 0x61A6, 0x61AA,
    0x61AB, 0x61AD, 0x61AE, 0x61AF, 0x61B0, 0x61B1, 0x61B2, 0x61B3, 0x61B4, 0x61B5, 0x61B6, 0x61B8,
    0x61B9, 0x61BA, 0x61BB, 0x61BC, 0x61BD, 0x61BF, 0x61C0, 0x61C1, 0x61C3, 0x61C4, 0x61C5, 0x61C6,
    0x61C7, 0x61C9, 0x61CC, 0x61CD, 0x61CE, 0x61CF, 0x61D0, 0x61D3, 0x61D5, 0x61D6, 0x61D7, 0x61D8,
    0x61D9, 0x61DA, 0x61DB, 0x61DC, 0x61DD, 0x61DE, 0x61DF, 0x61E0, 0x61E1, 0x61E2, 0x61E3, 0x61E4,
    0x61E5, 0x61E7, 0x61E8, 0x61E9, 0x61EA, 0x61EB, 0x61EC, 0x61ED, 0x61EE, 0x61EF, 0x61F0, 0x61F1,
    0x61F2, 0x61F3, 0x61F4, 0x61F6, 0x61F7, 0x61F8, 0x61F9, 0x61FA, 0x61FB, 0x61FC, 0x61FD, 0x61FE,
    0x6200, 0x6201, 0x6202, 0x6203, 0x6204, 0x6205, 0x6207, 0x6209, 0x6213, 0x6214, 0x6219, 0x621C,
    0x621D, 0x621E, 0x6220, 0x6223, 0x6226, 0x6227, 0x6228, 0x6229, 0x622B, 0x622D, 0x622F, 0x6230,
    0x6231, 0x6232, 0x6235, 0x6236, 0x6238, 0x6239, 0x623A, 0x623B, 0x623C, 0x6242, 0x6244, 0x6245,
    0x6246, 0x624A, 0x624F, 0x6250, 0x6255, 0x6256, 0x6257, 0x6259, 0x625A, 0x625C, 0x625D, 0x625E,
    0x625F, 0x6260, 0x6261, 0x6262, 0x6264, 0x6265, 0x6268, 0x6271, 0x6272, 0x6274, 0x6275, 0x6277,
    0x6278, 0x627A, 0x627B, 0x627D, 0x6281, 0x6282, 0x6283, 0x6285, 0x6286, 0x6287, 0x6288, 0x628B,
    0x628C, 0x628D, 0x628E, 0x628F, 0x6290, 0x6294, 0x6299, 0x629C, 0x629D, 0x629E, 0x62A3, 0x62A6,
    0x62A7, 0x62A9, 0x62AA, 0x62AD, 0x62AE, 0x62AF, 0x62B0, 0x62B2, 0x62B3, 0x62B4, 0x62B6, 0x62B7,
    0x62B8, 0x62BA, 0x62BE, 0x62C0, 0x62C1, 0x62C3, 0x62CB, 0x62CF, 0x62D1, 0x62D5, 0x62DD, 0x62DE,
    0x62E0, 0x62E1, 0x62E4, 0x62EA, 0x62EB, 0x62F0, 0x62F2, 0x62F5, 0x62F8, 0x62F9, 0x62FA, 0x62FB,
    0x6300, 0x6303, 0x6304, 0x6305, 0x6306, 0x630A, 0x630B, 0x630C, 0x630D, 0x630F, 0x6310, 0x6312,
    0x6313, 0x6314, 0x6315, 0x6317, 0x6318, 0x6319, 0x631C, 0x6326, 0x6327, 0x6329, 0x632C, 0x632D,
    0x632E, 0x6330, 0x6331, 0x6333, 0x6334, 0x6335, 0x6336, 0x6337, 0x6338, 0x633B, 0x633C, 0x633E,
    0x633F, 0x6340, 0x6341, 0x6344, 0x6347, 0x6348, 0x634A, 0x6351, 0x6352, 0x6353, 0x6354, 0x6356,
    0x6357, 0x6358, 0x6359, 0x635A, 0x635B, 0x635C, 0x635D, 0x6360, 0x6364, 0x6365, 0x6366, 0x6368,
    0x636A, 0x636B, 0x636C, 0x636F, 0x6370, 0x6372, 0x6373, 0x6374, 0x6375, 0x6378, 0x6379, 0x637C,
    0x637D, 0x637E, 0x637F, 0x6381, 0x6383, 0x6384, 0x6385, 0x6386, 0x638B, 0x638D, 0x6391, 0x6393,
    0x6394, 0x6395, 0x6397, 0x6399, 0x639A, 0x639B, 0x639C, 0x639D, 0x639E, 0x639F, 0x63A1, 0x63A4,
    0x63A6, 0x63AB, 0x63AF, 0x63B1, 0x63B2, 0x63B5, 0x63B6, 0x63B9, 0x63BB, 0x63BD, 0x63BF, 0x63C0,
    0x63C1, 0x63C2, 0x63C3, 0x63C5, 0x63C7, 0x63C8, 0x63CA, 0x63CB, 0x63CC, 0x63D1, 0x63D3, 0x63D4,
    0x63D5, 0x63D7, 0x63D8, 0x63D9, 0x63DA, 0x63DB, 0x63DC, 0x63DD, 0x63DF, 0x63E2, 0x63E4, 0x63E5,
    0x63E6, 0x63E7, 0x63E8, 0x63EB, 0x63EC, 0x63EE, 0x63EF, 0x63F0, 0x63F1, 0x63F3, 0x63F5, 0x63F7,
    0x63F9, 0x63FA, 0x63FB, 0x63FC, 0x63FE, 0x6403, 0x6404, 0x6406, 0x6407, 0x6408, 0x6409, 0x640A,
    0x640D, 0x640E, 0x6411, 0x6412, 0x6415, 0x6416, 0x6417, 0x6418, 0x6419, 0x641A, 0x641D, 0x641F,
    0x6422, 0x6423, 0x6424, 0x6425, 0x6427, 0x6428, 0x6429, 0x642B, 0x642E, 0x642F, 0x6430, 0x6431,
    0x6432, 0x6433, 0x6435, 0x6436, 0x6437, 0x6438, 0x6439, 0x643B, 0x643C, 0x643E, 0x6440, 0x6442,
    0x6443, 0x6449, 0x644B, 0x644C, 0x644D, 0x644E, 0x644F, 0x6450, 0x6451, 0x6453, 0x6455, 0x6456,
    0x6457, 0x6459, 0x645A, 0x645B, 0x645C, 0x645D, 0x645F, 0x6460, 0x6461, 0x6462, 0x6463, 0x6464,
    0x6465, 0x6466, 0x6468, 0x646A, 0x646B, 0x646C, 0x646E, 0x646F, 0x6470, 0x6471, 0x6472, 0x6473,
    0x6474, 0x6475, 0x6476, 0x6477, 0x647B, 0x647C, 0x647D, 0x647E, 0x647F, 0x6480, 0x6481, 0x6483,
    0x6486, 0x6488, 0x6489, 0x648A, 0x648B, 0x648C, 0x648D, 0x648E, 0x648F, 0x6490, 0x6493, 0x6494,
    0x6497, 0x6498, 0x649A, 0x649B, 0x649C, 0x649D, 0x649F, 0x64A0, 0x64A1, 0x64A2, 0x64A3, 0x64A5,
    0x64A6, 0x64A7, 0x64A8, 0x64AA, 0x64AB, 0x64AF, 0x64B1, 0x64B2, 0x64B3, 0x64B4, 0x64B6, 0x64B9,
    0x64BB, 0x64BD, 0x64BE, 0x64BF, 0x64C1, 0x64C3, 0x64C4, 0x64C6, 0x64C7, 0x64C8, 0x64C9, 0x64CA,
    0x64CB, 0x64CC, 0x64CF, 0x64D1, 0x64D3, 0x64D4, 0x64D5, 0x64D6, 0x64D9, 0x64DA, 0x64DB, 0x64DC,
    0x64DD, 0x64DF, 0x64E0, 0x64E1, 0x64E3, 0x64E5, 0x64E7, 0x64E8, 0x64E9, 0x64EA, 0x64EB, 0x64EC,
    0x64ED, 0x64EE, 0x64EF, 0x64F0, 0x64F1, 0x64F2, 0x64F3, 0x64F4, 0x64F5, 0x64F6, 0x64F7, 0x64F8,
    0x64F9, 0x64FA, 0x64FB, 0x64FC, 0x64FD, 0x64FE, 0x64FF, 0x6501, 0x6502, 0x6503, 0x6504, 0x6505,
    0x6506, 0x6507, 0x6508, 0x650A, 0x650B, 0x650C, 0x650D, 0x650E, 0x650F, 0x6510, 0x6511, 0x6513,
    0x6514, 0x6515, 0x6516, 0x6517, 0x6519, 0x651A, 0x651B, 0x651C, 0x651D, 0x651E, 0x651F, 0x6520,
    0x6521, 0x6522, 0x6523, 0x6524, 0x6526, 0x6527, 0x6528, 0x6529, 0x652A, 0x652C, 0x652D, 0x6530,
    0x6531, 0x6532, 0x6533, 0x6537, 0x653A, 0x653C, 0x653D, 0x6540, 0x6541, 0x6542, 0x6543, 0x6544,
    0x6546, 0x6547, 0x654A, 0x654B, 0x654D, 0x654E, 0x6550, 0x6552, 0x6553, 0x6554, 0x6557, 0x6558,
    0x655A, 0x655C, 0x655F, 0x6560, 0x6561, 0x6564, 0x6565, 0x6567, 0x6568, 0x6569, 0x656A, 0x656D,
    0x656E, 0x656F, 0x6571, 0x6573, 0x6575, 0x6576, 0x6578, 0x6579, 0x657A, 0x657B, 0x657C, 0x657D,
    0x657E, 0x657F, 0x6580, 0x6581, 0x6582, 0x6583, 0x6584, 0x6585, 0x6586, 0x6588, 0x6589, 0x658A,
    0x658D, 0x658E, 0x658F, 0x6592, 0x6594, 0x6595, 0x6596, 0x6598, 0x659A, 0x659D, 0x659E, 0x65A0,
    0x65A2, 0x65A3, 0x65A6, 0x65A8, 0x65AA, 0x65AC, 0x65AE, 0x65B1, 0x65B2, 0x65B3, 0x65B4, 0x65B5,
    0x65B6, 0x65B7, 0x65B8, 0x65BA, 0x65BB, 0x65BE, 0x65BF, 0x65C0, 0x65C2, 0x65C7, 0x65C8, 0x65C9,
    0x65CA, 0x65CD, 0x65D0, 0x65D1, 0x65D3, 0x65D4, 0x65D5, 0x65D8, 0x65D9, 0x65DA, 0x65DB, 0x65DC,
    0x65DD, 0x65DE, 0x65DF, 0x65E1, 0x65E3, 0x65E4, 0x65EA, 0x65EB, 0x65F2, 0x65F3, 0x65F4, 0x65F5,
    0x65F8, 0x65F9, 0x65FB, 0x65FC, 0x65FD, 0x65FE, 0x65FF, 0x6601, 0x6604, 0x6605, 0x6607, 0x6608,
    0x6609, 0x660B, 0x660D, 0x6610, 0x6611, 0x6612, 0x6616, 0x6617, 0x6618, 0x661A, 0x661B, 0x661C,
    0x661E, 0x6621, 0x6622, 0x6623, 0x6624, 0x6626, 0x6629, 0x662A, 0x662B, 0x662C, 0x662E, 0x6630,
    0x6632, 0x6633, 0x6637, 0x6638, 0x6639, 0x663A, 0x663B, 0x663D, 0x663F, 0x6640, 0x6642, 0x6644,
    0x6645, 0x6646, 0x6647, 0x6648, 0x6649, 0x664A, 0x664D, 0x664E, 0x6650, 0x6651, 0x6658, 0x6659,
    0x665B, 0x665C, 0x665D, 0x665E, 0x6660, 0x6662, 0x6663, 0x6665, 0x6667, 0x6669, 0x666A, 0x666B,
    0x666C, 0x666D, 0x6671, 0x6672, 0x6673, 0x6675, 0x6678, 0x6679, 0x667B, 0x667C, 0x667D, 0x667F,
    0x6680, 0x6681, 0x6683, 0x6685, 0x6686, 0x6688, 0x6689, 0x668A, 0x668B, 0x668D, 0x668E, 0x668F,
    0x6690, 0x6692, 0x6693, 0x6694, 0x6695, 0x6698, 0x6699, 0x669A, 0x669B, 0x669C, 0x669E, 0x669F,
    0x66A0, 0x66A1, 0x66A2, 0x66A3, 0x66A4, 0x66A5, 0x66A6, 0x66A9, 0x66AA, 0x66AB, 0x66AC, 0x66AD,
    0x66AF, 0x66B0, 0x66B1, 0x66B2, 0x66B3, 0x66B5, 0x66B6, 0x66B7, 0x66B8, 0x66BA, 0x66BB, 0x66BC,
    0x66BD, 0x66BF, 0x66C0, 0x66C1, 0x66C2, 0x66C3, 0x66C4, 0x66C5, 0x66C6, 0x66C7, 0x66C8, 0x66C9,
    0x66CA, 0x66CB, 0x66CC, 0x66CD, 0x66CE, 0x66CF, 0x66D0, 0x66D1, 0x66D2, 0x66D3, 0x66D4, 0x66D5,
    0x66D6, 0x66D7, 0x66D8, 0x66DA, 0x66DE, 0x66DF, 0x66E0, 0x66E1, 0x66E2, 0x66E3, 0x66E4, 0x66E5,
    0x66E7, 0x66E8, 0x66EA, 0x66EB, 0x66EC, 0x66ED, 0x66EE, 0x66EF, 0x66F1, 0x66F5, 0x66F6, 0x66F8,
    0x66FA, 0x66FB, 0x66FD, 0x6701, 0x6702, 0x6703, 0x6704, 0x6705, 0x6706, 0x6707, 0x670C, 0x670E,
    0x670F, 0x6711, 0x6712, 0x6713, 0x6716, 0x6718, 0x6719, 0x671A, 0x671C, 0x671E, 0x6720, 0x6721,
    0x6722, 0x6723, 0x6724, 0x6725, 0x6727, 0x6729, 0x672E, 0x6730, 0x6732, 0x6733, 0x6736, 0x6737,
    0x6738, 0x6739, 0x673B, 0x673C, 0x673E, 0x673F, 0x6741, 0x6744, 0x6745, 0x6747, 0x674A, 0x674B,
    0x674D, 0x6752, 0x6754, 0x6755, 0x6757, 0x6758, 0x6759, 0x675A, 0x675B, 0x675D, 0x6762, 0x6763,
    0x6764, 0x6766, 0x6767, 0x676B, 0x676C, 0x676E, 0x6771, 0x6774, 0x6776, 0x6778, 0x6779, 0x677A,
    0x677B, 0x677D, 0x6780, 0x6782, 0x6783, 0x6785, 0x6786, 0x6788, 0x678A, 0x678C, 0x678D, 0x678E,
    0x678F, 0x6791, 0x6792, 0x6793, 0x6794, 0x6796, 0x6799, 0x679B, 0x679F, 0x67A0, 0x67A1, 0x67A4,
    0x67A6, 0x67A9, 0x67AC, 0x67AE, 0x67B1, 0x67B2, 0x67B4, 0x67B9, 0x67BA, 0x67BB, 0x67BC, 0x67BD,
    0x67BE, 0x67BF, 0x67C0, 0x67C2, 0x67C5, 0x67C6, 0x67C7, 0x67C8, 0x67C9, 0x67CA, 0x67CB, 0x67CC,
    0x67CD, 0x67CE, 0x67D5, 0x67D6, 0x67D7, 0x67DB, 0x67DF, 0x67E1, 0x67E3, 0x67E4, 0x67E6, 0x67E7,
    0x67E8, 0x67EA, 0x67EB, 0x67ED, 0x67EE, 0x67F2, 0x67F5, 0x67F6, 0x67F7, 0x67F8, 0x67F9, 0x67FA,
    0x67FB, 0x67FC, 0x67FE, 0x6801, 0x6802, 0x6803, 0x6804, 0x6806, 0x680D, 0x6810, 0x6812, 0x6814,
    0x6815, 0x6818, 0x6819, 0x681A, 0x681B, 0x681C, 0x681E, 0x681F, 0x6820, 0x6822, 0x6823, 0x6824,
    0x6825, 0x6826, 0x6827, 0x6828, 0x682B, 0x682C, 0x682D, 0x682E, 0x682F, 0x6830, 0x6831, 0x6834,
    0x6835, 0x6836, 0x683A, 0x683B, 0x683F, 0x6847, 0x684B, 0x684D, 0x684F, 0x6852, 0x6856, 0x6857,
    0x6858, 0x6859, 0x685A, 0x685B, 0x685C, 0x685D, 0x685E, 0x685F, 0x686A, 0x686C, 0x686D, 0x686E,
    0x686F, 0x6870, 0x6871, 0x6872, 0x6873, 0x6875, 0x6878, 0x6879, 0x687A, 0x687B, 0x687C, 0x687D,
    0x687E, 0x687F, 0x6880, 0x6882, 0x6884, 0x6887, 0x6888, 0x6889, 0x688A, 0x688B, 0x688C, 0x688D,
    0x688E, 0x6890, 0x6891, 0x6892, 0x6894, 0x6895, 0x6896, 0x6898, 0x6899, 0x689A, 0x689B, 0x689C,
    0x689D, 0x689E, 0x689F, 0x68A0, 0x68A1, 0x68A3, 0x68A4, 0x68A5, 0x68A9, 0x68AA, 0x68AB, 0x68AC,
    0x68AE, 0x68B1, 0x68B2, 0x68B4, 0x68B6, 0x68B7, 0x68B8, 0x68B9, 0x68BA, 0x68BB, 0x68BC, 0x68BD,
    0x68BE, 0x68BF, 0x68C1, 0x68C3, 0x68C4, 0x68C5, 0x68C6, 0x68C7, 0x68C8, 0x68CA, 0x68CC, 0x68CE,
    0x68CF, 0x68D0, 0x68D1, 0x68D3, 0x68D4, 0x68D6, 0x68D7, 0x68D9, 0x68DB, 0x68DC, 0x68DD, 0x68DE,
    0x68DF, 0x68E1, 0x68E2, 0x68E4, 0x68E5, 0x68E6, 0x68E7, 0x68E8, 0x68E9, 0x68EA, 0x68EB, 0x68EC,
    0x68ED, 0x68EF, 0x68F2, 0x68F3, 0x68F4, 0x68F6, 0x68F7, 0x68F8, 0x68FB, 0x68FD, 0x68FE, 0x68FF,
    0x6900, 0x6902, 0x6903, 0x6904, 0x6906, 0x6907, 0x6908, 0x6909, 0x690A, 0x690C, 0x690F, 0x6911,
    0x6913, 0x6914, 0x6915, 0x6916, 0x6917, 0x6918, 0x6919, 0x691A, 0x691B, 0x691C, 0x691D, 0x691E,
    0x6921, 0x6922, 0x6923, 0x6925, 0x6926, 0x6927, 0x6928, 0x6929, 0x692A, 0x692B, 0x692C, 0x692E,
    0x692F, 0x6931, 0x6932, 0x6933, 0x6935, 0x6936, 0x6937, 0x6938, 0x693A, 0x693B, 0x693C, 0x693E,
    0x6940, 0x6941, 0x6943, 0x6944, 0x6945, 0x6946, 0x6947, 0x6948, 0x6949, 0x694A, 0x694B, 0x694C,
    0x694D, 0x694E, 0x694F, 0x6950, 0x6951, 0x6952, 0x6953, 0x6955, 0x6956, 0x6958, 0x6959, 0x695B,
    0x695C, 0x695F, 0x6961, 0x6962, 0x6964, 0x6965, 0x6967, 0x6968, 0x6969, 0x696A, 0x696C, 0x696D,
    0x696F, 0x6970, 0x6972, 0x6973, 0x6974, 0x6975, 0x6976, 0x697A, 0x697B, 0x697D, 0x697E, 0x697F,
    0x6981, 0x6983, 0x6985, 0x698A, 0x698B, 0x698C, 0x698E, 0x698F, 0x6990, 0x6991, 0x6992, 0x6993,
    0x6996, 0x6997, 0x6999, 0x699A, 0x699D, 0x699E, 0x699F, 0x69A0, 0x69A1, 0x69A2, 0x69A3, 0x69A4,
    0x69A5, 0x69A6, 0x69A9, 0x69AA, 0x69AC, 0x69AE, 0x69AF, 0x69B0, 0x69B2, 0x69B3, 0x69B5, 0x69B6,
    0x69B8, 0x69B9, 0x69BA, 0x69BC, 0x69BD, 0x69BE, 0x69BF, 0x69C0, 0x69C2, 0x69C3, 0x69C4, 0x69C5,
    0x69C6, 0x69C7, 0x69C8, 0x69C9, 0x69CB, 0x69CD, 0x69CF, 0x69D1, 0x69D2, 0x69D3, 0x69D5, 0x69D6,
    0x69D7, 0x69D8, 0x69D9, 0x69DA, 0x69DC, 0x69DD, 0x69DE, 0x69E1, 0x69E2, 0x69E3, 0x69E4, 0x69E5,
    0x69E6, 0x69E7, 0x69E8, 0x69E9, 0x69EA, 0x69EB, 0x69EC, 0x69EE, 0x69EF, 0x69F0, 0x69F1, 0x69F3,
    0x69F4, 0x69F5, 0x69F6, 0x69F7, 0x69F8, 0x69F9, 0x69FA, 0x69FB, 0x69FC, 0x69FE, 0x6A00, 0x6A01,
    0x6A02, 0x6A03, 0x6A04, 0x6A05, 0x6A06, 0x6A07, 0x6A08, 0x6A09, 0x6A0B, 0x6A0C, 0x6A0D, 0x6A0E,
    0x6A0F, 0x6A10, 0x6A11, 0x6A12, 0x6A13, 0x6A14, 0x6A15, 0x6A16, 0x6A19, 0x6A1A, 0x6A1B, 0x6A1C,
    0x6A1D, 0x6A1E, 0x6A20, 0x6A22, 0x6A23, 0x6A24, 0x6A25, 0x6A26, 0x6A27, 0x6A29, 0x6A2B, 0x6A2C,
    0x6A2D, 0x6A2E, 0x6A30, 0x6A32, 0x6A33, 0x6A34, 0x6A36, 0x6A37, 0x6A38, 0x6A39, 0x6A3A, 0x6A3B,
    0x6A3C, 0x6A3F, 0x6A40, 0x6A41, 0x6A42, 0x6A43, 0x6A45, 0x6A46, 0x6A48, 0x6A49, 0x6A4A, 0x6A4B,
    0x6A4C, 0x6A4D, 0x6A4E, 0x6A4F, 0x6A51, 0x6A52, 0x6A53, 0x6A54, 0x6A55, 0x6A56, 0x6A57, 0x6A5A,
    0x6A5C, 0x6A5D, 0x6A5E, 0x6A5F, 0x6A60, 0x6A62, 0x6A63, 0x6A64, 0x6A66, 0x6A67, 0x6A68, 0x6A69,
    0x6A6A, 0x6A6B, 0x6A6C, 0x6A6D, 0x6A6E, 0x6A6F, 0x6A70, 0x6A72, 0x6A73, 0x6A74, 0x6A75, 0x6A76,
    0x6A77, 0x6A78, 0x6A7A, 0x6A7B, 0x6A7D, 0x6A7E, 0x6A7F, 0x6A81, 0x6A82, 0x6A83, 0x6A85, 0x6A86,
    0x6A87, 0x6A88, 0x6A89, 0x6A8A, 0x6A8B, 0x6A8C, 0x6A8D, 0x6A8F, 0x6A92, 0x6A93, 0x6A94, 0x6A95,
    0x6A96, 0x6A98, 0x6A99, 0x6A9A, 0x6A9B, 0x6A9C, 0x6A9D, 0x6A9E, 0x6A9F, 0x6AA1, 0x6AA2, 0x6AA3,
    0x6AA4, 0x6AA5, 0x6AA6, 0x6AA7, 0x6AA8, 0x6AAA, 0x6AAD, 0x6AAE, 0x6AAF, 0x6AB0, 0x6AB1, 0x6AB2,
    0x6AB3, 0x6AB4, 0x6AB5, 0x6AB6, 0x6AB7, 0x6AB8, 0x6AB9, 0x6ABA, 0x6ABB, 0x6ABC, 0x6ABD, 0x6ABE,
    0x6ABF, 0x6AC0, 0x6AC1, 0x6AC2, 0x6AC3, 0x6AC4, 0x6AC5, 0x6AC6, 0x6AC7, 0x6AC8, 0x6AC9, 0x6ACA,
    0x6ACB, 0x6ACC, 0x6ACD, 0x6ACE, 0x6ACF, 0x6AD0, 0x6AD1, 0x6AD2, 0x6AD3, 0x6AD4, 0x6AD5, 0x6AD6,
    0x6AD7, 0x6AD8, 0x6AD9, 0x6ADA, 0x6ADB, 0x6ADC, 0x6ADD, 0x6ADE, 0x6ADF, 0x6AE0, 0x6AE1, 0x6AE2,
    0x6AE3, 0x6AE4, 0x6AE5, 0x6AE6, 0x6AE7, 0x6AE8, 0x6AE9, 0x6AEA, 0x6AEB, 0x6AEC, 0x6AED, 0x6AEE,
    0x6AEF, 0x6AF0, 0x6AF1, 0x6AF2, 0x6AF3, 0x6AF4, 0x6AF5, 0x6AF6, 0x6AF7, 0x6AF8, 0x6AF9, 0x6AFA,
    0x6AFB, 0x6AFC, 0x6AFD, 0x6AFE, 0x6AFF, 0x6B00, 0x6B01, 0x6B02, 0x6B03, 0x6B04, 0x6B05, 0x6B06,
    0x6B07, 0x6B08, 0x6B09, 0x6B0A, 0x6B0B, 0x6B0C, 0x6B0D, 0x6B0E, 0x6B0F, 0x6B10, 0x6B11, 0x6B12,
    0x6B13, 0x6B14, 0x6B15, 0x6B16, 0x6B17, 0x6B18, 0x6B19, 0x6B1A, 0x6B1B, 0x6B1C, 0x6B1D, 0x6B1E,
    0x6B1F, 0x6B25, 0x6B26, 0x6B28, 0x6B29, 0x6B2A, 0x6B2B, 0x6B2C, 0x6B2D, 0x6B2E, 0x6B2F, 0x6B30,
    0x6B31, 0x6B33, 0x6B34, 0x6B35, 0x6B36, 0x6B38, 0x6B3B, 0x6B3C, 0x6B3D, 0x6B3F, 0x6B40, 0x6B41,
    0x6B42, 0x6B44, 0x6B45, 0x6B48, 0x6B4A, 0x6B4B, 0x6B4D, 0x6B4E, 0x6B4F, 0x6B50, 0x6B51, 0x6B52,
    0x6B53, 0x6B54, 0x6B55, 0x6B56, 0x6B57, 0x6B58, 0x6B5A, 0x6B5B, 0x6B5C, 0x6B5D, 0x6B5E, 0x6B5F,
    0x6B60, 0x6B61, 0x6B68, 0x6B69, 0x6B6B, 0x6B6C, 0x6B6D, 0x6B6E, 0x6B6F, 0x6B70, 0x6B71, 0x6B72,
    0x6B73, 0x6B74, 0x6B75, 0x6B76, 0x6B77, 0x6B78, 0x6B7A, 0x6B7D, 0x6B7E, 0x6B7F, 0x6B80, 0x6B85,
    0x6B88, 0x6B8C, 0x6B8E, 0x6B8F, 0x6B90, 0x6B91, 0x6B94, 0x6B95, 0x6B97, 0x6B98, 0x6B99, 0x6B9C,
    0x6B9D, 0x6B9E, 0x6B9F, 0x6BA0, 0x6BA2, 0x6BA3, 0x6BA4, 0x6BA5, 0x6BA6, 0x6BA7, 0x6BA8, 0x6BA9,
    0x6BAB, 0x6BAC, 0x6BAD, 0x6BAE, 0x6BAF, 0x6BB0, 0x6BB1, 0x6BB2, 0x6BB6, 0x6BB8, 0x6BB9, 0x6BBA,
    0x6BBB, 0x6BBC, 0x6BBD, 0x6BBE, 0x6BC0, 0x6BC3, 0x6BC4, 0x6BC6, 0x6BC7, 0x6BC8, 0x6BC9, 0x6BCA,
    0x6BCC, 0x6BCE, 0x6BD0, 0x6BD1, 0x6BD8, 0x6BDA, 0x6BDC, 0x6BDD, 0x6BDE, 0x6BDF, 0x6BE0, 0x6BE2,
    0x6BE3, 0x6BE4, 0x6BE5, 0x6BE6, 0x6BE7, 0x6BE8, 0x6BE9, 0x6BEC, 0x6BED, 0x6BEE, 0x6BF0, 0x6BF1,
    0x6BF2, 0x6BF4, 0x6BF6, 0x6BF7, 0x6BF8, 0x6BFA, 0x6BFB, 0x6BFC, 0x6BFE, 0x6BFF, 0x6C00, 0x6C01,
    0x6C02, 0x6C03, 0x6C04, 0x6C08, 0x6C09, 0x6C0A, 0x6C0B, 0x6C0C, 0x6C0E, 0x6C12, 0x6C17, 0x6C1C,
    0x6C1D, 0x6C1E, 0x6C20, 0x6C23, 0x6C25, 0x6C2B, 0x6C2C, 0x6C2D, 0x6C31, 0x6C33, 0x6C36, 0x6C37,
    0x6C39, 0x6C3A, 0x6C3B, 0x6C3C, 0x6C3E, 0x6C3F, 0x6C43, 0x6C44, 0x6C45, 0x6C48, 0x6C4B, 0x6C4C,
    0x6C4D, 0x6C4E, 0x6C4F, 0x6C51, 0x6C52, 0x6C53, 0x6C56, 0x6C58, 0x6C59, 0x6C5A, 0x6C62, 0x6C63,
    0x6C65, 0x6C66, 0x6C67, 0x6C6B, 0x6C6C, 0x6C6D, 0x6C6E, 0x6C6F, 0x6C71, 0x6C73, 0x6C75, 0x6C77,
    0x6C78, 0x6C7A, 0x6C7B, 0x6C7C, 0x6C7F, 0x6C80, 0x6C84, 0x6C87, 0x6C8A, 0x6C8B, 0x6C8D, 0x6C8E,
    0x6C91, 0x6C92, 0x6C95, 0x6C96, 0x6C97, 0x6C98, 0x6C9A, 0x6C9C, 0x6C9D, 0x6C9E, 0x6CA0, 0x6CA2,
    0x6CA8, 0x6CAC, 0x6CAF, 0x6CB0, 0x6CB4, 0x6CB5, 0x6CB6, 0x6CB7, 0x6CBA, 0x6CC0, 0x6CC1, 0x6CC2,
    0x6CC3, 0x6CC6, 0x6CC7, 0x6CC8, 0x6CCB, 0x6CCD, 0x6CCE, 0x6CCF, 0x6CD1, 0x6CD2, 0x6CD8, 0x6CD9,
    0x6CDA, 0x6CDC, 0x6CDD, 0x6CDF, 0x6CE4, 0x6CE6, 0x6CE7, 0x6CE9, 0x6CEC, 0x6CED, 0x6CF2, 0x6CF4,
    0x6CF9, 0x6CFF, 0x6D00, 0x6D02, 0x6D03, 0x6D05, 0x6D06, 0x6D08, 0x6D09, 0x6D0A, 0x6D0D, 0x6D0F,
    0x6D10, 0x6D11, 0x6D13, 0x6D14, 0x6D15, 0x6D16, 0x6D18, 0x6D1C, 0x6D1D, 0x6D1F, 0x6D20, 0x6D21,
    0x6D22, 0x6D23, 0x6D24, 0x6D26, 0x6D28, 0x6D29, 0x6D2C, 0x6D2D, 0x6D2F, 0x6D30, 0x6D34, 0x6D36,
    0x6D37, 0x6D38, 0x6D3A, 0x6D3F, 0x6D40, 0x6D42, 0x6D44, 0x6D49, 0x6D4C, 0x6D50, 0x6D55, 0x6D56,
    0x6D57, 0x6D58, 0x6D5B, 0x6D5D, 0x6D5F, 0x6D61, 0x6D62, 0x6D64, 0x6D65, 0x6D67, 0x6D68, 0x6D6B,
    0x6D6C, 0x6D6D, 0x6D70, 0x6D71, 0x6D72, 0x6D73, 0x6D75, 0x6D76, 0x6D79, 0x6D7A, 0x6D7B, 0x6D7D,
    0x6D7E, 0x6D7F, 0x6D80, 0x6D81, 0x6D83, 0x6D84, 0x6D86, 0x6D87, 0x6D8A, 0x6D8B, 0x6D8D, 0x6D8F,
    0x6D90, 0x6D92, 0x6D96, 0x6D97, 0x6D98, 0x6D99, 0x6D9A, 0x6D9C, 0x6DA2, 0x6DA5, 0x6DAC, 0x6DAD,
    0x6DB0, 0x6DB1, 0x6DB3, 0x6DB4, 0x6DB6, 0x6DB7, 0x6DB9, 0x6DBA, 0x6DBB, 0x6DBC, 0x6DBD, 0x6DBE,
    0x6DC1, 0x6DC2, 0x6DC3, 0x6DC8, 0x6DC9, 0x6DCA, 0x6DCD, 0x6DCE, 0x6DCF, 0x6DD0, 0x6DD2, 0x6DD3,
    0x6DD4, 0x6DD5, 0x6DD7, 0x6DDA, 0x6DDB, 0x6DDC, 0x6DDF, 0x6DE2, 0x6DE3, 0x6DE5, 0x6DE7, 0x6DE8,
    0x6DE9, 0x6DEA, 0x6DED, 0x6DEF, 0x6DF0, 0x6DF2, 0x6DF4, 0x6DF5, 0x6DF6, 0x6DF8, 0x6DFA, 0x6DFD,
    0x6DFE, 0x6DFF, 0x6E00, 0x6E01, 0x6E02, 0x6E03, 0x6E04, 0x6E06, 0x6E07, 0x6E08, 0x6E09, 0x6E0B,
    0x6E0F, 0x6E12, 0x6E13, 0x6E15, 0x6E18, 0x6E19, 0x6E1B, 0x6E1C, 0x6E1E, 0x6E1F, 0x6E22, 0x6E26,
    0x6E27, 0x6E28, 0x6E2A, 0x6E2C, 0x6E2E, 0x6E30, 0x6E31, 0x6E33, 0x6E35, 0x6E36, 0x6E37, 0x6E39,
    0x6E3B, 0x6E3C, 0x6E3D, 0x6E3E, 0x6E3F, 0x6E40, 0x6E41, 0x6E42, 0x6E45, 0x6E46, 0x6E47, 0x6E48,
    0x6E49, 0x6E4A, 0x6E4B, 0x6E4C, 0x6E4F, 0x6E50, 0x6E51, 0x6E52, 0x6E55, 0x6E57, 0x6E59, 0x6E5A,
    0x6E5C, 0x6E5D, 0x6E5E, 0x6E60, 0x6E61, 0x6E62, 0x6E63, 0x6E64, 0x6E65, 0x6E66, 0x6E67, 0x6E68,
    0x6E69, 0x6E6A, 0x6E6C, 0x6E6D, 0x6E6F, 0x6E70, 0x6E71, 0x6E72, 0x6E73, 0x6E74, 0x6E75, 0x6E76,
    0x6E77, 0x6E78, 0x6E79, 0x6E7A, 0x6E7B, 0x6E7C, 0x6E7D, 0x6E80, 0x6E81, 0x6E82, 0x6E84, 0x6E87,
    0x6E88, 0x6E8A, 0x6E8B, 0x6E8C, 0x6E8D, 0x6E8E, 0x6E91, 0x6E92, 0x6E93, 0x6E94, 0x6E95, 0x6E96,
    0x6E97, 0x6E99, 0x6E9A, 0x6E9B, 0x6E9D, 0x6E9E, 0x6EA0, 0x6EA1, 0x6EA3, 0x6EA4, 0x6EA6, 0x6EA8,
    0x6EA9, 0x6EAB, 0x6EAC, 0x6EAD, 0x6EAE, 0x6EB0, 0x6EB3, 0x6EB5, 0x6EB8, 0x6EB9, 0x6EBC, 0x6EBE,
    0x6EBF, 0x6EC0, 0x6EC3, 0x6EC4, 0x6EC5, 0x6EC6, 0x6EC8, 0x6EC9, 0x6ECA, 0x6ECC, 0x6ECD, 0x6ECE,
    0x6ED0, 0x6ED2, 0x6ED6, 0x6ED8, 0x6ED9, 0x6EDB, 0x6EDC, 0x6EDD, 0x6EE3, 0x6EE7, 0x6EEA, 0x6EEB,
    0x6EEC, 0x6EED, 0x6EEE, 0x6EEF, 0x6EF0, 0x6EF1, 0x6EF2, 0x6EF3, 0x6EF5, 0x6EF6, 0x6EF7, 0x6EF8,
    0x6EFA, 0x6EFB, 0x6EFC, 0x6EFD, 0x6EFE, 0x6EFF, 0x6F00, 0x6F01, 0x6F03, 0x6F04, 0x6F05, 0x6F07,
    0x6F08, 0x6F0A, 0x6F0B, 0x6F0C, 0x6F0D, 0x6F0E, 0x6F10, 0x6F11, 0x6F12, 0x6F16, 0x6F17, 0x6F18,
    0x6F19, 0x6F1A, 0x6F1B, 0x6F1C, 0x6F1D, 0x6F1E, 0x6F1F, 0x6F21, 0x6F22, 0x6F23, 0x6F25, 0x6F26,
    0x6F27, 0x6F28, 0x6F2C, 0x6F2E, 0x6F30, 0x6F32, 0x6F34, 0x6F35, 0x6F37, 0x6F38, 0x6F39, 0x6F3A,
    0x6F3B, 0x6F3C, 0x6F3D, 0x6F3F, 0x6F40, 0x6F41, 0x6F42, 0x6F43, 0x6F44, 0x6F45, 0x6F48, 0x6F49,
    0x6F4A, 0x6F4C, 0x6F4E, 0x6F4F, 0x6F50, 0x6F51, 0x6F52, 0x6F53, 0x6F54, 0x6F55, 0x6F56, 0x6F57,
    0x6F59, 0x6F5A, 0x6F5B, 0x6F5D, 0x6F5F, 0x6F60, 0x6F61, 0x6F63, 0x6F64, 0x6F65, 0x6F67, 0x6F68,
    0x6F69, 0x6F6A, 0x6F6B, 0x6F6C, 0x6F6F, 0x6F70, 0x6F71, 0x6F73, 0x6F75, 0x6F76, 0x6F77, 0x6F79,
    0x6F7B, 0x6F7D, 0x6F7E, 0x6F7F, 0x6F80, 0x6F81, 0x6F82, 0x6F83, 0x6F85, 0x6F86, 0x6F87, 0x6F8A,
    0x6F8B, 0x6F8F, 0x6F90, 0x6F91, 0x6F92, 0x6F93, 0x6F94, 0x6F95, 0x6F96, 0x6F97, 0x6F98, 0x6F99,
    0x6F9A, 0x6F9B, 0x6F9D, 0x6F9E, 0x6F9F, 0x6FA0, 0x6FA2, 0x6FA3, 0x6FA4, 0x6FA5, 0x6FA6, 0x6FA8,
    0x6FA9, 0x6FAA, 0x6FAB, 0x6FAC, 0x6FAD, 0x6FAE, 0x6FAF, 0x6FB0, 0x6FB1, 0x6FB2, 0x6FB4, 0x6FB5,
    0x6FB7, 0x6FB8, 0x6FBA, 0x6FBB, 0x6FBC, 0x6FBD, 0x6FBE, 0x6FBF, 0x6FC1, 0x6FC3, 0x6FC4, 0x6FC5,
    0x6FC6, 0x6FC7, 0x6FC8, 0x6FCA, 0x6FCB, 0x6FCC, 0x6FCD, 0x6FCE, 0x6FCF, 0x6FD0, 0x6FD3, 0x6FD4,
    0x6FD5, 0x6FD6, 0x6FD7, 0x6FD8, 0x6FD9, 0x6FDA, 0x6FDB, 0x6FDC, 0x6FDD, 0x6FDF, 0x6FE2, 0x6FE3,
    0x6FE4, 0x6FE5, 0x6FE6, 0x6FE7, 0x6FE8, 0x6FE9, 0x6FEA, 0x6FEB, 0x6FEC, 0x6FED, 0x6FF0, 0x6FF1,
    0x6FF2, 0x6FF3, 0x6FF4, 0x6FF5, 0x6FF6, 0x6FF7, 0x6FF8, 0x6FF9, 0x6FFA, 0x6FFB, 0x6FFC, 0x6FFD,
    0x6FFE, 0x6FFF, 0x7000, 0x7001, 0x7002, 0x7003, 0x7004, 0x7005, 0x7006, 0x7007, 0x7008, 0x7009,
    0x700A, 0x700B, 0x700C, 0x700D, 0x700E, 0x700F, 0x7010, 0x7012, 0x7013, 0x7014, 0x7015, 0x7016,
    0x7017, 0x7018, 0x7019, 0x701C, 0x701D, 0x701E, 0x701F, 0x7020, 0x7021, 0x7022, 0x7024, 0x7025,
    0x7026, 0x7027, 0x7028, 0x7029, 0x702A, 0x702B, 0x702C, 0x702D, 0x702E, 0x702F, 0x7030, 0x7031,
    0x7032, 0x7033, 0x7034, 0x7036, 0x7037, 0x7038, 0x703A, 0x703B, 0x703C, 0x703D, 0x703E, 0x703F,
    0x7040, 0x7041, 0x7042, 0x7043, 0x7044, 0x7045, 0x7046, 0x7047, 0x7048, 0x7049, 0x704A, 0x704B,
    0x704D, 0x704E, 0x7050, 0x7051, 0x7052, 0x7053, 0x7054, 0x7055, 0x7056, 0x7057, 0x7058, 0x7059,
    0x705A, 0x705B, 0x705C, 0x705D, 0x705F, 0x7060, 0x7061, 0x7062, 0x7063, 0x7064, 0x7065, 0x7066,
    0x7067, 0x7068, 0x7069, 0x706A, 0x706E, 0x7071, 0x7072, 0x7073, 0x7074, 0x7077, 0x7079, 0x707A,
    0x707B, 0x707D, 0x7081, 0x7082, 0x7083, 0x7084, 0x7086, 0x7087, 0x7088, 0x708B, 0x708C, 0x708D,
    0x708F, 0x7090, 0x7091, 0x7093, 0x7097, 0x7098, 0x709A, 0x709B, 0x709E, 0x709F, 0x70A0, 0x70A1,
    0x70A2, 0x70A3, 0x70A4, 0x70A5, 0x70A6, 0x70A7, 0x70A8, 0x70A9, 0x70AA, 0x70B0, 0x70B2, 0x70B4,
    0x70B5, 0x70B6, 0x70BA, 0x70BE, 0x70BF, 0x70C4, 0x70C5, 0x70C6, 0x70C7, 0x70C9, 0x70CB, 0x70CC,
    0x70CD, 0x70CE, 0x70CF, 0x70D0, 0x70D1, 0x70D2, 0x70D3, 0x70D4, 0x70D5, 0x70D6, 0x70D7, 0x70DA,
    0x70DC, 0x70DD, 0x70DE, 0x70E0, 0x70E1, 0x70E2, 0x70E3, 0x70E5, 0x70EA, 0x70EE, 0x70F0, 0x70F1,
    0x70F2, 0x70F3, 0x70F4, 0x70F5, 0x70F6, 0x70F8, 0x70FA, 0x70FB, 0x70FC, 0x70FE, 0x70FF, 0x7100,
    0x7101, 0x7102, 0x7103, 0x7104, 0x7105, 0x7106, 0x7107, 0x7108, 0x710B, 0x710C, 0x710D, 0x710E,
    0x710F, 0x7111, 0x7112, 0x7114, 0x7117, 0x711B, 0x711C, 0x711D, 0x711E, 0x711F, 0x7120, 0x7121,
    0x7122, 0x7123, 0x7124, 0x7125, 0x7127, 0x7128, 0x7129, 0x712A, 0x712B, 0x712C, 0x712D, 0x712E,
    0x7132, 0x7133, 0x7134, 0x7135, 0x7137, 0x7138, 0x7139, 0x713A, 0x713B, 0x713C, 0x713D, 0x713E,
    0x713F, 0x7140, 0x7141, 0x7142, 0x7143, 0x7144, 0x7146, 0x7147, 0x7148, 0x7149, 0x714B, 0x714D,
    0x714F, 0x7150, 0x7151, 0x7152, 0x7153, 0x7154, 0x7155, 0x7156, 0x7157, 0x7158, 0x7159, 0x715A,
    0x715B, 0x715D, 0x715F, 0x7160, 0x7161, 0x7162, 0x7163, 0x7165, 0x7169, 0x716A, 0x716B, 0x716C,
    0x716D, 0x716F, 0x7170, 0x7171, 0x7174, 0x7175, 0x7176, 0x7177, 0x7179, 0x717B, 0x717C, 0x717E,
    0x717F, 0x7180, 0x7181, 0x7182, 0x7183, 0x7185, 0x7186, 0x7187, 0x7188, 0x7189, 0x718B, 0x718C,
    0x718D, 0x718E, 0x7190, 0x7191, 0x7192, 0x7193, 0x7195, 0x7196, 0x7197, 0x719A, 0x719B, 0x719C,
    0x719D, 0x719E, 0x71A1, 0x71A2, 0x71A3, 0x71A4, 0x71A5, 0x71A6, 0x71A7, 0x71A9, 0x71AA, 0x71AB,
    0x71AD, 0x71AE, 0x71AF, 0x71B0, 0x71B1, 0x71B2, 0x71B4, 0x71B6, 0x71B7, 0x71B8, 0x71BA, 0x71BB,
    0x71BC, 0x71BD, 0x71BE, 0x71BF, 0x71C0, 0x71C1, 0x71C2, 0x71C4, 0x71C5, 0x71C6, 0x71C7, 0x71C8,
    0x71C9, 0x71CA, 0x71CB, 0x71CC, 0x71CD, 0x71CF, 0x71D0, 0x71D1, 0x71D2, 0x71D3, 0x71D6, 0x71D7,
    0x71D8, 0x71D9, 0x71DA, 0x71DB, 0x71DC, 0x71DD, 0x71DE, 0x71DF, 0x71E1, 0x71E2, 0x71E3, 0x71E4,
    0x71E6, 0x71E8, 0x71E9, 0x71EA, 0x71EB, 0x71EC, 0x71ED, 0x71EF, 0x71F0, 0x71F1, 0x71F2, 0x71F3,
    0x71F4, 0x71F5, 0x71F6, 0x71F7, 0x71F8, 0x71FA, 0x71FB, 0x71FC, 0x71FD, 0x71FE, 0x71FF, 0x7200,
    0x7201, 0x7202, 0x7203, 0x7204, 0x7205, 0x7207, 0x7208, 0x7209, 0x720A, 0x720B, 0x720C, 0x720D,
    0x720E, 0x720F, 0x7210, 0x7211, 0x7212, 0x7213, 0x7214, 0x7215, 0x7216, 0x7217, 0x7218, 0x7219,
    0x721A, 0x721B, 0x721C, 0x721E, 0x721F, 0x7220, 0x7221, 0x7222, 0x7223, 0x7224, 0x7225, 0x7226,
    0x7227, 0x7229, 0x722B, 0x722D, 0x722E, 0x722F, 0x7232, 0x7233, 0x7234, 0x723A, 0x723C, 0x723E,
    0x7240, 0x7241, 0x7242, 0x7243, 0x7244, 0x7245, 0x7246, 0x7249, 0x724A, 0x724B, 0x724E, 0x724F,
    0x7250, 0x7251, 0x7253, 0x7254, 0x7255, 0x7257, 0x7258, 0x725A, 0x725C, 0x725E, 0x7260, 0x7263,
    0x7264, 0x7265, 0x7268, 0x726A, 0x726B, 0x726C, 0x726D, 0x7270, 0x7271, 0x7273, 0x7274, 0x7276,
    0x7277, 0x7278, 0x727B, 0x727C, 0x727D, 0x7282, 0x7283, 0x7285, 0x7286, 0x7287, 0x7288, 0x7289,
    0x728C, 0x728E, 0x7290, 0x7291, 0x7293, 0x7294, 0x7295, 0x7296, 0x7297, 0x7298, 0x7299, 0x729A,
    0x729B, 0x729C, 0x729D, 0x729E, 0x72A0, 0x72A1, 0x72A2, 0x72A3, 0x72A4, 0x72A5, 0x72A6, 0x72A7,
    0x72A8, 0x72A9, 0x72AA, 0x72AB, 0x72AE, 0x72B1, 0x72B2, 0x72B3, 0x72B5, 0x72BA, 0x72BB, 0x72BC,
    0x72BD, 0x72BE, 0x72BF, 0x72C0, 0x72C5, 0x72C6, 0x72C7, 0x72C9, 0x72CA, 0x72CB, 0x72CC, 0x72CF,
    0x72D1, 0x72D3, 0x72D4, 0x72D5, 0x72D6, 0x72D8, 0x72DA, 0x72DB, 0xE4C6, 0xE4C7, 0xE4C8, 0xE4C9,
    0xE4CA, 0xE4CB, 0xE4CC, 0xE4CD, 0xE4CE, 0xE4CF, 0xE4D0, 0xE4D1, 0xE4D2, 0xE4D3, 0xE4D4, 0xE4D5,
    0xE4D6, 0xE4D7, 0xE4D8, 0xE4D9, 0xE4DA, 0xE4DB, 0xE4DC, 0xE4DD, 0xE4DE, 0xE4DF, 0xE4E0, 0xE4E1,
    0xE4E2, 0xE4E3, 0xE4E4, 0xE4E5, 0xE4E6, 0xE4E7, 0xE4E8, 0xE4E9, 0xE4EA, 0xE4EB, 0xE4EC, 0xE4ED,
    0xE4EE, 0xE4EF, 0xE4F0, 0xE4F1, 0xE4F2, 0xE4F3, 0xE4F4, 0xE4F5, 0xE4F6, 0xE4F7, 0xE4F8, 0xE4F9,
    0xE4FA, 0xE4FB, 0xE4FC, 0xE4FD, 0xE4FE, 0xE4FF, 0xE500, 0xE501, 0xE502, 0xE503, 0xE504, 0xE505,
    0xE506, 0xE507, 0xE508, 0xE509, 0xE50A, 0xE50B, 0xE50C, 0xE50D, 0xE50E, 0xE50F, 0xE510, 0xE511,
    0xE512, 0xE513, 0xE514, 0xE515, 0xE516, 0xE517, 0xE518, 0xE519, 0xE51A, 0xE51B, 0xE51C, 0xE51D,
    0xE51E, 0xE51F, 0xE520, 0xE521, 0xE522, 0xE523, 0xE524, 0xE525, 0x3000, 0x3001, 0x3002, 0x00B7,
    0x02C9, 0x02C7, 0x00A8, 0x3003, 0x3005, 0x2014, 0xFF5E, 0x2016, 0x2026, 0x2018, 0x2019, 0x201C,
    0x201D, 0x3014, 0x3015, 0x3008, 0x3009, 0x300A, 0x300B, 0x300C, 0x300D, 0x300E, 0x300F, 0x3016,
    0x3017, 0x3010, 0x3011, 0x00B1, 0x00D7, 0x00F7, 0x2236, 0x2227, 0x2228, 0x2211, 0x220F, 0x222A,
    0x2229, 0x2208, 0x2237, 0x221A, 0x22A5, 0x2225, 0x2220, 0x2312, 0x2299, 0x222B, 0x222E, 0x2261,
    0x224C, 0x2248, 0x223D, 0x221D, 0x2260, 0x226E, 0x226F, 0x2264, 0x2265, 0x221E, 0x2235, 0x2234,
    0x2642, 0x2640, 0x00B0, 0x2032, 0x2033, 0x2103, 0xFF04, 0x00A4, 0xFFE0, 0xFFE1, 0x2030, 0x00A7,
    0x2116, 0x2606, 0x2605, 0x25CB, 0x25CF, 0x25CE, 0x25C7, 0x25C6, 0x25A1, 0x25A0, 0x25B3, 0x25B2,
    0x203B, 0x2192, 0x2190, 0x2191, 0x2193, 0x3013, 0xE526, 0xE527, 0xE528, 0xE529, 0xE52A, 0xE52B,
    0xE52C, 0xE52D, 0xE52E, 0xE52F, 0xE530, 0xE531, 0xE532, 0xE533, 0xE534, 0xE535, 0xE536, 0xE537,
    0xE538, 0xE539, 0xE53A, 0xE53B, 0xE53C, 0xE53D, 0xE53E, 0xE53F, 0xE540, 0xE541, 0xE542, 0xE543,
    0xE544, 0xE545, 0xE546, 0xE547, 0xE548, 0xE549, 0xE54A, 0xE54B, 0xE54C, 0xE54D, 0xE54E, 0xE54F,
    0xE550, 0xE551, 0xE552, 0xE553, 0xE554, 0xE555, 0xE556, 0xE557, 0xE558, 0xE559, 0xE55A, 0xE55B,
    0xE55C, 0xE55D, 0xE55E, 0xE55F, 0xE560, 0xE561, 0xE562, 0xE563, 0xE564, 0xE565, 0xE566, 0xE567,
    0xE568, 0xE569, 0xE56A, 0xE56B, 0xE56C, 0xE56D, 0xE56E, 0xE56F, 0xE570, 0xE571, 0xE572, 0xE573,
    0xE574, 0xE575, 0xE576, 0xE577, 0xE578, 0xE579, 0xE57A, 0xE57B, 0xE57C, 0xE57D, 0xE57E, 0xE57F,
    0xE580, 0xE581, 0xE582, 0xE583, 0xE584, 0xE585, 0x2170, 0x2171, 0x2172, 0x2173, 0x2174, 0x2175,
    0x2176, 0x2177, 0x2178, 0x2179, 0xE766, 0xE767, 0xE768, 0xE769, 0xE76A, 0xE76B, 0x2488, 0x2489,
    0x248A, 0x248B, 0x248C, 0x248D, 0x248E, 0x248F, 0x2490, 0x2491, 0x2492, 0x2493, 0x2494, 0x2495,
    0x2496, 0x2497, 0x2498, 0x2499, 0x249A, 0x249B, 0x2474, 0x2475, 0x2476, 0x2477, 0x2478, 0x2479,
    0x247A, 0x247B, 0x247C, 0x247D, 0x247E, 0x247F, 0x2480, 0x2481, 0x2482, 0x2483, 0x2484, 0x2485,
    0x2486, 0x2487, 0x2460, 0x2461, 0x2462, 0x2463, 0x2464, 0x2465, 0x2466, 0x2467, 0x2468, 0x2469,
    0x20AC, 0xE76D, 0x3220, 0x3221, 0x3222, 0x3223, 0x3224, 0x3225, 0x3226, 0x3227, 0x3228, 0x3229,
    0xE76E, 0xE76F, 0x2160, 0x2161, 0x2162, 0x2163, 0x2164, 0x2165, 0x2166, 0x2167, 0x2168, 0x2169,
    0x216A, 0x216B, 0xE770, 0xE771, 0xE586, 0xE587, 0xE588, 0xE589, 0xE58A, 0xE58B, 0xE58C, 0xE58D,
    0xE58E, 0xE58F, 0xE590, 0xE591, 0xE592, 0xE593, 0xE594, 0xE595, 0xE596, 0xE597, 0xE598, 0xE599,
    0xE59A, 0xE59B, 0xE59C, 0xE59D, 0xE59E, 0xE59F, 0xE5A0, 0xE5A1, 0xE5A2, 0xE5A3, 0xE5A4, 0xE5A5,
    0xE5A6, 0xE5A7, 0xE5A8, 0xE5A9, 0xE5AA, 0xE5AB, 0xE5AC, 0xE5AD, 0xE5AE, 0xE5AF, 0xE5B0, 0xE5B1,
    0xE5B2, 0xE5B3, 0xE5B4, 0xE5B5, 0xE5B6, 0xE5B7, 0xE5B8, 0xE5B9, 0xE5BA, 0xE5BB, 0xE5BC, 0xE5BD,
    0xE5BE, 0xE5BF, 0xE5C0, 0xE5C1, 0xE5C2, 0xE5C3, 0xE5C4, 0xE5C5, 0xE5C6, 0xE5C7, 0xE5C8, 0xE5C9,
    0xE5CA, 0xE5CB, 0xE5CC, 0xE5CD, 0xE5CE, 0xE5CF, 0xE5D0, 0xE5D1, 0xE5D2, 0xE5D3, 0xE5D4, 0xE5D5,
    0xE5D6, 0xE5D7, 0xE5D8, 0xE5D9, 0xE5DA, 0xE5DB, 0xE5DC, 0xE5DD, 0xE5DE, 0xE5DF, 0xE5E0, 0xE5E1,
    0xE5E2, 0xE5E3, 0xE5E4, 0x3000, 0xFF01, 0xFF02, 0xFF03, 0xFFE5, 0xFF05, 0xFF06, 0xFF07, 0xFF08,
    0xFF09, 0xFF0A, 0xFF0B, 0xFF0C, 0xFF0D, 0xFF0E, 0xFF0F, 0xFF10, 0xFF11, 0xFF12, 0xFF13, 0xFF14,
    0xFF15, 0xFF16, 0xFF17, 0xFF18, 0xFF19, 0xFF1A, 0xFF1B, 0xFF1C, 0xFF1D, 0xFF1E, 0xFF1F, 0xFF20,
    0xFF21, 0xFF22, 0xFF23, 0xFF24, 0xFF25, 0xFF26, 0xFF27, 0xFF28, 0xFF29, 0xFF2A, 0xFF2B, 0xFF2C,
    0xFF2D, 0xFF2E, 0xFF2F, 0xFF30, 0xFF31, 0xFF32, 0xFF33, 0xFF34, 0xFF35, 0xFF36, 0xFF37, 0xFF38,
    0xFF39, 0xFF3A, 0xFF3B, 0xFF3C, 0xFF3D, 0xFF3E, 0xFF3F, 0xFF40, 0xFF41, 0xFF42, 0xFF43, 0xFF44,
    0xFF45, 0xFF46, 0xFF47, 0xFF48, 0xFF49, 0xFF4A, 0xFF4B, 0xFF4C, 0xFF4D, 0xFF4E, 0xFF4F, 0xFF50,
    0xFF51, 0xFF52, 0xFF53, 0xFF54, 0xFF55, 0xFF56, 0xFF57, 0xFF58, 0xFF59, 0xFF5A, 0xFF5B, 0xFF5C,
    0xFF5D, 0xFFE3, 0xE5E6, 0xE5E7, 0xE5E8, 0xE5E9, 0xE5EA, 0xE5EB, 0xE5EC, 0xE5ED, 0xE5EE, 0xE5EF,
    0xE5F0, 0xE5F1, 0xE5F2, 0xE5F3, 0xE5F4, 0xE5F5, 0xE5F6, 0xE5F7, 0xE5F8, 0xE5F9, 0xE5FA, 0xE5FB,
    0xE5FC, 0xE5FD, 0xE5FE, 0xE5FF, 0xE600, 0xE601, 0xE602, 0xE603, 0xE604, 0xE605, 0xE606, 0xE607,
    0xE608, 0xE609, 0xE60A, 0xE60B, 0xE60C, 0xE60D, 0xE60E, 0xE60F, 0xE610, 0xE611, 0xE612, 0xE613,
    0xE614, 0xE615, 0xE616, 0xE617, 0xE618, 0xE619, 0xE61A, 0xE61B, 0xE61C, 0xE61D, 0xE61E, 0xE61F,
    0xE620, 0xE621, 0xE622, 0xE623, 0xE624, 0xE625, 0xE626, 0xE627, 0xE628, 0xE629, 0xE62A, 0xE62B,
    0xE62C, 0xE62D, 0xE62E, 0xE62F, 0xE630, 0xE631, 0xE632, 0xE633, 0xE634, 0xE635, 0xE636, 0xE637,
    0xE638, 0xE639, 0xE63A, 0xE63B, 0xE63C, 0xE63D, 0xE63E, 0xE63F, 0xE640, 0xE641, 0xE642, 0xE643,
    0xE644, 0xE645, 0x3041, 0x3042, 0x3043, 0x3044, 0x3045, 0x3046, 0x3047, 0x3048, 0x3049, 0x304A,
    0x304B, 0x304C, 0x304D, 0x304E, 0x304F, 0x3050, 0x3051, 0x3052, 0x3053, 0x3054, 0x3055, 0x3056,
    0x3057, 0x3058, 0x3059, 0x305A, 0x305B, 0x305C, 0x305D, 0x305E, 0x305F, 0x3060, 0x3061, 0x3062,
    0x3063, 0x3064, 0x3065, 0x3066, 0x3067, 0x3068, 0x3069, 0x306A, 0x306B, 0x306C, 0x306D, 0x306E,
    0x306F, 0x3070, 0x3071, 0x3072, 0x3073, 0x3074, 0x3075, 0x3076, 0x3077, 0x3078, 0x3079, 0x307A,
    0x307B, 0x307C, 0x307D, 0x307E, 0x307F, 0x3080, 0x3081, 0x3082, 0x3083, 0x3084, 0x3085, 0x3086,
    0x3087, 0x3088, 0x3089, 0x308A, 0x308B, 0x308C, 0x308D, 0x308E, 0x308F, 0x3090, 0x3091, 0x3092,
    0x3093, 0xE772, 0xE773, 0xE774, 0xE775, 0xE776, 0xE777, 0xE778, 0xE779, 0xE77A, 0xE77B, 0xE77C,
    0xE646, 0xE647, 0xE648, 0xE649, 0xE64A, 0xE64B, 0xE64C, 0xE64D, 0xE64E, 0xE64F, 0xE650, 0xE651,
    0xE652, 0xE653, 0xE654, 0xE655, 0xE656, 0xE657, 0xE658, 0xE659, 0xE65A, 0xE65B, 0xE65C, 0xE65D,
    0xE65E, 0xE65F, 0xE660, 0xE661, 0xE662, 0xE663, 0xE664, 0xE665, 0xE666, 0xE667, 0xE668, 0xE669,
    0xE66A, 0xE66B, 0xE66C, 0xE66D, 0xE66E, 0xE66F, 0xE670, 0xE671, 0xE672, 0xE673, 0xE674, 0xE675,
    0xE676, 0xE677, 0xE678, 0xE679, 0xE67A, 0xE67B, 0xE67C, 0xE67D, 0xE67E, 0xE67F, 0xE680, 0xE681,
    0xE682, 0xE683, 0xE684, 0xE685, 0xE686, 0xE687, 0xE688, 0xE689, 0xE68A, 0xE68B, 0xE68C, 0xE68D,
    0xE68E, 0xE68F, 0xE690, 0xE691, 0xE692, 0xE693, 0xE694, 0xE695, 0xE696, 0xE697, 0xE698, 0xE699,
    0xE69A, 0xE69B, 0xE69C, 0xE69D, 0xE69E, 0xE69F, 0xE6A0, 0xE6A1, 0xE6A2, 0xE6A3, 0xE6A4, 0xE6A5,
    0x30A1, 0x30A2, 0x30A3, 0x30A4, 0x30A5, 0x30A6, 0x30A7, 0x30A8, 0x30A9, 0x30AA, 0x30AB, 0x30AC,
    0x30AD, 0x30AE, 0x30AF, 0x30B0, 0x30B1, 0x30B2, 0x30B3, 0x30B4, 0x30B5, 0x30B6, 0x30B7, 0x30B8,
    0x30B9, 0x30BA, 0x30BB, 0x30BC, 0x30BD, 0x30BE, 0x30BF, 0x30C0, 0x30C1, 0x30C2, 0x30C3, 0x30C4,
    0x30C5, 0x30C6, 0x30C7, 0x30C8, 0x30C9, 0x30CA, 0x30CB, 0x30CC, 0x30CD, 0x30CE, 0x30CF, 0x30D0,
    0x30D1, 0x30D2, 0x30D3, 0x30D4, 0x30D5, 0x30D6, 0x30D7, 0x30D8, 0x30D9, 0x30DA, 0x30DB, 0x30DC,
    0x30DD, 0x30DE, 0x30DF, 0x30E0, 0x30E1, 0x30E2, 0x30E3, 0x30E4, 0x30E5, 0x30E6, 0x30E7, 0x30E8,
    0x30E9, 0x30EA, 0x30EB, 0x30EC, 0x30ED, 0x30EE, 0x30EF, 0x30F0, 0x30F1, 0x30F2, 0x30F3, 0x30F4,
    0x30F5, 0x30F6, 0xE77D, 0xE77E, 0xE77F, 0xE780, 0xE781, 0xE782, 0xE783, 0xE784, 0xE6A6, 0xE6A7,
    0xE6A8, 0xE6A9, 0xE6AA, 0xE6AB, 0xE6AC, 0xE6AD, 0xE6AE, 0xE6AF, 0xE6B0, 0xE6B1, 0xE6B2, 0xE6B3,
    0xE6B4, 0xE6B5, 0xE6B6, 0xE6B7, 0xE6B8, 0xE6B9, 0xE6BA, 0xE6BB, 0xE6BC, 0xE6BD, 0xE6BE, 0xE6BF,
    0xE6C0, 0xE6C1, 0xE6C2, 0xE6C3, 0xE6C4, 0xE6C5, 0xE6C6, 0xE6C7, 0xE6C8, 0xE6C9, 0xE6CA, 0xE6CB,
    0xE6CC, 0xE6CD, 0xE6CE, 0xE6CF, 0xE6D0, 0xE6D1, 0xE6D2, 0xE6D3, 0xE6D4, 0xE6D5, 0xE6D6, 0xE6D7,
    0xE6D8, 0xE6D9, 0xE6DA, 0xE6DB, 0xE6DC, 0xE6DD, 0xE6DE, 0xE6DF, 0xE6E0, 0xE6E1, 0xE6E2, 0xE6E3,
    0xE6E4, 0xE6E5, 0xE6E6, 0xE6E7, 0xE6E8, 0xE6E9, 0xE6EA, 0xE6EB, 0xE6EC, 0xE6ED, 0xE6EE, 0xE6EF,
    0xE6F0, 0xE6F1, 0xE6F2, 0xE6F3, 0xE6F4, 0xE6F5, 0xE6F6, 0xE6F7, 0xE6F8, 0xE6F9, 0xE6FA, 0xE6FB,
    0xE6FC, 0xE6FD, 0xE6FE, 0xE6FF, 0xE700, 0xE701, 0xE702, 0xE703, 0xE704, 0xE705, 0x0391, 0x0392,
    0x0393, 0x0394, 0x0395, 0x0396, 0x0397, 0x0398, 0x0399, 0x039A, 0x039B, 0x039C, 0x039D, 0x039E,
    0x039F, 0x03A0, 0x03A1, 0x03A3, 0x03A4, 0x03A5, 0x03A6, 0x03A7, 0x03A8, 0x03A9, 0xE785, 0xE786,
    0xE787, 0xE788, 0xE789, 0xE78A, 0xE78B, 0xE78C, 0x03B1, 0x03B2, 0x03B3, 0x03B4, 0x03B5, 0x03B6,
    0x03B7, 0x03B8, 0x03B9, 0x03BA, 0x03BB, 0x03BC, 0x03BD, 0x03BE, 0x03BF, 0x03C0, 0x03C1, 0x03C3,
    0x03C4, 0x03C5, 0x03C6, 0x03C7, 0x03C8, 0x03C9, 0xFE10, 0xFE12, 0xFE11, 0xFE13, 0xFE14, 0xFE15,
    0xFE16, 0xFE35, 0xFE36, 0xFE39, 0xFE3A, 0xFE3F, 0xFE40, 0xFE3D, 0xFE3E, 0xFE41, 0xFE42, 0xFE43,
    0xFE44, 0xFE17, 0xFE18, 0xFE3B, 0xFE3C, 0xFE37, 0xFE38, 0xFE31, 0xFE19, 0xFE33, 0xFE34, 0xE797,
    0xE798, 0xE799, 0xE79A, 0xE79B, 0xE79C, 0xE79D, 0xE79E, 0xE79F, 0xE706, 0xE707, 0xE708, 0xE709,
    0xE70A, 0xE70B, 0xE70C, 0xE70D, 0xE70E, 0xE70F, 0xE710, 0xE711, 0xE712, 0xE713, 0xE714, 0xE715,
    0xE716, 0xE717, 0xE718, 0xE719, 0xE71A, 0xE71B, 0xE71C, 0xE71D, 0xE71E, 0xE71F, 0xE720, 0xE721,
    0xE722, 0xE723, 0xE724, 0xE725, 0xE726, 0xE727, 0xE728, 0xE729, 0xE72A, 0xE72B, 0xE72C, 0xE72D,
    0xE72E, 0xE72F, 0xE730, 0xE731, 0xE732, 0xE733, 0xE734, 0xE735, 0xE736, 0xE737, 0xE738, 0xE739,
    0xE73A, 0xE73B, 0xE73C, 0xE73D, 0xE73E, 0xE73F, 0xE740, 0xE741, 0xE742, 0xE743, 0xE744, 0xE745,
    0xE746, 0xE747, 0xE748, 0xE749, 0xE74A, 0xE74B, 0xE74C, 0xE74D, 0xE74E, 0xE74F, 0xE750, 0xE751,
    0xE752, 0xE753, 0xE754, 0xE755, 0xE756, 0xE757, 0xE758, 0xE759, 0xE75A, 0xE75B, 0xE75C, 0xE75D,
    0xE75E, 0xE75F, 0xE760, 0xE761, 0xE762, 0xE763, 0xE764, 0xE765, 0x0410, 0x0411, 0x0412, 0x0413,
    0x0414, 0x0415, 0x0401, 0x0416, 0x0417, 0x0418, 0x0419, 0x041A, 0x041B, 0x041C, 0x041D, 0x041E,
    0x041F, 0x0420, 0x0421, 0x0422, 0x0423, 0x0424, 0x0425, 0x0426, 0x0427, 0x0428, 0x0429, 0x042A,
    0x042B, 0x042C, 0x042D, 0x042E, 0x042F, 0xE7A0, 0xE7A1, 0xE7A2, 0xE7A3, 0xE7A4, 0xE7A5, 0xE7A6,
    0xE7A7, 0xE7A8, 0xE7A9, 0xE7AA, 0xE7AB, 0xE7AC, 0xE7AD, 0xE7AE, 0x0430, 0x0431, 0x0432, 0x0433,
    0x0434, 0x0435, 0x0451, 0x0436, 0x0437, 0x0438, 0x0439, 0x043A, 0x043B, 0x043C, 0x043D, 0x043E,
    0x043F, 0x0440, 0x0441, 0x0442, 0x0443, 0x0444, 0x0445, 0x0446, 0x0447, 0x0448, 0x0449, 0x044A,
    0x044B, 0x044C, 0x044D, 0x044E, 0x044F, 0xE7AF, 0xE7B0, 0xE7B1, 0xE7B2, 0xE7B3, 0xE7B4, 0xE7B5,
    0xE7B6, 0xE7B7, 0xE7B8, 0xE7B9, 0xE7BA, 0xE7BB, 0x02CA, 0x02CB, 0x02D9, 0x2013, 0x2015, 0x2025,
    0x2035, 0x2105, 0x2109, 0x2196, 0x2197, 0x2198, 0x2199, 0x2215, 0x221F, 0x2223, 0x2252, 0x2266,
    0x2267, 0x22BF, 0x2550, 0x2551, 0x2552, 0x2553, 0x2554, 0x2555, 0x2556, 0x2557, 0x2558, 0x2559,
    0x255A, 0x255B, 0x255C, 0x255D, 0x255E, 0x255F, 0x2560, 0x2561, 0x2562, 0x2563, 0x2564, 0x2565,
    0x2566, 0x2567, 0x2568, 0x2569, 0x256A, 0x256B, 0x256C, 0x256D, 0x256E, 0x256F, 0x2570, 0x2571,
    0x2572, 0x2573, 0x2581, 0x2582, 0x2583, 0x2584, 0x2585, 0x2586, 0x2587, 0x2588, 0x2589, 0x258A,
    0x258B, 0x258C, 0x258D, 0x258E, 0x258F, 0x2593, 0x2594, 0x2595, 0x25BC, 0x25BD, 0x25E2, 0x25E3,
    0x25E4, 0x25E5, 0x2609, 0x2295, 0x3012, 0x301D, 0x301E, 0xE7BC, 0xE7BD, 0xE7BE, 0xE7BF, 0xE7C0,
    0xE7C1, 0xE7C2, 0xE7C3, 0xE7C4, 0xE7C5, 0xE7C6, 0x0101, 0x00E1, 0x01CE, 0x00E0, 0x0113, 0x00E9,
    0x011B, 0x00E8, 0x012B, 0x00ED, 0x01D0, 0x00EC, 0x014D, 0x00F3, 0x01D2, 0x00F2, 0x016B, 0x00FA,
    0x01D4, 0x00F9, 0x01D6, 0x01D8, 0x01DA, 0x01DC, 0x00FC, 0x00EA, 0x0251, 0x1E3F, 0x0144, 0x0148,
    0x01F9, 0x0261, 0xE7C9, 0xE7CA, 0xE7CB, 0xE7CC, 0x3105, 0x3106, 0x3107, 0x3108, 0x3109, 0x310A,
    0x310B, 0x310C, 0x310D, 0x310E, 0x310F, 0x3110, 0x3111, 0x3112, 0x3113, 0x3114, 0x3115, 0x3116,
    0x3117, 0x3118, 0x3119, 0x311A, 0x311B, 0x311C, 0x311D, 0x311E, 0x311F, 0x3120, 0x3121, 0x3122,
    0x3123, 0x3124, 0x3125, 0x3126, 0x3127, 0x3128, 0x3129, 0xE7CD, 0xE7CE, 0xE7CF, 0xE7D0, 0xE7D1,
    0xE7D2, 0xE7D3, 0xE7D4, 0xE7D5, 0xE7D6, 0xE7D7, 0xE7D8, 0xE7D9, 0xE7DA, 0xE7DB, 0xE7DC, 0xE7DD,
    0xE7DE, 0xE7DF, 0xE7E0, 0xE7E1, 0x3021, 0x3022, 0x3023, 0x3024, 0x3025, 0x3026, 0x3027, 0x3028,
    0x3029, 0x32A3, 0x338E, 0x338F, 0x339C, 0x339D, 0x339E, 0x33A1, 0x33C4, 0x33CE, 0x33D1, 0x33D2,
    0x33D5, 0xFE30, 0xFFE2, 0xFFE4, 0xE7E2, 0x2121, 0x3231, 0xE7E3, 0x2010, 0xE7E4, 0xE7E5, 0xE7E6,
    0x30FC, 0x309B, 0x309C, 0x30FD, 0x30FE, 0x3006, 0x309D, 0x309E, 0xFE49, 0xFE4A, 0xFE4B, 0xFE4C,
    0xFE4D, 0xFE4E, 0xFE4F, 0xFE50, 0xFE51, 0xFE52, 0xFE54, 0xFE55, 0xFE56, 0xFE57, 0xFE59, 0xFE5A,
    0xFE5B, 0xFE5C, 0xFE5D, 0xFE5E, 0xFE5F, 0xFE60, 0xFE61, 0xFE62, 0xFE63, 0xFE64, 0xFE65, 0xFE66,
    0xFE68, 0xFE69, 0xFE6A, 0xFE6B, 0x303E, 0x2FF0, 0x2FF1, 0x2FF2, 0x2FF3, 0x2FF4, 0x2FF5, 0x2FF6,
    0x2FF7, 0x2FF8, 0x2FF9, 0x2FFA, 0x2FFB, 0x3007, 0xE7F4, 0xE7F5, 0xE7F6, 0xE7F7, 0xE7F8, 0xE7F9,
    0xE7FA, 0xE7FB, 0xE7FC, 0xE7FD, 0xE7FE, 0xE7FF, 0xE800, 0x2500, 0x2501, 0x2502, 0x2503, 0x2504,
    0x2505, 0x2506, 0x2507, 0x2508, 0x2509, 0x250A, 0x250B, 0x250C, 0x250D, 0x250E, 0x250F, 0x2510,
    0x2511, 0x2512, 0x2513, 0x2514, 0x2515, 0x2516, 0x2517, 0x2518, 0x2519, 0x251A, 0x251B, 0x251C,
    0x251D, 0x251E, 0x251F, 0x2520, 0x2521, 0x2522, 0x2523, 0x2524, 0x2525, 0x2526, 0x2527, 0x2528,
    0x2529, 0x252A, 0x252B, 0x252C, 0x252D, 0x252E, 0x252F, 0x2530, 0x2531, 0x2532, 0x2533, 0x2534,
    0x2535, 0x2536, 0x2537, 0x2538, 0x2539, 0x253A, 0x253B, 0x253C, 0x253D, 0x253E, 0x253F, 0x2540,
    0x2541, 0x2542, 0x2543, 0x2544, 0x2545, 0x2546, 0x2547, 0x2548, 0x2549, 0x254A, 0x254B, 0xE801,
    0xE802, 0xE803, 0xE804, 0xE805, 0xE806, 0xE807, 0xE808, 0xE809, 0xE80A, 0xE80B, 0xE80C, 0xE80D,
    0xE80E, 0xE80F, 0x72DC, 0x72DD, 0x72DF, 0x72E2, 0x72E3, 0x72E4, 0x72E5, 0x72E6, 0x72E7, 0x72EA,
    0x72EB, 0x72F5, 0x72F6, 0x72F9, 0x72FD, 0x72FE, 0x72FF, 0x7300, 0x7302, 0x7304, 0x7305, 0x7306,
    0x7307, 0x7308, 0x7309, 0x730B, 0x730C, 0x730D, 0x730F, 0x7310, 0x7311, 0x7312, 0x7314, 0x7318,
    0x7319, 0x731A, 0x731F, 0x7320, 0x7323, 0x7324, 0x7326, 0x7327, 0x7328, 0x732D, 0x732F, 0x7330,
    0x7332, 0x7333, 0x7335, 0x7336, 0x733A, 0x733B, 0x733C, 0x733D, 0x7340, 0x7341, 0x7342, 0x7343,
    0x7344, 0x7345, 0x7346, 0x7347, 0x7348, 0x7349, 0x734A, 0x734B, 0x734C, 0x734E, 0x734F, 0x7351,
    0x7353, 0x7354, 0x7355, 0x7356, 0x7358, 0x7359, 0x735A, 0x735B, 0x735C, 0x735D, 0x735E, 0x735F,
    0x7361, 0x7362, 0x7363, 0x7364, 0x7365, 0x7366, 0x7367, 0x7368, 0x7369, 0x736A, 0x736B, 0x736E,
    0x7370, 0x7371, 0xE000, 0xE001, 0xE002, 0xE003, 0xE004, 0xE005, 0xE006, 0xE007, 0xE008, 0xE009,
    0xE00A, 0xE00B, 0xE00C, 0xE00D, 0xE00E, 0xE00F, 0xE010, 0xE011, 0xE012, 0xE013, 0xE014, 0xE015,
    0xE016, 0xE017, 0xE018, 0xE019, 0xE01A, 0xE01B, 0xE01C, 0xE01D, 0xE01E, 0xE01F, 0xE020, 0xE021,
    0xE022, 0xE023, 0xE024, 0xE025, 0xE026, 0xE027, 0xE028, 0xE029, 0xE02A, 0xE02B, 0xE02C, 0xE02D,
    0xE02E, 0xE02F, 0xE030, 0xE031, 0xE032, 0xE033, 0xE034, 0xE035, 0xE036, 0xE037, 0xE038, 0xE039,
    0xE03A, 0xE03B, 0xE03C, 0xE03D, 0xE03E, 0xE03F, 0xE040, 0xE041, 0xE042, 0xE043, 0xE044, 0xE045,
    0xE046, 0xE047, 0xE048, 0xE049, 0xE04A, 0xE04B, 0xE04C, 0xE04D, 0xE04E, 0xE04F, 0xE050, 0xE051,
    0xE052, 0xE053, 0xE054, 0xE055, 0xE056, 0xE057, 0xE058, 0xE059, 0xE05A, 0xE05B, 0xE05C, 0xE05D,
    0x7372, 0x7373, 0x7374, 0x7375, 0x7376, 0x7377, 0x7378, 0x7379, 0x737A, 0x737B, 0x737C, 0x737D,
    0x737F, 0x7380, 0x7381, 0x7382, 0x7383, 0x7385, 0x7386, 0x7388, 0x738A, 0x738C, 0x738D, 0x738F,
    0x7390, 0x7392, 0x7393, 0x7394, 0x7395, 0x7397, 0x7398, 0x7399, 0x739A, 0x739C, 0x739D, 0x739E,
    0x73A0, 0x73A1, 0x73A3, 0x73A4, 0x73A5, 0x73A6, 0x73A7, 0x73A8, 0x73AA, 0x73AC, 0x73AD, 0x73B1,
    0x73B4, 0x73B5, 0x73B6, 0x73B8, 0x73B9, 0x73BC, 0x73BD, 0x73BE, 0x73BF, 0x73C1, 0x73C3, 0x73C4,
    0x73C5, 0x73C6, 0x73C7, 0x73CB, 0x73CC, 0x73CE, 0x73D2, 0x73D3, 0x73D4, 0x73D5, 0x73D6, 0x73D7,
    0x73D8, 0x73DA, 0x73DB, 0x73DC, 0x73DD, 0x73DF, 0x73E1, 0x73E2, 0x73E3, 0x73E4, 0x73E6, 0x73E8,
    0x73EA, 0x73EB, 0x73EC, 0x73EE, 0x73EF, 0x73F0, 0x73F1, 0x73F3, 0x73F4, 0x73F5, 0x73F6, 0x73F7,
    0xE05E, 0xE05F, 0xE060, 0xE061, 0xE062, 0xE063, 0xE064, 0xE065, 0xE066, 0xE067, 0xE068, 0xE069,
    0xE06A, 0xE06B, 0xE06C, 0xE06D, 0xE06E, 0xE06F, 0xE070, 0xE071, 0xE072, 0xE073, 0xE074, 0xE075,
    0xE076, 0xE077, 0xE078, 0xE079, 0xE07A, 0xE07B, 0xE07C, 0xE07D, 0xE07E, 0xE07F, 0xE080, 0xE081,
    0xE082, 0xE083, 0xE084, 0xE085, 0xE086, 0xE087, 0xE088, 0xE089, 0xE08A, 0xE08B, 0xE08C, 0xE08D,
    0xE08E, 0xE08F, 0xE090, 0xE091, 0xE092, 0xE093, 0xE094, 0xE095, 0xE096, 0xE097, 0xE098, 0xE099,
    0xE09A, 0xE09B, 0xE09C, 0xE09D, 0xE09E, 0xE09F, 0xE0A0, 0xE0A1, 0xE0A2, 0xE0A3, 0xE0A4, 0xE0A5,
    0xE0A6, 0xE0A7, 0xE0A8, 0xE0A9, 0xE0AA, 0xE0AB, 0xE0AC, 0xE0AD, 0xE0AE, 0xE0AF, 0xE0B0, 0xE0B1,
    0xE0B2, 0xE0B3, 0xE0B4, 0xE0B5, 0xE0B6, 0xE0B7, 0xE0B8, 0xE0B9, 0xE0BA, 0xE0BB, 0x73F8, 0x73F9,
    0x73FA, 0x73FB, 0x73FC, 0x73FD, 0x73FE, 0x73FF, 0x7400, 0x7401, 0x7402, 0x7404, 0x7407, 0x7408,
    0x740B, 0x740C, 0x740D, 0x740E, 0x7411, 0x7412, 0x7413, 0x7414, 0x7415, 0x7416, 0x7417, 0x7418,
    0x7419, 0x741C, 0x741D, 0x741E, 0x741F, 0x7420, 0x7421, 0x7423, 0x7424, 0x7427, 0x7429, 0x742B,
    0x742D, 0x742F, 0x7431, 0x7432, 0x7437, 0x7438, 0x7439, 0x743A, 0x743B, 0x743D, 0x743E, 0x743F,
    0x7440, 0x7442, 0x7443, 0x7444, 0x7445, 0x7446, 0x7447, 0x7448, 0x7449, 0x744A, 0x744B, 0x744C,
    0x744D, 0x744E, 0x744F, 0x7450, 0x7451, 0x7452, 0x7453, 0x7454, 0x7456, 0x7458, 0x745D, 0x7460,
    0x7461, 0x7462, 0x7463, 0x7464, 0x7465, 0x7466, 0x7467, 0x7468, 0x7469, 0x746A, 0x746B, 0x746C,
    0x746E, 0x746F, 0x7471, 0x7472, 0x7473, 0x7474, 0x7475, 0x7478, 0x7479, 0x747A, 0xE0BC, 0xE0BD,
    0xE0BE, 0xE0BF, 0xE0C0, 0xE0C1, 0xE0C2, 0xE0C3, 0xE0C4, 0xE0C5, 0xE0C6, 0xE0C7, 0xE0C8, 0xE0C9,
    0xE0CA, 0xE0CB, 0xE0CC, 0xE0CD, 0xE0CE, 0xE0CF, 0xE0D0, 0xE0D1, 0xE0D2, 0xE0D3, 0xE0D4, 0xE0D5,
    0xE0D6, 0xE0D7, 0xE0D8, 0xE0D9, 0xE0DA, 0xE0DB, 0xE0DC, 0xE0DD, 0xE0DE, 0xE0DF, 0xE0E0, 0xE0E1,
    0xE0E2, 0xE0E3, 0xE0E4, 0xE0E5, 0xE0E6, 0xE0E7, 0xE0E8, 0xE0E9, 0xE0EA, 0xE0EB, 0xE0EC, 0xE0ED,
    0xE0EE, 0xE0EF, 0xE0F0, 0xE0F1, 0xE0F2, 0xE0F3, 0xE0F4, 0xE0F5, 0xE0F6, 0xE0F7, 0xE0F8, 0xE0F9,
    0xE0FA, 0xE0FB, 0xE0FC, 0xE0FD, 0xE0FE, 0xE0FF, 0xE100, 0xE101, 0xE102, 0xE103, 0xE104, 0xE105,
    0xE106, 0xE107, 0xE108, 0xE109, 0xE10A, 0xE10B, 0xE10C, 0xE10D, 0xE10E, 0xE10F, 0xE110, 0xE111,
    0xE112, 0xE113, 0xE114, 0xE115, 0xE116, 0xE117, 0xE118, 0xE119, 0x747B, 0x747C, 0x747D, 0x747F,
    0x7482, 0x7484, 0x7485, 0x7486, 0x7488, 0x7489, 0x748A, 0x748C, 0x748D, 0x748F, 0x7491, 0x7492,
    0x7493, 0x7494, 0x7495, 0x7496, 0x7497, 0x7498, 0x7499, 0x749A, 0x749B, 0x749D, 0x749F, 0x74A0,
    0x74A1, 0x74A2, 0x74A3, 0x74A4, 0x74A5, 0x74A6, 0x74AA, 0x74AB, 0x74AC, 0x74AD, 0x74AE, 0x74AF,
    0x74B0, 0x74B1, 0x74B2, 0x74B3, 0x74B4, 0x74B5, 0x74B6, 0x74B7, 0x74B8, 0x74B9, 0x74BB, 0x74BC,
    0x74BD, 0x74BE, 0x74BF, 0x74C0, 0x74C1, 0x74C2, 0x74C3, 0x74C4, 0x74C5, 0x74C6, 0x74C7, 0x74C8,
    0x74C9, 0x74CA, 0x74CB, 0x74CC, 0x74CD, 0x74CE, 0x74CF, 0x74D0, 0x74D1, 0x74D3, 0x74D4, 0x74D5,
    0x74D6, 0x74D7, 0x74D8, 0x74D9, 0x74DA, 0x74DB, 0x74DD, 0x74DF, 0x74E1, 0x74E5, 0x74E7, 0x74E8,
    0x74E9, 0x74EA, 0x74EB, 0x74EC, 0x74ED, 0x74F0, 0x74F1, 0x74F2, 0xE11A, 0xE11B, 0xE11C, 0xE11D,
    0xE11E, 0xE11F, 0xE120, 0xE121, 0xE122, 0xE123, 0xE124, 0xE125, 0xE126, 0xE127, 0xE128, 0xE129,
    0xE12A, 0xE12B, 0xE12C, 0xE12D, 0xE12E, 0xE12F, 0xE130, 0xE131, 0xE132, 0xE133, 0xE134, 0xE135,
    0xE136, 0xE137, 0xE138, 0xE139, 0xE13A, 0xE13B, 0xE13C, 0xE13D, 0xE13E, 0xE13F, 0xE140, 0xE141,
    0xE142, 0xE143, 0xE144, 0xE145, 0xE146, 0xE147, 0xE148, 0xE149, 0xE14A, 0xE14B, 0xE14C, 0xE14D,
    0xE14E, 0xE14F, 0xE150, 0xE151, 0xE152, 0xE153, 0xE154, 0xE155, 0xE156, 0xE157, 0xE158, 0xE159,
    0xE15A, 0xE15B, 0xE15C, 0xE15D, 0xE15E, 0xE15F, 0xE160, 0xE161, 0xE162, 0xE163, 0xE164, 0xE165,
    0xE166, 0xE167, 0xE168, 0xE169, 0xE16A, 0xE16B, 0xE16C, 0xE16D, 0xE16E, 0xE16F, 0xE170, 0xE171,
    0xE172, 0xE173, 0xE174, 0xE175, 0xE176, 0xE177, 0x74F3, 0x74F5, 0x74F8, 0x74F9, 0x74FA, 0x74FB,
    0x74FC, 0x74FD, 0x74FE, 0x7500, 0x7501, 0x7502, 0x7503, 0x7505, 0x7506, 0x7507, 0x7508, 0x7509,
    0x750A, 0x750B, 0x750C, 0x750E, 0x7510, 0x7512, 0x7514, 0x7515, 0x7516, 0x7517, 0x751B, 0x751D,
    0x751E, 0x7520, 0x7521, 0x7522, 0x7523, 0x7524, 0x7526, 0x7527, 0x752A, 0x752E, 0x7534, 0x7536,
    0x7539, 0x753C, 0x753D, 0x753F, 0x7541, 0x7542, 0x7543, 0x7544, 0x7546, 0x7547, 0x7549, 0x754A,
    0x754D, 0x7550, 0x7551, 0x7552, 0x7553, 0x7555, 0x7556, 0x7557, 0x7558, 0x755D, 0x755E, 0x755F,
    0x7560, 0x7561, 0x7562, 0x7563, 0x7564, 0x7567, 0x7568, 0x7569, 0x756B, 0x756C, 0x756D, 0x756E,
    0x756F, 0x7570, 0x7571, 0x7573, 0x7575, 0x7576, 0x7577, 0x757A, 0x757B, 0x757C, 0x757D, 0x757E,
    0x7580, 0x7581, 0x7582, 0x7584, 0x7585, 0x7587, 0xE178, 0xE179, 0xE17A, 0xE17B, 0xE17C, 0xE17D,
    0xE17E, 0xE17F, 0xE180, 0xE181, 0xE182, 0xE183, 0xE184, 0xE185, 0xE186, 0xE187, 0xE188, 0xE189,
    0xE18A, 0xE18B, 0xE18C, 0xE18D, 0xE18E, 0xE18F, 0xE190, 0xE191, 0xE192, 0xE193, 0xE194, 0xE195,
    0xE196, 0xE197, 0xE198, 0xE199, 0xE19A, 0xE19B, 0xE19C, 0xE19D, 0xE19E, 0xE19F, 0xE1A0, 0xE1A1,
    0xE1A2, 0xE1A3, 0xE1A4, 0xE1A5, 0xE1A6, 0xE1A7, 0xE1A8, 0xE1A9, 0xE1AA, 0xE1AB, 0xE1AC, 0xE1AD,
    0xE1AE, 0xE1AF, 0xE1B0, 0xE1B1, 0xE1B2, 0xE1B3, 0xE1B4, 0xE1B5, 0xE1B6, 0xE1B7, 0xE1B8, 0xE1B9,
    0xE1BA, 0xE1BB, 0xE1BC, 0xE1BD, 0xE1BE, 0xE1BF, 0xE1C0, 0xE1C1, 0xE1C2, 0xE1C3, 0xE1C4, 0xE1C5,
    0xE1C6, 0xE1C7, 0xE1C8, 0xE1C9, 0xE1CA, 0xE1CB, 0xE1CC, 0xE1CD, 0xE1CE, 0xE1CF, 0xE1D0, 0xE1D1,
    0xE1D2, 0xE1D3, 0xE1D4, 0xE1D5, 0x7588, 0x7589, 0x758A, 0x758C, 0x758D, 0x758E, 0x7590, 0x7593,
    0x7595, 0x7598, 0x759B, 0x759C, 0x759E, 0x75A2, 0x75A6, 0x75A7, 0x75A8, 0x75A9, 0x75AA, 0x75AD,
    0x75B6, 0x75B7, 0x75BA, 0x75BB, 0x75BF, 0x75C0, 0x75C1, 0x75C6, 0x75CB, 0x75CC, 0x75CE, 0x75CF,
    0x75D0, 0x75D1, 0x75D3, 0x75D7, 0x75D9, 0x75DA, 0x75DC, 0x75DD, 0x75DF, 0x75E0, 0x75E1, 0x75E5,
    0x75E9, 0x75EC, 0x75ED, 0x75EE, 0x75EF, 0x75F2, 0x75F3, 0x75F5, 0x75F6, 0x75F7, 0x75F8, 0x75FA,
    0x75FB, 0x75FD, 0x75FE, 0x7602, 0x7604, 0x7606, 0x7607, 0x7608, 0x7609, 0x760B, 0x760D, 0x760E,
    0x760F, 0x7611, 0x7612, 0x7613, 0x7614, 0x7616, 0x761A, 0x761C, 0x761D, 0x761E, 0x7621, 0x7623,
    0x7627, 0x7628, 0x762C, 0x762E, 0x762F, 0x7631, 0x7632, 0x7636, 0x7637, 0x7639, 0x763A, 0x763B,
    0x763D, 0x7641, 0x7642, 0x7644, 0xE1D6, 0xE1D7, 0xE1D8, 0xE1D9, 0xE1DA, 0xE1DB, 0xE1DC, 0xE1DD,
    0xE1DE, 0xE1DF, 0xE1E0, 0xE1E1, 0xE1E2, 0xE1E3, 0xE1E4, 0xE1E5, 0xE1E6, 0xE1E7, 0xE1E8, 0xE1E9,
    0xE1EA, 0xE1EB, 0xE1EC, 0xE1ED, 0xE1EE, 0xE1EF, 0xE1F0, 0xE1F1, 0xE1F2, 0xE1F3, 0xE1F4, 0xE1F5,
    0xE1F6, 0xE1F7, 0xE1F8, 0xE1F9, 0xE1FA, 0xE1FB, 0xE1FC, 0xE1FD, 0xE1FE, 0xE1FF, 0xE200, 0xE201,
    0xE202, 0xE203, 0xE204, 0xE205, 0xE206, 0xE207, 0xE208, 0xE209, 0xE20A, 0xE20B, 0xE20C, 0xE20D,
    0xE20E, 0xE20F, 0xE210, 0xE211, 0xE212, 0xE213, 0xE214, 0xE215, 0xE216, 0xE217, 0xE218, 0xE219,
    0xE21A, 0xE21B, 0xE21C, 0xE21D, 0xE21E, 0xE21F, 0xE220, 0xE221, 0xE222, 0xE223, 0xE224, 0xE225,
    0xE226, 0xE227, 0xE228, 0xE229, 0xE22A, 0xE22B, 0xE22C, 0xE22D, 0xE22E, 0xE22F, 0xE230, 0xE231,
    0xE232, 0xE233, 0x7645, 0x7646, 0x7647, 0x7648, 0x7649, 0x764A, 0x764B, 0x764E, 0x764F, 0x7650,
    0x7651, 0x7652, 0x7653, 0x7655, 0x7657, 0x7658, 0x7659, 0x765A, 0x765B, 0x765D, 0x765F, 0x7660,
    0x7661, 0x7662, 0x7664, 0x7665, 0x7666, 0x7667, 0x7668, 0x7669, 0x766A, 0x766C, 0x766D, 0x766E,
    0x7670, 0x7671, 0x7672, 0x7673, 0x7674, 0x7675, 0x7676, 0x7677, 0x7679, 0x767A, 0x767C, 0x767F,
    0x7680, 0x7681, 0x7683, 0x7685, 0x7689, 0x768A, 0x768C, 0x768D, 0x768F, 0x7690, 0x7692, 0x7694,
    0x7695, 0x7697, 0x7698, 0x769A, 0x769B, 0x769C, 0x769D, 0x769E, 0x769F, 0x76A0, 0x76A1, 0x76A2,
    0x76A3, 0x76A5, 0x76A6, 0x76A7, 0x76A8, 0x76A9, 0x76AA, 0x76AB, 0x76AC, 0x76AD, 0x76AF, 0x76B0,
    0x76B3, 0x76B5, 0x76B6, 0x76B7, 0x76B8, 0x76B9, 0x76BA, 0x76BB, 0x76BC, 0x76BD, 0x76BE, 0x76C0,
    0x76C1, 0x76C3, 0x554A, 0x963F, 0x57C3, 0x6328, 0x54CE, 0x5509, 0x54C0, 0x7691, 0x764C, 0x853C,
    0x77EE, 0x827E, 0x788D, 0x7231, 0x9698, 0x978D, 0x6C28, 0x5B89, 0x4FFA, 0x6309, 0x6697, 0x5CB8,
    0x80FA, 0x6848, 0x80AE, 0x6602, 0x76CE, 0x51F9, 0x6556, 0x71AC, 0x7FF1, 0x8884, 0x50B2, 0x5965,
    0x61CA, 0x6FB3, 0x82AD, 0x634C, 0x6252, 0x53ED, 0x5427, 0x7B06, 0x516B, 0x75A4, 0x5DF4, 0x62D4,
    0x8DCB, 0x9776, 0x628A, 0x8019, 0x575D, 0x9738, 0x7F62, 0x7238, 0x767D, 0x67CF, 0x767E, 0x6446,
    0x4F70, 0x8D25, 0x62DC, 0x7A17, 0x6591, 0x73ED, 0x642C, 0x6273, 0x822C, 0x9881, 0x677F, 0x7248,
    0x626E, 0x62CC, 0x4F34, 0x74E3, 0x534A, 0x529E, 0x7ECA, 0x90A6, 0x5E2E, 0x6886, 0x699C, 0x8180,
    0x7ED1, 0x68D2, 0x78C5, 0x868C, 0x9551, 0x508D, 0x8C24, 0x82DE, 0x80DE, 0x5305, 0x8912, 0x5265,
    0x76C4, 0x76C7, 0x76C9, 0x76CB, 0x76CC, 0x76D3, 0x76D5, 0x76D9, 0x76DA, 0x76DC, 0x76DD, 0x76DE,
    0x76E0, 0x76E1, 0x76E2, 0x76E3, 0x76E4, 0x76E6, 0x76E7, 0x76E8, 0x76E9, 0x76EA, 0x76EB, 0x76EC,
    0x76ED, 0x76F0, 0x76F3, 0x76F5, 0x76F6, 0x76F7, 0x76FA, 0x76FB, 0x76FD, 0x76FF, 0x7700, 0x7702,
    0x7703, 0x7705, 0x7706, 0x770A, 0x770C, 0x770E, 0x770F, 0x7710, 0x7711, 0x7712, 0x7713, 0x7714,
    0x7715, 0x7716, 0x7717, 0x7718, 0x771B, 0x771C, 0x771D, 0x771E, 0x7721, 0x7723, 0x7724, 0x7725,
    0x7727, 0x772A, 0x772B, 0x772C, 0x772E, 0x7730, 0x7731, 0x7732, 0x7733, 0x7734, 0x7739, 0x773B,
    0x773D, 0x773E, 0x773F, 0x7742, 0x7744, 0x7745, 0x7746, 0x7748, 0x7749, 0x774A, 0x774B, 0x774C,
    0x774D, 0x774E, 0x774F, 0x7752, 0x7753, 0x7754, 0x7755, 0x7756, 0x7757, 0x7758, 0x7759, 0x775C,
    0x8584, 0x96F9, 0x4FDD, 0x5821, 0x9971, 0x5B9D, 0x62B1, 0x62A5, 0x66B4, 0x8C79, 0x9C8D, 0x7206,
    0x676F, 0x7891, 0x60B2, 0x5351, 0x5317, 0x8F88, 0x80CC, 0x8D1D, 0x94A1, 0x500D, 0x72C8, 0x5907,
    0x60EB, 0x7119, 0x88AB, 0x5954, 0x82EF, 0x672C, 0x7B28, 0x5D29, 0x7EF7, 0x752D, 0x6CF5, 0x8E66,
    0x8FF8, 0x903C, 0x9F3B, 0x6BD4, 0x9119, 0x7B14, 0x5F7C, 0x78A7, 0x84D6, 0x853D, 0x6BD5, 0x6BD9,
    0x6BD6, 0x5E01, 0x5E87, 0x75F9, 0x95ED, 0x655D, 0x5F0A, 0x5FC5, 0x8F9F, 0x58C1, 0x81C2, 0x907F,
    0x965B, 0x97AD, 0x8FB9, 0x7F16, 0x8D2C, 0x6241, 0x4FBF, 0x53D8, 0x535E, 0x8FA8, 0x8FA9, 0x8FAB,
    0x904D, 0x6807, 0x5F6A, 0x8198, 0x8868, 0x9CD6, 0x618B, 0x522B, 0x762A, 0x5F6C, 0x658C, 0x6FD2,
    0x6EE8, 0x5BBE, 0x6448, 0x5175, 0x51B0, 0x67C4, 0x4E19, 0x79C9, 0x997C, 0x70B3, 0x775D, 0x775E,
    0x775F, 0x7760, 0x7764, 0x7767, 0x7769, 0x776A, 0x776D, 0x776E, 0x776F, 0x7770, 0x7771, 0x7772,
    0x7773, 0x7774, 0x7775, 0x7776, 0x7777, 0x7778, 0x777A, 0x777B, 0x777C, 0x7781, 0x7782, 0x7783,
    0x7786, 0x7787, 0x7788, 0x7789, 0x778A, 0x778B, 0x778F, 0x7790, 0x7793, 0x7794, 0x7795, 0x7796,
    0x7797, 0x7798, 0x7799, 0x779A, 0x779B, 0x779C, 0x779D, 0x779E, 0x77A1, 0x77A3, 0x77A4, 0x77A6,
    0x77A8, 0x77AB, 0x77AD, 0x77AE, 0x77AF, 0x77B1, 0x77B2, 0x77B4, 0x77B6, 0x77B7, 0x77B8, 0x77B9,
    0x77BA, 0x77BC, 0x77BE, 0x77C0, 0x77C1, 0x77C2, 0x77C3, 0x77C4, 0x77C5, 0x77C6, 0x77C7, 0x77C8,
    0x77C9, 0x77CA, 0x77CB, 0x77CC, 0x77CE, 0x77CF, 0x77D0, 0x77D1, 0x77D2, 0x77D3, 0x77D4, 0x77D5,
    0x77D6, 0x77D8, 0x77D9, 0x77DA, 0x77DD, 0x77DE, 0x77DF, 0x77E0, 0x77E1, 0x77E4, 0x75C5, 0x5E76,
    0x73BB, 0x83E0, 0x64AD, 0x62E8, 0x94B5, 0x6CE2, 0x535A, 0x52C3, 0x640F, 0x94C2, 0x7B94, 0x4F2F,
    0x5E1B, 0x8236, 0x8116, 0x818A, 0x6E24, 0x6CCA, 0x9A73, 0x6355, 0x535C, 0x54FA, 0x8865, 0x57E0,
    0x4E0D, 0x5E03, 0x6B65, 0x7C3F, 0x90E8, 0x6016, 0x64E6, 0x731C, 0x88C1, 0x6750, 0x624D, 0x8D22,
    0x776C, 0x8E29, 0x91C7, 0x5F69, 0x83DC, 0x8521, 0x9910, 0x53C2, 0x8695, 0x6B8B, 0x60ED, 0x60E8,
    0x707F, 0x82CD, 0x8231, 0x4ED3, 0x6CA7, 0x85CF, 0x64CD, 0x7CD9, 0x69FD, 0x66F9, 0x8349, 0x5395,
    0x7B56, 0x4FA7, 0x518C, 0x6D4B, 0x5C42, 0x8E6D, 0x63D2, 0x53C9, 0x832C, 0x8336, 0x67E5, 0x78B4,
    0x643D, 0x5BDF, 0x5C94, 0x5DEE, 0x8BE7, 0x62C6, 0x67F4, 0x8C7A, 0x6400, 0x63BA, 0x8749, 0x998B,
    0x8C17, 0x7F20, 0x94F2, 0x4EA7, 0x9610, 0x98A4, 0x660C, 0x7316, 0x77E6, 0x77E8, 0x77EA, 0x77EF,
    0x77F0, 0x77F1, 0x77F2, 0x77F4, 0x77F5, 0x77F7, 0x77F9, 0x77FA, 0x77FB, 0x77FC, 0x7803, 0x7804,
    0x7805, 0x7806, 0x7807, 0x7808, 0x780A, 0x780B, 0x780E, 0x780F, 0x7810, 0x7813, 0x7815, 0x7819,
    0x781B, 0x781E, 0x7820, 0x7821, 0x7822, 0x7824, 0x7828, 0x782A, 0x782B, 0x782E, 0x782F, 0x7831,
    0x7832, 0x7833, 0x7835, 0x7836, 0x783D, 0x783F, 0x7841, 0x7842, 0x7843, 0x7844, 0x7846, 0x7848,
    0x7849, 0x784A, 0x784B, 0x784D, 0x784F, 0x7851, 0x7853, 0x7854, 0x7858, 0x7859, 0x785A, 0x785B,
    0x785C, 0x785E, 0x785F, 0x7860, 0x7861, 0x7862, 0x7863, 0x7864, 0x7865, 0x7866, 0x7867, 0x7868,
    0x7869, 0x786F, 0x7870, 0x7871, 0x7872, 0x7873, 0x7874, 0x7875, 0x7876, 0x7878, 0x7879, 0x787A,
    0x787B, 0x787D, 0x787E, 0x787F, 0x7880, 0x7881, 0x7882, 0x7883, 0x573A, 0x5C1D, 0x5E38, 0x957F,
    0x507F, 0x80A0, 0x5382, 0x655E, 0x7545, 0x5531, 0x5021, 0x8D85, 0x6284, 0x949E, 0x671D, 0x5632,
    0x6F6E, 0x5DE2, 0x5435, 0x7092, 0x8F66, 0x626F, 0x64A4, 0x63A3, 0x5F7B, 0x6F88, 0x90F4, 0x81E3,
    0x8FB0, 0x5C18, 0x6668, 0x5FF1, 0x6C89, 0x9648, 0x8D81, 0x886C, 0x6491, 0x79F0, 0x57CE, 0x6A59,
    0x6210, 0x5448, 0x4E58, 0x7A0B, 0x60E9, 0x6F84, 0x8BDA, 0x627F, 0x901E, 0x9A8B, 0x79E4, 0x5403,
    0x75F4, 0x6301, 0x5319, 0x6C60, 0x8FDF, 0x5F1B, 0x9A70, 0x803B, 0x9F7F, 0x4F88, 0x5C3A, 0x8D64,
    0x7FC5, 0x65A5, 0x70BD, 0x5145, 0x51B2, 0x866B, 0x5D07, 0x5BA0, 0x62BD, 0x916C, 0x7574, 0x8E0C,
    0x7A20, 0x6101, 0x7B79, 0x4EC7, 0x7EF8, 0x7785, 0x4E11, 0x81ED, 0x521D, 0x51FA, 0x6A71, 0x53A8,
    0x8E87, 0x9504, 0x96CF, 0x6EC1, 0x9664, 0x695A, 0x7884, 0x7885, 0x7886, 0x7888, 0x788A, 0x788B,
    0x788F, 0x7890, 0x7892, 0x7894, 0x7895, 0x7896, 0x7899, 0x789D, 0x789E, 0x78A0, 0x78A2, 0x78A4,
    0x78A6, 0x78A8, 0x78A9, 0x78AA, 0x78AB, 0x78AC, 0x78AD, 0x78AE, 0x78AF, 0x78B5, 0x78B6, 0x78B7,
    0x78B8, 0x78BA, 0x78BB, 0x78BC, 0x78BD, 0x78BF, 0x78C0, 0x78C2, 0x78C3, 0x78C4, 0x78C6, 0x78C7,
    0x78C8, 0x78CC, 0x78CD, 0x78CE, 0x78CF, 0x78D1, 0x78D2, 0x78D3, 0x78D6, 0x78D7, 0x78D8, 0x78DA,
    0x78DB, 0x78DC, 0x78DD, 0x78DE, 0x78DF, 0x78E0, 0x78E1, 0x78E2, 0x78E3, 0x78E4, 0x78E5, 0x78E6,
    0x78E7, 0x78E9, 0x78EA, 0x78EB, 0x78ED, 0x78EE, 0x78EF, 0x78F0, 0x78F1, 0x78F3, 0x78F5, 0x78F6,
    0x78F8, 0x78F9, 0x78FB, 0x78FC, 0x78FD, 0x78FE, 0x78FF, 0x7900, 0x7902, 0x7903, 0x7904, 0x7906,
    0x7907, 0x7908, 0x7909, 0x790A, 0x790B, 0x790C, 0x7840, 0x50A8, 0x77D7, 0x6410, 0x89E6, 0x5904,
    0x63E3, 0x5DDD, 0x7A7F, 0x693D, 0x4F20, 0x8239, 0x5598, 0x4E32, 0x75AE, 0x7A97, 0x5E62, 0x5E8A,
    0x95EF, 0x521B, 0x5439, 0x708A, 0x6376, 0x9524, 0x5782, 0x6625, 0x693F, 0x9187, 0x5507, 0x6DF3,
    0x7EAF, 0x8822, 0x6233, 0x7EF0, 0x75B5, 0x8328, 0x78C1, 0x96CC, 0x8F9E, 0x6148, 0x74F7, 0x8BCD,
    0x6B64, 0x523A, 0x8D50, 0x6B21, 0x806A, 0x8471, 0x56F1, 0x5306, 0x4ECE, 0x4E1B, 0x51D1, 0x7C97,
    0x918B, 0x7C07, 0x4FC3, 0x8E7F, 0x7BE1, 0x7A9C, 0x6467, 0x5D14, 0x50AC, 0x8106, 0x7601, 0x7CB9,
    0x6DEC, 0x7FE0, 0x6751, 0x5B58, 0x5BF8, 0x78CB, 0x64AE, 0x6413, 0x63AA, 0x632B, 0x9519, 0x642D,
    0x8FBE, 0x7B54, 0x7629, 0x6253, 0x5927, 0x5446, 0x6B79, 0x50A3, 0x6234, 0x5E26, 0x6B86, 0x4EE3,
    0x8D37, 0x888B, 0x5F85, 0x902E, 0x790D, 0x790E, 0x790F, 0x7910, 0x7911, 0x7912, 0x7914, 0x7915,
    0x7916, 0x7917, 0x7918, 0x7919, 0x791A, 0x791B, 0x791C, 0x791D, 0x791F, 0x7920, 0x7921, 0x7922,
    0x7923, 0x7925, 0x7926, 0x7927, 0x7928, 0x7929, 0x792A, 0x792B, 0x792C, 0x792D, 0x792E, 0x792F,
    0x7930, 0x7931, 0x7932, 0x7933, 0x7935, 0x7936, 0x7937, 0x7938, 0x7939, 0x793D, 0x793F, 0x7942,
    0x7943, 0x7944, 0x7945, 0x7947, 0x794A, 0x794B, 0x794C, 0x794D, 0x794E, 0x794F, 0x7950, 0x7951,
    0x7952, 0x7954, 0x7955, 0x7958, 0x7959, 0x7961, 0x7963, 0x7964, 0x7966, 0x7969, 0x796A, 0x796B,
    0x796C, 0x796E, 0x7970, 0x7971, 0x7972, 0x7973, 0x7974, 0x7975, 0x7976, 0x7979, 0x797B, 0x797C,
    0x797D, 0x797E, 0x797F, 0x7982, 0x7983, 0x7986, 0x7987, 0x7988, 0x7989, 0x798B, 0x798C, 0x798D,
    0x798E, 0x7990, 0x7991, 0x7992, 0x6020, 0x803D, 0x62C5, 0x4E39, 0x5355, 0x90F8, 0x63B8, 0x80C6,
    0x65E6, 0x6C2E, 0x4F46, 0x60EE, 0x6DE1, 0x8BDE, 0x5F39, 0x86CB, 0x5F53, 0x6321, 0x515A, 0x8361,
    0x6863, 0x5200, 0x6363, 0x8E48, 0x5012, 0x5C9B, 0x7977, 0x5BFC, 0x5230, 0x7A3B, 0x60BC, 0x9053,
    0x76D7, 0x5FB7, 0x5F97, 0x7684, 0x8E6C, 0x706F, 0x767B, 0x7B49, 0x77AA, 0x51F3, 0x9093, 0x5824,
    0x4F4E, 0x6EF4, 0x8FEA, 0x654C, 0x7B1B, 0x72C4, 0x6DA4, 0x7FDF, 0x5AE1, 0x62B5, 0x5E95, 0x5730,
    0x8482, 0x7B2C, 0x5E1D, 0x5F1F, 0x9012, 0x7F14, 0x98A0, 0x6382, 0x6EC7, 0x7898, 0x70B9, 0x5178,
    0x975B, 0x57AB, 0x7535, 0x4F43, 0x7538, 0x5E97, 0x60E6, 0x5960, 0x6DC0, 0x6BBF, 0x7889, 0x53FC,
    0x96D5, 0x51CB, 0x5201, 0x6389, 0x540A, 0x9493, 0x8C03, 0x8DCC, 0x7239, 0x789F, 0x8776, 0x8FED,
    0x8C0D, 0x53E0, 0x7993, 0x7994, 0x7995, 0x7996, 0x7997, 0x7998, 0x7999, 0x799B, 0x799C, 0x799D,
    0x799E, 0x799F, 0x79A0, 0x79A1, 0x79A2, 0x79A3, 0x79A4, 0x79A5, 0x79A6, 0x79A8, 0x79A9, 0x79AA,
    0x79AB, 0x79AC, 0x79AD, 0x79AE, 0x79AF, 0x79B0, 0x79B1, 0x79B2, 0x79B4, 0x79B5, 0x79B6, 0x79B7,
    0x79B8, 0x79BC, 0x79BF, 0x79C2, 0x79C4, 0x79C5, 0x79C7, 0x79C8, 0x79CA, 0x79CC, 0x79CE, 0x79CF,
    0x79D0, 0x79D3, 0x79D4, 0x79D6, 0x79D7, 0x79D9, 0x79DA, 0x79DB, 0x79DC, 0x79DD, 0x79DE, 0x79E0,
    0x79E1, 0x79E2, 0x79E5, 0x79E8, 0x79EA, 0x79EC, 0x79EE, 0x79F1, 0x79F2, 0x79F3, 0x79F4, 0x79F5,
    0x79F6, 0x79F7, 0x79F9, 0x79FA, 0x79FC, 0x79FE, 0x79FF, 0x7A01, 0x7A04, 0x7A05, 0x7A07, 0x7A08,
    0x7A09, 0x7A0A, 0x7A0C, 0x7A0F, 0x7A10, 0x7A11, 0x7A12, 0x7A13, 0x7A15, 0x7A16, 0x7A18, 0x7A19,
    0x7A1B, 0x7A1C, 0x4E01, 0x76EF, 0x53EE, 0x9489, 0x9876, 0x9F0E, 0x952D, 0x5B9A, 0x8BA2, 0x4E22,
    0x4E1C, 0x51AC, 0x8463, 0x61C2, 0x52A8, 0x680B, 0x4F97, 0x606B, 0x51BB, 0x6D1E, 0x515C, 0x6296,
    0x6597, 0x9661, 0x8C46, 0x9017, 0x75D8, 0x90FD, 0x7763, 0x6BD2, 0x728A, 0x72EC, 0x8BFB, 0x5835,
    0x7779, 0x8D4C, 0x675C, 0x9540, 0x809A, 0x5EA6, 0x6E21, 0x5992, 0x7AEF, 0x77ED, 0x953B, 0x6BB5,
    0x65AD, 0x7F0E, 0x5806, 0x5151, 0x961F, 0x5BF9, 0x58A9, 0x5428, 0x8E72, 0x6566, 0x987F, 0x56E4,
    0x949D, 0x76FE, 0x9041, 0x6387, 0x54C6, 0x591A, 0x593A, 0x579B, 0x8EB2, 0x6735, 0x8DFA, 0x8235,
    0x5241, 0x60F0, 0x5815, 0x86FE, 0x5CE8, 0x9E45, 0x4FC4, 0x989D, 0x8BB9, 0x5A25, 0x6076, 0x5384,
    0x627C, 0x904F, 0x9102, 0x997F, 0x6069, 0x800C, 0x513F, 0x8033, 0x5C14, 0x9975, 0x6D31, 0x4E8C,
    0x7A1D, 0x7A1F, 0x7A21, 0x7A22, 0x7A24, 0x7A25, 0x7A26, 0x7A27, 0x7A28, 0x7A29, 0x7A2A, 0x7A2B,
    0x7A2C, 0x7A2D, 0x7A2E, 0x7A2F, 0x7A30, 0x7A31, 0x7A32, 0x7A34, 0x7A35, 0x7A36, 0x7A38, 0x7A3A,
    0x7A3E, 0x7A40, 0x7A41, 0x7A42, 0x7A43, 0x7A44, 0x7A45, 0x7A47, 0x7A48, 0x7A49, 0x7A4A, 0x7A4B,
    0x7A4C, 0x7A4D, 0x7A4E, 0x7A4F, 0x7A50, 0x7A52, 0x7A53, 0x7A54, 0x7A55, 0x7A56, 0x7A58, 0x7A59,
    0x7A5A, 0x7A5B, 0x7A5C, 0x7A5D, 0x7A5E, 0x7A5F, 0x7A60, 0x7A61, 0x7A62, 0x7A63, 0x7A64, 0x7A65,
    0x7A66, 0x7A67, 0x7A68, 0x7A69, 0x7A6A, 0x7A6B, 0x7A6C, 0x7A6D, 0x7A6E, 0x7A6F, 0x7A71, 0x7A72,
    0x7A73, 0x7A75, 0x7A7B, 0x7A7C, 0x7A7D, 0x7A7E, 0x7A82, 0x7A85, 0x7A87, 0x7A89, 0x7A8A, 0x7A8B,
    0x7A8C, 0x7A8E, 0x7A8F, 0x7A90, 0x7A93, 0x7A94, 0x7A99, 0x7A9A, 0x7A9B, 0x7A9E, 0x7AA1, 0x7AA2,
    0x8D30, 0x53D1, 0x7F5A, 0x7B4F, 0x4F10, 0x4E4F, 0x9600, 0x6CD5, 0x73D0, 0x85E9, 0x5E06, 0x756A,
    0x7FFB, 0x6A0A, 0x77FE, 0x9492, 0x7E41, 0x51E1, 0x70E6, 0x53CD, 0x8FD4, 0x8303, 0x8D29, 0x72AF,
    0x996D, 0x6CDB, 0x574A, 0x82B3, 0x65B9, 0x80AA, 0x623F, 0x9632, 0x59A8, 0x4EFF, 0x8BBF, 0x7EBA,
    0x653E, 0x83F2, 0x975E, 0x5561, 0x98DE, 0x80A5, 0x532A, 0x8BFD, 0x5420, 0x80BA, 0x5E9F, 0x6CB8,
    0x8D39, 0x82AC, 0x915A, 0x5429, 0x6C1B, 0x5206, 0x7EB7, 0x575F, 0x711A, 0x6C7E, 0x7C89, 0x594B,
    0x4EFD, 0x5FFF, 0x6124, 0x7CAA, 0x4E30, 0x5C01, 0x67AB, 0x8702, 0x5CF0, 0x950B, 0x98CE, 0x75AF,
    0x70FD, 0x9022, 0x51AF, 0x7F1D, 0x8BBD, 0x5949, 0x51E4, 0x4F5B, 0x5426, 0x592B, 0x6577, 0x80A4,
    0x5B75, 0x6276, 0x62C2, 0x8F90, 0x5E45, 0x6C1F, 0x7B26, 0x4F0F, 0x4FD8, 0x670D, 0x7AA3, 0x7AA4,
    0x7AA7, 0x7AA9, 0x7AAA, 0x7AAB, 0x7AAE, 0x7AAF, 0x7AB0, 0x7AB1, 0x7AB2, 0x7AB4, 0x7AB5, 0x7AB6,
    0x7AB7, 0x7AB8, 0x7AB9, 0x7ABA, 0x7ABB, 0x7ABC, 0x7ABD, 0x7ABE, 0x7AC0, 0x7AC1, 0x7AC2, 0x7AC3,
    0x7AC4, 0x7AC5, 0x7AC6, 0x7AC7, 0x7AC8, 0x7AC9, 0x7ACA, 0x7ACC, 0x7ACD, 0x7ACE, 0x7ACF, 0x7AD0,
    0x7AD1, 0x7AD2, 0x7AD3, 0x7AD4, 0x7AD5, 0x7AD7, 0x7AD8, 0x7ADA, 0x7ADB, 0x7ADC, 0x7ADD, 0x7AE1,
    0x7AE2, 0x7AE4, 0x7AE7, 0x7AE8, 0x7AE9, 0x7AEA, 0x7AEB, 0x7AEC, 0x7AEE, 0x7AF0, 0x7AF1, 0x7AF2,
    0x7AF3, 0x7AF4, 0x7AF5, 0x7AF6, 0x7AF7, 0x7AF8, 0x7AFB, 0x7AFC, 0x7AFE, 0x7B00, 0x7B01, 0x7B02,
    0x7B05, 0x7B07, 0x7B09, 0x7B0C, 0x7B0D, 0x7B0E, 0x7B10, 0x7B12, 0x7B13, 0x7B16, 0x7B17, 0x7B18,
    0x7B1A, 0x7B1C, 0x7B1D, 0x7B1F, 0x7B21, 0x7B22, 0x7B23, 0x7B27, 0x7B29, 0x7B2D, 0x6D6E, 0x6DAA,
    0x798F, 0x88B1, 0x5F17, 0x752B, 0x629A, 0x8F85, 0x4FEF, 0x91DC, 0x65A7, 0x812F, 0x8151, 0x5E9C,
    0x8150, 0x8D74, 0x526F, 0x8986, 0x8D4B, 0x590D, 0x5085, 0x4ED8, 0x961C, 0x7236, 0x8179, 0x8D1F,
    0x5BCC, 0x8BA3, 0x9644, 0x5987, 0x7F1A, 0x5490, 0x5676, 0x560E, 0x8BE5, 0x6539, 0x6982, 0x9499,
    0x76D6, 0x6E89, 0x5E72, 0x7518, 0x6746, 0x67D1, 0x7AFF, 0x809D, 0x8D76, 0x611F, 0x79C6, 0x6562,
    0x8D63, 0x5188, 0x521A, 0x94A2, 0x7F38, 0x809B, 0x7EB2, 0x5C97, 0x6E2F, 0x6760, 0x7BD9, 0x768B,
    0x9AD8, 0x818F, 0x7F94, 0x7CD5, 0x641E, 0x9550, 0x7A3F, 0x544A, 0x54E5, 0x6B4C, 0x6401, 0x6208,
    0x9E3D, 0x80F3, 0x7599, 0x5272, 0x9769, 0x845B, 0x683C, 0x86E4, 0x9601, 0x9694, 0x94EC, 0x4E2A,
    0x5404, 0x7ED9, 0x6839, 0x8DDF, 0x8015, 0x66F4, 0x5E9A, 0x7FB9, 0x7B2F, 0x7B30, 0x7B32, 0x7B34,
    0x7B35, 0x7B36, 0x7B37, 0x7B39, 0x7B3B, 0x7B3D, 0x7B3F, 0x7B40, 0x7B41, 0x7B42, 0x7B43, 0x7B44,
    0x7B46, 0x7B48, 0x7B4A, 0x7B4D, 0x7B4E, 0x7B53, 0x7B55, 0x7B57, 0x7B59, 0x7B5C, 0x7B5E, 0x7B5F,
    0x7B61, 0x7B63, 0x7B64, 0x7B65, 0x7B66, 0x7B67, 0x7B68, 0x7B69, 0x7B6A, 0x7B6B, 0x7B6C, 0x7B6D,
    0x7B6F, 0x7B70, 0x7B73, 0x7B74, 0x7B76, 0x7B78, 0x7B7A, 0x7B7C, 0x7B7D, 0x7B7F, 0x7B81, 0x7B82,
    0x7B83, 0x7B84, 0x7B86, 0x7B87, 0x7B88, 0x7B89, 0x7B8A, 0x7B8B, 0x7B8C, 0x7B8E, 0x7B8F, 0x7B91,
    0x7B92, 0x7B93, 0x7B96, 0x7B98, 0x7B99, 0x7B9A, 0x7B9B, 0x7B9E, 0x7B9F, 0x7BA0, 0x7BA3, 0x7BA4,
    0x7BA5, 0x7BAE, 0x7BAF, 0x7BB0, 0x7BB2, 0x7BB3, 0x7BB5, 0x7BB6, 0x7BB7, 0x7BB9, 0x7BBA, 0x7BBB,
    0x7BBC, 0x7BBD, 0x7BBE, 0x7BBF, 0x7BC0, 0x7BC2, 0x7BC3, 0x7BC4, 0x57C2, 0x803F, 0x6897, 0x5DE5,
    0x653B, 0x529F, 0x606D, 0x9F9A, 0x4F9B, 0x8EAC, 0x516C, 0x5BAB, 0x5F13, 0x5DE9, 0x6C5E, 0x62F1,
    0x8D21, 0x5171, 0x94A9, 0x52FE, 0x6C9F, 0x82DF, 0x72D7, 0x57A2, 0x6784, 0x8D2D, 0x591F, 0x8F9C,
    0x83C7, 0x5495, 0x7B8D, 0x4F30, 0x6CBD, 0x5B64, 0x59D1, 0x9F13, 0x53E4, 0x86CA, 0x9AA8, 0x8C37,
    0x80A1, 0x6545, 0x987E, 0x56FA, 0x96C7, 0x522E, 0x74DC, 0x5250, 0x5BE1, 0x6302, 0x8902, 0x4E56,
    0x62D0, 0x602A, 0x68FA, 0x5173, 0x5B98, 0x51A0, 0x89C2, 0x7BA1, 0x9986, 0x7F50, 0x60EF, 0x704C,
    0x8D2F, 0x5149, 0x5E7F, 0x901B, 0x7470, 0x89C4, 0x572D, 0x7845, 0x5F52, 0x9F9F, 0x95FA, 0x8F68,
    0x9B3C, 0x8BE1, 0x7678, 0x6842, 0x67DC, 0x8DEA, 0x8D35, 0x523D, 0x8F8A, 0x6EDA, 0x68CD, 0x9505,
    0x90ED, 0x56FD, 0x679C, 0x88F9, 0x8FC7, 0x54C8, 0x7BC5, 0x7BC8, 0x7BC9, 0x7BCA, 0x7BCB, 0x7BCD,
    0x7BCE, 0x7BCF, 0x7BD0, 0x7BD2, 0x7BD4, 0x7BD5, 0x7BD6, 0x7BD7, 0x7BD8, 0x7BDB, 0x7BDC, 0x7BDE,
    0x7BDF, 0x7BE0, 0x7BE2, 0x7BE3, 0x7BE4, 0x7BE7, 0x7BE8, 0x7BE9, 0x7BEB, 0x7BEC, 0x7BED, 0x7BEF,
    0x7BF0, 0x7BF2, 0x7BF3, 0x7BF4, 0x7BF5, 0x7BF6, 0x7BF8, 0x7BF9, 0x7BFA, 0x7BFB, 0x7BFD, 0x7BFF,
    0x7C00, 0x7C01, 0x7C02, 0x7C03, 0x7C04, 0x7C05, 0x7C06, 0x7C08, 0x7C09, 0x7C0A, 0x7C0D, 0x7C0E,
    0x7C10, 0x7C11, 0x7C12, 0x7C13, 0x7C14, 0x7C15, 0x7C17, 0x7C18, 0x7C19, 0x7C1A, 0x7C1B, 0x7C1C,
    0x7C1D, 0x7C1E, 0x7C20, 0x7C21, 0x7C22, 0x7C23, 0x7C24, 0x7C25, 0x7C28, 0x7C29, 0x7C2B, 0x7C2C,
    0x7C2D, 0x7C2E, 0x7C2F, 0x7C30, 0x7C31, 0x7C32, 0x7C33, 0x7C34, 0x7C35, 0x7C36, 0x7C37, 0x7C39,
    0x7C3A, 0x7C3B, 0x7C3C, 0x7C3D, 0x7C3E, 0x7C42, 0x9AB8, 0x5B69, 0x6D77, 0x6C26, 0x4EA5, 0x5BB3,
    0x9A87, 0x9163, 0x61A8, 0x90AF, 0x97E9, 0x542B, 0x6DB5, 0x5BD2, 0x51FD, 0x558A, 0x7F55, 0x7FF0,
    0x64BC, 0x634D, 0x65F1, 0x61BE, 0x608D, 0x710A, 0x6C57, 0x6C49, 0x592F, 0x676D, 0x822A, 0x58D5,
    0x568E, 0x8C6A, 0x6BEB, 0x90DD, 0x597D, 0x8017, 0x53F7, 0x6D69, 0x5475, 0x559D, 0x8377, 0x83CF,
    0x6838, 0x79BE, 0x548C, 0x4F55, 0x5408, 0x76D2, 0x8C89, 0x9602, 0x6CB3, 0x6DB8, 0x8D6B, 0x8910,
    0x9E64, 0x8D3A, 0x563F, 0x9ED1, 0x75D5, 0x5F88, 0x72E0, 0x6068, 0x54FC, 0x4EA8, 0x6A2A, 0x8861,
    0x6052, 0x8F70, 0x54C4, 0x70D8, 0x8679, 0x9E3F, 0x6D2A, 0x5B8F, 0x5F18, 0x7EA2, 0x5589, 0x4FAF,
    0x7334, 0x543C, 0x539A, 0x5019, 0x540E, 0x547C, 0x4E4E, 0x5FFD, 0x745A, 0x58F6, 0x846B, 0x80E1,
    0x8774, 0x72D0, 0x7CCA, 0x6E56, 0x7C43, 0x7C44, 0x7C45, 0x7C46, 0x7C47, 0x7C48, 0x7C49, 0x7C4A,
    0x7C4B, 0x7C4C, 0x7C4E, 0x7C4F, 0x7C50, 0x7C51, 0x7C52, 0x7C53, 0x7C54, 0x7C55, 0x7C56, 0x7C57,
    0x7C58, 0x7C59, 0x7C5A, 0x7C5B, 0x7C5C, 0x7C5D, 0x7C5E, 0x7C5F, 0x7C60, 0x7C61, 0x7C62, 0x7C63,
    0x7C64, 0x7C65, 0x7C66, 0x7C67, 0x7C68, 0x7C69, 0x7C6A, 0x7C6B, 0x7C6C, 0x7C6D, 0x7C6E, 0x7C6F,
    0x7C70, 0x7C71, 0x7C72, 0x7C75, 0x7C76, 0x7C77, 0x7C78, 0x7C79, 0x7C7A, 0x7C7E, 0x7C7F, 0x7C80,
    0x7C81, 0x7C82, 0x7C83, 0x7C84, 0x7C85, 0x7C86, 0x7C87, 0x7C88, 0x7C8A, 0x7C8B, 0x7C8C, 0x7C8D,
    0x7C8E, 0x7C8F, 0x7C90, 0x7C93, 0x7C94, 0x7C96, 0x7C99, 0x7C9A, 0x7C9B, 0x7CA0, 0x7CA1, 0x7CA3,
    0x7CA6, 0x7CA7, 0x7CA8, 0x7CA9, 0x7CAB, 0x7CAC, 0x7CAD, 0x7CAF, 0x7CB0, 0x7CB4, 0x7CB5, 0x7CB6,
    0x7CB7, 0x7CB8, 0x7CBA, 0x7CBB, 0x5F27, 0x864E, 0x552C, 0x62A4, 0x4E92, 0x6CAA, 0x6237, 0x82B1,
    0x54D7, 0x534E, 0x733E, 0x6ED1, 0x753B, 0x5212, 0x5316, 0x8BDD, 0x69D0, 0x5F8A, 0x6000, 0x6DEE,
    0x574F, 0x6B22, 0x73AF, 0x6853, 0x8FD8, 0x7F13, 0x6362, 0x60A3, 0x5524, 0x75EA, 0x8C62, 0x7115,
    0x6DA3, 0x5BA6, 0x5E7B, 0x8352, 0x614C, 0x9EC4, 0x78FA, 0x8757, 0x7C27, 0x7687, 0x51F0, 0x60F6,
    0x714C, 0x6643, 0x5E4C, 0x604D, 0x8C0E, 0x7070, 0x6325, 0x8F89, 0x5FBD, 0x6062, 0x86D4, 0x56DE,
    0x6BC1, 0x6094, 0x6167, 0x5349, 0x60E0, 0x6666, 0x8D3F, 0x79FD, 0x4F1A, 0x70E9, 0x6C47, 0x8BB3,
    0x8BF2, 0x7ED8, 0x8364, 0x660F, 0x5A5A, 0x9B42, 0x6D51, 0x6DF7, 0x8C41, 0x6D3B, 0x4F19, 0x706B,
    0x83B7, 0x6216, 0x60D1, 0x970D, 0x8D27, 0x7978, 0x51FB, 0x573E, 0x57FA, 0x673A, 0x7578, 0x7A3D,
    0x79EF, 0x7B95, 0x7CBF, 0x7CC0, 0x7CC2, 0x7CC3, 0x7CC4, 0x7CC6, 0x7CC9, 0x7CCB, 0x7CCE, 0x7CCF,
    0x7CD0, 0x7CD1, 0x7CD2, 0x7CD3, 0x7CD4, 0x7CD8, 0x7CDA, 0x7CDB, 0x7CDD, 0x7CDE, 0x7CE1, 0x7CE2,
    0x7CE3, 0x7CE4, 0x7CE5, 0x7CE6, 0x7CE7, 0x7CE9, 0x7CEA, 0x7CEB, 0x7CEC, 0x7CED, 0x7CEE, 0x7CF0,
    0x7CF1, 0x7CF2, 0x7CF3, 0x7CF4, 0x7CF5, 0x7CF6, 0x7CF7, 0x7CF9, 0x7CFA, 0x7CFC, 0x7CFD, 0x7CFE,
    0x7CFF, 0x7D00, 0x7D01, 0x7D02, 0x7D03, 0x7D04, 0x7D05, 0x7D06, 0x7D07, 0x7D08, 0x7D09, 0x7D0B,
    0x7D0C, 0x7D0D, 0x7D0E, 0x7D0F, 0x7D10, 0x7D11, 0x7D12, 0x7D13, 0x7D14, 0x7D15, 0x7D16, 0x7D17,
    0x7D18, 0x7D19, 0x7D1A, 0x7D1B, 0x7D1C, 0x7D1D, 0x7D1E, 0x7D1F, 0x7D21, 0x7D23, 0x7D24, 0x7D25,
    0x7D26, 0x7D28, 0x7D29, 0x7D2A, 0x7D2C, 0x7D2D, 0x7D2E, 0x7D30, 0x7D31, 0x7D32, 0x7D33, 0x7D34,
    0x7D35, 0x7D36, 0x808C, 0x9965, 0x8FF9, 0x6FC0, 0x8BA5, 0x9E21, 0x59EC, 0x7EE9, 0x7F09, 0x5409,
    0x6781, 0x68D8, 0x8F91, 0x7C4D, 0x96C6, 0x53CA, 0x6025, 0x75BE, 0x6C72, 0x5373, 0x5AC9, 0x7EA7,
    0x6324, 0x51E0, 0x810A, 0x5DF1, 0x84DF, 0x6280, 0x5180, 0x5B63, 0x4F0E, 0x796D, 0x5242, 0x60B8,
    0x6D4E, 0x5BC4, 0x5BC2, 0x8BA1, 0x8BB0, 0x65E2, 0x5FCC, 0x9645, 0x5993, 0x7EE7, 0x7EAA, 0x5609,
    0x67B7, 0x5939, 0x4F73, 0x5BB6, 0x52A0, 0x835A, 0x988A, 0x8D3E, 0x7532, 0x94BE, 0x5047, 0x7A3C,
    0x4EF7, 0x67B6, 0x9A7E, 0x5AC1, 0x6B7C, 0x76D1, 0x575A, 0x5C16, 0x7B3A, 0x95F4, 0x714E, 0x517C,
    0x80A9, 0x8270, 0x5978, 0x7F04, 0x8327, 0x68C0, 0x67EC, 0x78B1, 0x7877, 0x62E3, 0x6361, 0x7B80,
    0x4FED, 0x526A, 0x51CF, 0x8350, 0x69DB, 0x9274, 0x8DF5, 0x8D31, 0x89C1, 0x952E, 0x7BAD, 0x4EF6,
    0x7D37, 0x7D38, 0x7D39, 0x7D3A, 0x7D3B, 0x7D3C, 0x7D3D, 0x7D3E, 0x7D3F, 0x7D40, 0x7D41, 0x7D42,
    0x7D43, 0x7D44, 0x7D45, 0x7D46, 0x7D47, 0x7D48, 0x7D49, 0x7D4A, 0x7D4B, 0x7D4C, 0x7D4D, 0x7D4E,
    0x7D4F, 0x7D50, 0x7D51, 0x7D52, 0x7D53, 0x7D54, 0x7D55, 0x7D56, 0x7D57, 0x7D58, 0x7D59, 0x7D5A,
    0x7D5B, 0x7D5C, 0x7D5D, 0x7D5E, 0x7D5F, 0x7D60, 0x7D61, 0x7D62, 0x7D63, 0x7D64, 0x7D65, 0x7D66,
    0x7D67, 0x7D68, 0x7D69, 0x7D6A, 0x7D6B, 0x7D6C, 0x7D6D, 0x7D6F, 0x7D70, 0x7D71, 0x7D72, 0x7D73,
    0x7D74, 0x7D75, 0x7D76, 0x7D78, 0x7D79, 0x7D7A, 0x7D7B, 0x7D7C, 0x7D7D, 0x7D7E, 0x7D7F, 0x7D80,
    0x7D81, 0x7D82, 0x7D83, 0x7D84, 0x7D85, 0x7D86, 0x7D87, 0x7D88, 0x7D89, 0x7D8A, 0x7D8B, 0x7D8C,
    0x7D8D, 0x7D8E, 0x7D8F, 0x7D90, 0x7D91, 0x7D92, 0x7D93, 0x7D94, 0x7D95, 0x7D96, 0x7D97, 0x7D98,
    0x5065, 0x8230, 0x5251, 0x996F, 0x6E10, 0x6E85, 0x6DA7, 0x5EFA, 0x50F5, 0x59DC, 0x5C06, 0x6D46,
    0x6C5F, 0x7586, 0x848B, 0x6868, 0x5956, 0x8BB2, 0x5320, 0x9171, 0x964D, 0x8549, 0x6912, 0x7901,
    0x7126, 0x80F6, 0x4EA4, 0x90CA, 0x6D47, 0x9A84, 0x5A07, 0x56BC, 0x6405, 0x94F0, 0x77EB, 0x4FA5,
    0x811A, 0x72E1, 0x89D2, 0x997A, 0x7F34, 0x7EDE, 0x527F, 0x6559, 0x9175, 0x8F7F, 0x8F83, 0x53EB,
    0x7A96, 0x63ED, 0x63A5, 0x7686, 0x79F8, 0x8857, 0x9636, 0x622A, 0x52AB, 0x8282, 0x6854, 0x6770,
    0x6377, 0x776B, 0x7AED, 0x6D01, 0x7ED3, 0x89E3, 0x59D0, 0x6212, 0x85C9, 0x82A5, 0x754C, 0x501F,
    0x4ECB, 0x75A5, 0x8BEB, 0x5C4A, 0x5DFE, 0x7B4B, 0x65A4, 0x91D1, 0x4ECA, 0x6D25, 0x895F, 0x7D27,
    0x9526, 0x4EC5, 0x8C28, 0x8FDB, 0x9773, 0x664B, 0x7981, 0x8FD1, 0x70EC, 0x6D78, 0x7D99, 0x7D9A,
    0x7D9B, 0x7D9C, 0x7D9D, 0x7D9E, 0x7D9F, 0x7DA0, 0x7DA1, 0x7DA2, 0x7DA3, 0x7DA4, 0x7DA5, 0x7DA7,
    0x7DA8, 0x7DA9, 0x7DAA, 0x7DAB, 0x7DAC, 0x7DAD, 0x7DAF, 0x7DB0, 0x7DB1, 0x7DB2, 0x7DB3, 0x7DB4,
    0x7DB5, 0x7DB6, 0x7DB7, 0x7DB8, 0x7DB9, 0x7DBA, 0x7DBB, 0x7DBC, 0x7DBD, 0x7DBE, 0x7DBF, 0x7DC0,
    0x7DC1, 0x7DC2, 0x7DC3, 0x7DC4, 0x7DC5, 0x7DC6, 0x7DC7, 0x7DC8, 0x7DC9, 0x7DCA, 0x7DCB, 0x7DCC,
    0x7DCD, 0x7DCE, 0x7DCF, 0x7DD0, 0x7DD1, 0x7DD2, 0x7DD3, 0x7DD4, 0x7DD5, 0x7DD6, 0x7DD7, 0x7DD8,
    0x7DD9, 0x7DDA, 0x7DDB, 0x7DDC, 0x7DDD, 0x7DDE, 0x7DDF, 0x7DE0, 0x7DE1, 0x7DE2, 0x7DE3, 0x7DE4,
    0x7DE5, 0x7DE6, 0x7DE7, 0x7DE8, 0x7DE9, 0x7DEA, 0x7DEB, 0x7DEC, 0x7DED, 0x7DEE, 0x7DEF, 0x7DF0,
    0x7DF1, 0x7DF2, 0x7DF3, 0x7DF4, 0x7DF5, 0x7DF6, 0x7DF7, 0x7DF8, 0x7DF9, 0x7DFA, 0x5C3D, 0x52B2,
    0x8346, 0x5162, 0x830E, 0x775B, 0x6676, 0x9CB8, 0x4EAC, 0x60CA, 0x7CBE, 0x7CB3, 0x7ECF, 0x4E95,
    0x8B66, 0x666F, 0x9888, 0x9759, 0x5883, 0x656C, 0x955C, 0x5F84, 0x75C9, 0x9756, 0x7ADF, 0x7ADE,
    0x51C0, 0x70AF, 0x7A98, 0x63EA, 0x7A76, 0x7EA0, 0x7396, 0x97ED, 0x4E45, 0x7078, 0x4E5D, 0x9152,
    0x53A9, 0x6551, 0x65E7, 0x81FC, 0x8205, 0x548E, 0x5C31, 0x759A, 0x97A0, 0x62D8, 0x72D9, 0x75BD,
    0x5C45, 0x9A79, 0x83CA, 0x5C40, 0x5480, 0x77E9, 0x4E3E, 0x6CAE, 0x805A, 0x62D2, 0x636E, 0x5DE8,
    0x5177, 0x8DDD, 0x8E1E, 0x952F, 0x4FF1, 0x53E5, 0x60E7, 0x70AC, 0x5267, 0x6350, 0x9E43, 0x5A1F,
    0x5026, 0x7737, 0x5377, 0x7EE2, 0x6485, 0x652B, 0x6289, 0x6398, 0x5014, 0x7235, 0x89C9, 0x51B3,
    0x8BC0, 0x7EDD, 0x5747, 0x83CC, 0x94A7, 0x519B, 0x541B, 0x5CFB, 0x7DFB, 0x7DFC, 0x7DFD, 0x7DFE,
    0x7DFF, 0x7E00, 0x7E01, 0x7E02, 0x7E03, 0x7E04, 0x7E05, 0x7E06, 0x7E07, 0x7E08, 0x7E09, 0x7E0A,
    0x7E0B, 0x7E0C, 0x7E0D, 0x7E0E, 0x7E0F, 0x7E10, 0x7E11, 0x7E12, 0x7E13, 0x7E14, 0x7E15, 0x7E16,
    0x7E17, 0x7E18, 0x7E19, 0x7E1A, 0x7E1B, 0x7E1C, 0x7E1D, 0x7E1E, 0x7E1F, 0x7E20, 0x7E21, 0x7E22,
    0x7E23, 0x7E24, 0x7E25, 0x7E26, 0x7E27, 0x7E28, 0x7E29, 0x7E2A, 0x7E2B, 0x7E2C, 0x7E2D, 0x7E2E,
    0x7E2F, 0x7E30, 0x7E31, 0x7E32, 0x7E33, 0x7E34, 0x7E35, 0x7E36, 0x7E37, 0x7E38, 0x7E39, 0x7E3A,
    0x7E3C, 0x7E3D, 0x7E3E, 0x7E3F, 0x7E40, 0x7E42, 0x7E43, 0x7E44, 0x7E45, 0x7E46, 0x7E48, 0x7E49,
    0x7E4A, 0x7E4B, 0x7E4C, 0x7E4D, 0x7E4E, 0x7E4F, 0x7E50, 0x7E51, 0x7E52, 0x7E53, 0x7E54, 0x7E55,
    0x7E56, 0x7E57, 0x7E58, 0x7E59, 0x7E5A, 0x7E5B, 0x7E5C, 0x7E5D, 0x4FCA, 0x7AE3, 0x6D5A, 0x90E1,
    0x9A8F, 0x5580, 0x5496, 0x5361, 0x54AF, 0x5F00, 0x63E9, 0x6977, 0x51EF, 0x6168, 0x520A, 0x582A,
    0x52D8, 0x574E, 0x780D, 0x770B, 0x5EB7, 0x6177, 0x7CE0, 0x625B, 0x6297, 0x4EA2, 0x7095, 0x8003,
    0x62F7, 0x70E4, 0x9760, 0x5777, 0x82DB, 0x67EF, 0x68F5, 0x78D5, 0x9897, 0x79D1, 0x58F3, 0x54B3,
    0x53EF, 0x6E34, 0x514B, 0x523B, 0x5BA2, 0x8BFE, 0x80AF, 0x5543, 0x57A6, 0x6073, 0x5751, 0x542D,
    0x7A7A, 0x6050, 0x5B54, 0x63A7, 0x62A0, 0x53E3, 0x6263, 0x5BC7, 0x67AF, 0x54ED, 0x7A9F, 0x82E6,
    0x9177, 0x5E93, 0x88E4, 0x5938, 0x57AE, 0x630E, 0x8DE8, 0x80EF, 0x5757, 0x7B77, 0x4FA9, 0x5FEB,
    0x5BBD, 0x6B3E, 0x5321, 0x7B50, 0x72C2, 0x6846, 0x77FF, 0x7736, 0x65F7, 0x51B5, 0x4E8F, 0x76D4,
    0x5CBF, 0x7AA5, 0x8475, 0x594E, 0x9B41, 0x5080, 0x7E5E, 0x7E5F, 0x7E60, 0x7E61, 0x7E62, 0x7E63,
    0x7E64, 0x7E65, 0x7E66, 0x7E67, 0x7E68, 0x7E69, 0x7E6A, 0x7E6B, 0x7E6C, 0x7E6D, 0x7E6E, 0x7E6F,
    0x7E70, 0x7E71, 0x7E72, 0x7E73, 0x7E74, 0x7E75, 0x7E76, 0x7E77, 0x7E78, 0x7E79, 0x7E7A, 0x7E7B,
    0x7E7C, 0x7E7D, 0x7E7E, 0x7E7F, 0x7E80, 0x7E81, 0x7E83, 0x7E84, 0x7E85, 0x7E86, 0x7E87, 0x7E88,
    0x7E89, 0x7E8A, 0x7E8B, 0x7E8C, 0x7E8D, 0x7E8E, 0x7E8F, 0x7E90, 0x7E91, 0x7E92, 0x7E93, 0x7E94,
    0x7E95, 0x7E96, 0x7E97, 0x7E98, 0x7E99, 0x7E9A, 0x7E9C, 0x7E9D, 0x7E9E, 0x7EAE, 0x7EB4, 0x7EBB,
    0x7EBC, 0x7ED6, 0x7EE4, 0x7EEC, 0x7EF9, 0x7F0A, 0x7F10, 0x7F1E, 0x7F37, 0x7F39, 0x7F3B, 0x7F3C,
    0x7F3D, 0x7F3E, 0x7F3F, 0x7F40, 0x7F41, 0x7F43, 0x7F46, 0x7F47, 0x7F48, 0x7F49, 0x7F4A, 0x7F4B,
    0x7F4C, 0x7F4D, 0x7F4E, 0x7F4F, 0x7F52, 0x7F53, 0x9988, 0x6127, 0x6E83, 0x5764, 0x6606, 0x6346,
    0x56F0, 0x62EC, 0x6269, 0x5ED3, 0x9614, 0x5783, 0x62C9, 0x5587, 0x8721, 0x814A, 0x8FA3, 0x5566,
    0x83B1, 0x6765, 0x8D56, 0x84DD, 0x5A6A, 0x680F, 0x62E6, 0x7BEE, 0x9611, 0x5170, 0x6F9C, 0x8C30,
    0x63FD, 0x89C8, 0x61D2, 0x7F06, 0x70C2, 0x6EE5, 0x7405, 0x6994, 0x72FC, 0x5ECA, 0x90CE, 0x6717,
    0x6D6A, 0x635E, 0x52B3, 0x7262, 0x8001, 0x4F6C, 0x59E5, 0x916A, 0x70D9, 0x6D9D, 0x52D2, 0x4E50,
    0x96F7, 0x956D, 0x857E, 0x78CA, 0x7D2F, 0x5121, 0x5792, 0x64C2, 0x808B, 0x7C7B, 0x6CEA, 0x68F1,
    0x695E, 0x51B7, 0x5398, 0x68A8, 0x7281, 0x9ECE, 0x7BF1, 0x72F8, 0x79BB, 0x6F13, 0x7406, 0x674E,
    0x91CC, 0x9CA4, 0x793C, 0x8389, 0x8354, 0x540F, 0x6817, 0x4E3D, 0x5389, 0x52B1, 0x783E, 0x5386,
    0x5229, 0x5088, 0x4F8B, 0x4FD0, 0x7F56, 0x7F59, 0x7F5B, 0x7F5C, 0x7F5D, 0x7F5E, 0x7F60, 0x7F63,
    0x7F64, 0x7F65, 0x7F66, 0x7F67, 0x7F6B, 0x7F6C, 0x7F6D, 0x7F6F, 0x7F70, 0x7F73, 0x7F75, 0x7F76,
    0x7F77, 0x7F78, 0x7F7A, 0x7F7B, 0x7F7C, 0x7F7D, 0x7F7F, 0x7F80, 0x7F82, 0x7F83, 0x7F84, 0x7F85,
    0x7F86, 0x7F87, 0x7F88, 0x7F89, 0x7F8B, 0x7F8D, 0x7F8F, 0x7F90, 0x7F91, 0x7F92, 0x7F93, 0x7F95,
    0x7F96, 0x7F97, 0x7F98, 0x7F99, 0x7F9B, 0x7F9C, 0x7FA0, 0x7FA2, 0x7FA3, 0x7FA5, 0x7FA6, 0x7FA8,
    0x7FA9, 0x7FAA, 0x7FAB, 0x7FAC, 0x7FAD, 0x7FAE, 0x7FB1, 0x7FB3, 0x7FB4, 0x7FB5, 0x7FB6, 0x7FB7,
    0x7FBA, 0x7FBB, 0x7FBE, 0x7FC0, 0x7FC2, 0x7FC3, 0x7FC4, 0x7FC6, 0x7FC7, 0x7FC8, 0x7FC9, 0x7FCB,
    0x7FCD, 0x7FCF, 0x7FD0, 0x7FD1, 0x7FD2, 0x7FD3, 0x7FD6, 0x7FD7, 0x7FD9, 0x7FDA, 0x7FDB, 0x7FDC,
    0x7FDD, 0x7FDE, 0x7FE2, 0x7FE3, 0x75E2, 0x7ACB, 0x7C92, 0x6CA5, 0x96B6, 0x529B, 0x7483, 0x54E9,
    0x4FE9, 0x8054, 0x83B2, 0x8FDE, 0x9570, 0x5EC9, 0x601C, 0x6D9F, 0x5E18, 0x655B, 0x8138, 0x94FE,
    0x604B, 0x70BC, 0x7EC3, 0x7CAE, 0x51C9, 0x6881, 0x7CB1, 0x826F, 0x4E24, 0x8F86, 0x91CF, 0x667E,
    0x4EAE, 0x8C05, 0x64A9, 0x804A, 0x50DA, 0x7597, 0x71CE, 0x5BE5, 0x8FBD, 0x6F66, 0x4E86, 0x6482,
    0x9563, 0x5ED6, 0x6599, 0x5217, 0x88C2, 0x70C8, 0x52A3, 0x730E, 0x7433, 0x6797, 0x78F7, 0x9716,
    0x4E34, 0x90BB, 0x9CDE, 0x6DCB, 0x51DB, 0x8D41, 0x541D, 0x62CE, 0x73B2, 0x83F1, 0x96F6, 0x9F84,
    0x94C3, 0x4F36, 0x7F9A, 0x51CC, 0x7075, 0x9675, 0x5CAD, 0x9886, 0x53E6, 0x4EE4, 0x6E9C, 0x7409,
    0x69B4, 0x786B, 0x998F, 0x7559, 0x5218, 0x7624, 0x6D41, 0x67F3, 0x516D, 0x9F99, 0x804B, 0x5499,
    0x7B3C, 0x7ABF, 0x7FE4, 0x7FE7, 0x7FE8, 0x7FEA, 0x7FEB, 0x7FEC, 0x7FED, 0x7FEF, 0x7FF2, 0x7FF4,
    0x7FF5, 0x7FF6, 0x7FF7, 0x7FF8, 0x7FF9, 0x7FFA, 0x7FFD, 0x7FFE, 0x7FFF, 0x8002, 0x8007, 0x8008,
    0x8009, 0x800A, 0x800E, 0x800F, 0x8011, 0x8013, 0x801A, 0x801B, 0x801D, 0x801E, 0x801F, 0x8021,
    0x8023, 0x8024, 0x802B, 0x802C, 0x802D, 0x802E, 0x802F, 0x8030, 0x8032, 0x8034, 0x8039, 0x803A,
    0x803C, 0x803E, 0x8040, 0x8041, 0x8044, 0x8045, 0x8047, 0x8048, 0x8049, 0x804E, 0x804F, 0x8050,
    0x8051, 0x8053, 0x8055, 0x8056, 0x8057, 0x8059, 0x805B, 0x805C, 0x805D, 0x805E, 0x805F, 0x8060,
    0x8061, 0x8062, 0x8063, 0x8064, 0x8065, 0x8066, 0x8067, 0x8068, 0x806B, 0x806C, 0x806D, 0x806E,
    0x806F, 0x8070, 0x8072, 0x8073, 0x8074, 0x8075, 0x8076, 0x8077, 0x8078, 0x8079, 0x807A, 0x807B,
    0x807C, 0x807D, 0x9686, 0x5784, 0x62E2, 0x9647, 0x697C, 0x5A04, 0x6402, 0x7BD3, 0x6F0F, 0x964B,
    0x82A6, 0x5362, 0x9885, 0x5E90, 0x7089, 0x63B3, 0x5364, 0x864F, 0x9C81, 0x9E93, 0x788C, 0x9732,
    0x8DEF, 0x8D42, 0x9E7F, 0x6F5E, 0x7984, 0x5F55, 0x9646, 0x622E, 0x9A74, 0x5415, 0x94DD, 0x4FA3,
    0x65C5, 0x5C65, 0x5C61, 0x7F15, 0x8651, 0x6C2F, 0x5F8B, 0x7387, 0x6EE4, 0x7EFF, 0x5CE6, 0x631B,
    0x5B6A, 0x6EE6, 0x5375, 0x4E71, 0x63A0, 0x7565, 0x62A1, 0x8F6E, 0x4F26, 0x4ED1, 0x6CA6, 0x7EB6,
    0x8BBA, 0x841D, 0x87BA, 0x7F57, 0x903B, 0x9523, 0x7BA9, 0x9AA1, 0x88F8, 0x843D, 0x6D1B, 0x9A86,
    0x7EDC, 0x5988, 0x9EBB, 0x739B, 0x7801, 0x8682, 0x9A6C, 0x9A82, 0x561B, 0x5417, 0x57CB, 0x4E70,
    0x9EA6, 0x5356, 0x8FC8, 0x8109, 0x7792, 0x9992, 0x86EE, 0x6EE1, 0x8513, 0x66FC, 0x6162, 0x6F2B,
    0x807E, 0x8081, 0x8082, 0x8085, 0x8088, 0x808A, 0x808D, 0x808E, 0x808F, 0x8090, 0x8091, 0x8092,
    0x8094, 0x8095, 0x8097, 0x8099, 0x809E, 0x80A3, 0x80A6, 0x80A7, 0x80A8, 0x80AC, 0x80B0, 0x80B3,
    0x80B5, 0x80B6, 0x80B8, 0x80B9, 0x80BB, 0x80C5, 0x80C7, 0x80C8, 0x80C9, 0x80CA, 0x80CB, 0x80CF,
    0x80D0, 0x80D1, 0x80D2, 0x80D3, 0x80D4, 0x80D5, 0x80D8, 0x80DF, 0x80E0, 0x80E2, 0x80E3, 0x80E6,
    0x80EE, 0x80F5, 0x80F7, 0x80F9, 0x80FB, 0x80FE, 0x80FF, 0x8100, 0x8101, 0x8103, 0x8104, 0x8105,
    0x8107, 0x8108, 0x810B, 0x810C, 0x8115, 0x8117, 0x8119, 0x811B, 0x811C, 0x811D, 0x811F, 0x8120,
    0x8121, 0x8122, 0x8123, 0x8124, 0x8125, 0x8126, 0x8127, 0x8128, 0x8129, 0x812A, 0x812B, 0x812D,
    0x812E, 0x8130, 0x8133, 0x8134, 0x8135, 0x8137, 0x8139, 0x813A, 0x813B, 0x813C, 0x813D, 0x813F,
    0x8C29, 0x8292, 0x832B, 0x76F2, 0x6C13, 0x5FD9, 0x83BD, 0x732B, 0x8305, 0x951A, 0x6BDB, 0x77DB,
    0x94C6, 0x536F, 0x8302, 0x5192, 0x5E3D, 0x8C8C, 0x8D38, 0x4E48, 0x73AB, 0x679A, 0x6885, 0x9176,
    0x9709, 0x7164, 0x6CA1, 0x7709, 0x5A92, 0x9541, 0x6BCF, 0x7F8E, 0x6627, 0x5BD0, 0x59B9, 0x5A9A,
    0x95E8, 0x95F7, 0x4EEC, 0x840C, 0x8499, 0x6AAC, 0x76DF, 0x9530, 0x731B, 0x68A6, 0x5B5F, 0x772F,
    0x919A, 0x9761, 0x7CDC, 0x8FF7, 0x8C1C, 0x5F25, 0x7C73, 0x79D8, 0x89C5, 0x6CCC, 0x871C, 0x5BC6,
    0x5E42, 0x68C9, 0x7720, 0x7EF5, 0x5195, 0x514D, 0x52C9, 0x5A29, 0x7F05, 0x9762, 0x82D7, 0x63CF,
    0x7784, 0x85D0, 0x79D2, 0x6E3A, 0x5E99, 0x5999, 0x8511, 0x706D, 0x6C11, 0x62BF, 0x76BF, 0x654F,
    0x60AF, 0x95FD, 0x660E, 0x879F, 0x9E23, 0x94ED, 0x540D, 0x547D, 0x8C2C, 0x6478, 0x8140, 0x8141,
    0x8142, 0x8143, 0x8144, 0x8145, 0x8147, 0x8149, 0x814D, 0x814E, 0x814F, 0x8152, 0x8156, 0x8157,
    0x8158, 0x815B, 0x815C, 0x815D, 0x815E, 0x815F, 0x8161, 0x8162, 0x8163, 0x8164, 0x8166, 0x8168,
    0x816A, 0x816B, 0x816C, 0x816F, 0x8172, 0x8173, 0x8175, 0x8176, 0x8177, 0x8178, 0x8181, 0x8183,
    0x8184, 0x8185, 0x8186, 0x8187, 0x8189, 0x818B, 0x818C, 0x818D, 0x818E, 0x8190, 0x8192, 0x8193,
    0x8194, 0x8195, 0x8196, 0x8197, 0x8199, 0x819A, 0x819E, 0x819F, 0x81A0, 0x81A1, 0x81A2, 0x81A4,
    0x81A5, 0x81A7, 0x81A9, 0x81AB, 0x81AC, 0x81AD, 0x81AE, 0x81AF, 0x81B0, 0x81B1, 0x81B2, 0x81B4,
    0x81B5, 0x81B6, 0x81B7, 0x81B8, 0x81B9, 0x81BC, 0x81BD, 0x81BE, 0x81BF, 0x81C4, 0x81C5, 0x81C7,
    0x81C8, 0x81C9, 0x81CB, 0x81CD, 0x81CE, 0x81CF, 0x81D0, 0x81D1, 0x81D2, 0x81D3, 0x6479, 0x8611,
    0x6A21, 0x819C, 0x78E8, 0x6469, 0x9B54, 0x62B9, 0x672B, 0x83AB, 0x58A8, 0x9ED8, 0x6CAB, 0x6F20,
    0x5BDE, 0x964C, 0x8C0B, 0x725F, 0x67D0, 0x62C7, 0x7261, 0x4EA9, 0x59C6, 0x6BCD, 0x5893, 0x66AE,
    0x5E55, 0x52DF, 0x6155, 0x6728, 0x76EE, 0x7766, 0x7267, 0x7A46, 0x62FF, 0x54EA, 0x5450, 0x94A0,
    0x90A3, 0x5A1C, 0x7EB3, 0x6C16, 0x4E43, 0x5976, 0x8010, 0x5948, 0x5357, 0x7537, 0x96BE, 0x56CA,
    0x6320, 0x8111, 0x607C, 0x95F9, 0x6DD6, 0x5462, 0x9981, 0x5185, 0x5AE9, 0x80FD, 0x59AE, 0x9713,
    0x502A, 0x6CE5, 0x5C3C, 0x62DF, 0x4F60, 0x533F, 0x817B, 0x9006, 0x6EBA, 0x852B, 0x62C8, 0x5E74,
    0x78BE, 0x64B5, 0x637B, 0x5FF5, 0x5A18, 0x917F, 0x9E1F, 0x5C3F, 0x634F, 0x8042, 0x5B7D, 0x556E,
    0x954A, 0x954D, 0x6D85, 0x60A8, 0x67E0, 0x72DE, 0x51DD, 0x5B81, 0x81D4, 0x81D5, 0x81D6, 0x81D7,
    0x81D8, 0x81D9, 0x81DA, 0x81DB, 0x81DC, 0x81DD, 0x81DE, 0x81DF, 0x81E0, 0x81E1, 0x81E2, 0x81E4,
    0x81E5, 0x81E6, 0x81E8, 0x81E9, 0x81EB, 0x81EE, 0x81EF, 0x81F0, 0x81F1, 0x81F2, 0x81F5, 0x81F6,
    0x81F7, 0x81F8, 0x81F9, 0x81FA, 0x81FD, 0x81FF, 0x8203, 0x8207, 0x8208, 0x8209, 0x820A, 0x820B,
    0x820E, 0x820F, 0x8211, 0x8213, 0x8215, 0x8216, 0x8217, 0x8218, 0x8219, 0x821A, 0x821D, 0x8220,
    0x8224, 0x8225, 0x8226, 0x8227, 0x8229, 0x822E, 0x8232, 0x823A, 0x823C, 0x823D, 0x823F, 0x8240,
    0x8241, 0x8242, 0x8243, 0x8245, 0x8246, 0x8248, 0x824A, 0x824C, 0x824D, 0x824E, 0x8250, 0x8251,
    0x8252, 0x8253, 0x8254, 0x8255, 0x8256, 0x8257, 0x8259, 0x825B, 0x825C, 0x825D, 0x825E, 0x8260,
    0x8261, 0x8262, 0x8263, 0x8264, 0x8265, 0x8266, 0x8267, 0x8269, 0x62E7, 0x6CDE, 0x725B, 0x626D,
    0x94AE, 0x7EBD, 0x8113, 0x6D53, 0x519C, 0x5F04, 0x5974, 0x52AA, 0x6012, 0x5973, 0x6696, 0x8650,
    0x759F, 0x632A, 0x61E6, 0x7CEF, 0x8BFA, 0x54E6, 0x6B27, 0x9E25, 0x6BB4, 0x85D5, 0x5455, 0x5076,
    0x6CA4, 0x556A, 0x8DB4, 0x722C, 0x5E15, 0x6015, 0x7436, 0x62CD, 0x6392, 0x724C, 0x5F98, 0x6E43,
    0x6D3E, 0x6500, 0x6F58, 0x76D8, 0x78D0, 0x76FC, 0x7554, 0x5224, 0x53DB, 0x4E53, 0x5E9E, 0x65C1,
    0x802A, 0x80D6, 0x629B, 0x5486, 0x5228, 0x70AE, 0x888D, 0x8DD1, 0x6CE1, 0x5478, 0x80DA, 0x57F9,
    0x88F4, 0x8D54, 0x966A, 0x914D, 0x4F69, 0x6C9B, 0x55B7, 0x76C6, 0x7830, 0x62A8, 0x70F9, 0x6F8E,
    0x5F6D, 0x84EC, 0x68DA, 0x787C, 0x7BF7, 0x81A8, 0x670B, 0x9E4F, 0x6367, 0x78B0, 0x576F, 0x7812,
    0x9739, 0x6279, 0x62AB, 0x5288, 0x7435, 0x6BD7, 0x826A, 0x826B, 0x826C, 0x826D, 0x8271, 0x8275,
    0x8276, 0x8277, 0x8278, 0x827B, 0x827C, 0x8280, 0x8281, 0x8283, 0x8285, 0x8286, 0x8287, 0x8289,
    0x828C, 0x8290, 0x8293, 0x8294, 0x8295, 0x8296, 0x829A, 0x829B, 0x829E, 0x82A0, 0x82A2, 0x82A3,
    0x82A7, 0x82B2, 0x82B5, 0x82B6, 0x82BA, 0x82BB, 0x82BC, 0x82BF, 0x82C0, 0x82C2, 0x82C3, 0x82C5,
    0x82C6, 0x82C9, 0x82D0, 0x82D6, 0x82D9, 0x82DA, 0x82DD, 0x82E2, 0x82E7, 0x82E8, 0x82E9, 0x82EA,
    0x82EC, 0x82ED, 0x82EE, 0x82F0, 0x82F2, 0x82F3, 0x82F5, 0x82F6, 0x82F8, 0x82FA, 0x82FC, 0x82FD,
    0x82FE, 0x82FF, 0x8300, 0x830A, 0x830B, 0x830D, 0x8310, 0x8312, 0x8313, 0x8316, 0x8318, 0x8319,
    0x831D, 0x831E, 0x831F, 0x8320, 0x8321, 0x8322, 0x8323, 0x8324, 0x8325, 0x8326, 0x8329, 0x832A,
    0x832E, 0x8330, 0x8332, 0x8337, 0x833B, 0x833D, 0x5564, 0x813E, 0x75B2, 0x76AE, 0x5339, 0x75DE,
    0x50FB, 0x5C41, 0x8B6C, 0x7BC7, 0x504F, 0x7247, 0x9A97, 0x98D8, 0x6F02, 0x74E2, 0x7968, 0x6487,
    0x77A5, 0x62FC, 0x9891, 0x8D2B, 0x54C1, 0x8058, 0x4E52, 0x576A, 0x82F9, 0x840D, 0x5E73, 0x51ED,
    0x74F6, 0x8BC4, 0x5C4F, 0x5761, 0x6CFC, 0x9887, 0x5A46, 0x7834, 0x9B44, 0x8FEB, 0x7C95, 0x5256,
    0x6251, 0x94FA, 0x4EC6, 0x8386, 0x8461, 0x83E9, 0x84B2, 0x57D4, 0x6734, 0x5703, 0x666E, 0x6D66,
    0x8C31, 0x66DD, 0x7011, 0x671F, 0x6B3A, 0x6816, 0x621A, 0x59BB, 0x4E03, 0x51C4, 0x6F06, 0x67D2,
    0x6C8F, 0x5176, 0x68CB, 0x5947, 0x6B67, 0x7566, 0x5D0E, 0x8110, 0x9F50, 0x65D7, 0x7948, 0x7941,
    0x9A91, 0x8D77, 0x5C82, 0x4E5E, 0x4F01, 0x542F, 0x5951, 0x780C, 0x5668, 0x6C14, 0x8FC4, 0x5F03,
    0x6C7D, 0x6CE3, 0x8BAB, 0x6390, 0x833E, 0x833F, 0x8341, 0x8342, 0x8344, 0x8345, 0x8348, 0x834A,
    0x834B, 0x834C, 0x834D, 0x834E, 0x8353, 0x8355, 0x8356, 0x8357, 0x8358, 0x8359, 0x835D, 0x8362,
    0x8370, 0x8371, 0x8372, 0x8373, 0x8374, 0x8375, 0x8376, 0x8379, 0x837A, 0x837E, 0x837F, 0x8380,
    0x8381, 0x8382, 0x8383, 0x8384, 0x8387, 0x8388, 0x838A, 0x838B, 0x838C, 0x838D, 0x838F, 0x8390,
    0x8391, 0x8394, 0x8395, 0x8396, 0x8397, 0x8399, 0x839A, 0x839D, 0x839F, 0x83A1, 0x83A2, 0x83A3,
    0x83A4, 0x83A5, 0x83A6, 0x83A7, 0x83AC, 0x83AD, 0x83AE, 0x83AF, 0x83B5, 0x83BB, 0x83BE, 0x83BF,
    0x83C2, 0x83C3, 0x83C4, 0x83C6, 0x83C8, 0x83C9, 0x83CB, 0x83CD, 0x83CE, 0x83D0, 0x83D1, 0x83D2,
    0x83D3, 0x83D5, 0x83D7, 0x83D9, 0x83DA, 0x83DB, 0x83DE, 0x83E2, 0x83E3, 0x83E4, 0x83E6, 0x83E7,
    0x83E8, 0x83EB, 0x83EC, 0x83ED, 0x6070, 0x6D3D, 0x7275, 0x6266, 0x948E, 0x94C5, 0x5343, 0x8FC1,
    0x7B7E, 0x4EDF, 0x8C26, 0x4E7E, 0x9ED4, 0x94B1, 0x94B3, 0x524D, 0x6F5C, 0x9063, 0x6D45, 0x8C34,
    0x5811, 0x5D4C, 0x6B20, 0x6B49, 0x67AA, 0x545B, 0x8154, 0x7F8C, 0x5899, 0x8537, 0x5F3A, 0x62A2,
    0x6A47, 0x9539, 0x6572, 0x6084, 0x6865, 0x77A7, 0x4E54, 0x4FA8, 0x5DE7, 0x9798, 0x64AC, 0x7FD8,
    0x5CED, 0x4FCF, 0x7A8D, 0x5207, 0x8304, 0x4E14, 0x602F, 0x7A83, 0x94A6, 0x4FB5, 0x4EB2, 0x79E6,
    0x7434, 0x52E4, 0x82B9, 0x64D2, 0x79BD, 0x5BDD, 0x6C81, 0x9752, 0x8F7B, 0x6C22, 0x503E, 0x537F,
    0x6E05, 0x64CE, 0x6674, 0x6C30, 0x60C5, 0x9877, 0x8BF7, 0x5E86, 0x743C, 0x7A77, 0x79CB, 0x4E18,
    0x90B1, 0x7403, 0x6C42, 0x56DA, 0x914B, 0x6CC5, 0x8D8B, 0x533A, 0x86C6, 0x66F2, 0x8EAF, 0x5C48,
    0x9A71, 0x6E20, 0x83EE, 0x83EF, 0x83F3, 0x83F4, 0x83F5, 0x83F6, 0x83F7, 0x83FA, 0x83FB, 0x83FC,
    0x83FE, 0x83FF, 0x8400, 0x8402, 0x8405, 0x8407, 0x8408, 0x8409, 0x840A, 0x8410, 0x8412, 0x8413,
    0x8414, 0x8415, 0x8416, 0x8417, 0x8419, 0x841A, 0x841B, 0x841E, 0x841F, 0x8420, 0x8421, 0x8422,
    0x8423, 0x8429, 0x842A, 0x842B, 0x842C, 0x842D, 0x842E, 0x842F, 0x8430, 0x8432, 0x8433, 0x8434,
    0x8435, 0x8436, 0x8437, 0x8439, 0x843A, 0x843B, 0x843E, 0x843F, 0x8440, 0x8441, 0x8442, 0x8443,
    0x8444, 0x8445, 0x8447, 0x8448, 0x8449, 0x844A, 0x844B, 0x844C, 0x844D, 0x844E, 0x844F, 0x8450,
    0x8452, 0x8453, 0x8454, 0x8455, 0x8456, 0x8458, 0x845D, 0x845E, 0x845F, 0x8460, 0x8462, 0x8464,
    0x8465, 0x8466, 0x8467, 0x8468, 0x846A, 0x846E, 0x846F, 0x8470, 0x8472, 0x8474, 0x8477, 0x8479,
    0x847B, 0x847C, 0x53D6, 0x5A36, 0x9F8B, 0x8DA3, 0x53BB, 0x5708, 0x98A7, 0x6743, 0x919B, 0x6CC9,
    0x5168, 0x75CA, 0x62F3, 0x72AC, 0x5238, 0x529D, 0x7F3A, 0x7094, 0x7638, 0x5374, 0x9E4A, 0x69B7,
    0x786E, 0x96C0, 0x88D9, 0x7FA4, 0x7136, 0x71C3, 0x5189, 0x67D3, 0x74E4, 0x58E4, 0x6518, 0x56B7,
    0x8BA9, 0x9976, 0x6270, 0x7ED5, 0x60F9, 0x70ED, 0x58EC, 0x4EC1, 0x4EBA, 0x5FCD, 0x97E7, 0x4EFB,
    0x8BA4, 0x5203, 0x598A, 0x7EAB, 0x6254, 0x4ECD, 0x65E5, 0x620E, 0x8338, 0x84C9, 0x8363, 0x878D,
    0x7194, 0x6EB6, 0x5BB9, 0x7ED2, 0x5197, 0x63C9, 0x67D4, 0x8089, 0x8339, 0x8815, 0x5112, 0x5B7A,
    0x5982, 0x8FB1, 0x4E73, 0x6C5D, 0x5165, 0x8925, 0x8F6F, 0x962E, 0x854A, 0x745E, 0x9510, 0x95F0,
    0x6DA6, 0x82E5, 0x5F31, 0x6492, 0x6D12, 0x8428, 0x816E, 0x9CC3, 0x585E, 0x8D5B, 0x4E09, 0x53C1,
    0x847D, 0x847E, 0x847F, 0x8480, 0x8481, 0x8483, 0x8484, 0x8485, 0x8486, 0x848A, 0x848D, 0x848F,
    0x8490, 0x8491, 0x8492, 0x8493, 0x8494, 0x8495, 0x8496, 0x8498, 0x849A, 0x849B, 0x849D, 0x849E,
    0x849F, 0x84A0, 0x84A2, 0x84A3, 0x84A4, 0x84A5, 0x84A6, 0x84A7, 0x84A8, 0x84A9, 0x84AA, 0x84AB,
    0x84AC, 0x84AD, 0x84AE, 0x84B0, 0x84B1, 0x84B3, 0x84B5, 0x84B6, 0x84B7, 0x84BB, 0x84BC, 0x84BE,
    0x84C0, 0x84C2, 0x84C3, 0x84C5, 0x84C6, 0x84C7, 0x84C8, 0x84CB, 0x84CC, 0x84CE, 0x84CF, 0x84D2,
    0x84D4, 0x84D5, 0x84D7, 0x84D8, 0x84D9, 0x84DA, 0x84DB, 0x84DC, 0x84DE, 0x84E1, 0x84E2, 0x84E4,
    0x84E7, 0x84E8, 0x84E9, 0x84EA, 0x84EB, 0x84ED, 0x84EE, 0x84EF, 0x84F1, 0x84F2, 0x84F3, 0x84F4,
    0x84F5, 0x84F6, 0x84F7, 0x84F8, 0x84F9, 0x84FA, 0x84FB, 0x84FD, 0x84FE, 0x8500, 0x8501, 0x8502,
    0x4F1E, 0x6563, 0x6851, 0x55D3, 0x4E27, 0x6414, 0x9A9A, 0x626B, 0x5AC2, 0x745F, 0x8272, 0x6DA9,
    0x68EE, 0x50E7, 0x838E, 0x7802, 0x6740, 0x5239, 0x6C99, 0x7EB1, 0x50BB, 0x5565, 0x715E, 0x7B5B,
    0x6652, 0x73CA, 0x82EB, 0x6749, 0x5C71, 0x5220, 0x717D, 0x886B, 0x95EA, 0x9655, 0x64C5, 0x8D61,
    0x81B3, 0x5584, 0x6C55, 0x6247, 0x7F2E, 0x5892, 0x4F24, 0x5546, 0x8D4F, 0x664C, 0x4E0A, 0x5C1A,
    0x88F3, 0x68A2, 0x634E, 0x7A0D, 0x70E7, 0x828D, 0x52FA, 0x97F6, 0x5C11, 0x54E8, 0x90B5, 0x7ECD,
    0x5962, 0x8D4A, 0x86C7, 0x820C, 0x820D, 0x8D66, 0x6444, 0x5C04, 0x6151, 0x6D89, 0x793E, 0x8BBE,
    0x7837, 0x7533, 0x547B, 0x4F38, 0x8EAB, 0x6DF1, 0x5A20, 0x7EC5, 0x795E, 0x6C88, 0x5BA1, 0x5A76,
    0x751A, 0x80BE, 0x614E, 0x6E17, 0x58F0, 0x751F, 0x7525, 0x7272, 0x5347, 0x7EF3, 0x8503, 0x8504,
    0x8505, 0x8506, 0x8507, 0x8508, 0x8509, 0x850A, 0x850B, 0x850D, 0x850E, 0x850F, 0x8510, 0x8512,
    0x8514, 0x8515, 0x8516, 0x8518, 0x8519, 0x851B, 0x851C, 0x851D, 0x851E, 0x8520, 0x8522, 0x8523,
    0x8524, 0x8525, 0x8526, 0x8527, 0x8528, 0x8529, 0x852A, 0x852D, 0x852E, 0x852F, 0x8530, 0x8531,
    0x8532, 0x8533, 0x8534, 0x8535, 0x8536, 0x853E, 0x853F, 0x8540, 0x8541, 0x8542, 0x8544, 0x8545,
    0x8546, 0x8547, 0x854B, 0x854C, 0x854D, 0x854E, 0x854F, 0x8550, 0x8551, 0x8552, 0x8553, 0x8554,
    0x8555, 0x8557, 0x8558, 0x855A, 0x855B, 0x855C, 0x855D, 0x855F, 0x8560, 0x8561, 0x8562, 0x8563,
    0x8565, 0x8566, 0x8567, 0x8569, 0x856A, 0x856B, 0x856C, 0x856D, 0x856E, 0x856F, 0x8570, 0x8571,
    0x8573, 0x8575, 0x8576, 0x8577, 0x8578, 0x857C, 0x857D, 0x857F, 0x8580, 0x8581, 0x7701, 0x76DB,
    0x5269, 0x80DC, 0x5723, 0x5E08, 0x5931, 0x72EE, 0x65BD, 0x6E7F, 0x8BD7, 0x5C38, 0x8671, 0x5341,
    0x77F3, 0x62FE, 0x65F6, 0x4EC0, 0x98DF, 0x8680, 0x5B9E, 0x8BC6, 0x53F2, 0x77E2, 0x4F7F, 0x5C4E,
    0x9A76, 0x59CB, 0x5F0F, 0x793A, 0x58EB, 0x4E16, 0x67FF, 0x4E8B, 0x62ED, 0x8A93, 0x901D, 0x52BF,
    0x662F, 0x55DC, 0x566C, 0x9002, 0x4ED5, 0x4F8D, 0x91CA, 0x9970, 0x6C0F, 0x5E02, 0x6043, 0x5BA4,
    0x89C6, 0x8BD5, 0x6536, 0x624B, 0x9996, 0x5B88, 0x5BFF, 0x6388, 0x552E, 0x53D7, 0x7626, 0x517D,
    0x852C, 0x67A2, 0x68B3, 0x6B8A, 0x6292, 0x8F93, 0x53D4, 0x8212, 0x6DD1, 0x758F, 0x4E66, 0x8D4E,
    0x5B70, 0x719F, 0x85AF, 0x6691, 0x66D9, 0x7F72, 0x8700, 0x9ECD, 0x9F20, 0x5C5E, 0x672F, 0x8FF0,
    0x6811, 0x675F, 0x620D, 0x7AD6, 0x5885, 0x5EB6, 0x6570, 0x6F31, 0x8582, 0x8583, 0x8586, 0x8588,
    0x8589, 0x858A, 0x858B, 0x858C, 0x858D, 0x858E, 0x8590, 0x8591, 0x8592, 0x8593, 0x8594, 0x8595,
    0x8596, 0x8597, 0x8598, 0x8599, 0x859A, 0x859D, 0x859E, 0x859F, 0x85A0, 0x85A1, 0x85A2, 0x85A3,
    0x85A5, 0x85A6, 0x85A7, 0x85A9, 0x85AB, 0x85AC, 0x85AD, 0x85B1, 0x85B2, 0x85B3, 0x85B4, 0x85B5,
    0x85B6, 0x85B8, 0x85BA, 0x85BB, 0x85BC, 0x85BD, 0x85BE, 0x85BF, 0x85C0, 0x85C2, 0x85C3, 0x85C4,
    0x85C5, 0x85C6, 0x85C7, 0x85C8, 0x85CA, 0x85CB, 0x85CC, 0x85CD, 0x85CE, 0x85D1, 0x85D2, 0x85D4,
    0x85D6, 0x85D7, 0x85D8, 0x85D9, 0x85DA, 0x85DB, 0x85DD, 0x85DE, 0x85DF, 0x85E0, 0x85E1, 0x85E2,
    0x85E3, 0x85E5, 0x85E6, 0x85E7, 0x85E8, 0x85EA, 0x85EB, 0x85EC, 0x85ED, 0x85EE, 0x85EF, 0x85F0,
    0x85F1, 0x85F2, 0x85F3, 0x85F4, 0x85F5, 0x85F6, 0x85F7, 0x85F8, 0x6055, 0x5237, 0x800D, 0x6454,
    0x8870, 0x7529, 0x5E05, 0x6813, 0x62F4, 0x971C, 0x53CC, 0x723D, 0x8C01, 0x6C34, 0x7761, 0x7A0E,
    0x542E, 0x77AC, 0x987A, 0x821C, 0x8BF4, 0x7855, 0x6714, 0x70C1, 0x65AF, 0x6495, 0x5636, 0x601D,
    0x79C1, 0x53F8, 0x4E1D, 0x6B7B, 0x8086, 0x5BFA, 0x55E3, 0x56DB, 0x4F3A, 0x4F3C, 0x9972, 0x5DF3,
    0x677E, 0x8038, 0x6002, 0x9882, 0x9001, 0x5B8B, 0x8BBC, 0x8BF5, 0x641C, 0x8258, 0x64DE, 0x55FD,
    0x82CF, 0x9165, 0x4FD7, 0x7D20, 0x901F, 0x7C9F, 0x50F3, 0x5851, 0x6EAF, 0x5BBF, 0x8BC9, 0x8083,
    0x9178, 0x849C, 0x7B97, 0x867D, 0x968B, 0x968F, 0x7EE5, 0x9AD3, 0x788E, 0x5C81, 0x7A57, 0x9042,
    0x96A7, 0x795F, 0x5B59, 0x635F, 0x7B0B, 0x84D1, 0x68AD, 0x5506, 0x7F29, 0x7410, 0x7D22, 0x9501,
    0x6240, 0x584C, 0x4ED6, 0x5B83, 0x5979, 0x5854, 0x85F9, 0x85FA, 0x85FC, 0x85FD, 0x85FE, 0x8600,
    0x8601, 0x8602, 0x8603, 0x8604, 0x8606, 0x8607, 0x8608, 0x8609, 0x860A, 0x860B, 0x860C, 0x860D,
    0x860E, 0x860F, 0x8610, 0x8612, 0x8613, 0x8614, 0x8615, 0x8617, 0x8618, 0x8619, 0x861A, 0x861B,
    0x861C, 0x861D, 0x861E, 0x861F, 0x8620, 0x8621, 0x8622, 0x8623, 0x8624, 0x8625, 0x8626, 0x8628,
    0x862A, 0x862B, 0x862C, 0x862D, 0x862E, 0x862F, 0x8630, 0x8631, 0x8632, 0x8633, 0x8634, 0x8635,
    0x8636, 0x8637, 0x8639, 0x863A, 0x863B, 0x863D, 0x863E, 0x863F, 0x8640, 0x8641, 0x8642, 0x8643,
    0x8644, 0x8645, 0x8646, 0x8647, 0x8648, 0x8649, 0x864A, 0x864B, 0x864C, 0x8652, 0x8653, 0x8655,
    0x8656, 0x8657, 0x8658, 0x8659, 0x865B, 0x865C, 0x865D, 0x865F, 0x8660, 0x8661, 0x8663, 0x8664,
    0x8665, 0x8666, 0x8667, 0x8668, 0x8669, 0x866A, 0x736D, 0x631E, 0x8E4B, 0x8E0F, 0x80CE, 0x82D4,
    0x62AC, 0x53F0, 0x6CF0, 0x915E, 0x592A, 0x6001, 0x6C70, 0x574D, 0x644A, 0x8D2A, 0x762B, 0x6EE9,
    0x575B, 0x6A80, 0x75F0, 0x6F6D, 0x8C2D, 0x8C08, 0x5766, 0x6BEF, 0x8892, 0x78B3, 0x63A2, 0x53F9,
    0x70AD, 0x6C64, 0x5858, 0x642A, 0x5802, 0x68E0, 0x819B, 0x5510, 0x7CD6, 0x5018, 0x8EBA, 0x6DCC,
    0x8D9F, 0x70EB, 0x638F, 0x6D9B, 0x6ED4, 0x7EE6, 0x8404, 0x6843, 0x9003, 0x6DD8, 0x9676, 0x8BA8,
    0x5957, 0x7279, 0x85E4, 0x817E, 0x75BC, 0x8A8A, 0x68AF, 0x5254, 0x8E22, 0x9511, 0x63D0, 0x9898,
    0x8E44, 0x557C, 0x4F53, 0x66FF, 0x568F, 0x60D5, 0x6D95, 0x5243, 0x5C49, 0x5929, 0x6DFB, 0x586B,
    0x7530, 0x751C, 0x606C, 0x8214, 0x8146, 0x6311, 0x6761, 0x8FE2, 0x773A, 0x8DF3, 0x8D34, 0x94C1,
    0x5E16, 0x5385, 0x542C, 0x70C3, 0x866D, 0x866F, 0x8670, 0x8672, 0x8673, 0x8674, 0x8675, 0x8676,
    0x8677, 0x8678, 0x8683, 0x8684, 0x8685, 0x8686, 0x8687, 0x8688, 0x8689, 0x868E, 0x868F, 0x8690,
    0x8691, 0x8692, 0x8694, 0x8696, 0x8697, 0x8698, 0x8699, 0x869A, 0x869B, 0x869E, 0x869F, 0x86A0,
    0x86A1, 0x86A2, 0x86A5, 0x86A6, 0x86AB, 0x86AD, 0x86AE, 0x86B2, 0x86B3, 0x86B7, 0x86B8, 0x86B9,
    0x86BB, 0x86BC, 0x86BD, 0x86BE, 0x86BF, 0x86C1, 0x86C2, 0x86C3, 0x86C5, 0x86C8, 0x86CC, 0x86CD,
    0x86D2, 0x86D3, 0x86D5, 0x86D6, 0x86D7, 0x86DA, 0x86DC, 0x86DD, 0x86E0, 0x86E1, 0x86E2, 0x86E3,
    0x86E5, 0x86E6, 0x86E7, 0x86E8, 0x86EA, 0x86EB, 0x86EC, 0x86EF, 0x86F5, 0x86F6, 0x86F7, 0x86FA,
    0x86FB, 0x86FC, 0x86FD, 0x86FF, 0x8701, 0x8704, 0x8705, 0x8706, 0x870B, 0x870C, 0x870E, 0x870F,
    0x8710, 0x8711, 0x8714, 0x8716, 0x6C40, 0x5EF7, 0x505C, 0x4EAD, 0x5EAD, 0x633A, 0x8247, 0x901A,
    0x6850, 0x916E, 0x77B3, 0x540C, 0x94DC, 0x5F64, 0x7AE5, 0x6876, 0x6345, 0x7B52, 0x7EDF, 0x75DB,
    0x5077, 0x6295, 0x5934, 0x900F, 0x51F8, 0x79C3, 0x7A81, 0x56FE, 0x5F92, 0x9014, 0x6D82, 0x5C60,
    0x571F, 0x5410, 0x5154, 0x6E4D, 0x56E2, 0x63A8, 0x9893, 0x817F, 0x8715, 0x892A, 0x9000, 0x541E,
    0x5C6F, 0x81C0, 0x62D6, 0x6258, 0x8131, 0x9E35, 0x9640, 0x9A6E, 0x9A7C, 0x692D, 0x59A5, 0x62D3,
    0x553E, 0x6316, 0x54C7, 0x86D9, 0x6D3C, 0x5A03, 0x74E6, 0x889C, 0x6B6A, 0x5916, 0x8C4C, 0x5F2F,
    0x6E7E, 0x73A9, 0x987D, 0x4E38, 0x70F7, 0x5B8C, 0x7897, 0x633D, 0x665A, 0x7696, 0x60CB, 0x5B9B,
    0x5A49, 0x4E07, 0x8155, 0x6C6A, 0x738B, 0x4EA1, 0x6789, 0x7F51, 0x5F80, 0x65FA, 0x671B, 0x5FD8,
    0x5984, 0x5A01, 0x8719, 0x871B, 0x871D, 0x871F, 0x8720, 0x8724, 0x8726, 0x8727, 0x8728, 0x872A,
    0x872B, 0x872C, 0x872D, 0x872F, 0x8730, 0x8732, 0x8733, 0x8735, 0x8736, 0x8738, 0x8739, 0x873A,
    0x873C, 0x873D, 0x8740, 0x8741, 0x8742, 0x8743, 0x8744, 0x8745, 0x8746, 0x874A, 0x874B, 0x874D,
    0x874F, 0x8750, 0x8751, 0x8752, 0x8754, 0x8755, 0x8756, 0x8758, 0x875A, 0x875B, 0x875C, 0x875D,
    0x875E, 0x875F, 0x8761, 0x8762, 0x8766, 0x8767, 0x8768, 0x8769, 0x876A, 0x876B, 0x876C, 0x876D,
    0x876F, 0x8771, 0x8772, 0x8773, 0x8775, 0x8777, 0x8778, 0x8779, 0x877A, 0x877F, 0x8780, 0x8781,
    0x8784, 0x8786, 0x8787, 0x8789, 0x878A, 0x878C, 0x878E, 0x878F, 0x8790, 0x8791, 0x8792, 0x8794,
    0x8795, 0x8796, 0x8798, 0x8799, 0x879A, 0x879B, 0x879C, 0x879D, 0x879E, 0x87A0, 0x87A1, 0x87A2,
    0x87A3, 0x87A4, 0x5DCD, 0x5FAE, 0x5371, 0x97E6, 0x8FDD, 0x6845, 0x56F4, 0x552F, 0x60DF, 0x4E3A,
    0x6F4D, 0x7EF4, 0x82C7, 0x840E, 0x59D4, 0x4F1F, 0x4F2A, 0x5C3E, 0x7EAC, 0x672A, 0x851A, 0x5473,
    0x754F, 0x80C3, 0x5582, 0x9B4F, 0x4F4D, 0x6E2D, 0x8C13, 0x5C09, 0x6170, 0x536B, 0x761F, 0x6E29,
    0x868A, 0x6587, 0x95FB, 0x7EB9, 0x543B, 0x7A33, 0x7D0A, 0x95EE, 0x55E1, 0x7FC1, 0x74EE, 0x631D,
    0x8717, 0x6DA1, 0x7A9D, 0x6211, 0x65A1, 0x5367, 0x63E1, 0x6C83, 0x5DEB, 0x545C, 0x94A8, 0x4E4C,
    0x6C61, 0x8BEC, 0x5C4B, 0x65E0, 0x829C, 0x68A7, 0x543E, 0x5434, 0x6BCB, 0x6B66, 0x4E94, 0x6342,
    0x5348, 0x821E, 0x4F0D, 0x4FAE, 0x575E, 0x620A, 0x96FE, 0x6664, 0x7269, 0x52FF, 0x52A1, 0x609F,
    0x8BEF, 0x6614, 0x7199, 0x6790, 0x897F, 0x7852, 0x77FD, 0x6670, 0x563B, 0x5438, 0x9521, 0x727A,
    0x87A5, 0x87A6, 0x87A7, 0x87A9, 0x87AA, 0x87AE, 0x87B0, 0x87B1, 0x87B2, 0x87B4, 0x87B6, 0x87B7,
    0x87B8, 0x87B9, 0x87BB, 0x87BC, 0x87BE, 0x87BF, 0x87C1, 0x87C2, 0x87C3, 0x87C4, 0x87C5, 0x87C7,
    0x87C8, 0x87C9, 0x87CC, 0x87CD, 0x87CE, 0x87CF, 0x87D0, 0x87D4, 0x87D5, 0x87D6, 0x87D7, 0x87D8,
    0x87D9, 0x87DA, 0x87DC, 0x87DD, 0x87DE, 0x87DF, 0x87E1, 0x87E2, 0x87E3, 0x87E4, 0x87E6, 0x87E7,
    0x87E8, 0x87E9, 0x87EB, 0x87EC, 0x87ED, 0x87EF, 0x87F0, 0x87F1, 0x87F2, 0x87F3, 0x87F4, 0x87F5,
    0x87F6, 0x87F7, 0x87F8, 0x87FA, 0x87FB, 0x87FC, 0x87FD, 0x87FF, 0x8800, 0x8801, 0x8802, 0x8804,
    0x8805, 0x8806, 0x8807, 0x8808, 0x8809, 0x880B, 0x880C, 0x880D, 0x880E, 0x880F, 0x8810, 0x8811,
    0x8812, 0x8814, 0x8817, 0x8818, 0x8819, 0x881A, 0x881C, 0x881D, 0x881E, 0x881F, 0x8820, 0x8823,
    0x7A00, 0x606F, 0x5E0C, 0x6089, 0x819D, 0x5915, 0x60DC, 0x7184, 0x70EF, 0x6EAA, 0x6C50, 0x7280,
    0x6A84, 0x88AD, 0x5E2D, 0x4E60, 0x5AB3, 0x559C, 0x94E3, 0x6D17, 0x7CFB, 0x9699, 0x620F, 0x7EC6,
    0x778E, 0x867E, 0x5323, 0x971E, 0x8F96, 0x6687, 0x5CE1, 0x4FA0, 0x72ED, 0x4E0B, 0x53A6, 0x590F,
    0x5413, 0x6380, 0x9528, 0x5148, 0x4ED9, 0x9C9C, 0x7EA4, 0x54B8, 0x8D24, 0x8854, 0x8237, 0x95F2,
    0x6D8E, 0x5F26, 0x5ACC, 0x663E, 0x9669, 0x73B0, 0x732E, 0x53BF, 0x817A, 0x9985, 0x7FA1, 0x5BAA,
    0x9677, 0x9650, 0x7EBF, 0x76F8, 0x53A2, 0x9576, 0x9999, 0x7BB1, 0x8944, 0x6E58, 0x4E61, 0x7FD4,
    0x7965, 0x8BE6, 0x60F3, 0x54CD, 0x4EAB, 0x9879, 0x5DF7, 0x6A61, 0x50CF, 0x5411, 0x8C61, 0x8427,
    0x785D, 0x9704, 0x524A, 0x54EE, 0x56A3, 0x9500, 0x6D88, 0x5BB5, 0x6DC6, 0x6653, 0x8824, 0x8825,
    0x8826, 0x8827, 0x8828, 0x8829, 0x882A, 0x882B, 0x882C, 0x882D, 0x882E, 0x882F, 0x8830, 0x8831,
    0x8833, 0x8834, 0x8835, 0x8836, 0x8837, 0x8838, 0x883A, 0x883B, 0x883D, 0x883E, 0x883F, 0x8841,
    0x8842, 0x8843, 0x8846, 0x8847, 0x8848, 0x8849, 0x884A, 0x884B, 0x884E, 0x884F, 0x8850, 0x8851,
    0x8852, 0x8853, 0x8855, 0x8856, 0x8858, 0x885A, 0x885B, 0x885C, 0x885D, 0x885E, 0x885F, 0x8860,
    0x8866, 0x8867, 0x886A, 0x886D, 0x886F, 0x8871, 0x8873, 0x8874, 0x8875, 0x8876, 0x8878, 0x8879,
    0x887A, 0x887B, 0x887C, 0x8880, 0x8883, 0x8886, 0x8887, 0x8889, 0x888A, 0x888C, 0x888E, 0x888F,
    0x8890, 0x8891, 0x8893, 0x8894, 0x8895, 0x8897, 0x8898, 0x8899, 0x889A, 0x889B, 0x889D, 0x889E,
    0x889F, 0x88A0, 0x88A1, 0x88A3, 0x88A5, 0x88A6, 0x88A7, 0x88A8, 0x88A9, 0x88AA, 0x5C0F, 0x5B5D,
    0x6821, 0x8096, 0x5578, 0x7B11, 0x6548, 0x6954, 0x4E9B, 0x6B47, 0x874E, 0x978B, 0x534F, 0x631F,
    0x643A, 0x90AA, 0x659C, 0x80C1, 0x8C10, 0x5199, 0x68B0, 0x5378, 0x87F9, 0x61C8, 0x6CC4, 0x6CFB,
    0x8C22, 0x5C51, 0x85AA, 0x82AF, 0x950C, 0x6B23, 0x8F9B, 0x65B0, 0x5FFB, 0x5FC3, 0x4FE1, 0x8845,
    0x661F, 0x8165, 0x7329, 0x60FA, 0x5174, 0x5211, 0x578B, 0x5F62, 0x90A2, 0x884C, 0x9192, 0x5E78,
    0x674F, 0x6027, 0x59D3, 0x5144, 0x51F6, 0x80F8, 0x5308, 0x6C79, 0x96C4, 0x718A, 0x4F11, 0x4FEE,
    0x7F9E, 0x673D, 0x55C5, 0x9508, 0x79C0, 0x8896, 0x7EE3, 0x589F, 0x620C, 0x9700, 0x865A, 0x5618,
    0x987B, 0x5F90, 0x8BB8, 0x84C4, 0x9157, 0x53D9, 0x65ED, 0x5E8F, 0x755C, 0x6064, 0x7D6E, 0x5A7F,
    0x7EEA, 0x7EED, 0x8F69, 0x55A7, 0x5BA3, 0x60AC, 0x65CB, 0x7384, 0x88AC, 0x88AE, 0x88AF, 0x88B0,
    0x88B2, 0x88B3, 0x88B4, 0x88B5, 0x88B6, 0x88B8, 0x88B9, 0x88BA, 0x88BB, 0x88BD, 0x88BE, 0x88BF,
    0x88C0, 0x88C3, 0x88C4, 0x88C7, 0x88C8, 0x88CA, 0x88CB, 0x88CC, 0x88CD, 0x88CF, 0x88D0, 0x88D1,
    0x88D3, 0x88D6, 0x88D7, 0x88DA, 0x88DB, 0x88DC, 0x88DD, 0x88DE, 0x88E0, 0x88E1, 0x88E6, 0x88E7,
    0x88E9, 0x88EA, 0x88EB, 0x88EC, 0x88ED, 0x88EE, 0x88EF, 0x88F2, 0x88F5, 0x88F6, 0x88F7, 0x88FA,
    0x88FB, 0x88FD, 0x88FF, 0x8900, 0x8901, 0x8903, 0x8904, 0x8905, 0x8906, 0x8907, 0x8908, 0x8909,
    0x890B, 0x890C, 0x890D, 0x890E, 0x890F, 0x8911, 0x8914, 0x8915, 0x8916, 0x8917, 0x8918, 0x891C,
    0x891D, 0x891E, 0x891F, 0x8920, 0x8922, 0x8923, 0x8924, 0x8926, 0x8927, 0x8928, 0x8929, 0x892C,
    0x892D, 0x892E, 0x892F, 0x8931, 0x8932, 0x8933, 0x8935, 0x8937, 0x9009, 0x7663, 0x7729, 0x7EDA,
    0x9774, 0x859B, 0x5B66, 0x7A74, 0x96EA, 0x8840, 0x52CB, 0x718F, 0x5FAA, 0x65EC, 0x8BE2, 0x5BFB,
    0x9A6F, 0x5DE1, 0x6B89, 0x6C5B, 0x8BAD, 0x8BAF, 0x900A, 0x8FC5, 0x538B, 0x62BC, 0x9E26, 0x9E2D,
    0x5440, 0x4E2B, 0x82BD, 0x7259, 0x869C, 0x5D16, 0x8859, 0x6DAF, 0x96C5, 0x54D1, 0x4E9A, 0x8BB6,
    0x7109, 0x54BD, 0x9609, 0x70DF, 0x6DF9, 0x76D0, 0x4E25, 0x7814, 0x8712, 0x5CA9, 0x5EF6, 0x8A00,
    0x989C, 0x960E, 0x708E, 0x6CBF, 0x5944, 0x63A9, 0x773C, 0x884D, 0x6F14, 0x8273, 0x5830, 0x71D5,
    0x538C, 0x781A, 0x96C1, 0x5501, 0x5F66, 0x7130, 0x5BB4, 0x8C1A, 0x9A8C, 0x6B83, 0x592E, 0x9E2F,
    0x79E7, 0x6768, 0x626C, 0x4F6F, 0x75A1, 0x7F8A, 0x6D0B, 0x9633, 0x6C27, 0x4EF0, 0x75D2, 0x517B,
    0x6837, 0x6F3E, 0x9080, 0x8170, 0x5996, 0x7476, 0x8938, 0x8939, 0x893A, 0x893B, 0x893C, 0x893D,
    0x893E, 0x893F, 0x8940, 0x8942, 0x8943, 0x8945, 0x8946, 0x8947, 0x8948, 0x8949, 0x894A, 0x894B,
    0x894C, 0x894D, 0x894E, 0x894F, 0x8950, 0x8951, 0x8952, 0x8953, 0x8954, 0x8955, 0x8956, 0x8957,
    0x8958, 0x8959, 0x895A, 0x895B, 0x895C, 0x895D, 0x8960, 0x8961, 0x8962, 0x8963, 0x8964, 0x8965,
    0x8967, 0x8968, 0x8969, 0x896A, 0x896B, 0x896C, 0x896D, 0x896E, 0x896F, 0x8970, 0x8971, 0x8972,
    0x8973, 0x8974, 0x8975, 0x8976, 0x8977, 0x8978, 0x8979, 0x897A, 0x897C, 0x897D, 0x897E, 0x8980,
    0x8982, 0x8984, 0x8985, 0x8987, 0x8988, 0x8989, 0x898A, 0x898B, 0x898C, 0x898D, 0x898E, 0x898F,
    0x8990, 0x8991, 0x8992, 0x8993, 0x8994, 0x8995, 0x8996, 0x8997, 0x8998, 0x8999, 0x899A, 0x899B,
    0x899C, 0x899D, 0x899E, 0x899F, 0x89A0, 0x89A1, 0x6447, 0x5C27, 0x9065, 0x7A91, 0x8C23, 0x59DA,
    0x54AC, 0x8200, 0x836F, 0x8981, 0x8000, 0x6930, 0x564E, 0x8036, 0x7237, 0x91CE, 0x51B6, 0x4E5F,
    0x9875, 0x6396, 0x4E1A, 0x53F6, 0x66F3, 0x814B, 0x591C, 0x6DB2, 0x4E00, 0x58F9, 0x533B, 0x63D6,
    0x94F1, 0x4F9D, 0x4F0A, 0x8863, 0x9890, 0x5937, 0x9057, 0x79FB, 0x4EEA, 0x80F0, 0x7591, 0x6C82,
    0x5B9C, 0x59E8, 0x5F5D, 0x6905, 0x8681, 0x501A, 0x5DF2, 0x4E59, 0x77E3, 0x4EE5, 0x827A, 0x6291,
    0x6613, 0x9091, 0x5C79, 0x4EBF, 0x5F79, 0x81C6, 0x9038, 0x8084, 0x75AB, 0x4EA6, 0x88D4, 0x610F,
    0x6BC5, 0x5FC6, 0x4E49, 0x76CA, 0x6EA2, 0x8BE3, 0x8BAE, 0x8C0A, 0x8BD1, 0x5F02, 0x7FFC, 0x7FCC,
    0x7ECE, 0x8335, 0x836B, 0x56E0, 0x6BB7, 0x97F3, 0x9634, 0x59FB, 0x541F, 0x94F6, 0x6DEB, 0x5BC5,
    0x996E, 0x5C39, 0x5F15, 0x9690, 0x89A2, 0x89A3, 0x89A4, 0x89A5, 0x89A6, 0x89A7, 0x89A8, 0x89A9,
    0x89AA, 0x89AB, 0x89AC, 0x89AD, 0x89AE, 0x89AF, 0x89B0, 0x89B1, 0x89B2, 0x89B3, 0x89B4, 0x89B5,
    0x89B6, 0x89B7, 0x89B8, 0x89B9, 0x89BA, 0x89BB, 0x89BC, 0x89BD, 0x89BE, 0x89BF, 0x89C0, 0x89C3,
    0x89CD, 0x89D3, 0x89D4, 0x89D5, 0x89D7, 0x89D8, 0x89D9, 0x89DB, 0x89DD, 0x89DF, 0x89E0, 0x89E1,
    0x89E2, 0x89E4, 0x89E7, 0x89E8, 0x89E9, 0x89EA, 0x89EC, 0x89ED, 0x89EE, 0x89F0, 0x89F1, 0x89F2,
    0x89F4, 0x89F5, 0x89F6, 0x89F7, 0x89F8, 0x89F9, 0x89FA, 0x89FB, 0x89FC, 0x89FD, 0x89FE, 0x89FF,
    0x8A01, 0x8A02, 0x8A03, 0x8A04, 0x8A05, 0x8A06, 0x8A08, 0x8A09, 0x8A0A, 0x8A0B, 0x8A0C, 0x8A0D,
    0x8A0E, 0x8A0F, 0x8A10, 0x8A11, 0x8A12, 0x8A13, 0x8A14, 0x8A15, 0x8A16, 0x8A17, 0x8A18, 0x8A19,
    0x8A1A, 0x8A1B, 0x8A1C, 0x8A1D, 0x5370, 0x82F1, 0x6A31, 0x5A74, 0x9E70, 0x5E94, 0x7F28, 0x83B9,
    0x8424, 0x8425, 0x8367, 0x8747, 0x8FCE, 0x8D62, 0x76C8, 0x5F71, 0x9896, 0x786C, 0x6620, 0x54DF,
    0x62E5, 0x4F63, 0x81C3, 0x75C8, 0x5EB8, 0x96CD, 0x8E0A, 0x86F9, 0x548F, 0x6CF3, 0x6D8C, 0x6C38,
    0x607F, 0x52C7, 0x7528, 0x5E7D, 0x4F18, 0x60A0, 0x5FE7, 0x5C24, 0x7531, 0x90AE, 0x94C0, 0x72B9,
    0x6CB9, 0x6E38, 0x9149, 0x6709, 0x53CB, 0x53F3, 0x4F51, 0x91C9, 0x8BF1, 0x53C8, 0x5E7C, 0x8FC2,
    0x6DE4, 0x4E8E, 0x76C2, 0x6986, 0x865E, 0x611A, 0x8206, 0x4F59, 0x4FDE, 0x903E, 0x9C7C, 0x6109,
    0x6E1D, 0x6E14, 0x9685, 0x4E88, 0x5A31, 0x96E8, 0x4E0E, 0x5C7F, 0x79B9, 0x5B87, 0x8BED, 0x7FBD,
    0x7389, 0x57DF, 0x828B, 0x90C1, 0x5401, 0x9047, 0x55BB, 0x5CEA, 0x5FA1, 0x6108, 0x6B32, 0x72F1,
    0x80B2, 0x8A89, 0x8A1E, 0x8A1F, 0x8A20, 0x8A21, 0x8A22, 0x8A23, 0x8A24, 0x8A25, 0x8A26, 0x8A27,
    0x8A28, 0x8A29, 0x8A2A, 0x8A2B, 0x8A2C, 0x8A2D, 0x8A2E, 0x8A2F, 0x8A30, 0x8A31, 0x8A32, 0x8A33,
    0x8A34, 0x8A35, 0x8A36, 0x8A37, 0x8A38, 0x8A39, 0x8A3A, 0x8A3B, 0x8A3C, 0x8A3D, 0x8A3F, 0x8A40,
    0x8A41, 0x8A42, 0x8A43, 0x8A44, 0x8A45, 0x8A46, 0x8A47, 0x8A49, 0x8A4A, 0x8A4B, 0x8A4C, 0x8A4D,
    0x8A4E, 0x8A4F, 0x8A50, 0x8A51, 0x8A52, 0x8A53, 0x8A54, 0x8A55, 0x8A56, 0x8A57, 0x8A58, 0x8A59,
    0x8A5A, 0x8A5B, 0x8A5C, 0x8A5D, 0x8A5E, 0x8A5F, 0x8A60, 0x8A61, 0x8A62, 0x8A63, 0x8A64, 0x8A65,
    0x8A66, 0x8A67, 0x8A68, 0x8A69, 0x8A6A, 0x8A6B, 0x8A6C, 0x8A6D, 0x8A6E, 0x8A6F, 0x8A70, 0x8A71,
    0x8A72, 0x8A73, 0x8A74, 0x8A75, 0x8A76, 0x8A77, 0x8A78, 0x8A7A, 0x8A7B, 0x8A7C, 0x8A7D, 0x8A7E,
    0x8A7F, 0x8A80, 0x6D74, 0x5BD3, 0x88D5, 0x9884, 0x8C6B, 0x9A6D, 0x9E33, 0x6E0A, 0x51A4, 0x5143,
    0x57A3, 0x8881, 0x539F, 0x63F4, 0x8F95, 0x56ED, 0x5458, 0x5706, 0x733F, 0x6E90, 0x7F18, 0x8FDC,
    0x82D1, 0x613F, 0x6028, 0x9662, 0x66F0, 0x7EA6, 0x8D8A, 0x8DC3, 0x94A5, 0x5CB3, 0x7CA4, 0x6708,
    0x60A6, 0x9605, 0x8018, 0x4E91, 0x90E7, 0x5300, 0x9668, 0x5141, 0x8FD0, 0x8574, 0x915D, 0x6655,
    0x97F5, 0x5B55, 0x531D, 0x7838, 0x6742, 0x683D, 0x54C9, 0x707E, 0x5BB0, 0x8F7D, 0x518D, 0x5728,
    0x54B1, 0x6512, 0x6682, 0x8D5E, 0x8D43, 0x810F, 0x846C, 0x906D, 0x7CDF, 0x51FF, 0x85FB, 0x67A3,
    0x65E9, 0x6FA1, 0x86A4, 0x8E81, 0x566A, 0x9020, 0x7682, 0x7076, 0x71E5, 0x8D23, 0x62E9, 0x5219,
    0x6CFD, 0x8D3C, 0x600E, 0x589E, 0x618E, 0x66FE, 0x8D60, 0x624E, 0x55B3, 0x6E23, 0x672D, 0x8F67,
    0x8A81, 0x8A82, 0x8A83, 0x8A84, 0x8A85, 0x8A86, 0x8A87, 0x8A88, 0x8A8B, 0x8A8C, 0x8A8D, 0x8A8E,
    0x8A8F, 0x8A90, 0x8A91, 0x8A92, 0x8A94, 0x8A95, 0x8A96, 0x8A97, 0x8A98, 0x8A99, 0x8A9A, 0x8A9B,
    0x8A9C, 0x8A9D, 0x8A9E, 0x8A9F, 0x8AA0, 0x8AA1, 0x8AA2, 0x8AA3, 0x8AA4, 0x8AA5, 0x8AA6, 0x8AA7,
    0x8AA8, 0x8AA9, 0x8AAA, 0x8AAB, 0x8AAC, 0x8AAD, 0x8AAE, 0x8AAF, 0x8AB0, 0x8AB1, 0x8AB2, 0x8AB3,
    0x8AB4, 0x8AB5, 0x8AB6, 0x8AB7, 0x8AB8, 0x8AB9, 0x8ABA, 0x8ABB, 0x8ABC, 0x8ABD, 0x8ABE, 0x8ABF,
    0x8AC0, 0x8AC1, 0x8AC2, 0x8AC3, 0x8AC4, 0x8AC5, 0x8AC6, 0x8AC7, 0x8AC8, 0x8AC9, 0x8ACA, 0x8ACB,
    0x8ACC, 0x8ACD, 0x8ACE, 0x8ACF, 0x8AD0, 0x8AD1, 0x8AD2, 0x8AD3, 0x8AD4, 0x8AD5, 0x8AD6, 0x8AD7,
    0x8AD8, 0x8AD9, 0x8ADA, 0x8ADB, 0x8ADC, 0x8ADD, 0x8ADE, 0x8ADF, 0x8AE0, 0x8AE1, 0x8AE2, 0x8AE3,
    0x94E1, 0x95F8, 0x7728, 0x6805, 0x69A8, 0x548B, 0x4E4D, 0x70B8, 0x8BC8, 0x6458, 0x658B, 0x5B85,
    0x7A84, 0x503A, 0x5BE8, 0x77BB, 0x6BE1, 0x8A79, 0x7C98, 0x6CBE, 0x76CF, 0x65A9, 0x8F97, 0x5D2D,
    0x5C55, 0x8638, 0x6808, 0x5360, 0x6218, 0x7AD9, 0x6E5B, 0x7EFD, 0x6A1F, 0x7AE0, 0x5F70, 0x6F33,
    0x5F20, 0x638C, 0x6DA8, 0x6756, 0x4E08, 0x5E10, 0x8D26, 0x4ED7, 0x80C0, 0x7634, 0x969C, 0x62DB,
    0x662D, 0x627E, 0x6CBC, 0x8D75, 0x7167, 0x7F69, 0x5146, 0x8087, 0x53EC, 0x906E, 0x6298, 0x54F2,
    0x86F0, 0x8F99, 0x8005, 0x9517, 0x8517, 0x8FD9, 0x6D59, 0x73CD, 0x659F, 0x771F, 0x7504, 0x7827,
    0x81FB, 0x8D1E, 0x9488, 0x4FA6, 0x6795, 0x75B9, 0x8BCA, 0x9707, 0x632F, 0x9547, 0x9635, 0x84B8,
    0x6323, 0x7741, 0x5F81, 0x72F0, 0x4E89, 0x6014, 0x6574, 0x62EF, 0x6B63, 0x653F, 0x8AE4, 0x8AE5,
    0x8AE6, 0x8AE7, 0x8AE8, 0x8AE9, 0x8AEA, 0x8AEB, 0x8AEC, 0x8AED, 0x8AEE, 0x8AEF, 0x8AF0, 0x8AF1,
    0x8AF2, 0x8AF3, 0x8AF4, 0x8AF5, 0x8AF6, 0x8AF7, 0x8AF8, 0x8AF9, 0x8AFA, 0x8AFB, 0x8AFC, 0x8AFD,
    0x8AFE, 0x8AFF, 0x8B00, 0x8B01, 0x8B02, 0x8B03, 0x8B04, 0x8B05, 0x8B06, 0x8B08, 0x8B09, 0x8B0A,
    0x8B0B, 0x8B0C, 0x8B0D, 0x8B0E, 0x8B0F, 0x8B10, 0x8B11, 0x8B12, 0x8B13, 0x8B14, 0x8B15, 0x8B16,
    0x8B17, 0x8B18, 0x8B19, 0x8B1A, 0x8B1B, 0x8B1C, 0x8B1D, 0x8B1E, 0x8B1F, 0x8B20, 0x8B21, 0x8B22,
    0x8B23, 0x8B24, 0x8B25, 0x8B27, 0x8B28, 0x8B29, 0x8B2A, 0x8B2B, 0x8B2C, 0x8B2D, 0x8B2E, 0x8B2F,
    0x8B30, 0x8B31, 0x8B32, 0x8B33, 0x8B34, 0x8B35, 0x8B36, 0x8B37, 0x8B38, 0x8B39, 0x8B3A, 0x8B3B,
    0x8B3C, 0x8B3D, 0x8B3E, 0x8B3F, 0x8B40, 0x8B41, 0x8B42, 0x8B43, 0x8B44, 0x8B45, 0x5E27, 0x75C7,
    0x90D1, 0x8BC1, 0x829D, 0x679D, 0x652F, 0x5431, 0x8718, 0x77E5, 0x80A2, 0x8102, 0x6C41, 0x4E4B,
    0x7EC7, 0x804C, 0x76F4, 0x690D, 0x6B96, 0x6267, 0x503C, 0x4F84, 0x5740, 0x6307, 0x6B62, 0x8DBE,
    0x53EA, 0x65E8, 0x7EB8, 0x5FD7, 0x631A, 0x63B7, 0x81F3, 0x81F4, 0x7F6E, 0x5E1C, 0x5CD9, 0x5236,
    0x667A, 0x79E9, 0x7A1A, 0x8D28, 0x7099, 0x75D4, 0x6EDE, 0x6CBB, 0x7A92, 0x4E2D, 0x76C5, 0x5FE0,
    0x949F, 0x8877, 0x7EC8, 0x79CD, 0x80BF, 0x91CD, 0x4EF2, 0x4F17, 0x821F, 0x5468, 0x5DDE, 0x6D32,
    0x8BCC, 0x7CA5, 0x8F74, 0x8098, 0x5E1A, 0x5492, 0x76B1, 0x5B99, 0x663C, 0x9AA4, 0x73E0, 0x682A,
    0x86DB, 0x6731, 0x732A, 0x8BF8, 0x8BDB, 0x9010, 0x7AF9, 0x70DB, 0x716E, 0x62C4, 0x77A9, 0x5631,
    0x4E3B, 0x8457, 0x67F1, 0x52A9, 0x86C0, 0x8D2E, 0x94F8, 0x7B51, 0x8B46, 0x8B47, 0x8B48, 0x8B49,
    0x8B4A, 0x8B4B, 0x8B4C, 0x8B4D, 0x8B4E, 0x8B4F, 0x8B50, 0x8B51, 0x8B52, 0x8B53, 0x8B54, 0x8B55,
    0x8B56, 0x8B57, 0x8B58, 0x8B59, 0x8B5A, 0x8B5B, 0x8B5C, 0x8B5D, 0x8B5E, 0x8B5F, 0x8B60, 0x8B61,
    0x8B62, 0x8B63, 0x8B64, 0x8B65, 0x8B67, 0x8B68, 0x8B69, 0x8B6A, 0x8B6B, 0x8B6D, 0x8B6E, 0x8B6F,
    0x8B70, 0x8B71, 0x8B72, 0x8B73, 0x8B74, 0x8B75, 0x8B76, 0x8B77, 0x8B78, 0x8B79, 0x8B7A, 0x8B7B,
    0x8B7C, 0x8B7D, 0x8B7E, 0x8B7F, 0x8B80, 0x8B81, 0x8B82, 0x8B83, 0x8B84, 0x8B85, 0x8B86, 0x8B87,
    0x8B88, 0x8B89, 0x8B8A, 0x8B8B, 0x8B8C, 0x8B8D, 0x8B8E, 0x8B8F, 0x8B90, 0x8B91, 0x8B92, 0x8B93,
    0x8B94, 0x8B95, 0x8B96, 0x8B97, 0x8B98, 0x8B99, 0x8B9A, 0x8B9B, 0x8B9C, 0x8B9D, 0x8B9E, 0x8B9F,
    0x8BAC, 0x8BB1, 0x8BBB, 0x8BC7, 0x8BD0, 0x8BEA, 0x8C09, 0x8C1E, 0x4F4F, 0x6CE8, 0x795D, 0x9A7B,
    0x6293, 0x722A, 0x62FD, 0x4E13, 0x7816, 0x8F6C, 0x64B0, 0x8D5A, 0x7BC6, 0x6869, 0x5E84, 0x88C5,
    0x5986, 0x649E, 0x58EE, 0x72B6, 0x690E, 0x9525, 0x8FFD, 0x8D58, 0x5760, 0x7F00, 0x8C06, 0x51C6,
    0x6349, 0x62D9, 0x5353, 0x684C, 0x7422, 0x8301, 0x914C, 0x5544, 0x7740, 0x707C, 0x6D4A, 0x5179,
    0x54A8, 0x8D44, 0x59FF, 0x6ECB, 0x6DC4, 0x5B5C, 0x7D2B, 0x4ED4, 0x7C7D, 0x6ED3, 0x5B50, 0x81EA,
    0x6E0D, 0x5B57, 0x9B03, 0x68D5, 0x8E2A, 0x5B97, 0x7EFC, 0x603B, 0x7EB5, 0x90B9, 0x8D70, 0x594F,
    0x63CD, 0x79DF, 0x8DB3, 0x5352, 0x65CF, 0x7956, 0x8BC5, 0x963B, 0x7EC4, 0x94BB, 0x7E82, 0x5634,
    0x9189, 0x6700, 0x7F6A, 0x5C0A, 0x9075, 0x6628, 0x5DE6, 0x4F50, 0x67DE, 0x505A, 0x4F5C, 0x5750,
    0x5EA7, 0xE810, 0xE811, 0xE812, 0xE813, 0xE814, 0x8C38, 0x8C39, 0x8C3A, 0x8C3B, 0x8C3C, 0x8C3D,
    0x8C3E, 0x8C3F, 0x8C40, 0x8C42, 0x8C43, 0x8C44, 0x8C45, 0x8C48, 0x8C4A, 0x8C4B, 0x8C4D, 0x8C4E,
    0x8C4F, 0x8C50, 0x8C51, 0x8C52, 0x8C53, 0x8C54, 0x8C56, 0x8C57, 0x8C58, 0x8C59, 0x8C5B, 0x8C5C,
    0x8C5D, 0x8C5E, 0x8C5F, 0x8C60, 0x8C63, 0x8C64, 0x8C65, 0x8C66, 0x8C67, 0x8C68, 0x8C69, 0x8C6C,
    0x8C6D, 0x8C6E, 0x8C6F, 0x8C70, 0x8C71, 0x8C72, 0x8C74, 0x8C75, 0x8C76, 0x8C77, 0x8C7B, 0x8C7C,
    0x8C7D, 0x8C7E, 0x8C7F, 0x8C80, 0x8C81, 0x8C83, 0x8C84, 0x8C86, 0x8C87, 0x8C88, 0x8C8B, 0x8C8D,
    0x8C8E, 0x8C8F, 0x8C90, 0x8C91, 0x8C92, 0x8C93, 0x8C95, 0x8C96, 0x8C97, 0x8C99, 0x8C9A, 0x8C9B,
    0x8C9C, 0x8C9D, 0x8C9E, 0x8C9F, 0x8CA0, 0x8CA1, 0x8CA2, 0x8CA3, 0x8CA4, 0x8CA5, 0x8CA6, 0x8CA7,
    0x8CA8, 0x8CA9, 0x8CAA, 0x8CAB, 0x8CAC, 0x8CAD, 0x4E8D, 0x4E0C, 0x5140, 0x4E10, 0x5EFF, 0x5345,
    0x4E15, 0x4E98, 0x4E1E, 0x9B32, 0x5B6C, 0x5669, 0x4E28, 0x79BA, 0x4E3F, 0x5315, 0x4E47, 0x592D,
    0x723B, 0x536E, 0x6C10, 0x56DF, 0x80E4, 0x9997, 0x6BD3, 0x777E, 0x9F17, 0x4E36, 0x4E9F, 0x9F10,
    0x4E5C, 0x4E69, 0x4E93, 0x8288, 0x5B5B, 0x556C, 0x560F, 0x4EC4, 0x538D, 0x539D, 0x53A3, 0x53A5,
    0x53AE, 0x9765, 0x8D5D, 0x531A, 0x53F5, 0x5326, 0x532E, 0x533E, 0x8D5C, 0x5366, 0x5363, 0x5202,
    0x5208, 0x520E, 0x522D, 0x5233, 0x523F, 0x5240, 0x524C, 0x525E, 0x5261, 0x525C, 0x84AF, 0x527D,
    0x5282, 0x5281, 0x5290, 0x5293, 0x5182, 0x7F54, 0x4EBB, 0x4EC3, 0x4EC9, 0x4EC2, 0x4EE8, 0x4EE1,
    0x4EEB, 0x4EDE, 0x4F1B, 0x4EF3, 0x4F22, 0x4F64, 0x4EF5, 0x4F25, 0x4F27, 0x4F09, 0x4F2B, 0x4F5E,
    0x4F67, 0x6538, 0x4F5A, 0x4F5D, 0x8CAE, 0x8CAF, 0x8CB0, 0x8CB1, 0x8CB2, 0x8CB3, 0x8CB4, 0x8CB5,
    0x8CB6, 0x8CB7, 0x8CB8, 0x8CB9, 0x8CBA, 0x8CBB, 0x8CBC, 0x8CBD, 0x8CBE, 0x8CBF, 0x8CC0, 0x8CC1,
    0x8CC2, 0x8CC3, 0x8CC4, 0x8CC5, 0x8CC6, 0x8CC7, 0x8CC8, 0x8CC9, 0x8CCA, 0x8CCB, 0x8CCC, 0x8CCD,
    0x8CCE, 0x8CCF, 0x8CD0, 0x8CD1, 0x8CD2, 0x8CD3, 0x8CD4, 0x8CD5, 0x8CD6, 0x8CD7, 0x8CD8, 0x8CD9,
    0x8CDA, 0x8CDB, 0x8CDC, 0x8CDD, 0x8CDE, 0x8CDF, 0x8CE0, 0x8CE1, 0x8CE2, 0x8CE3, 0x8CE4, 0x8CE5,
    0x8CE6, 0x8CE7, 0x8CE8, 0x8CE9, 0x8CEA, 0x8CEB, 0x8CEC, 0x8CED, 0x8CEE, 0x8CEF, 0x8CF0, 0x8CF1,
    0x8CF2, 0x8CF3, 0x8CF4, 0x8CF5, 0x8CF6, 0x8CF7, 0x8CF8, 0x8CF9, 0x8CFA, 0x8CFB, 0x8CFC, 0x8CFD,
    0x8CFE, 0x8CFF, 0x8D00, 0x8D01, 0x8D02, 0x8D03, 0x8D04, 0x8D05, 0x8D06, 0x8D07, 0x8D08, 0x8D09,
    0x8D0A, 0x8D0B, 0x8D0C, 0x8D0D, 0x4F5F, 0x4F57, 0x4F32, 0x4F3D, 0x4F76, 0x4F74, 0x4F91, 0x4F89,
    0x4F83, 0x4F8F, 0x4F7E, 0x4F7B, 0x4FAA, 0x4F7C, 0x4FAC, 0x4F94, 0x4FE6, 0x4FE8, 0x4FEA, 0x4FC5,
    0x4FDA, 0x4FE3, 0x4FDC, 0x4FD1, 0x4FDF, 0x4FF8, 0x5029, 0x504C, 0x4FF3, 0x502C, 0x500F, 0x502E,
    0x502D, 0x4FFE, 0x501C, 0x500C, 0x5025, 0x5028, 0x507E, 0x5043, 0x5055, 0x5048, 0x504E, 0x506C,
    0x507B, 0x50A5, 0x50A7, 0x50A9, 0x50BA, 0x50D6, 0x5106, 0x50ED, 0x50EC, 0x50E6, 0x50EE, 0x5107,
    0x510B, 0x4EDD, 0x6C3D, 0x4F58, 0x4F65, 0x4FCE, 0x9FA0, 0x6C46, 0x7C74, 0x516E, 0x5DFD, 0x9EC9,
    0x9998, 0x5181, 0x5914, 0x52F9, 0x530D, 0x8A07, 0x5310, 0x51EB, 0x5919, 0x5155, 0x4EA0, 0x5156,
    0x4EB3, 0x886E, 0x88A4, 0x4EB5, 0x8114, 0x88D2, 0x7980, 0x5B34, 0x8803, 0x7FB8, 0x51AB, 0x51B1,
    0x51BD, 0x51BC, 0x8D0E, 0x8D0F, 0x8D10, 0x8D11, 0x8D12, 0x8D13, 0x8D14, 0x8D15, 0x8D16, 0x8D17,
    0x8D18, 0x8D19, 0x8D1A, 0x8D1B, 0x8D1C, 0x8D20, 0x8D51, 0x8D52, 0x8D57, 0x8D5F, 0x8D65, 0x8D68,
    0x8D69, 0x8D6A, 0x8D6C, 0x8D6E, 0x8D6F, 0x8D71, 0x8D72, 0x8D78, 0x8D79, 0x8D7A, 0x8D7B, 0x8D7C,
    0x8D7D, 0x8D7E, 0x8D7F, 0x8D80, 0x8D82, 0x8D83, 0x8D86, 0x8D87, 0x8D88, 0x8D89, 0x8D8C, 0x8D8D,
    0x8D8E, 0x8D8F, 0x8D90, 0x8D92, 0x8D93, 0x8D95, 0x8D96, 0x8D97, 0x8D98, 0x8D99, 0x8D9A, 0x8D9B,
    0x8D9C, 0x8D9D, 0x8D9E, 0x8DA0, 0x8DA1, 0x8DA2, 0x8DA4, 0x8DA5, 0x8DA6, 0x8DA7, 0x8DA8, 0x8DA9,
    0x8DAA, 0x8DAB, 0x8DAC, 0x8DAD, 0x8DAE, 0x8DAF, 0x8DB0, 0x8DB2, 0x8DB6, 0x8DB7, 0x8DB9, 0x8DBB,
    0x8DBD, 0x8DC0, 0x8DC1, 0x8DC2, 0x8DC5, 0x8DC7, 0x8DC8, 0x8DC9, 0x8DCA, 0x8DCD, 0x8DD0, 0x8DD2,
    0x8DD3, 0x8DD4, 0x51C7, 0x5196, 0x51A2, 0x51A5, 0x8BA0, 0x8BA6, 0x8BA7, 0x8BAA, 0x8BB4, 0x8BB5,
    0x8BB7, 0x8BC2, 0x8BC3, 0x8BCB, 0x8BCF, 0x8BCE, 0x8BD2, 0x8BD3, 0x8BD4, 0x8BD6, 0x8BD8, 0x8BD9,
    0x8BDC, 0x8BDF, 0x8BE0, 0x8BE4, 0x8BE8, 0x8BE9, 0x8BEE, 0x8BF0, 0x8BF3, 0x8BF6, 0x8BF9, 0x8BFC,
    0x8BFF, 0x8C00, 0x8C02, 0x8C04, 0x8C07, 0x8C0C, 0x8C0F, 0x8C11, 0x8C12, 0x8C14, 0x8C15, 0x8C16,
    0x8C19, 0x8C1B, 0x8C18, 0x8C1D, 0x8C1F, 0x8C20, 0x8C21, 0x8C25, 0x8C27, 0x8C2A, 0x8C2B, 0x8C2E,
    0x8C2F, 0x8C32, 0x8C33, 0x8C35, 0x8C36, 0x5369, 0x537A, 0x961D, 0x9622, 0x9621, 0x9631, 0x962A,
    0x963D, 0x963C, 0x9642, 0x9649, 0x9654, 0x965F, 0x9667, 0x966C, 0x9672, 0x9674, 0x9688, 0x968D,
    0x9697, 0x96B0, 0x9097, 0x909B, 0x909D, 0x9099, 0x90AC, 0x90A1, 0x90B4, 0x90B3, 0x90B6, 0x90BA,
    0x8DD5, 0x8DD8, 0x8DD9, 0x8DDC, 0x8DE0, 0x8DE1, 0x8DE2, 0x8DE5, 0x8DE6, 0x8DE7, 0x8DE9, 0x8DED,
    0x8DEE, 0x8DF0, 0x8DF1, 0x8DF2, 0x8DF4, 0x8DF6, 0x8DFC, 0x8DFE, 0x8DFF, 0x8E00, 0x8E01, 0x8E02,
    0x8E03, 0x8E04, 0x8E06, 0x8E07, 0x8E08, 0x8E0B, 0x8E0D, 0x8E0E, 0x8E10, 0x8E11, 0x8E12, 0x8E13,
    0x8E15, 0x8E16, 0x8E17, 0x8E18, 0x8E19, 0x8E1A, 0x8E1B, 0x8E1C, 0x8E20, 0x8E21, 0x8E24, 0x8E25,
    0x8E26, 0x8E27, 0x8E28, 0x8E2B, 0x8E2D, 0x8E30, 0x8E32, 0x8E33, 0x8E34, 0x8E36, 0x8E37, 0x8E38,
    0x8E3B, 0x8E3C, 0x8E3E, 0x8E3F, 0x8E43, 0x8E45, 0x8E46, 0x8E4C, 0x8E4D, 0x8E4E, 0x8E4F, 0x8E50,
    0x8E53, 0x8E54, 0x8E55, 0x8E56, 0x8E57, 0x8E58, 0x8E5A, 0x8E5B, 0x8E5C, 0x8E5D, 0x8E5E, 0x8E5F,
    0x8E60, 0x8E61, 0x8E62, 0x8E63, 0x8E64, 0x8E65, 0x8E67, 0x8E68, 0x8E6A, 0x8E6B, 0x8E6E, 0x8E71,
    0x90B8, 0x90B0, 0x90CF, 0x90C5, 0x90BE, 0x90D0, 0x90C4, 0x90C7, 0x90D3, 0x90E6, 0x90E2, 0x90DC,
    0x90D7, 0x90DB, 0x90EB, 0x90EF, 0x90FE, 0x9104, 0x9122, 0x911E, 0x9123, 0x9131, 0x912F, 0x9139,
    0x9143, 0x9146, 0x520D, 0x5942, 0x52A2, 0x52AC, 0x52AD, 0x52BE, 0x54FF, 0x52D0, 0x52D6, 0x52F0,
    0x53DF, 0x71EE, 0x77CD, 0x5EF4, 0x51F5, 0x51FC, 0x9B2F, 0x53B6, 0x5F01, 0x755A, 0x5DEF, 0x574C,
    0x57A9, 0x57A1, 0x587E, 0x58BC, 0x58C5, 0x58D1, 0x5729, 0x572C, 0x572A, 0x5733, 0x5739, 0x572E,
    0x572F, 0x575C, 0x573B, 0x5742, 0x5769, 0x5785, 0x576B, 0x5786, 0x577C, 0x577B, 0x5768, 0x576D,
    0x5776, 0x5773, 0x57AD, 0x57A4, 0x578C, 0x57B2, 0x57CF, 0x57A7, 0x57B4, 0x5793, 0x57A0, 0x57D5,
    0x57D8, 0x57DA, 0x57D9, 0x57D2, 0x57B8, 0x57F4, 0x57EF, 0x57F8, 0x57E4, 0x57DD, 0x8E73, 0x8E75,
    0x8E77, 0x8E78, 0x8E79, 0x8E7A, 0x8E7B, 0x8E7D, 0x8E7E, 0x8E80, 0x8E82, 0x8E83, 0x8E84, 0x8E86,
    0x8E88, 0x8E89, 0x8E8A, 0x8E8B, 0x8E8C, 0x8E8D, 0x8E8E, 0x8E91, 0x8E92, 0x8E93, 0x8E95, 0x8E96,
    0x8E97, 0x8E98, 0x8E99, 0x8E9A, 0x8E9B, 0x8E9D, 0x8E9F, 0x8EA0, 0x8EA1, 0x8EA2, 0x8EA3, 0x8EA4,
    0x8EA5, 0x8EA6, 0x8EA7, 0x8EA8, 0x8EA9, 0x8EAA, 0x8EAD, 0x8EAE, 0x8EB0, 0x8EB1, 0x8EB3, 0x8EB4,
    0x8EB5, 0x8EB6, 0x8EB7, 0x8EB8, 0x8EB9, 0x8EBB, 0x8EBC, 0x8EBD, 0x8EBE, 0x8EBF, 0x8EC0, 0x8EC1,
    0x8EC2, 0x8EC3, 0x8EC4, 0x8EC5, 0x8EC6, 0x8EC7, 0x8EC8, 0x8EC9, 0x8ECA, 0x8ECB, 0x8ECC, 0x8ECD,
    0x8ECF, 0x8ED0, 0x8ED1, 0x8ED2, 0x8ED3, 0x8ED4, 0x8ED5, 0x8ED6, 0x8ED7, 0x8ED8, 0x8ED9, 0x8EDA,
    0x8EDB, 0x8EDC, 0x8EDD, 0x8EDE, 0x8EDF, 0x8EE0, 0x8EE1, 0x8EE2, 0x8EE3, 0x8EE4, 0x580B, 0x580D,
    0x57FD, 0x57ED, 0x5800, 0x581E, 0x5819, 0x5844, 0x5820, 0x5865, 0x586C, 0x5881, 0x5889, 0x589A,
    0x5880, 0x99A8, 0x9F19, 0x61FF, 0x8279, 0x827D, 0x827F, 0x828F, 0x828A, 0x82A8, 0x8284, 0x828E,
    0x8291, 0x8297, 0x8299, 0x82AB, 0x82B8, 0x82BE, 0x82B0, 0x82C8, 0x82CA, 0x82E3, 0x8298, 0x82B7,
    0x82AE, 0x82CB, 0x82CC, 0x82C1, 0x82A9, 0x82B4, 0x82A1, 0x82AA, 0x829F, 0x82C4, 0x82CE, 0x82A4,
    0x82E1, 0x8309, 0x82F7, 0x82E4, 0x830F, 0x8307, 0x82DC, 0x82F4, 0x82D2, 0x82D8, 0x830C, 0x82FB,
    0x82D3, 0x8311, 0x831A, 0x8306, 0x8314, 0x8315, 0x82E0, 0x82D5, 0x831C, 0x8351, 0x835B, 0x835C,
    0x8308, 0x8392, 0x833C, 0x8334, 0x8331, 0x839B, 0x835E, 0x832F, 0x834F, 0x8347, 0x8343, 0x835F,
    0x8340, 0x8317, 0x8360, 0x832D, 0x833A, 0x8333, 0x8366, 0x8365, 0x8EE5, 0x8EE6, 0x8EE7, 0x8EE8,
    0x8EE9, 0x8EEA, 0x8EEB, 0x8EEC, 0x8EED, 0x8EEE, 0x8EEF, 0x8EF0, 0x8EF1, 0x8EF2, 0x8EF3, 0x8EF4,
    0x8EF5, 0x8EF6, 0x8EF7, 0x8EF8, 0x8EF9, 0x8EFA, 0x8EFB, 0x8EFC, 0x8EFD, 0x8EFE, 0x8EFF, 0x8F00,
    0x8F01, 0x8F02, 0x8F03, 0x8F04, 0x8F05, 0x8F06, 0x8F07, 0x8F08, 0x8F09, 0x8F0A, 0x8F0B, 0x8F0C,
    0x8F0D, 0x8F0E, 0x8F0F, 0x8F10, 0x8F11, 0x8F12, 0x8F13, 0x8F14, 0x8F15, 0x8F16, 0x8F17, 0x8F18,
    0x8F19, 0x8F1A, 0x8F1B, 0x8F1C, 0x8F1D, 0x8F1E, 0x8F1F, 0x8F20, 0x8F21, 0x8F22, 0x8F23, 0x8F24,
    0x8F25, 0x8F26, 0x8F27, 0x8F28, 0x8F29, 0x8F2A, 0x8F2B, 0x8F2C, 0x8F2D, 0x8F2E, 0x8F2F, 0x8F30,
    0x8F31, 0x8F32, 0x8F33, 0x8F34, 0x8F35, 0x8F36, 0x8F37, 0x8F38, 0x8F39, 0x8F3A, 0x8F3B, 0x8F3C,
    0x8F3D, 0x8F3E, 0x8F3F, 0x8F40, 0x8F41, 0x8F42, 0x8F43, 0x8F44, 0x8368, 0x831B, 0x8369, 0x836C,
    0x836A, 0x836D, 0x836E, 0x83B0, 0x8378, 0x83B3, 0x83B4, 0x83A0, 0x83AA, 0x8393, 0x839C, 0x8385,
    0x837C, 0x83B6, 0x83A9, 0x837D, 0x83B8, 0x837B, 0x8398, 0x839E, 0x83A8, 0x83BA, 0x83BC, 0x83C1,
    0x8401, 0x83E5, 0x83D8, 0x5807, 0x8418, 0x840B, 0x83DD, 0x83FD, 0x83D6, 0x841C, 0x8438, 0x8411,
    0x8406, 0x83D4, 0x83DF, 0x840F, 0x8403, 0x83F8, 0x83F9, 0x83EA, 0x83C5, 0x83C0, 0x8426, 0x83F0,
    0x83E1, 0x845C, 0x8451, 0x845A, 0x8459, 0x8473, 0x8487, 0x8488, 0x847A, 0x8489, 0x8478, 0x843C,
    0x8446, 0x8469, 0x8476, 0x848C, 0x848E, 0x8431, 0x846D, 0x84C1, 0x84CD, 0x84D0, 0x84E6, 0x84BD,
    0x84D3, 0x84CA, 0x84BF, 0x84BA, 0x84E0, 0x84A1, 0x84B9, 0x84B4, 0x8497, 0x84E5, 0x84E3, 0x850C,
    0x750D, 0x8538, 0x84F0, 0x8539, 0x851F, 0x853A, 0x8F45, 0x8F46, 0x8F47, 0x8F48, 0x8F49, 0x8F4A,
    0x8F4B, 0x8F4C, 0x8F4D, 0x8F4E, 0x8F4F, 0x8F50, 0x8F51, 0x8F52, 0x8F53, 0x8F54, 0x8F55, 0x8F56,
    0x8F57, 0x8F58, 0x8F59, 0x8F5A, 0x8F5B, 0x8F5C, 0x8F5D, 0x8F5E, 0x8F5F, 0x8F60, 0x8F61, 0x8F62,
    0x8F63, 0x8F64, 0x8F65, 0x8F6A, 0x8F80, 0x8F8C, 0x8F92, 0x8F9D, 0x8FA0, 0x8FA1, 0x8FA2, 0x8FA4,
    0x8FA5, 0x8FA6, 0x8FA7, 0x8FAA, 0x8FAC, 0x8FAD, 0x8FAE, 0x8FAF, 0x8FB2, 0x8FB3, 0x8FB4, 0x8FB5,
    0x8FB7, 0x8FB8, 0x8FBA, 0x8FBB, 0x8FBC, 0x8FBF, 0x8FC0, 0x8FC3, 0x8FC6, 0x8FC9, 0x8FCA, 0x8FCB,
    0x8FCC, 0x8FCD, 0x8FCF, 0x8FD2, 0x8FD6, 0x8FD7, 0x8FDA, 0x8FE0, 0x8FE1, 0x8FE3, 0x8FE7, 0x8FEC,
    0x8FEF, 0x8FF1, 0x8FF2, 0x8FF4, 0x8FF5, 0x8FF6, 0x8FFA, 0x8FFB, 0x8FFC, 0x8FFE, 0x8FFF, 0x9007,
    0x9008, 0x900C, 0x900E, 0x9013, 0x9015, 0x9018, 0x8556, 0x853B, 0x84FF, 0x84FC, 0x8559, 0x8548,
    0x8568, 0x8564, 0x855E, 0x857A, 0x77A2, 0x8543, 0x8572, 0x857B, 0x85A4, 0x85A8, 0x8587, 0x858F,
    0x8579, 0x85AE, 0x859C, 0x8585, 0x85B9, 0x85B7, 0x85B0, 0x85D3, 0x85C1, 0x85DC, 0x85FF, 0x8627,
    0x8605, 0x8629, 0x8616, 0x863C, 0x5EFE, 0x5F08, 0x593C, 0x5941, 0x8037, 0x5955, 0x595A, 0x5958,
    0x530F, 0x5C22, 0x5C25, 0x5C2C, 0x5C34, 0x624C, 0x626A, 0x629F, 0x62BB, 0x62CA, 0x62DA, 0x62D7,
    0x62EE, 0x6322, 0x62F6, 0x6339, 0x634B, 0x6343, 0x63AD, 0x63F6, 0x6371, 0x637A, 0x638E, 0x63B4,
    0x636D, 0x63AC, 0x638A, 0x6369, 0x63AE, 0x63BC, 0x63F2, 0x63F8, 0x63E0, 0x63FF, 0x63C4, 0x63DE,
    0x63CE, 0x6452, 0x63C6, 0x63BE, 0x6445, 0x6441, 0x640B, 0x641B, 0x6420, 0x640C, 0x6426, 0x6421,
    0x645E, 0x6484, 0x646D, 0x6496, 0x9019, 0x901C, 0x9023, 0x9024, 0x9025, 0x9027, 0x9028, 0x9029,
    0x902A, 0x902B, 0x902C, 0x9030, 0x9031, 0x9032, 0x9033, 0x9034, 0x9037, 0x9039, 0x903A, 0x903D,
    0x903F, 0x9040, 0x9043, 0x9045, 0x9046, 0x9048, 0x9049, 0x904A, 0x904B, 0x904C, 0x904E, 0x9054,
    0x9055, 0x9056, 0x9059, 0x905A, 0x905C, 0x905D, 0x905E, 0x905F, 0x9060, 0x9061, 0x9064, 0x9066,
    0x9067, 0x9069, 0x906A, 0x906B, 0x906C, 0x906F, 0x9070, 0x9071, 0x9072, 0x9073, 0x9076, 0x9077,
    0x9078, 0x9079, 0x907A, 0x907B, 0x907C, 0x907E, 0x9081, 0x9084, 0x9085, 0x9086, 0x9087, 0x9089,
    0x908A, 0x908C, 0x908D, 0x908E, 0x908F, 0x9090, 0x9092, 0x9094, 0x9096, 0x9098, 0x909A, 0x909C,
    0x909E, 0x909F, 0x90A0, 0x90A4, 0x90A5, 0x90A7, 0x90A8, 0x90A9, 0x90AB, 0x90AD, 0x90B2, 0x90B7,
    0x90BC, 0x90BD, 0x90BF, 0x90C0, 0x647A, 0x64B7, 0x64B8, 0x6499, 0x64BA, 0x64C0, 0x64D0, 0x64D7,
    0x64E4, 0x64E2, 0x6509, 0x6525, 0x652E, 0x5F0B, 0x5FD2, 0x7519, 0x5F11, 0x535F, 0x53F1, 0x53FD,
    0x53E9, 0x53E8, 0x53FB, 0x5412, 0x5416, 0x5406, 0x544B, 0x5452, 0x5453, 0x5454, 0x5456, 0x5443,
    0x5421, 0x5457, 0x5459, 0x5423, 0x5432, 0x5482, 0x5494, 0x5477, 0x5471, 0x5464, 0x549A, 0x549B,
    0x5484, 0x5476, 0x5466, 0x549D, 0x54D0, 0x54AD, 0x54C2, 0x54B4, 0x54D2, 0x54A7, 0x54A6, 0x54D3,
    0x54D4, 0x5472, 0x54A3, 0x54D5, 0x54BB, 0x54BF, 0x54CC, 0x54D9, 0x54DA, 0x54DC, 0x54A9, 0x54AA,
    0x54A4, 0x54DD, 0x54CF, 0x54DE, 0x551B, 0x54E7, 0x5520, 0x54FD, 0x5514, 0x54F3, 0x5522, 0x5523,
    0x550F, 0x5511, 0x5527, 0x552A, 0x5567, 0x558F, 0x55B5, 0x5549, 0x556D, 0x5541, 0x5555, 0x553F,
    0x5550, 0x553C, 0x90C2, 0x90C3, 0x90C6, 0x90C8, 0x90C9, 0x90CB, 0x90CC, 0x90CD, 0x90D2, 0x90D4,
    0x90D5, 0x90D6, 0x90D8, 0x90D9, 0x90DA, 0x90DE, 0x90DF, 0x90E0, 0x90E3, 0x90E4, 0x90E5, 0x90E9,
    0x90EA, 0x90EC, 0x90EE, 0x90F0, 0x90F1, 0x90F2, 0x90F3, 0x90F5, 0x90F6, 0x90F7, 0x90F9, 0x90FA,
    0x90FB, 0x90FC, 0x90FF, 0x9100, 0x9101, 0x9103, 0x9105, 0x9106, 0x9107, 0x9108, 0x9109, 0x910A,
    0x910B, 0x910C, 0x910D, 0x910E, 0x910F, 0x9110, 0x9111, 0x9112, 0x9113, 0x9114, 0x9115, 0x9116,
    0x9117, 0x9118, 0x911A, 0x911B, 0x911C, 0x911D, 0x911F, 0x9120, 0x9121, 0x9124, 0x9125, 0x9126,
    0x9127, 0x9128, 0x9129, 0x912A, 0x912B, 0x912C, 0x912D, 0x912E, 0x9130, 0x9132, 0x9133, 0x9134,
    0x9135, 0x9136, 0x9137, 0x9138, 0x913A, 0x913B, 0x913C, 0x913D, 0x913E, 0x913F, 0x9140, 0x9141,
    0x9142, 0x9144, 0x5537, 0x5556, 0x5575, 0x5576, 0x5577, 0x5533, 0x5530, 0x555C, 0x558B, 0x55D2,
    0x5583, 0x55B1, 0x55B9, 0x5588, 0x5581, 0x559F, 0x557E, 0x55D6, 0x5591, 0x557B, 0x55DF, 0x55BD,
    0x55BE, 0x5594, 0x5599, 0x55EA, 0x55F7, 0x55C9, 0x561F, 0x55D1, 0x55EB, 0x55EC, 0x55D4, 0x55E6,
    0x55DD, 0x55C4, 0x55EF, 0x55E5, 0x55F2, 0x55F3, 0x55CC, 0x55CD, 0x55E8, 0x55F5, 0x55E4, 0x8F94,
    0x561E, 0x5608, 0x560C, 0x5601, 0x5624, 0x5623, 0x55FE, 0x5600, 0x5627, 0x562D, 0x5658, 0x5639,
    0x5657, 0x562C, 0x564D, 0x5662, 0x5659, 0x565C, 0x564C, 0x5654, 0x5686, 0x5664, 0x5671, 0x566B,
    0x567B, 0x567C, 0x5685, 0x5693, 0x56AF, 0x56D4, 0x56D7, 0x56DD, 0x56E1, 0x56F5, 0x56EB, 0x56F9,
    0x56FF, 0x5704, 0x570A, 0x5709, 0x571C, 0x5E0F, 0x5E19, 0x5E14, 0x5E11, 0x5E31, 0x5E3B, 0x5E3C,
    0x9145, 0x9147, 0x9148, 0x9151, 0x9153, 0x9154, 0x9155, 0x9156, 0x9158, 0x9159, 0x915B, 0x915C,
    0x915F, 0x9160, 0x9166, 0x9167, 0x9168, 0x916B, 0x916D, 0x9173, 0x917A, 0x917B, 0x917C, 0x9180,
    0x9181, 0x9182, 0x9183, 0x9184, 0x9186, 0x9188, 0x918A, 0x918E, 0x918F, 0x9193, 0x9194, 0x9195,
    0x9196, 0x9197, 0x9198, 0x9199, 0x919C, 0x919D, 0x919E, 0x919F, 0x91A0, 0x91A1, 0x91A4, 0x91A5,
    0x91A6, 0x91A7, 0x91A8, 0x91A9, 0x91AB, 0x91AC, 0x91B0, 0x91B1, 0x91B2, 0x91B3, 0x91B6, 0x91B7,
    0x91B8, 0x91B9, 0x91BB, 0x91BC, 0x91BD, 0x91BE, 0x91BF, 0x91C0, 0x91C1, 0x91C2, 0x91C3, 0x91C4,
    0x91C5, 0x91C6, 0x91C8, 0x91CB, 0x91D0, 0x91D2, 0x91D3, 0x91D4, 0x91D5, 0x91D6, 0x91D7, 0x91D8,
    0x91D9, 0x91DA, 0x91DB, 0x91DD, 0x91DE, 0x91DF, 0x91E0, 0x91E1, 0x91E2, 0x91E3, 0x91E4, 0x91E5,
    0x5E37, 0x5E44, 0x5E54, 0x5E5B, 0x5E5E, 0x5E61, 0x5C8C, 0x5C7A, 0x5C8D, 0x5C90, 0x5C96, 0x5C88,
    0x5C98, 0x5C99, 0x5C91, 0x5C9A, 0x5C9C, 0x5CB5, 0x5CA2, 0x5CBD, 0x5CAC, 0x5CAB, 0x5CB1, 0x5CA3,
    0x5CC1, 0x5CB7, 0x5CC4, 0x5CD2, 0x5CE4, 0x5CCB, 0x5CE5, 0x5D02, 0x5D03, 0x5D27, 0x5D26, 0x5D2E,
    0x5D24, 0x5D1E, 0x5D06, 0x5D1B, 0x5D58, 0x5D3E, 0x5D34, 0x5D3D, 0x5D6C, 0x5D5B, 0x5D6F, 0x5D5D,
    0x5D6B, 0x5D4B, 0x5D4A, 0x5D69, 0x5D74, 0x5D82, 0x5D99, 0x5D9D, 0x8C73, 0x5DB7, 0x5DC5, 0x5F73,
    0x5F77, 0x5F82, 0x5F87, 0x5F89, 0x5F8C, 0x5F95, 0x5F99, 0x5F9C, 0x5FA8, 0x5FAD, 0x5FB5, 0x5FBC,
    0x8862, 0x5F61, 0x72AD, 0x72B0, 0x72B4, 0x72B7, 0x72B8, 0x72C3, 0x72C1, 0x72CE, 0x72CD, 0x72D2,
    0x72E8, 0x72EF, 0x72E9, 0x72F2, 0x72F4, 0x72F7, 0x7301, 0x72F3, 0x7303, 0x72FA, 0x91E6, 0x91E7,
    0x91E8, 0x91E9, 0x91EA, 0x91EB, 0x91EC, 0x91ED, 0x91EE, 0x91EF, 0x91F0, 0x91F1, 0x91F2, 0x91F3,
    0x91F4, 0x91F5, 0x91F6, 0x91F7, 0x91F8, 0x91F9, 0x91FA, 0x91FB, 0x91FC, 0x91FD, 0x91FE, 0x91FF,
    0x9200, 0x9201, 0x9202, 0x9203, 0x9204, 0x9205, 0x9206, 0x9207, 0x9208, 0x9209, 0x920A, 0x920B,
    0x920C, 0x920D, 0x920E, 0x920F, 0x9210, 0x9211, 0x9212, 0x9213, 0x9214, 0x9215, 0x9216, 0x9217,
    0x9218, 0x9219, 0x921A, 0x921B, 0x921C, 0x921D, 0x921E, 0x921F, 0x9220, 0x9221, 0x9222, 0x9223,
    0x9224, 0x9225, 0x9226, 0x9227, 0x9228, 0x9229, 0x922A, 0x922B, 0x922C, 0x922D, 0x922E, 0x922F,
    0x9230, 0x9231, 0x9232, 0x9233, 0x9234, 0x9235, 0x9236, 0x9237, 0x9238, 0x9239, 0x923A, 0x923B,
    0x923C, 0x923D, 0x923E, 0x923F, 0x9240, 0x9241, 0x9242, 0x9243, 0x9244, 0x9245, 0x72FB, 0x7317,
    0x7313, 0x7321, 0x730A, 0x731E, 0x731D, 0x7315, 0x7322, 0x7339, 0x7325, 0x732C, 0x7338, 0x7331,
    0x7350, 0x734D, 0x7357, 0x7360, 0x736C, 0x736F, 0x737E, 0x821B, 0x5925, 0x98E7, 0x5924, 0x5902,
    0x9963, 0x9967, 0x9968, 0x9969, 0x996A, 0x996B, 0x996C, 0x9974, 0x9977, 0x997D, 0x9980, 0x9984,
    0x9987, 0x998A, 0x998D, 0x9990, 0x9991, 0x9993, 0x9994, 0x9995, 0x5E80, 0x5E91, 0x5E8B, 0x5E96,
    0x5EA5, 0x5EA0, 0x5EB9, 0x5EB5, 0x5EBE, 0x5EB3, 0x8D53, 0x5ED2, 0x5ED1, 0x5EDB, 0x5EE8, 0x5EEA,
    0x81BA, 0x5FC4, 0x5FC9, 0x5FD6, 0x5FCF, 0x6003, 0x5FEE, 0x6004, 0x5FE1, 0x5FE4, 0x5FFE, 0x6005,
    0x6006, 0x5FEA, 0x5FED, 0x5FF8, 0x6019, 0x6035, 0x6026, 0x601B, 0x600F, 0x600D, 0x6029, 0x602B,
    0x600A, 0x603F, 0x6021, 0x6078, 0x6079, 0x607B, 0x607A, 0x6042, 0x9246, 0x9247, 0x9248, 0x9249,
    0x924A, 0x924B, 0x924C, 0x924D, 0x924E, 0x924F, 0x9250, 0x9251, 0x9252, 0x9253, 0x9254, 0x9255,
    0x9256, 0x9257, 0x9258, 0x9259, 0x925A, 0x925B, 0x925C, 0x925D, 0x925E, 0x925F, 0x9260, 0x9261,
    0x9262, 0x9263, 0x9264, 0x9265, 0x9266, 0x9267, 0x9268, 0x9269, 0x926A, 0x926B, 0x926C, 0x926D,
    0x926E, 0x926F, 0x9270, 0x9271, 0x9272, 0x9273, 0x9275, 0x9276, 0x9277, 0x9278, 0x9279, 0x927A,
    0x927B, 0x927C, 0x927D, 0x927E, 0x927F, 0x9280, 0x9281, 0x9282, 0x9283, 0x9284, 0x9285, 0x9286,
    0x9287, 0x9288, 0x9289, 0x928A, 0x928B, 0x928C, 0x928D, 0x928F, 0x9290, 0x9291, 0x9292, 0x9293,
    0x9294, 0x9295, 0x9296, 0x9297, 0x9298, 0x9299, 0x929A, 0x929B, 0x929C, 0x929D, 0x929E, 0x929F,
    0x92A0, 0x92A1, 0x92A2, 0x92A3, 0x92A4, 0x92A5, 0x92A6, 0x92A7, 0x606A, 0x607D, 0x6096, 0x609A,
    0x60AD, 0x609D, 0x6083, 0x6092, 0x608C, 0x609B, 0x60EC, 0x60BB, 0x60B1, 0x60DD, 0x60D8, 0x60C6,
    0x60DA, 0x60B4, 0x6120, 0x6126, 0x6115, 0x6123, 0x60F4, 0x6100, 0x610E, 0x612B, 0x614A, 0x6175,
    0x61AC, 0x6194, 0x61A7, 0x61B7, 0x61D4, 0x61F5, 0x5FDD, 0x96B3, 0x95E9, 0x95EB, 0x95F1, 0x95F3,
    0x95F5, 0x95F6, 0x95FC, 0x95FE, 0x9603, 0x9604, 0x9606, 0x9608, 0x960A, 0x960B, 0x960C, 0x960D,
    0x960F, 0x9612, 0x9615, 0x9616, 0x9617, 0x9619, 0x961A, 0x4E2C, 0x723F, 0x6215, 0x6C35, 0x6C54,
    0x6C5C, 0x6C4A, 0x6CA3, 0x6C85, 0x6C90, 0x6C94, 0x6C8C, 0x6C68, 0x6C69, 0x6C74, 0x6C76, 0x6C86,
    0x6CA9, 0x6CD0, 0x6CD4, 0x6CAD, 0x6CF7, 0x6CF8, 0x6CF1, 0x6CD7, 0x6CB2, 0x6CE0, 0x6CD6, 0x6CFA,
    0x6CEB, 0x6CEE, 0x6CB1, 0x6CD3, 0x6CEF, 0x6CFE, 0x92A8, 0x92A9, 0x92AA, 0x92AB, 0x92AC, 0x92AD,
    0x92AF, 0x92B0, 0x92B1, 0x92B2, 0x92B3, 0x92B4, 0x92B5, 0x92B6, 0x92B7, 0x92B8, 0x92B9, 0x92BA,
    0x92BB, 0x92BC, 0x92BD, 0x92BE, 0x92BF, 0x92C0, 0x92C1, 0x92C2, 0x92C3, 0x92C4, 0x92C5, 0x92C6,
    0x92C7, 0x92C9, 0x92CA, 0x92CB, 0x92CC, 0x92CD, 0x92CE, 0x92CF, 0x92D0, 0x92D1, 0x92D2, 0x92D3,
    0x92D4, 0x92D5, 0x92D6, 0x92D7, 0x92D8, 0x92D9, 0x92DA, 0x92DB, 0x92DC, 0x92DD, 0x92DE, 0x92DF,
    0x92E0, 0x92E1, 0x92E2, 0x92E3, 0x92E4, 0x92E5, 0x92E6, 0x92E7, 0x92E8, 0x92E9, 0x92EA, 0x92EB,
    0x92EC, 0x92ED, 0x92EE, 0x92EF, 0x92F0, 0x92F1, 0x92F2, 0x92F3, 0x92F4, 0x92F5, 0x92F6, 0x92F7,
    0x92F8, 0x92F9, 0x92FA, 0x92FB, 0x92FC, 0x92FD, 0x92FE, 0x92FF, 0x9300, 0x9301, 0x9302, 0x9303,
    0x9304, 0x9305, 0x9306, 0x9307, 0x9308, 0x9309, 0x6D39, 0x6D27, 0x6D0C, 0x6D43, 0x6D48, 0x6D07,
    0x6D04, 0x6D19, 0x6D0E, 0x6D2B, 0x6D4D, 0x6D2E, 0x6D35, 0x6D1A, 0x6D4F, 0x6D52, 0x6D54, 0x6D33,
    0x6D91, 0x6D6F, 0x6D9E, 0x6DA0, 0x6D5E, 0x6D93, 0x6D94, 0x6D5C, 0x6D60, 0x6D7C, 0x6D63, 0x6E1A,
    0x6DC7, 0x6DC5, 0x6DDE, 0x6E0E, 0x6DBF, 0x6DE0, 0x6E11, 0x6DE6, 0x6DDD, 0x6DD9, 0x6E16, 0x6DAB,
    0x6E0C, 0x6DAE, 0x6E2B, 0x6E6E, 0x6E4E, 0x6E6B, 0x6EB2, 0x6E5F, 0x6E86, 0x6E53, 0x6E54, 0x6E32,
    0x6E25, 0x6E44, 0x6EDF, 0x6EB1, 0x6E98, 0x6EE0, 0x6F2D, 0x6EE2, 0x6EA5, 0x6EA7, 0x6EBD, 0x6EBB,
    0x6EB7, 0x6ED7, 0x6EB4, 0x6ECF, 0x6E8F, 0x6EC2, 0x6E9F, 0x6F62, 0x6F46, 0x6F47, 0x6F24, 0x6F15,
    0x6EF9, 0x6F2F, 0x6F36, 0x6F4B, 0x6F74, 0x6F2A, 0x6F09, 0x6F29, 0x6F89, 0x6F8D, 0x6F8C, 0x6F78,
    0x6F72, 0x6F7C, 0x6F7A, 0x6FD1, 0x930A, 0x930B, 0x930C, 0x930D, 0x930E, 0x930F, 0x9310, 0x9311,
    0x9312, 0x9313, 0x9314, 0x9315, 0x9316, 0x9317, 0x9318, 0x9319, 0x931A, 0x931B, 0x931C, 0x931D,
    0x931E, 0x931F, 0x9320, 0x9321, 0x9322, 0x9323, 0x9324, 0x9325, 0x9326, 0x9327, 0x9328, 0x9329,
    0x932A, 0x932B, 0x932C, 0x932D, 0x932E, 0x932F, 0x9330, 0x9331, 0x9332, 0x9333, 0x9334, 0x9335,
    0x9336, 0x9337, 0x9338, 0x9339, 0x933A, 0x933B, 0x933C, 0x933D, 0x933F, 0x9340, 0x9341, 0x9342,
    0x9343, 0x9344, 0x9345, 0x9346, 0x9347, 0x9348, 0x9349, 0x934A, 0x934B, 0x934C, 0x934D, 0x934E,
    0x934F, 0x9350, 0x9351, 0x9352, 0x9353, 0x9354, 0x9355, 0x9356, 0x9357, 0x9358, 0x9359, 0x935A,
    0x935B, 0x935C, 0x935D, 0x935E, 0x935F, 0x9360, 0x9361, 0x9362, 0x9363, 0x9364, 0x9365, 0x9366,
    0x9367, 0x9368, 0x9369, 0x936B, 0x6FC9, 0x6FA7, 0x6FB9, 0x6FB6, 0x6FC2, 0x6FE1, 0x6FEE, 0x6FDE,
    0x6FE0, 0x6FEF, 0x701A, 0x7023, 0x701B, 0x7039, 0x7035, 0x704F, 0x705E, 0x5B80, 0x5B84, 0x5B95,
    0x5B93, 0x5BA5, 0x5BB8, 0x752F, 0x9A9E, 0x6434, 0x5BE4, 0x5BEE, 0x8930, 0x5BF0, 0x8E47, 0x8B07,
    0x8FB6, 0x8FD3, 0x8FD5, 0x8FE5, 0x8FEE, 0x8FE4, 0x8FE9, 0x8FE6, 0x8FF3, 0x8FE8, 0x9005, 0x9004,
    0x900B, 0x9026, 0x9011, 0x900D, 0x9016, 0x9021, 0x9035, 0x9036, 0x902D, 0x902F, 0x9044, 0x9051,
    0x9052, 0x9050, 0x9068, 0x9058, 0x9062, 0x905B, 0x66B9, 0x9074, 0x907D, 0x9082, 0x9088, 0x9083,
    0x908B, 0x5F50, 0x5F57, 0x5F56, 0x5F58, 0x5C3B, 0x54AB, 0x5C50, 0x5C59, 0x5B71, 0x5C63, 0x5C66,
    0x7FBC, 0x5F2A, 0x5F29, 0x5F2D, 0x8274, 0x5F3C, 0x9B3B, 0x5C6E, 0x5981, 0x5983, 0x598D, 0x59A9,
    0x59AA, 0x59A3, 0x936C, 0x936D, 0x936E, 0x936F, 0x9370, 0x9371, 0x9372, 0x9373, 0x9374, 0x9375,
    0x9376, 0x9377, 0x9378, 0x9379, 0x937A, 0x937B, 0x937C, 0x937D, 0x937E, 0x937F, 0x9380, 0x9381,
    0x9382, 0x9383, 0x9384, 0x9385, 0x9386, 0x9387, 0x9388, 0x9389, 0x938A, 0x938B, 0x938C, 0x938D,
    0x938E, 0x9390, 0x9391, 0x9392, 0x9393, 0x9394, 0x9395, 0x9396, 0x9397, 0x9398, 0x9399, 0x939A,
    0x939B, 0x939C, 0x939D, 0x939E, 0x939F, 0x93A0, 0x93A1, 0x93A2, 0x93A3, 0x93A4, 0x93A5, 0x93A6,
    0x93A7, 0x93A8, 0x93A9, 0x93AA, 0x93AB, 0x93AC, 0x93AD, 0x93AE, 0x93AF, 0x93B0, 0x93B1, 0x93B2,
    0x93B3, 0x93B4, 0x93B5, 0x93B6, 0x93B7, 0x93B8, 0x93B9, 0x93BA, 0x93BB, 0x93BC, 0x93BD, 0x93BE,
    0x93BF, 0x93C0, 0x93C1, 0x93C2, 0x93C3, 0x93C4, 0x93C5, 0x93C6, 0x93C7, 0x93C8, 0x93C9, 0x93CB,
    0x93CC, 0x93CD, 0x5997, 0x59CA, 0x59AB, 0x599E, 0x59A4, 0x59D2, 0x59B2, 0x59AF, 0x59D7, 0x59BE,
    0x5A05, 0x5A06, 0x59DD, 0x5A08, 0x59E3, 0x59D8, 0x59F9, 0x5A0C, 0x5A09, 0x5A32, 0x5A34, 0x5A11,
    0x5A23, 0x5A13, 0x5A40, 0x5A67, 0x5A4A, 0x5A55, 0x5A3C, 0x5A62, 0x5A75, 0x80EC, 0x5AAA, 0x5A9B,
    0x5A77, 0x5A7A, 0x5ABE, 0x5AEB, 0x5AB2, 0x5AD2, 0x5AD4, 0x5AB8, 0x5AE0, 0x5AE3, 0x5AF1, 0x5AD6,
    0x5AE6, 0x5AD8, 0x5ADC, 0x5B09, 0x5B17, 0x5B16, 0x5B32, 0x5B37, 0x5B40, 0x5C15, 0x5C1C, 0x5B5A,
    0x5B65, 0x5B73, 0x5B51, 0x5B53, 0x5B62, 0x9A75, 0x9A77, 0x9A78, 0x9A7A, 0x9A7F, 0x9A7D, 0x9A80,
    0x9A81, 0x9A85, 0x9A88, 0x9A8A, 0x9A90, 0x9A92, 0x9A93, 0x9A96, 0x9A98, 0x9A9B, 0x9A9C, 0x9A9D,
    0x9A9F, 0x9AA0, 0x9AA2, 0x9AA3, 0x9AA5, 0x9AA7, 0x7E9F, 0x7EA1, 0x7EA3, 0x7EA5, 0x7EA8, 0x7EA9,
    0x93CE, 0x93CF, 0x93D0, 0x93D1, 0x93D2, 0x93D3, 0x93D4, 0x93D5, 0x93D7, 0x93D8, 0x93D9, 0x93DA,
    0x93DB, 0x93DC, 0x93DD, 0x93DE, 0x93DF, 0x93E0, 0x93E1, 0x93E2, 0x93E3, 0x93E4, 0x93E5, 0x93E6,
    0x93E7, 0x93E8, 0x93E9, 0x93EA, 0x93EB, 0x93EC, 0x93ED, 0x93EE, 0x93EF, 0x93F0, 0x93F1, 0x93F2,
    0x93F3, 0x93F4, 0x93F5, 0x93F6, 0x93F7, 0x93F8, 0x93F9, 0x93FA, 0x93FB, 0x93FC, 0x93FD, 0x93FE,
    0x93FF, 0x9400, 0x9401, 0x9402, 0x9403, 0x9404, 0x9405, 0x9406, 0x9407, 0x9408, 0x9409, 0x940A,
    0x940B, 0x940C, 0x940D, 0x940E, 0x940F, 0x9410, 0x9411, 0x9412, 0x9413, 0x9414, 0x9415, 0x9416,
    0x9417, 0x9418, 0x9419, 0x941A, 0x941B, 0x941C, 0x941D, 0x941E, 0x941F, 0x9420, 0x9421, 0x9422,
    0x9423, 0x9424, 0x9425, 0x9426, 0x9427, 0x9428, 0x9429, 0x942A, 0x942B, 0x942C, 0x942D, 0x942E,
    0x7EAD, 0x7EB0, 0x7EBE, 0x7EC0, 0x7EC1, 0x7EC2, 0x7EC9, 0x7ECB, 0x7ECC, 0x7ED0, 0x7ED4, 0x7ED7,
    0x7EDB, 0x7EE0, 0x7EE1, 0x7EE8, 0x7EEB, 0x7EEE, 0x7EEF, 0x7EF1, 0x7EF2, 0x7F0D, 0x7EF6, 0x7EFA,
    0x7EFB, 0x7EFE, 0x7F01, 0x7F02, 0x7F03, 0x7F07, 0x7F08, 0x7F0B, 0x7F0C, 0x7F0F, 0x7F11, 0x7F12,
    0x7F17, 0x7F19, 0x7F1C, 0x7F1B, 0x7F1F, 0x7F21, 0x7F22, 0x7F23, 0x7F24, 0x7F25, 0x7F26, 0x7F27,
    0x7F2A, 0x7F2B, 0x7F2C, 0x7F2D, 0x7F2F, 0x7F30, 0x7F31, 0x7F32, 0x7F33, 0x7F35, 0x5E7A, 0x757F,
    0x5DDB, 0x753E, 0x9095, 0x738E, 0x7391, 0x73AE, 0x73A2, 0x739F, 0x73CF, 0x73C2, 0x73D1, 0x73B7,
    0x73B3, 0x73C0, 0x73C9, 0x73C8, 0x73E5, 0x73D9, 0x987C, 0x740A, 0x73E9, 0x73E7, 0x73DE, 0x73BA,
    0x73F2, 0x740F, 0x742A, 0x745B, 0x7426, 0x7425, 0x7428, 0x7430, 0x742E, 0x742C, 0x942F, 0x9430,
    0x9431, 0x9432, 0x9433, 0x9434, 0x9435, 0x9436, 0x9437, 0x9438, 0x9439, 0x943A, 0x943B, 0x943C,
    0x943D, 0x943F, 0x9440, 0x9441, 0x9442, 0x9443, 0x9444, 0x9445, 0x9446, 0x9447, 0x9448, 0x9449,
    0x944A, 0x944B, 0x944C, 0x944D, 0x944E, 0x944F, 0x9450, 0x9451, 0x9452, 0x9453, 0x9454, 0x9455,
    0x9456, 0x9457, 0x9458, 0x9459, 0x945A, 0x945B, 0x945C, 0x945D, 0x945E, 0x945F, 0x9460, 0x9461,
    0x9462, 0x9463, 0x9464, 0x9465, 0x9466, 0x9467, 0x9468, 0x9469, 0x946A, 0x946C, 0x946D, 0x946E,
    0x946F, 0x9470, 0x9471, 0x9472, 0x9473, 0x9474, 0x9475, 0x9476, 0x9477, 0x9478, 0x9479, 0x947A,
    0x947B, 0x947C, 0x947D, 0x947E, 0x947F, 0x9480, 0x9481, 0x9482, 0x9483, 0x9484, 0x9491, 0x9496,
    0x9498, 0x94C7, 0x94CF, 0x94D3, 0x94D4, 0x94DA, 0x94E6, 0x94FB, 0x951C, 0x9520, 0x741B, 0x741A,
    0x7441, 0x745C, 0x7457, 0x7455, 0x7459, 0x7477, 0x746D, 0x747E, 0x749C, 0x748E, 0x7480, 0x7481,
    0x7487, 0x748B, 0x749E, 0x74A8, 0x74A9, 0x7490, 0x74A7, 0x74D2, 0x74BA, 0x97EA, 0x97EB, 0x97EC,
    0x674C, 0x6753, 0x675E, 0x6748, 0x6769, 0x67A5, 0x6787, 0x676A, 0x6773, 0x6798, 0x67A7, 0x6775,
    0x67A8, 0x679E, 0x67AD, 0x678B, 0x6777, 0x677C, 0x67F0, 0x6809, 0x67D8, 0x680A, 0x67E9, 0x67B0,
    0x680C, 0x67D9, 0x67B5, 0x67DA, 0x67B3, 0x67DD, 0x6800, 0x67C3, 0x67B8, 0x67E2, 0x680E, 0x67C1,
    0x67FD, 0x6832, 0x6833, 0x6860, 0x6861, 0x684E, 0x6862, 0x6844, 0x6864, 0x6883, 0x681D, 0x6855,
    0x6866, 0x6841, 0x6867, 0x6840, 0x683E, 0x684A, 0x6849, 0x6829, 0x68B5, 0x688F, 0x6874, 0x6877,
    0x6893, 0x686B, 0x68C2, 0x696E, 0x68FC, 0x691F, 0x6920, 0x68F9, 0x9527, 0x9533, 0x953D, 0x9543,
    0x9548, 0x954B, 0x9555, 0x955A, 0x9560, 0x956E, 0x9574, 0x9575, 0x9577, 0x9578, 0x9579, 0x957A,
    0x957B, 0x957C, 0x957D, 0x957E, 0x9580, 0x9581, 0x9582, 0x9583, 0x9584, 0x9585, 0x9586, 0x9587,
    0x9588, 0x9589, 0x958A, 0x958B, 0x958C, 0x958D, 0x958E, 0x958F, 0x9590, 0x9591, 0x9592, 0x9593,
    0x9594, 0x9595, 0x9596, 0x9597, 0x9598, 0x9599, 0x959A, 0x959B, 0x959C, 0x959D, 0x959E, 0x959F,
    0x95A0, 0x95A1, 0x95A2, 0x95A3, 0x95A4, 0x95A5, 0x95A6, 0x95A7, 0x95A8, 0x95A9, 0x95AA, 0x95AB,
    0x95AC, 0x95AD, 0x95AE, 0x95AF, 0x95B0, 0x95B1, 0x95B2, 0x95B3, 0x95B4, 0x95B5, 0x95B6, 0x95B7,
    0x95B8, 0x95B9, 0x95BA, 0x95BB, 0x95BC, 0x95BD, 0x95BE, 0x95BF, 0x95C0, 0x95C1, 0x95C2, 0x95C3,
    0x95C4, 0x95C5, 0x95C6, 0x95C7, 0x95C8, 0x95C9, 0x95CA, 0x95CB, 0x6924, 0x68F0, 0x690B, 0x6901,
    0x6957, 0x68E3, 0x6910, 0x6971, 0x6939, 0x6960, 0x6942, 0x695D, 0x6984, 0x696B, 0x6980, 0x6998,
    0x6978, 0x6934, 0x69CC, 0x6987, 0x6988, 0x69CE, 0x6989, 0x6966, 0x6963, 0x6979, 0x699B, 0x69A7,
    0x69BB, 0x69AB, 0x69AD, 0x69D4, 0x69B1, 0x69C1, 0x69CA, 0x69DF, 0x6995, 0x69E0, 0x698D, 0x69FF,
    0x6A2F, 0x69ED, 0x6A17, 0x6A18, 0x6A65, 0x69F2, 0x6A44, 0x6A3E, 0x6AA0, 0x6A50, 0x6A5B, 0x6A35,
    0x6A8E, 0x6A79, 0x6A3D, 0x6A28, 0x6A58, 0x6A7C, 0x6A91, 0x6A90, 0x6AA9, 0x6A97, 0x6AAB, 0x7337,
    0x7352, 0x6B81, 0x6B82, 0x6B87, 0x6B84, 0x6B92, 0x6B93, 0x6B8D, 0x6B9A, 0x6B9B, 0x6BA1, 0x6BAA,
    0x8F6B, 0x8F6D, 0x8F71, 0x8F72, 0x8F73, 0x8F75, 0x8F76, 0x8F78, 0x8F77, 0x8F79, 0x8F7A, 0x8F7C,
    0x8F7E, 0x8F81, 0x8F82, 0x8F84, 0x8F87, 0x8F8B, 0x95CC, 0x95CD, 0x95CE, 0x95CF, 0x95D0, 0x95D1,
    0x95D2, 0x95D3, 0x95D4, 0x95D5, 0x95D6, 0x95D7, 0x95D8, 0x95D9, 0x95DA, 0x95DB, 0x95DC, 0x95DD,
    0x95DE, 0x95DF, 0x95E0, 0x95E1, 0x95E2, 0x95E3, 0x95E4, 0x95E5, 0x95E6, 0x95E7, 0x95EC, 0x95FF,
    0x9607, 0x9613, 0x9618, 0x961B, 0x961E, 0x9620, 0x9623, 0x9624, 0x9625, 0x9626, 0x9627, 0x9628,
    0x9629, 0x962B, 0x962C, 0x962D, 0x962F, 0x9630, 0x9637, 0x9638, 0x9639, 0x963A, 0x963E, 0x9641,
    0x9643, 0x964A, 0x964E, 0x964F, 0x9651, 0x9652, 0x9653, 0x9656, 0x9657, 0x9658, 0x9659, 0x965A,
    0x965C, 0x965D, 0x965E, 0x9660, 0x9663, 0x9665, 0x9666, 0x966B, 0x966D, 0x966E, 0x966F, 0x9670,
    0x9671, 0x9673, 0x9678, 0x9679, 0x967A, 0x967B, 0x967C, 0x967D, 0x967E, 0x967F, 0x9680, 0x9681,
    0x9682, 0x9683, 0x9684, 0x9687, 0x9689, 0x968A, 0x8F8D, 0x8F8E, 0x8F8F, 0x8F98, 0x8F9A, 0x8ECE,
    0x620B, 0x6217, 0x621B, 0x621F, 0x6222, 0x6221, 0x6225, 0x6224, 0x622C, 0x81E7, 0x74EF, 0x74F4,
    0x74FF, 0x750F, 0x7511, 0x7513, 0x6534, 0x65EE, 0x65EF, 0x65F0, 0x660A, 0x6619, 0x6772, 0x6603,
    0x6615, 0x6600, 0x7085, 0x66F7, 0x661D, 0x6634, 0x6631, 0x6636, 0x6635, 0x8006, 0x665F, 0x6654,
    0x6641, 0x664F, 0x6656, 0x6661, 0x6657, 0x6677, 0x6684, 0x668C, 0x66A7, 0x669D, 0x66BE, 0x66DB,
    0x66DC, 0x66E6, 0x66E9, 0x8D32, 0x8D33, 0x8D36, 0x8D3B, 0x8D3D, 0x8D40, 0x8D45, 0x8D46, 0x8D48,
    0x8D49, 0x8D47, 0x8D4D, 0x8D55, 0x8D59, 0x89C7, 0x89CA, 0x89CB, 0x89CC, 0x89CE, 0x89CF, 0x89D0,
    0x89D1, 0x726E, 0x729F, 0x725D, 0x7266, 0x726F, 0x727E, 0x727F, 0x7284, 0x728B, 0x728D, 0x728F,
    0x7292, 0x6308, 0x6332, 0x63B0, 0x968C, 0x968E, 0x9691, 0x9692, 0x9693, 0x9695, 0x9696, 0x969A,
    0x969B, 0x969D, 0x969E, 0x969F, 0x96A0, 0x96A1, 0x96A2, 0x96A3, 0x96A4, 0x96A5, 0x96A6, 0x96A8,
    0x96A9, 0x96AA, 0x96AB, 0x96AC, 0x96AD, 0x96AE, 0x96AF, 0x96B1, 0x96B2, 0x96B4, 0x96B5, 0x96B7,
    0x96B8, 0x96BA, 0x96BB, 0x96BF, 0x96C2, 0x96C3, 0x96C8, 0x96CA, 0x96CB, 0x96D0, 0x96D1, 0x96D3,
    0x96D4, 0x96D6, 0x96D7, 0x96D8, 0x96D9, 0x96DA, 0x96DB, 0x96DC, 0x96DD, 0x96DE, 0x96DF, 0x96E1,
    0x96E2, 0x96E3, 0x96E4, 0x96E5, 0x96E6, 0x96E7, 0x96EB, 0x96EC, 0x96ED, 0x96EE, 0x96F0, 0x96F1,
    0x96F2, 0x96F4, 0x96F5, 0x96F8, 0x96FA, 0x96FB, 0x96FC, 0x96FD, 0x96FF, 0x9702, 0x9703, 0x9705,
    0x970A, 0x970B, 0x970C, 0x9710, 0x9711, 0x9712, 0x9714, 0x9715, 0x9717, 0x9718, 0x9719, 0x971A,
    0x971B, 0x971D, 0x971F, 0x9720, 0x643F, 0x64D8, 0x8004, 0x6BEA, 0x6BF3, 0x6BFD, 0x6BF5, 0x6BF9,
    0x6C05, 0x6C07, 0x6C06, 0x6C0D, 0x6C15, 0x6C18, 0x6C19, 0x6C1A, 0x6C21, 0x6C29, 0x6C24, 0x6C2A,
    0x6C32, 0x6535, 0x6555, 0x656B, 0x724D, 0x7252, 0x7256, 0x7230, 0x8662, 0x5216, 0x809F, 0x809C,
    0x8093, 0x80BC, 0x670A, 0x80BD, 0x80B1, 0x80AB, 0x80AD, 0x80B4, 0x80B7, 0x80E7, 0x80E8, 0x80E9,
    0x80EA, 0x80DB, 0x80C2, 0x80C4, 0x80D9, 0x80CD, 0x80D7, 0x6710, 0x80DD, 0x80EB, 0x80F1, 0x80F4,
    0x80ED, 0x810D, 0x810E, 0x80F2, 0x80FC, 0x6715, 0x8112, 0x8C5A, 0x8136, 0x811E, 0x812C, 0x8118,
    0x8132, 0x8148, 0x814C, 0x8153, 0x8174, 0x8159, 0x815A, 0x8171, 0x8160, 0x8169, 0x817C, 0x817D,
    0x816D, 0x8167, 0x584D, 0x5AB5, 0x8188, 0x8182, 0x8191, 0x6ED5, 0x81A3, 0x81AA, 0x81CC, 0x6726,
    0x81CA, 0x81BB, 0x9721, 0x9722, 0x9723, 0x9724, 0x9725, 0x9726, 0x9727, 0x9728, 0x9729, 0x972B,
    0x972C, 0x972E, 0x972F, 0x9731, 0x9733, 0x9734, 0x9735, 0x9736, 0x9737, 0x973A, 0x973B, 0x973C,
    0x973D, 0x973F, 0x9740, 0x9741, 0x9742, 0x9743, 0x9744, 0x9745, 0x9746, 0x9747, 0x9748, 0x9749,
    0x974A, 0x974B, 0x974C, 0x974D, 0x974E, 0x974F, 0x9750, 0x9751, 0x9754, 0x9755, 0x9757, 0x9758,
    0x975A, 0x975C, 0x975D, 0x975F, 0x9763, 0x9764, 0x9766, 0x9767, 0x9768, 0x976A, 0x976B, 0x976C,
    0x976D, 0x976E, 0x976F, 0x9770, 0x9771, 0x9772, 0x9775, 0x9777, 0x9778, 0x9779, 0x977A, 0x977B,
    0x977D, 0x977E, 0x977F, 0x9780, 0x9781, 0x9782, 0x9783, 0x9784, 0x9786, 0x9787, 0x9788, 0x9789,
    0x978A, 0x978C, 0x978E, 0x978F, 0x9790, 0x9793, 0x9795, 0x9796, 0x9797, 0x9799, 0x979A, 0x979B,
    0x979C, 0x979D, 0x81C1, 0x81A6, 0x6B24, 0x6B37, 0x6B39, 0x6B43, 0x6B46, 0x6B59, 0x98D1, 0x98D2,
    0x98D3, 0x98D5, 0x98D9, 0x98DA, 0x6BB3, 0x5F40, 0x6BC2, 0x89F3, 0x6590, 0x9F51, 0x6593, 0x65BC,
    0x65C6, 0x65C4, 0x65C3, 0x65CC, 0x65CE, 0x65D2, 0x65D6, 0x7080, 0x709C, 0x7096, 0x709D, 0x70BB,
    0x70C0, 0x70B7, 0x70AB, 0x70B1, 0x70E8, 0x70CA, 0x7110, 0x7113, 0x7116, 0x712F, 0x7131, 0x7173,
    0x715C, 0x7168, 0x7145, 0x7172, 0x714A, 0x7178, 0x717A, 0x7198, 0x71B3, 0x71B5, 0x71A8, 0x71A0,
    0x71E0, 0x71D4, 0x71E7, 0x71F9, 0x721D, 0x7228, 0x706C, 0x7118, 0x7166, 0x71B9, 0x623E, 0x623D,
    0x6243, 0x6248, 0x6249, 0x793B, 0x7940, 0x7946, 0x7949, 0x795B, 0x795C, 0x7953, 0x795A, 0x7962,
    0x7957, 0x7960, 0x796F, 0x7967, 0x797A, 0x7985, 0x798A, 0x799A, 0x79A7, 0x79B3, 0x5FD1, 0x5FD0,
    0x979E, 0x979F, 0x97A1, 0x97A2, 0x97A4, 0x97A5, 0x97A6, 0x97A7, 0x97A8, 0x97A9, 0x97AA, 0x97AC,
    0x97AE, 0x97B0, 0x97B1, 0x97B3, 0x97B5, 0x97B6, 0x97B7, 0x97B8, 0x97B9, 0x97BA, 0x97BB, 0x97BC,
    0x97BD, 0x97BE, 0x97BF, 0x97C0, 0x97C1, 0x97C2, 0x97C3, 0x97C4, 0x97C5, 0x97C6, 0x97C7, 0x97C8,
    0x97C9, 0x97CA, 0x97CB, 0x97CC, 0x97CD, 0x97CE, 0x97CF, 0x97D0, 0x97D1, 0x97D2, 0x97D3, 0x97D4,
    0x97D5, 0x97D6, 0x97D7, 0x97D8, 0x97D9, 0x97DA, 0x97DB, 0x97DC, 0x97DD, 0x97DE, 0x97DF, 0x97E0,
    0x97E1, 0x97E2, 0x97E3, 0x97E4, 0x97E5, 0x97E8, 0x97EE, 0x97EF, 0x97F0, 0x97F1, 0x97F2, 0x97F4,
    0x97F7, 0x97F8, 0x97F9, 0x97FA, 0x97FB, 0x97FC, 0x97FD, 0x97FE, 0x97FF, 0x9800, 0x9801, 0x9802,
    0x9803, 0x9804, 0x9805, 0x9806, 0x9807, 0x9808, 0x9809, 0x980A, 0x980B, 0x980C, 0x980D, 0x980E,
    0x603C, 0x605D, 0x605A, 0x6067, 0x6041, 0x6059, 0x6063, 0x60AB, 0x6106, 0x610D, 0x615D, 0x61A9,
    0x619D, 0x61CB, 0x61D1, 0x6206, 0x8080, 0x807F, 0x6C93, 0x6CF6, 0x6DFC, 0x77F6, 0x77F8, 0x7800,
    0x7809, 0x7817, 0x7818, 0x7811, 0x65AB, 0x782D, 0x781C, 0x781D, 0x7839, 0x783A, 0x783B, 0x781F,
    0x783C, 0x7825, 0x782C, 0x7823, 0x7829, 0x784E, 0x786D, 0x7856, 0x7857, 0x7826, 0x7850, 0x7847,
    0x784C, 0x786A, 0x789B, 0x7893, 0x789A, 0x7887, 0x789C, 0x78A1, 0x78A3, 0x78B2, 0x78B9, 0x78A5,
    0x78D4, 0x78D9, 0x78C9, 0x78EC, 0x78F2, 0x7905, 0x78F4, 0x7913, 0x7924, 0x791E, 0x7934, 0x9F9B,
    0x9EF9, 0x9EFB, 0x9EFC, 0x76F1, 0x7704, 0x770D, 0x76F9, 0x7707, 0x7708, 0x771A, 0x7722, 0x7719,
    0x772D, 0x7726, 0x7735, 0x7738, 0x7750, 0x7751, 0x7747, 0x7743, 0x775A, 0x7768, 0x980F, 0x9810,
    0x9811, 0x9812, 0x9813, 0x9814, 0x9815, 0x9816, 0x9817, 0x9818, 0x9819, 0x981A, 0x981B, 0x981C,
    0x981D, 0x981E, 0x981F, 0x9820, 0x9821, 0x9822, 0x9823, 0x9824, 0x9825, 0x9826, 0x9827, 0x9828,
    0x9829, 0x982A, 0x982B, 0x982C, 0x982D, 0x982E, 0x982F, 0x9830, 0x9831, 0x9832, 0x9833, 0x9834,
    0x9835, 0x9836, 0x9837, 0x9838, 0x9839, 0x983A, 0x983B, 0x983C, 0x983D, 0x983E, 0x983F, 0x9840,
    0x9841, 0x9842, 0x9843, 0x9844, 0x9845, 0x9846, 0x9847, 0x9848, 0x9849, 0x984A, 0x984B, 0x984C,
    0x984D, 0x984E, 0x984F, 0x9850, 0x9851, 0x9852, 0x9853, 0x9854, 0x9855, 0x9856, 0x9857, 0x9858,
    0x9859, 0x985A, 0x985B, 0x985C, 0x985D, 0x985E, 0x985F, 0x9860, 0x9861, 0x9862, 0x9863, 0x9864,
    0x9865, 0x9866, 0x9867, 0x9868, 0x9869, 0x986A, 0x986B, 0x986C, 0x986D, 0x986E, 0x7762, 0x7765,
    0x777F, 0x778D, 0x777D, 0x7780, 0x778C, 0x7791, 0x779F, 0x77A0, 0x77B0, 0x77B5, 0x77BD, 0x753A,
    0x7540, 0x754E, 0x754B, 0x7548, 0x755B, 0x7572, 0x7579, 0x7583, 0x7F58, 0x7F61, 0x7F5F, 0x8A48,
    0x7F68, 0x7F74, 0x7F71, 0x7F79, 0x7F81, 0x7F7E, 0x76CD, 0x76E5, 0x8832, 0x9485, 0x9486, 0x9487,
    0x948B, 0x948A, 0x948C, 0x948D, 0x948F, 0x9490, 0x9494, 0x9497, 0x9495, 0x949A, 0x949B, 0x949C,
    0x94A3, 0x94A4, 0x94AB, 0x94AA, 0x94AD, 0x94AC, 0x94AF, 0x94B0, 0x94B2, 0x94B4, 0x94B6, 0x94B7,
    0x94B8, 0x94B9, 0x94BA, 0x94BC, 0x94BD, 0x94BF, 0x94C4, 0x94C8, 0x94C9, 0x94CA, 0x94CB, 0x94CC,
    0x94CD, 0x94CE, 0x94D0, 0x94D1, 0x94D2, 0x94D5, 0x94D6, 0x94D7, 0x94D9, 0x94D8, 0x94DB, 0x94DE,
    0x94DF, 0x94E0, 0x94E2, 0x94E4, 0x94E5, 0x94E7, 0x94E8, 0x94EA, 0x986F, 0x9870, 0x9871, 0x9872,
    0x9873, 0x9874, 0x988B, 0x988E, 0x9892, 0x9895, 0x9899, 0x98A3, 0x98A8, 0x98A9, 0x98AA, 0x98AB,
    0x98AC, 0x98AD, 0x98AE, 0x98AF, 0x98B0, 0x98B1, 0x98B2, 0x98B3, 0x98B4, 0x98B5, 0x98B6, 0x98B7,
    0x98B8, 0x98B9, 0x98BA, 0x98BB, 0x98BC, 0x98BD, 0x98BE, 0x98BF, 0x98C0, 0x98C1, 0x98C2, 0x98C3,
    0x98C4, 0x98C5, 0x98C6, 0x98C7, 0x98C8, 0x98C9, 0x98CA, 0x98CB, 0x98CC, 0x98CD, 0x98CF, 0x98D0,
    0x98D4, 0x98D6, 0x98D7, 0x98DB, 0x98DC, 0x98DD, 0x98E0, 0x98E1, 0x98E2, 0x98E3, 0x98E4, 0x98E5,
    0x98E6, 0x98E9, 0x98EA, 0x98EB, 0x98EC, 0x98ED, 0x98EE, 0x98EF, 0x98F0, 0x98F1, 0x98F2, 0x98F3,
    0x98F4, 0x98F5, 0x98F6, 0x98F7, 0x98F8, 0x98F9, 0x98FA, 0x98FB, 0x98FC, 0x98FD, 0x98FE, 0x98FF,
    0x9900, 0x9901, 0x9902, 0x9903, 0x9904, 0x9905, 0x9906, 0x9907, 0x94E9, 0x94EB, 0x94EE, 0x94EF,
    0x94F3, 0x94F4, 0x94F5, 0x94F7, 0x94F9, 0x94FC, 0x94FD, 0x94FF, 0x9503, 0x9502, 0x9506, 0x9507,
    0x9509, 0x950A, 0x950D, 0x950E, 0x950F, 0x9512, 0x9513, 0x9514, 0x9515, 0x9516, 0x9518, 0x951B,
    0x951D, 0x951E, 0x951F, 0x9522, 0x952A, 0x952B, 0x9529, 0x952C, 0x9531, 0x9532, 0x9534, 0x9536,
    0x9537, 0x9538, 0x953C, 0x953E, 0x953F, 0x9542, 0x9535, 0x9544, 0x9545, 0x9546, 0x9549, 0x954C,
    0x954E, 0x954F, 0x9552, 0x9553, 0x9554, 0x9556, 0x9557, 0x9558, 0x9559, 0x955B, 0x955E, 0x955F,
    0x955D, 0x9561, 0x9562, 0x9564, 0x9565, 0x9566, 0x9567, 0x9568, 0x9569, 0x956A, 0x956B, 0x956C,
    0x956F, 0x9571, 0x9572, 0x9573, 0x953A, 0x77E7, 0x77EC, 0x96C9, 0x79D5, 0x79ED, 0x79E3, 0x79EB,
    0x7A06, 0x5D47, 0x7A03, 0x7A02, 0x7A1E, 0x7A14, 0x9908, 0x9909, 0x990A, 0x990B, 0x990C, 0x990E,
    0x990F, 0x9911, 0x9912, 0x9913, 0x9914, 0x9915, 0x9916, 0x9917, 0x9918, 0x9919, 0x991A, 0x991B,
    0x991C, 0x991D, 0x991E, 0x991F, 0x9920, 0x9921, 0x9922, 0x9923, 0x9924, 0x9925, 0x9926, 0x9927,
    0x9928, 0x9929, 0x992A, 0x992B, 0x992C, 0x992D, 0x992F, 0x9930, 0x9931, 0x9932, 0x9933, 0x9934,
    0x9935, 0x9936, 0x9937, 0x9938, 0x9939, 0x993A, 0x993B, 0x993C, 0x993D, 0x993E, 0x993F, 0x9940,
    0x9941, 0x9942, 0x9943, 0x9944, 0x9945, 0x9946, 0x9947, 0x9948, 0x9949, 0x994A, 0x994B, 0x994C,
    0x994D, 0x994E, 0x994F, 0x9950, 0x9951, 0x9952, 0x9953, 0x9956, 0x9957, 0x9958, 0x9959, 0x995A,
    0x995B, 0x995C, 0x995D, 0x995E, 0x995F, 0x9960, 0x9961, 0x9962, 0x9964, 0x9966, 0x9973, 0x9978,
    0x9979, 0x997B, 0x997E, 0x9982, 0x9983, 0x9989, 0x7A39, 0x7A37, 0x7A51, 0x9ECF, 0x99A5, 0x7A70,
    0x7688, 0x768E, 0x7693, 0x7699, 0x76A4, 0x74DE, 0x74E0, 0x752C, 0x9E20, 0x9E22, 0x9E28, 0x9E29,
    0x9E2A, 0x9E2B, 0x9E2C, 0x9E32, 0x9E31, 0x9E36, 0x9E38, 0x9E37, 0x9E39, 0x9E3A, 0x9E3E, 0x9E41,
    0x9E42, 0x9E44, 0x9E46, 0x9E47, 0x9E48, 0x9E49, 0x9E4B, 0x9E4C, 0x9E4E, 0x9E51, 0x9E55, 0x9E57,
    0x9E5A, 0x9E5B, 0x9E5C, 0x9E5E, 0x9E63, 0x9E66, 0x9E67, 0x9E68, 0x9E69, 0x9E6A, 0x9E6B, 0x9E6C,
    0x9E71, 0x9E6D, 0x9E73, 0x7592, 0x7594, 0x7596, 0x75A0, 0x759D, 0x75AC, 0x75A3, 0x75B3, 0x75B4,
    0x75B8, 0x75C4, 0x75B1, 0x75B0, 0x75C3, 0x75C2, 0x75D6, 0x75CD, 0x75E3, 0x75E8, 0x75E6, 0x75E4,
    0x75EB, 0x75E7, 0x7603, 0x75F1, 0x75FC, 0x75FF, 0x7610, 0x7600, 0x7605, 0x760C, 0x7617, 0x760A,
    0x7625, 0x7618, 0x7615, 0x7619, 0x998C, 0x998E, 0x999A, 0x999B, 0x999C, 0x999D, 0x999E, 0x999F,
    0x99A0, 0x99A1, 0x99A2, 0x99A3, 0x99A4, 0x99A6, 0x99A7, 0x99A9, 0x99AA, 0x99AB, 0x99AC, 0x99AD,
    0x99AE, 0x99AF, 0x99B0, 0x99B1, 0x99B2, 0x99B3, 0x99B4, 0x99B5, 0x99B6, 0x99B7, 0x99B8, 0x99B9,
    0x99BA, 0x99BB, 0x99BC, 0x99BD, 0x99BE, 0x99BF, 0x99C0, 0x99C1, 0x99C2, 0x99C3, 0x99C4, 0x99C5,
    0x99C6, 0x99C7, 0x99C8, 0x99C9, 0x99CA, 0x99CB, 0x99CC, 0x99CD, 0x99CE, 0x99CF, 0x99D0, 0x99D1,
    0x99D2, 0x99D3, 0x99D4, 0x99D5, 0x99D6, 0x99D7, 0x99D8, 0x99D9, 0x99DA, 0x99DB, 0x99DC, 0x99DD,
    0x99DE, 0x99DF, 0x99E0, 0x99E1, 0x99E2, 0x99E3, 0x99E4, 0x99E5, 0x99E6, 0x99E7, 0x99E8, 0x99E9,
    0x99EA, 0x99EB, 0x99EC, 0x99ED, 0x99EE, 0x99EF, 0x99F0, 0x99F1, 0x99F2, 0x99F3, 0x99F4, 0x99F5,
    0x99F6, 0x99F7, 0x99F8, 0x99F9, 0x761B, 0x763C, 0x7622, 0x7620, 0x7640, 0x762D, 0x7630, 0x763F,
    0x7635, 0x7643, 0x763E, 0x7633, 0x764D, 0x765E, 0x7654, 0x765C, 0x7656, 0x766B, 0x766F, 0x7FCA,
    0x7AE6, 0x7A78, 0x7A79, 0x7A80, 0x7A86, 0x7A88, 0x7A95, 0x7AA6, 0x7AA0, 0x7AAC, 0x7AA8, 0x7AAD,
    0x7AB3, 0x8864, 0x8869, 0x8872, 0x887D, 0x887F, 0x8882, 0x88A2, 0x88C6, 0x88B7, 0x88BC, 0x88C9,
    0x88E2, 0x88CE, 0x88E3, 0x88E5, 0x88F1, 0x891A, 0x88FC, 0x88E8, 0x88FE, 0x88F0, 0x8921, 0x8919,
    0x8913, 0x891B, 0x890A, 0x8934, 0x892B, 0x8936, 0x8941, 0x8966, 0x897B, 0x758B, 0x80E5, 0x76B2,
    0x76B4, 0x77DC, 0x8012, 0x8014, 0x8016, 0x801C, 0x8020, 0x8022, 0x8025, 0x8026, 0x8027, 0x8029,
    0x8028, 0x8031, 0x800B, 0x8035, 0x8043, 0x8046, 0x804D, 0x8052, 0x8069, 0x8071, 0x8983, 0x9878,
    0x9880, 0x9883, 0x99FA, 0x99FB, 0x99FC, 0x99FD, 0x99FE, 0x99FF, 0x9A00, 0x9A01, 0x9A02, 0x9A03,
    0x9A04, 0x9A05, 0x9A06, 0x9A07, 0x9A08, 0x9A09, 0x9A0A, 0x9A0B, 0x9A0C, 0x9A0D, 0x9A0E, 0x9A0F,
    0x9A10, 0x9A11, 0x9A12, 0x9A13, 0x9A14, 0x9A15, 0x9A16, 0x9A17, 0x9A18, 0x9A19, 0x9A1A, 0x9A1B,
    0x9A1C, 0x9A1D, 0x9A1E, 0x9A1F, 0x9A20, 0x9A21, 0x9A22, 0x9A23, 0x9A24, 0x9A25, 0x9A26, 0x9A27,
    0x9A28, 0x9A29, 0x9A2A, 0x9A2B, 0x9A2C, 0x9A2D, 0x9A2E, 0x9A2F, 0x9A30, 0x9A31, 0x9A32, 0x9A33,
    0x9A34, 0x9A35, 0x9A36, 0x9A37, 0x9A38, 0x9A39, 0x9A3A, 0x9A3B, 0x9A3C, 0x9A3D, 0x9A3E, 0x9A3F,
    0x9A40, 0x9A41, 0x9A42, 0x9A43, 0x9A44, 0x9A45, 0x9A46, 0x9A47, 0x9A48, 0x9A49, 0x9A4A, 0x9A4B,
    0x9A4C, 0x9A4D, 0x9A4E, 0x9A4F, 0x9A50, 0x9A51, 0x9A52, 0x9A53, 0x9A54, 0x9A55, 0x9A56, 0x9A57,
    0x9A58, 0x9A59, 0x9889, 0x988C, 0x988D, 0x988F, 0x9894, 0x989A, 0x989B, 0x989E, 0x989F, 0x98A1,
    0x98A2, 0x98A5, 0x98A6, 0x864D, 0x8654, 0x866C, 0x866E, 0x867F, 0x867A, 0x867C, 0x867B, 0x86A8,
    0x868D, 0x868B, 0x86AC, 0x869D, 0x86A7, 0x86A3, 0x86AA, 0x8693, 0x86A9, 0x86B6, 0x86C4, 0x86B5,
    0x86CE, 0x86B0, 0x86BA, 0x86B1, 0x86AF, 0x86C9, 0x86CF, 0x86B4, 0x86E9, 0x86F1, 0x86F2, 0x86ED,
    0x86F3, 0x86D0, 0x8713, 0x86DE, 0x86F4, 0x86DF, 0x86D8, 0x86D1, 0x8703, 0x8707, 0x86F8, 0x8708,
    0x870A, 0x870D, 0x8709, 0x8723, 0x873B, 0x871E, 0x8725, 0x872E, 0x871A, 0x873E, 0x8748, 0x8734,
    0x8731, 0x8729, 0x8737, 0x873F, 0x8782, 0x8722, 0x877D, 0x877E, 0x877B, 0x8760, 0x8770, 0x874C,
    0x876E, 0x878B, 0x8753, 0x8763, 0x877C, 0x8764, 0x8759, 0x8765, 0x8793, 0x87AF, 0x87A8, 0x87D2,
    0x9A5A, 0x9A5B, 0x9A5C, 0x9A5D, 0x9A5E, 0x9A5F, 0x9A60, 0x9A61, 0x9A62, 0x9A63, 0x9A64, 0x9A65,
    0x9A66, 0x9A67, 0x9A68, 0x9A69, 0x9A6A, 0x9A6B, 0x9A72, 0x9A83, 0x9A89, 0x9A8D, 0x9A8E, 0x9A94,
    0x9A95, 0x9A99, 0x9AA6, 0x9AA9, 0x9AAA, 0x9AAB, 0x9AAC, 0x9AAD, 0x9AAE, 0x9AAF, 0x9AB2, 0x9AB3,
    0x9AB4, 0x9AB5, 0x9AB9, 0x9ABB, 0x9ABD, 0x9ABE, 0x9ABF, 0x9AC3, 0x9AC4, 0x9AC6, 0x9AC7, 0x9AC8,
    0x9AC9, 0x9ACA, 0x9ACD, 0x9ACE, 0x9ACF, 0x9AD0, 0x9AD2, 0x9AD4, 0x9AD5, 0x9AD6, 0x9AD7, 0x9AD9,
    0x9ADA, 0x9ADB, 0x9ADC, 0x9ADD, 0x9ADE, 0x9AE0, 0x9AE2, 0x9AE3, 0x9AE4, 0x9AE5, 0x9AE7, 0x9AE8,
    0x9AE9, 0x9AEA, 0x9AEC, 0x9AEE, 0x9AF0, 0x9AF1, 0x9AF2, 0x9AF3, 0x9AF4, 0x9AF5, 0x9AF6, 0x9AF7,
    0x9AF8, 0x9AFA, 0x9AFC, 0x9AFD, 0x9AFE, 0x9AFF, 0x9B00, 0x9B01, 0x9B02, 0x9B04, 0x9B05, 0x9B06,
    0x87C6, 0x8788, 0x8785, 0x87AD, 0x8797, 0x8783, 0x87AB, 0x87E5, 0x87AC, 0x87B5, 0x87B3, 0x87CB,
    0x87D3, 0x87BD, 0x87D1, 0x87C0, 0x87CA, 0x87DB, 0x87EA, 0x87E0, 0x87EE, 0x8816, 0x8813, 0x87FE,
    0x880A, 0x881B, 0x8821, 0x8839, 0x883C, 0x7F36, 0x7F42, 0x7F44, 0x7F45, 0x8210, 0x7AFA, 0x7AFD,
    0x7B08, 0x7B03, 0x7B04, 0x7B15, 0x7B0A, 0x7B2B, 0x7B0F, 0x7B47, 0x7B38, 0x7B2A, 0x7B19, 0x7B2E,
    0x7B31, 0x7B20, 0x7B25, 0x7B24, 0x7B33, 0x7B3E, 0x7B1E, 0x7B58, 0x7B5A, 0x7B45, 0x7B75, 0x7B4C,
    0x7B5D, 0x7B60, 0x7B6E, 0x7B7B, 0x7B62, 0x7B72, 0x7B71, 0x7B90, 0x7BA6, 0x7BA7, 0x7BB8, 0x7BAC,
    0x7B9D, 0x7BA8, 0x7B85, 0x7BAA, 0x7B9C, 0x7BA2, 0x7BAB, 0x7BB4, 0x7BD1, 0x7BC1, 0x7BCC, 0x7BDD,
    0x7BDA, 0x7BE5, 0x7BE6, 0x7BEA, 0x7C0C, 0x7BFE, 0x7BFC, 0x7C0F, 0x7C16, 0x7C0B, 0x9B07, 0x9B09,
    0x9B0A, 0x9B0B, 0x9B0C, 0x9B0D, 0x9B0E, 0x9B10, 0x9B11, 0x9B12, 0x9B14, 0x9B15, 0x9B16, 0x9B17,
    0x9B18, 0x9B19, 0x9B1A, 0x9B1B, 0x9B1C, 0x9B1D, 0x9B1E, 0x9B20, 0x9B21, 0x9B22, 0x9B24, 0x9B25,
    0x9B26, 0x9B27, 0x9B28, 0x9B29, 0x9B2A, 0x9B2B, 0x9B2C, 0x9B2D, 0x9B2E, 0x9B30, 0x9B31, 0x9B33,
    0x9B34, 0x9B35, 0x9B36, 0x9B37, 0x9B38, 0x9B39, 0x9B3A, 0x9B3D, 0x9B3E, 0x9B3F, 0x9B40, 0x9B46,
    0x9B4A, 0x9B4B, 0x9B4C, 0x9B4E, 0x9B50, 0x9B52, 0x9B53, 0x9B55, 0x9B56, 0x9B57, 0x9B58, 0x9B59,
    0x9B5A, 0x9B5B, 0x9B5C, 0x9B5D, 0x9B5E, 0x9B5F, 0x9B60, 0x9B61, 0x9B62, 0x9B63, 0x9B64, 0x9B65,
    0x9B66, 0x9B67, 0x9B68, 0x9B69, 0x9B6A, 0x9B6B, 0x9B6C, 0x9B6D, 0x9B6E, 0x9B6F, 0x9B70, 0x9B71,
    0x9B72, 0x9B73, 0x9B74, 0x9B75, 0x9B76, 0x9B77, 0x9B78, 0x9B79, 0x9B7A, 0x9B7B, 0x7C1F, 0x7C2A,
    0x7C26, 0x7C38, 0x7C41, 0x7C40, 0x81FE, 0x8201, 0x8202, 0x8204, 0x81EC, 0x8844, 0x8221, 0x8222,
    0x8223, 0x822D, 0x822F, 0x8228, 0x822B, 0x8238, 0x823B, 0x8233, 0x8234, 0x823E, 0x8244, 0x8249,
    0x824B, 0x824F, 0x825A, 0x825F, 0x8268, 0x887E, 0x8885, 0x8888, 0x88D8, 0x88DF, 0x895E, 0x7F9D,
    0x7F9F, 0x7FA7, 0x7FAF, 0x7FB0, 0x7FB2, 0x7C7C, 0x6549, 0x7C91, 0x7C9D, 0x7C9C, 0x7C9E, 0x7CA2,
    0x7CB2, 0x7CBC, 0x7CBD, 0x7CC1, 0x7CC7, 0x7CCC, 0x7CCD, 0x7CC8, 0x7CC5, 0x7CD7, 0x7CE8, 0x826E,
    0x66A8, 0x7FBF, 0x7FCE, 0x7FD5, 0x7FE5, 0x7FE1, 0x7FE6, 0x7FE9, 0x7FEE, 0x7FF3, 0x7CF8, 0x7D77,
    0x7DA6, 0x7DAE, 0x7E47, 0x7E9B, 0x9EB8, 0x9EB4, 0x8D73, 0x8D84, 0x8D94, 0x8D91, 0x8DB1, 0x8D67,
    0x8D6D, 0x8C47, 0x8C49, 0x914A, 0x9150, 0x914E, 0x914F, 0x9164, 0x9B7C, 0x9B7D, 0x9B7E, 0x9B7F,
    0x9B80, 0x9B81, 0x9B82, 0x9B83, 0x9B84, 0x9B85, 0x9B86, 0x9B87, 0x9B88, 0x9B89, 0x9B8A, 0x9B8B,
    0x9B8C, 0x9B8D, 0x9B8E, 0x9B8F, 0x9B90, 0x9B91, 0x9B92, 0x9B93, 0x9B94, 0x9B95, 0x9B96, 0x9B97,
    0x9B98, 0x9B99, 0x9B9A, 0x9B9B, 0x9B9C, 0x9B9D, 0x9B9E, 0x9B9F, 0x9BA0, 0x9BA1, 0x9BA2, 0x9BA3,
    0x9BA4, 0x9BA5, 0x9BA6, 0x9BA7, 0x9BA8, 0x9BA9, 0x9BAA, 0x9BAB, 0x9BAC, 0x9BAD, 0x9BAE, 0x9BAF,
    0x9BB0, 0x9BB1, 0x9BB2, 0x9BB3, 0x9BB4, 0x9BB5, 0x9BB6, 0x9BB7, 0x9BB8, 0x9BB9, 0x9BBA, 0x9BBB,
    0x9BBC, 0x9BBD, 0x9BBE, 0x9BBF, 0x9BC0, 0x9BC1, 0x9BC2, 0x9BC3, 0x9BC4, 0x9BC5, 0x9BC6, 0x9BC7,
    0x9BC8, 0x9BC9, 0x9BCA, 0x9BCB, 0x9BCC, 0x9BCD, 0x9BCE, 0x9BCF, 0x9BD0, 0x9BD1, 0x9BD2, 0x9BD3,
    0x9BD4, 0x9BD5, 0x9BD6, 0x9BD7, 0x9BD8, 0x9BD9, 0x9BDA, 0x9BDB, 0x9162, 0x9161, 0x9170, 0x9169,
    0x916F, 0x917D, 0x917E, 0x9172, 0x9174, 0x9179, 0x918C, 0x9185, 0x9190, 0x918D, 0x9191, 0x91A2,
    0x91A3, 0x91AA, 0x91AD, 0x91AE, 0x91AF, 0x91B5, 0x91B4, 0x91BA, 0x8C55, 0x9E7E, 0x8DB8, 0x8DEB,
    0x8E05, 0x8E59, 0x8E69, 0x8DB5, 0x8DBF, 0x8DBC, 0x8DBA, 0x8DC4, 0x8DD6, 0x8DD7, 0x8DDA, 0x8DDE,
    0x8DCE, 0x8DCF, 0x8DDB, 0x8DC6, 0x8DEC, 0x8DF7, 0x8DF8, 0x8DE3, 0x8DF9, 0x8DFB, 0x8DE4, 0x8E09,
    0x8DFD, 0x8E14, 0x8E1D, 0x8E1F, 0x8E2C, 0x8E2E, 0x8E23, 0x8E2F, 0x8E3A, 0x8E40, 0x8E39, 0x8E35,
    0x8E3D, 0x8E31, 0x8E49, 0x8E41, 0x8E42, 0x8E51, 0x8E52, 0x8E4A, 0x8E70, 0x8E76, 0x8E7C, 0x8E6F,
    0x8E74, 0x8E85, 0x8E8F, 0x8E94, 0x8E90, 0x8E9C, 0x8E9E, 0x8C78, 0x8C82, 0x8C8A, 0x8C85, 0x8C98,
    0x8C94, 0x659B, 0x89D6, 0x89DE, 0x89DA, 0x89DC, 0x9BDC, 0x9BDD, 0x9BDE, 0x9BDF, 0x9BE0, 0x9BE1,
    0x9BE2, 0x9BE3, 0x9BE4, 0x9BE5, 0x9BE6, 0x9BE7, 0x9BE8, 0x9BE9, 0x9BEA, 0x9BEB, 0x9BEC, 0x9BED,
    0x9BEE, 0x9BEF, 0x9BF0, 0x9BF1, 0x9BF2, 0x9BF3, 0x9BF4, 0x9BF5, 0x9BF6, 0x9BF7, 0x9BF8, 0x9BF9,
    0x9BFA, 0x9BFB, 0x9BFC, 0x9BFD, 0x9BFE, 0x9BFF, 0x9C00, 0x9C01, 0x9C02, 0x9C03, 0x9C04, 0x9C05,
    0x9C06, 0x9C07, 0x9C08, 0x9C09, 0x9C0A, 0x9C0B, 0x9C0C, 0x9C0D, 0x9C0E, 0x9C0F, 0x9C10, 0x9C11,
    0x9C12, 0x9C13, 0x9C14, 0x9C15, 0x9C16, 0x9C17, 0x9C18, 0x9C19, 0x9C1A, 0x9C1B, 0x9C1C, 0x9C1D,
    0x9C1E, 0x9C1F, 0x9C20, 0x9C21, 0x9C22, 0x9C23, 0x9C24, 0x9C25, 0x9C26, 0x9C27, 0x9C28, 0x9C29,
    0x9C2A, 0x9C2B, 0x9C2C, 0x9C2D, 0x9C2E, 0x9C2F, 0x9C30, 0x9C31, 0x9C32, 0x9C33, 0x9C34, 0x9C35,
    0x9C36, 0x9C37, 0x9C38, 0x9C39, 0x9C3A, 0x9C3B, 0x89E5, 0x89EB, 0x89EF, 0x8A3E, 0x8B26, 0x9753,
    0x96E9, 0x96F3, 0x96EF, 0x9706, 0x9701, 0x9708, 0x970F, 0x970E, 0x972A, 0x972D, 0x9730, 0x973E,
    0x9F80, 0x9F83, 0x9F85, 0x9F86, 0x9F87, 0x9F88, 0x9F89, 0x9F8A, 0x9F8C, 0x9EFE, 0x9F0B, 0x9F0D,
    0x96B9, 0x96BC, 0x96BD, 0x96CE, 0x96D2, 0x77BF, 0x96E0, 0x928E, 0x92AE, 0x92C8, 0x933E, 0x936A,
    0x93CA, 0x938F, 0x943E, 0x946B, 0x9C7F, 0x9C82, 0x9C85, 0x9C86, 0x9C87, 0x9C88, 0x7A23, 0x9C8B,
    0x9C8E, 0x9C90, 0x9C91, 0x9C92, 0x9C94, 0x9C95, 0x9C9A, 0x9C9B, 0x9C9E, 0x9C9F, 0x9CA0, 0x9CA1,
    0x9CA2, 0x9CA3, 0x9CA5, 0x9CA6, 0x9CA7, 0x9CA8, 0x9CA9, 0x9CAB, 0x9CAD, 0x9CAE, 0x9CB0, 0x9CB1,
    0x9CB2, 0x9CB3, 0x9CB4, 0x9CB5, 0x9CB6, 0x9CB7, 0x9CBA, 0x9CBB, 0x9CBC, 0x9CBD, 0x9CC4, 0x9CC5,
    0x9CC6, 0x9CC7, 0x9CCA, 0x9CCB, 0x9C3C, 0x9C3D, 0x9C3E, 0x9C3F, 0x9C40, 0x9C41, 0x9C42, 0x9C43,
    0x9C44, 0x9C45, 0x9C46, 0x9C47, 0x9C48, 0x9C49, 0x9C4A, 0x9C4B, 0x9C4C, 0x9C4D, 0x9C4E, 0x9C4F,
    0x9C50, 0x9C51, 0x9C52, 0x9C53, 0x9C54, 0x9C55, 0x9C56, 0x9C57, 0x9C58, 0x9C59, 0x9C5A, 0x9C5B,
    0x9C5C, 0x9C5D, 0x9C5E, 0x9C5F, 0x9C60, 0x9C61, 0x9C62, 0x9C63, 0x9C64, 0x9C65, 0x9C66, 0x9C67,
    0x9C68, 0x9C69, 0x9C6A, 0x9C6B, 0x9C6C, 0x9C6D, 0x9C6E, 0x9C6F, 0x9C70, 0x9C71, 0x9C72, 0x9C73,
    0x9C74, 0x9C75, 0x9C76, 0x9C77, 0x9C78, 0x9C79, 0x9C7A, 0x9C7B, 0x9C7D, 0x9C7E, 0x9C80, 0x9C83,
    0x9C84, 0x9C89, 0x9C8A, 0x9C8C, 0x9C8F, 0x9C93, 0x9C96, 0x9C97, 0x9C98, 0x9C99, 0x9C9D, 0x9CAA,
    0x9CAC, 0x9CAF, 0x9CB9, 0x9CBE, 0x9CBF, 0x9CC0, 0x9CC1, 0x9CC2, 0x9CC8, 0x9CC9, 0x9CD1, 0x9CD2,
    0x9CDA, 0x9CDB, 0x9CE0, 0x9CE1, 0x9CCC, 0x9CCD, 0x9CCE, 0x9CCF, 0x9CD0, 0x9CD3, 0x9CD4, 0x9CD5,
    0x9CD7, 0x9CD8, 0x9CD9, 0x9CDC, 0x9CDD, 0x9CDF, 0x9CE2, 0x977C, 0x9785, 0x9791, 0x9792, 0x9794,
    0x97AF, 0x97AB, 0x97A3, 0x97B2, 0x97B4, 0x9AB1, 0x9AB0, 0x9AB7, 0x9E58, 0x9AB6, 0x9ABA, 0x9ABC,
    0x9AC1, 0x9AC0, 0x9AC5, 0x9AC2, 0x9ACB, 0x9ACC, 0x9AD1, 0x9B45, 0x9B43, 0x9B47, 0x9B49, 0x9B48,
    0x9B4D, 0x9B51, 0x98E8, 0x990D, 0x992E, 0x9955, 0x9954, 0x9ADF, 0x9AE1, 0x9AE6, 0x9AEF, 0x9AEB,
    0x9AFB, 0x9AED, 0x9AF9, 0x9B08, 0x9B0F, 0x9B13, 0x9B1F, 0x9B23, 0x9EBD, 0x9EBE, 0x7E3B, 0x9E82,
    0x9E87, 0x9E88, 0x9E8B, 0x9E92, 0x93D6, 0x9E9D, 0x9E9F, 0x9EDB, 0x9EDC, 0x9EDD, 0x9EE0, 0x9EDF,
    0x9EE2, 0x9EE9, 0x9EE7, 0x9EE5, 0x9EEA, 0x9EEF, 0x9F22, 0x9F2C, 0x9F2F, 0x9F39, 0x9F37, 0x9F3D,
    0x9F3E, 0x9F44, 0x9CE3, 0x9CE4, 0x9CE5, 0x9CE6, 0x9CE7, 0x9CE8, 0x9CE9, 0x9CEA, 0x9CEB, 0x9CEC,
    0x9CED, 0x9CEE, 0x9CEF, 0x9CF0, 0x9CF1, 0x9CF2, 0x9CF3, 0x9CF4, 0x9CF5, 0x9CF6, 0x9CF7, 0x9CF8,
    0x9CF9, 0x9CFA, 0x9CFB, 0x9CFC, 0x9CFD, 0x9CFE, 0x9CFF, 0x9D00, 0x9D01, 0x9D02, 0x9D03, 0x9D04,
    0x9D05, 0x9D06, 0x9D07, 0x9D08, 0x9D09, 0x9D0A, 0x9D0B, 0x9D0C, 0x9D0D, 0x9D0E, 0x9D0F, 0x9D10,
    0x9D11, 0x9D12, 0x9D13, 0x9D14, 0x9D15, 0x9D16, 0x9D17, 0x9D18, 0x9D19, 0x9D1A, 0x9D1B, 0x9D1C,
    0x9D1D, 0x9D1E, 0x9D1F, 0x9D20, 0x9D21, 0x9D22, 0x9D23, 0x9D24, 0x9D25, 0x9D26, 0x9D27, 0x9D28,
    0x9D29, 0x9D2A, 0x9D2B, 0x9D2C, 0x9D2D, 0x9D2E, 0x9D2F, 0x9D30, 0x9D31, 0x9D32, 0x9D33, 0x9D34,
    0x9D35, 0x9D36, 0x9D37, 0x9D38, 0x9D39, 0x9D3A, 0x9D3B, 0x9D3C, 0x9D3D, 0x9D3E, 0x9D3F, 0x9D40,
    0x9D41, 0x9D42, 0xE234, 0xE235, 0xE236, 0xE237, 0xE238, 0xE239, 0xE23A, 0xE23B, 0xE23C, 0xE23D,
    0xE23E, 0xE23F, 0xE240, 0xE241, 0xE242, 0xE243, 0xE244, 0xE245, 0xE246, 0xE247, 0xE248, 0xE249,
    0xE24A, 0xE24B, 0xE24C, 0xE24D, 0xE24E, 0xE24F, 0xE250, 0xE251, 0xE252, 0xE253, 0xE254, 0xE255,
    0xE256, 0xE257, 0xE258, 0xE259, 0xE25A, 0xE25B, 0xE25C, 0xE25D, 0xE25E, 0xE25F, 0xE260, 0xE261,
    0xE262, 0xE263, 0xE264, 0xE265, 0xE266, 0xE267, 0xE268, 0xE269, 0xE26A, 0xE26B, 0xE26C, 0xE26D,
    0xE26E, 0xE26F, 0xE270, 0xE271, 0xE272, 0xE273, 0xE274, 0xE275, 0xE276, 0xE277, 0xE278, 0xE279,
    0xE27A, 0xE27B, 0xE27C, 0xE27D, 0xE27E, 0xE27F, 0xE280, 0xE281, 0xE282, 0xE283, 0xE284, 0xE285,
    0xE286, 0xE287, 0xE288, 0xE289, 0xE28A, 0xE28B, 0xE28C, 0xE28D, 0xE28E, 0xE28F, 0xE290, 0xE291,
    0x9D43, 0x9D44, 0x9D45, 0x9D46, 0x9D47, 0x9D48, 0x9D49, 0x9D4A, 0x9D4B, 0x9D4C, 0x9D4D, 0x9D4E,
    0x9D4F, 0x9D50, 0x9D51, 0x9D52, 0x9D53, 0x9D54, 0x9D55, 0x9D56, 0x9D57, 0x9D58, 0x9D59, 0x9D5A,
    0x9D5B, 0x9D5C, 0x9D5D, 0x9D5E, 0x9D5F, 0x9D60, 0x9D61, 0x9D62, 0x9D63, 0x9D64, 0x9D65, 0x9D66,
    0x9D67, 0x9D68, 0x9D69, 0x9D6A, 0x9D6B, 0x9D6C, 0x9D6D, 0x9D6E, 0x9D6F, 0x9D70, 0x9D71, 0x9D72,
    0x9D73, 0x9D74, 0x9D75, 0x9D76, 0x9D77, 0x9D78, 0x9D79, 0x9D7A, 0x9D7B, 0x9D7C, 0x9D7D, 0x9D7E,
    0x9D7F, 0x9D80, 0x9D81, 0x9D82, 0x9D83, 0x9D84, 0x9D85, 0x9D86, 0x9D87, 0x9D88, 0x9D89, 0x9D8A,
    0x9D8B, 0x9D8C, 0x9D8D, 0x9D8E, 0x9D8F, 0x9D90, 0x9D91, 0x9D92, 0x9D93, 0x9D94, 0x9D95, 0x9D96,
    0x9D97, 0x9D98, 0x9D99, 0x9D9A, 0x9D9B, 0x9D9C, 0x9D9D, 0x9D9E, 0x9D9F, 0x9DA0, 0x9DA1, 0x9DA2,
    0xE292, 0xE293, 0xE294, 0xE295, 0xE296, 0xE297, 0xE298, 0xE299, 0xE29A, 0xE29B, 0xE29C, 0xE29D,
    0xE29E, 0xE29F, 0xE2A0, 0xE2A1, 0xE2A2, 0xE2A3, 0xE2A4, 0xE2A5, 0xE2A6, 0xE2A7, 0xE2A8, 0xE2A9,
    0xE2AA, 0xE2AB, 0xE2AC, 0xE2AD, 0xE2AE, 0xE2AF, 0xE2B0, 0xE2B1, 0xE2B2, 0xE2B3, 0xE2B4, 0xE2B5,
    0xE2B6, 0xE2B7, 0xE2B8, 0xE2B9, 0xE2BA, 0xE2BB, 0xE2BC, 0xE2BD, 0xE2BE, 0xE2BF, 0xE2C0, 0xE2C1,
    0xE2C2, 0xE2C3, 0xE2C4, 0xE2C5, 0xE2C6, 0xE2C7, 0xE2C8, 0xE2C9, 0xE2CA, 0xE2CB, 0xE2CC, 0xE2CD,
    0xE2CE, 0xE2CF, 0xE2D0, 0xE2D1, 0xE2D2, 0xE2D3, 0xE2D4, 0xE2D5, 0xE2D6, 0xE2D7, 0xE2D8, 0xE2D9,
    0xE2DA, 0xE2DB, 0xE2DC, 0xE2DD, 0xE2DE, 0xE2DF, 0xE2E0, 0xE2E1, 0xE2E2, 0xE2E3, 0xE2E4, 0xE2E5,
    0xE2E6, 0xE2E7, 0xE2E8, 0xE2E9, 0xE2EA, 0xE2EB, 0xE2EC, 0xE2ED, 0xE2EE, 0xE2EF, 0x9DA3, 0x9DA4,
    0x9DA5, 0x9DA6, 0x9DA7, 0x9DA8, 0x9DA9, 0x9DAA, 0x9DAB, 0x9DAC, 0x9DAD, 0x9DAE, 0x9DAF, 0x9DB0,
    0x9DB1, 0x9DB2, 0x9DB3, 0x9DB4, 0x9DB5, 0x9DB6, 0x9DB7, 0x9DB8, 0x9DB9, 0x9DBA, 0x9DBB, 0x9DBC,
    0x9DBD, 0x9DBE, 0x9DBF, 0x9DC0, 0x9DC1, 0x9DC2, 0x9DC3, 0x9DC4, 0x9DC5, 0x9DC6, 0x9DC7, 0x9DC8,
    0x9DC9, 0x9DCA, 0x9DCB, 0x9DCC, 0x9DCD, 0x9DCE, 0x9DCF, 0x9DD0, 0x9DD1, 0x9DD2, 0x9DD3, 0x9DD4,
    0x9DD5, 0x9DD6, 0x9DD7, 0x9DD8, 0x9DD9, 0x9DDA, 0x9DDB, 0x9DDC, 0x9DDD, 0x9DDE, 0x9DDF, 0x9DE0,
    0x9DE1, 0x9DE2, 0x9DE3, 0x9DE4, 0x9DE5, 0x9DE6, 0x9DE7, 0x9DE8, 0x9DE9, 0x9DEA, 0x9DEB, 0x9DEC,
    0x9DED, 0x9DEE, 0x9DEF, 0x9DF0, 0x9DF1, 0x9DF2, 0x9DF3, 0x9DF4, 0x9DF5, 0x9DF6, 0x9DF7, 0x9DF8,
    0x9DF9, 0x9DFA, 0x9DFB, 0x9DFC, 0x9DFD, 0x9DFE, 0x9DFF, 0x9E00, 0x9E01, 0x9E02, 0xE2F0, 0xE2F1,
    0xE2F2, 0xE2F3, 0xE2F4, 0xE2F5, 0xE2F6, 0xE2F7, 0xE2F8, 0xE2F9, 0xE2FA, 0xE2FB, 0xE2FC, 0xE2FD,
    0xE2FE, 0xE2FF, 0xE300, 0xE301, 0xE302, 0xE303, 0xE304, 0xE305, 0xE306, 0xE307, 0xE308, 0xE309,
    0xE30A, 0xE30B, 0xE30C, 0xE30D, 0xE30E, 0xE30F, 0xE310, 0xE311, 0xE312, 0xE313, 0xE314, 0xE315,
    0xE316, 0xE317, 0xE318, 0xE319, 0xE31A, 0xE31B, 0xE31C, 0xE31D, 0xE31E, 0xE31F, 0xE320, 0xE321,
    0xE322, 0xE323, 0xE324, 0xE325, 0xE326, 0xE327, 0xE328, 0xE329, 0xE32A, 0xE32B, 0xE32C, 0xE32D,
    0xE32E, 0xE32F, 0xE330, 0xE331, 0xE332, 0xE333, 0xE334, 0xE335, 0xE336, 0xE337, 0xE338, 0xE339,
    0xE33A, 0xE33B, 0xE33C, 0xE33D, 0xE33E, 0xE33F, 0xE340, 0xE341, 0xE342, 0xE343, 0xE344, 0xE345,
    0xE346, 0xE347, 0xE348, 0xE349, 0xE34A, 0xE34B, 0xE34C, 0xE34D, 0x9E03, 0x9E04, 0x9E05, 0x9E06,
    0x9E07, 0x9E08, 0x9E09, 0x9E0A, 0x9E0B, 0x9E0C, 0x9E0D, 0x9E0E, 0x9E0F, 0x9E10, 0x9E11, 0x9E12,
    0x9E13, 0x9E14, 0x9E15, 0x9E16, 0x9E17, 0x9E18, 0x9E19, 0x9E1A, 0x9E1B, 0x9E1C, 0x9E1D, 0x9E1E,
    0x9E24, 0x9E27, 0x9E2E, 0x9E30, 0x9E34, 0x9E3B, 0x9E3C, 0x9E40, 0x9E4D, 0x9E50, 0x9E52, 0x9E53,
    0x9E54, 0x9E56, 0x9E59, 0x9E5D, 0x9E5F, 0x9E60, 0x9E61, 0x9E62, 0x9E65, 0x9E6E, 0x9E6F, 0x9E72,
    0x9E74, 0x9E75, 0x9E76, 0x9E77, 0x9E78, 0x9E79, 0x9E7A, 0x9E7B, 0x9E7C, 0x9E7D, 0x9E80, 0x9E81,
    0x9E83, 0x9E84, 0x9E85, 0x9E86, 0x9E89, 0x9E8A, 0x9E8C, 0x9E8D, 0x9E8E, 0x9E8F, 0x9E90, 0x9E91,
    0x9E94, 0x9E95, 0x9E96, 0x9E97, 0x9E98, 0x9E99, 0x9E9A, 0x9E9B, 0x9E9C, 0x9E9E, 0x9EA0, 0x9EA1,
    0x9EA2, 0x9EA3, 0x9EA4, 0x9EA5, 0x9EA7, 0x9EA8, 0x9EA9, 0x9EAA, 0xE34E, 0xE34F, 0xE350, 0xE351,
    0xE352, 0xE353, 0xE354, 0xE355, 0xE356, 0xE357, 0xE358, 0xE359, 0xE35A, 0xE35B, 0xE35C, 0xE35D,
    0xE35E, 0xE35F, 0xE360, 0xE361, 0xE362, 0xE363, 0xE364, 0xE365, 0xE366, 0xE367, 0xE368, 0xE369,
    0xE36A, 0xE36B, 0xE36C, 0xE36D, 0xE36E, 0xE36F, 0xE370, 0xE371, 0xE372, 0xE373, 0xE374, 0xE375,
    0xE376, 0xE377, 0xE378, 0xE379, 0xE37A, 0xE37B, 0xE37C, 0xE37D, 0xE37E, 0xE37F, 0xE380, 0xE381,
    0xE382, 0xE383, 0xE384, 0xE385, 0xE386, 0xE387, 0xE388, 0xE389, 0xE38A, 0xE38B, 0xE38C, 0xE38D,
    0xE38E, 0xE38F, 0xE390, 0xE391, 0xE392, 0xE393, 0xE394, 0xE395, 0xE396, 0xE397, 0xE398, 0xE399,
    0xE39A, 0xE39B, 0xE39C, 0xE39D, 0xE39E, 0xE39F, 0xE3A0, 0xE3A1, 0xE3A2, 0xE3A3, 0xE3A4, 0xE3A5,
    0xE3A6, 0xE3A7, 0xE3A8, 0xE3A9, 0xE3AA, 0xE3AB, 0x9EAB, 0x9EAC, 0x9EAD, 0x9EAE, 0x9EAF, 0x9EB0,
    0x9EB1, 0x9EB2, 0x9EB3, 0x9EB5, 0x9EB6, 0x9EB7, 0x9EB9, 0x9EBA, 0x9EBC, 0x9EBF, 0x9EC0, 0x9EC1,
    0x9EC2, 0x9EC3, 0x9EC5, 0x9EC6, 0x9EC7, 0x9EC8, 0x9ECA, 0x9ECB, 0x9ECC, 0x9ED0, 0x9ED2, 0x9ED3,
    0x9ED5, 0x9ED6, 0x9ED7, 0x9ED9, 0x9EDA, 0x9EDE, 0x9EE1, 0x9EE3, 0x9EE4, 0x9EE6, 0x9EE8, 0x9EEB,
    0x9EEC, 0x9EED, 0x9EEE, 0x9EF0, 0x9EF1, 0x9EF2, 0x9EF3, 0x9EF4, 0x9EF5, 0x9EF6, 0x9EF7, 0x9EF8,
    0x9EFA, 0x9EFD, 0x9EFF, 0x9F00, 0x9F01, 0x9F02, 0x9F03, 0x9F04, 0x9F05, 0x9F06, 0x9F07, 0x9F08,
    0x9F09, 0x9F0A, 0x9F0C, 0x9F0F, 0x9F11, 0x9F12, 0x9F14, 0x9F15, 0x9F16, 0x9F18, 0x9F1A, 0x9F1B,
    0x9F1C, 0x9F1D, 0x9F1E, 0x9F1F, 0x9F21, 0x9F23, 0x9F24, 0x9F25, 0x9F26, 0x9F27, 0x9F28, 0x9F29,
    0x9F2A, 0x9F2B, 0x9F2D, 0x9F2E, 0x9F30, 0x9F31, 0xE3AC, 0xE3AD, 0xE3AE, 0xE3AF, 0xE3B0, 0xE3B1,
    0xE3B2, 0xE3B3, 0xE3B4, 0xE3B5, 0xE3B6, 0xE3B7, 0xE3B8, 0xE3B9, 0xE3BA, 0xE3BB, 0xE3BC, 0xE3BD,
    0xE3BE, 0xE3BF, 0xE3C0, 0xE3C1, 0xE3C2, 0xE3C3, 0xE3C4, 0xE3C5, 0xE3C6, 0xE3C7, 0xE3C8, 0xE3C9,
    0xE3CA, 0xE3CB, 0xE3CC, 0xE3CD, 0xE3CE, 0xE3CF, 0xE3D0, 0xE3D1, 0xE3D2, 0xE3D3, 0xE3D4, 0xE3D5,
    0xE3D6, 0xE3D7, 0xE3D8, 0xE3D9, 0xE3DA, 0xE3DB, 0xE3DC, 0xE3DD, 0xE3DE, 0xE3DF, 0xE3E0, 0xE3E1,
    0xE3E2, 0xE3E3, 0xE3E4, 0xE3E5, 0xE3E6, 0xE3E7, 0xE3E8, 0xE3E9, 0xE3EA, 0xE3EB, 0xE3EC, 0xE3ED,
    0xE3EE, 0xE3EF, 0xE3F0, 0xE3F1, 0xE3F2, 0xE3F3, 0xE3F4, 0xE3F5, 0xE3F6, 0xE3F7, 0xE3F8, 0xE3F9,
    0xE3FA, 0xE3FB, 0xE3FC, 0xE3FD, 0xE3FE, 0xE3FF, 0xE400, 0xE401, 0xE402, 0xE403, 0xE404, 0xE405,
    0xE406, 0xE407, 0xE408, 0xE409, 0x9F32, 0x9F33, 0x9F34, 0x9F35, 0x9F36, 0x9F38, 0x9F3A, 0x9F3C,
    0x9F3F, 0x9F40, 0x9F41, 0x9F42, 0x9F43, 0x9F45, 0x9F46, 0x9F47, 0x9F48, 0x9F49, 0x9F4A, 0x9F4B,
    0x9F4C, 0x9F4D, 0x9F4E, 0x9F4F, 0x9F52, 0x9F53, 0x9F54, 0x9F55, 0x9F56, 0x9F57, 0x9F58, 0x9F59,
    0x9F5A, 0x9F5B, 0x9F5C, 0x9F5D, 0x9F5E, 0x9F5F, 0x9F60, 0x9F61, 0x9F62, 0x9F63, 0x9F64, 0x9F65,
    0x9F66, 0x9F67, 0x9F68, 0x9F69, 0x9F6A, 0x9F6B, 0x9F6C, 0x9F6D, 0x9F6E, 0x9F6F, 0x9F70, 0x9F71,
    0x9F72, 0x9F73, 0x9F74, 0x9F75, 0x9F76, 0x9F77, 0x9F78, 0x9F79, 0x9F7A, 0x9F7B, 0x9F7C, 0x9F7D,
    0x9F7E, 0x9F81, 0x9F82, 0x9F8D, 0x9F8E, 0x9F8F, 0x9F90, 0x9F91, 0x9F92, 0x9F93, 0x9F94, 0x9F95,
    0x9F96, 0x9F97, 0x9F98, 0x9F9C, 0x9F9D, 0x9F9E, 0x9FA1, 0x9FA2, 0x9FA3, 0x9FA4, 0x9FA5, 0xF92C,
    0xF979, 0xF995, 0xF9E7, 0xF9F1, 0xE40A, 0xE40B, 0xE40C, 0xE40D, 0xE40E, 0xE40F, 0xE410, 0xE411,
    0xE412, 0xE413, 0xE414, 0xE415, 0xE416, 0xE417, 0xE418, 0xE419, 0xE41A, 0xE41B, 0xE41C, 0xE41D,
    0xE41E, 0xE41F, 0xE420, 0xE421, 0xE422, 0xE423, 0xE424, 0xE425, 0xE426, 0xE427, 0xE428, 0xE429,
    0xE42A, 0xE42B, 0xE42C, 0xE42D, 0xE42E, 0xE42F, 0xE430, 0xE431, 0xE432, 0xE433, 0xE434, 0xE435,
    0xE436, 0xE437, 0xE438, 0xE439, 0xE43A, 0xE43B, 0xE43C, 0xE43D, 0xE43E, 0xE43F, 0xE440, 0xE441,
    0xE442, 0xE443, 0xE444, 0xE445, 0xE446, 0xE447, 0xE448, 0xE449, 0xE44A, 0xE44B, 0xE44C, 0xE44D,
    0xE44E, 0xE44F, 0xE450, 0xE451, 0xE452, 0xE453, 0xE454, 0xE455, 0xE456, 0xE457, 0xE458, 0xE459,
    0xE45A, 0xE45B, 0xE45C, 0xE45D, 0xE45E, 0xE45F, 0xE460, 0xE461, 0xE462, 0xE463, 0xE464, 0xE465,
    0xE466, 0xE467, 0xFA0C, 0xFA0D, 0xFA0E, 0xFA0F, 0xFA11, 0xFA13, 0xFA14, 0xFA18, 0xFA1F, 0xFA20,
    0xFA21, 0xFA23, 0xFA24, 0xFA27, 0xFA28, 0xFA29, 0x2E81, 0xE816, 0xE817, 0xE818, 0x2E84, 0x3473,
    0x3447, 0x2E88, 0x2E8B, 0x9FB4, 0x359E, 0x361A, 0x360E, 0x2E8C, 0x2E97, 0x396E, 0x3918, 0x9FB5,
    0x39CF, 0x39DF, 0x3A73, 0x39D0, 0x9FB6, 0x9FB7, 0x3B4E, 0x3C6E, 0x3CE0, 0x2EA7, 0xE831, 0x9FB8,
    0x2EAA, 0x4056, 0x415F, 0x2EAE, 0x4337, 0x2EB3, 0x2EB6, 0x2EB7, 0xE83B, 0x43B1, 0x43AC, 0x2EBB,
    0x43DD, 0x44D6, 0x4661, 0x464C, 0x9FB9, 0x4723, 0x4729, 0x477C, 0x478D, 0x2ECA, 0x4947, 0x497A,
    0x497D, 0x4982, 0x4983, 0x4985, 0x4986, 0x499F, 0x499B, 0x49B7, 0x49B6, 0x9FBA, 0xE855, 0x4CA3,
    0x4C9F, 0x4CA0, 0x4CA1, 0x4C77, 0x4CA2, 0x4D13, 0x4D14, 0x4D15, 0x4D16, 0x4D17, 0x4D18, 0x4D19,
    0x4DAE, 0x9FBB, 0xE468, 0xE469, 0xE46A, 0xE46B, 0xE46C, 0xE46D, 0xE46E, 0xE46F, 0xE470, 0xE471,
    0xE472, 0xE473, 0xE474, 0xE475, 0xE476, 0xE477, 0xE478, 0xE479, 0xE47A, 0xE47B, 0xE47C, 0xE47D,
    0xE47E, 0xE47F, 0xE480, 0xE481, 0xE482, 0xE483, 0xE484, 0xE485, 0xE486, 0xE487, 0xE488, 0xE489,
    0xE48A, 0xE48B, 0xE48C, 0xE48D, 0xE48E, 0xE48F, 0xE490, 0xE491, 0xE492, 0xE493, 0xE494, 0xE495,
    0xE496, 0xE497, 0xE498, 0xE499, 0xE49A, 0xE49B, 0xE49C, 0xE49D, 0xE49E, 0xE49F, 0xE4A0, 0xE4A1,
    0xE4A2, 0xE4A3, 0xE4A4, 0xE4A5, 0xE4A6, 0xE4A7, 0xE4A8, 0xE4A9, 0xE4AA, 0xE4AB, 0xE4AC, 0xE4AD,
    0xE4AE, 0xE4AF, 0xE4B0, 0xE4B1, 0xE4B2, 0xE4B3, 0xE4B4, 0xE4B5, 0xE4B6, 0xE4B7, 0xE4B8, 0xE4B9,
    0xE4BA, 0xE4BB, 0xE4BC, 0xE4BD, 0xE4BE, 0xE4BF, 0xE4C0, 0xE4C1, 0xE4C2, 0xE4C3, 0xE4C4, 0xE4C5,
];

pub(super) static GB18030_RANGES: [(u16, u16); 206] = [
    (0, 0x0080),
    (36, 0x00A5),
    (38, 0x00A9),
    (45, 0x00B2),
    (50, 0x00B8),
    (81, 0x00D8),
    (89, 0x00E2),
    (95, 0x00EB),
    (96, 0x00EE),
    (100, 0x00F4),
    (103, 0x00F8),
    (104, 0x00FB),
    (105, 0x00FD),
    (109, 0x0102),
    (126, 0x0114),
    (133, 0x011C),
    (148, 0x012C),
    (172, 0x0145),
    (175, 0x0149),
    (179, 0x014E),
    (208, 0x016C),
    (306, 0x01CF),
    (307, 0x01D1),
    (308, 0x01D3),
    (309, 0x01D5),
    (310, 0x01D7),
    (311, 0x01D9),
    (312, 0x01DB),
    (313, 0x01DD),
    (341, 0x01FA),
    (428, 0x0252),
    (443, 0x0262),
    (544, 0x02C8),
    (545, 0x02CC),
    (558, 0x02DA),
    (741, 0x03A2),
    (742, 0x03AA),
    (749, 0x03C2),
    (750, 0x03CA),
    (805, 0x0402),
    (819, 0x0450),
    (820, 0x0452),
    (7922, 0x2011),
    (7924, 0x2017),
    (7925, 0x201A),
    (7927, 0x201E),
    (7934, 0x2027),
    (7943, 0x2031),
    (7944, 0x2034),
    (7945, 0x2036),
    (7950, 0x203C),
    (8062, 0x20AD),
    (8148, 0x2104),
    (8149, 0x2106),
    (8152, 0x210A),
    (8164, 0x2117),
    (8174, 0x2122),
    (8236, 0x216C),
    (8240, 0x217A),
    (8262, 0x2194),
    (8264, 0x219A),
    (8374, 0x2209),
    (8380, 0x2210),
    (8381, 0x2212),
    (8384, 0x2216),
    (8388, 0x221B),
    (8390, 0x2221),
    (8392, 0x2224),
    (8393, 0x2226),
    (8394, 0x222C),
    (8396, 0x222F),
    (8401, 0x2238),
    (8406, 0x223E),
    (8416, 0x2249),
    (8419, 0x224D),
    (8424, 0x2253),
    (8437, 0x2262),
    (8439, 0x2268),
    (8445, 0x2270),
    (8482, 0x2296),
    (8485, 0x229A),
    (8496, 0x22A6),
    (8521, 0x22C0),
    (8603, 0x2313),
    (8936, 0x246A),
    (8946, 0x249C),
    (9046, 0x254C),
    (9050, 0x2574),
    (9063, 0x2590),
    (9066, 0x2596),
    (9076, 0x25A2),
    (9092, 0x25B4),
    (9100, 0x25BE),
    (9108, 0x25C8),
    (9111, 0x25CC),
    (9113, 0x25D0),
    (9131, 0x25E6),
    (9162, 0x2607),
    (9164, 0x260A),
    (9218, 0x2641),
    (9219, 0x2643),
    (11329, 0x2E82),
    (11331, 0x2E85),
    (11334, 0x2E89),
    (11336, 0x2E8D),
    (11346, 0x2E98),
    (11361, 0x2EA8),
    (11363, 0x2EAB),
    (11366, 0x2EAF),
    (11370, 0x2EB4),
    (11372, 0x2EB8),
    (11375, 0x2EBC),
    (11389, 0x2ECB),
    (11682, 0x2FFC),
    (11686, 0x3004),
    (11687, 0x3018),
    (11692, 0x301F),
    (11694, 0x302A),
    (11714, 0x303F),
    (11716, 0x3094),
    (11723, 0x309F),
    (11725, 0x30F7),
    (11730, 0x30FF),
    (11736, 0x312A),
    (11982, 0x322A),
    (11989, 0x3232),
    (12102, 0x32A4),
    (12336, 0x3390),
    (12348, 0x339F),
    (12350, 0x33A2),
    (12384, 0x33C5),
    (12393, 0x33CF),
    (12395, 0x33D3),
    (12397, 0x33D6),
    (12510, 0x3448),
    (12553, 0x3474),
    (12851, 0x359F),
    (12962, 0x360F),
    (12973, 0x361B),
    (13738, 0x3919),
    (13823, 0x396F),
    (13919, 0x39D1),
    (13933, 0x39E0),
    (14080, 0x3A74),
    (14298, 0x3B4F),
    (14585, 0x3C6F),
    (14698, 0x3CE1),
    (15583, 0x4057),
    (15847, 0x4160),
    (16318, 0x4338),
    (16434, 0x43AD),
    (16438, 0x43B2),
    (16481, 0x43DE),
    (16729, 0x44D7),
    (17102, 0x464D),
    (17122, 0x4662),
    (17315, 0x4724),
    (17320, 0x472A),
    (17402, 0x477D),
    (17418, 0x478E),
    (17859, 0x4948),
    (17909, 0x497B),
    (17911, 0x497E),
    (17915, 0x4984),
    (17916, 0x4987),
    (17936, 0x499C),
    (17939, 0x49A0),
    (17961, 0x49B8),
    (18664, 0x4C78),
    (18703, 0x4CA4),
    (18814, 0x4D1A),
    (18962, 0x4DAF),
    (19043, 0x9FA6),
    (33469, 0xE76C),
    (33470, 0xE7C8),
    (33471, 0xE7E7),
    (33484, 0xE815),
    (33485, 0xE819),
    (33490, 0xE81F),
    (33497, 0xE827),
    (33501, 0xE82D),
    (33505, 0xE833),
    (33513, 0xE83C),
    (33520, 0xE844),
    (33536, 0xE856),
    (33550, 0xE865),
    (37845, 0xF92D),
    (37921, 0xF97A),
    (37948, 0xF996),
    (38029, 0xF9E8),
    (38038, 0xF9F2),
    (38064, 0xFA10),
    (38065, 0xFA12),
    (38066, 0xFA15),
    (38069, 0xFA19),
    (38075, 0xFA22),
    (38076, 0xFA25),
    (38078, 0xFA2A),
    (39108, 0xFE32),
    (39109, 0xFE45),
    (39113, 0xFE53),
    (39114, 0xFE58),
    (39115, 0xFE67),
    (39116, 0xFE6C),
    (39265, 0xFF5F),
    (39394, 0xFFE6),
];

pub(super) const BIG5_OFFSET: usize = 942;

pub(super) static BIG5: [u32; 18840] = [
    0x043F0, 0x04C32, 0x04603, 0x045A6, 0x04578, 0x27267, 0x04D77, 0x045B3, 0x27CB1, 0x04CE2,
    0x27CC5, 0x03B95, 0x04736, 0x04744, 0x04C47, 0x04C40, 0x242BF, 0x23617, 0x27352, 0x26E8B,
    0x270D2, 0x04C57, 0x2A351, 0x0474F, 0x045DA, 0x04C85, 0x27C6C, 0x04D07, 0x04AA4, 0x046A1,
    0x26B23, 0x07225, 0x25A54, 0x21A63, 0x23E06, 0x23F61, 0x0664D, 0x056FB, 0x00000, 0x07D95,
    0x0591D, 0x28BB9, 0x03DF4, 0x09734, 0x27BEF, 0x05BDB, 0x21D5E, 0x05AA4, 0x03625, 0x29EB0,
    0x05AD1, 0x05BB7, 0x05CFC, 0x0676E, 0x08593, 0x29945, 0x07461, 0x0749D, 0x03875, 0x21D53,
    0x2369E, 0x26021, 0x03EEC, 0x258DE, 0x03AF5, 0x07AFC, 0x09F97, 0x24161, 0x2890D, 0x231EA,
    0x20A8A, 0x2325E, 0x0430A, 0x08484, 0x09F96, 0x0942F, 0x04930, 0x08613, 0x05896, 0x0974A,
    0x09218, 0x079D0, 0x07A32, 0x06660, 0x06A29, 0x0889D, 0x0744C, 0x07BC5, 0x06782, 0x07A2C,
    0x0524F, 0x09046, 0x034E6, 0x073C4, 0x25DB9, 0x074C6, 0x09FC7, 0x057B3, 0x0492F, 0x0544C,
    0x04131, 0x2368E, 0x05818, 0x07A72, 0x27B65, 0x08B8F, 0x046AE, 0x26E88, 0x04181, 0x25D99,
    0x07BAE, 0x224BC, 0x09FC8, 0x224C1, 0x224C9, 0x224CC, 0x09FC9, 0x08504, 0x235BB, 0x040B4,
    0x09FCA, 0x044E1, 0x2ADFF, 0x062C1, 0x0706E, 0x09FCB, 0x00000, 0x00000, 0x00000, 0x00000,
    0x00000, 0x00000, 0x00000, 0x00000, 0x00000, 0x00000, 0x00000, 0x00000, 0x00000, 0x00000,
    0x00000, 0x00000, 0x00000, 0x00000, 0x00000, 0x00000, 0x00000, 0x00000, 0x00000, 0x00000,
    0x00000, 0x00000, 0x00000, 0x00000, 0x00000, 0x00000, 0x00000, 0x031C0, 0x031C1, 0x031C2,
    0x031C3, 0x031C4, 0x2010C, 0x031C5, 0x200D1, 0x200CD, 0x031C6, 0x031C7, 0x200CB, 0x21FE8,
    0x031C8, 0x200CA, 0x031C9, 0x031CA, 0x031CB, 0x031CC, 0x2010E, 0x031CD, 0x031CE, 0x00100,
    0x000C1, 0x001CD, 0x000C0, 0x00112, 0x000C9, 0x0011A, 0x000C8, 0x0014C, 0x000D3, 0x001D1,
    0x000D2, 0x00000, 0x01EBE, 0x00000, 0x01EC0, 0x000CA, 0x00101, 0x000E1, 0x001CE, 0x000E0,
    0x00251, 0x00113, 0x000E9, 0x0011B, 0x000E8, 0x0012B, 0x000ED, 0x001D0, 0x000EC, 0x0014D,
    0x000F3, 0x001D2, 0x000F2, 0x0016B, 0x000FA, 0x001D4, 0x000F9, 0x001D6, 0x001D8, 0x001DA,
    0x001DC, 0x000FC, 0x00000, 0x01EBF, 0x00000, 0x01EC1, 0x000EA, 0x00261, 0x023DA, 0x023DB,
    0x00000, 0x00000, 0x00000, 0x00000, 0x00000, 0x00000, 0x00000, 0x00000, 0x00000, 0x00000,
    0x00000, 0x00000, 0x00000, 0x00000, 0x00000, 0x00000, 0x00000, 0x00000, 0x00000, 0x00000,
    0x00000, 0x00000, 0x00000, 0x00000, 0x00000, 0x00000, 0x00000, 0x00000, 0x00000, 0x00000,
    0x00000, 0x00000, 0x00000, 0x00000, 0x00000, 0x00000, 0x00000, 0x00000, 0x00000, 0x00000,
    0x00000, 0x00000, 0x00000, 0x00000, 0x00000, 0x00000, 0x00000, 0x00000, 0x00000, 0x00000,
    0x00000, 0x00000, 0x00000, 0x00000, 0x00000, 0x00000, 0x00000, 0x00000, 0x00000, 0x00000,
    0x00000, 0x00000, 0x00000, 0x00000, 0x00000, 0x00000, 0x00000, 0x00000, 0x00000, 0x00000,
    0x00000, 0x00000, 0x00000, 0x00000, 0x00000, 0x00000, 0x00000, 0x00000, 0x00000, 0x00000,
    0x00000, 0x00000, 0x00000, 0x00000, 0x2A3A9, 0x21145, 0x00000, 0x0650A, 0x00000, 0x00000,
    0x04E3D, 0x06EDD, 0x09D4E, 0x091DF, 0x00000, 0x00000, 0x27735, 0x06491, 0x04F1A, 0x04F28,
    0x04FA8, 0x05156, 0x05174, 0x0519C, 0x051E4, 0x052A1, 0x052A8, 0x0533B, 0x0534E, 0x053D1,
    0x053D8, 0x056E2, 0x058F0, 0x05904, 0x05907, 0x05932, 0x05934, 0x05B66, 0x05B9E, 0x05B9F,
    0x05C9A, 0x05E86, 0x0603B, 0x06589, 0x067FE, 0x06804, 0x06865, 0x06D4E, 0x070BC, 0x07535,
    0x07EA4, 0x07EAC, 0x07EBA, 0x07EC7, 0x07ECF, 0x07EDF, 0x07F06, 0x07F37, 0x0827A, 0x082CF,
    0x0836F, 0x089C6, 0x08BBE, 0x08BE2, 0x08F66, 0x08F67, 0x08F6E, 0x07411, 0x07CFC, 0x07DCD,
    0x06946, 0x07AC9, 0x05227, 0x00000, 0x00000, 0x00000, 0x00000, 0x0918C, 0x078B8, 0x0915E,
    0x080BC, 0x00000, 0x08D0B, 0x080F6, 0x209E7, 0x00000, 0x00000, 0x0809F, 0x09EC7, 0x04CCD,
    0x09DC9, 0x09E0C, 0x04C3E, 0x29DF6, 0x2700E, 0x09E0A, 0x2A133, 0x035C1, 0x00000, 0x06E9A,
    0x0823E, 0x07519, 0x00000, 0x04911, 0x09A6C, 0x09A8F, 0x09F99, 0x07987, 0x2846C, 0x21DCA,
    0x205D0, 0x22AE6, 0x04E24, 0x04E81, 0x04E80, 0x04E87, 0x04EBF, 0x04EEB, 0x04F37, 0x0344C,
    0x04FBD, 0x03E48, 0x05003, 0x05088, 0x0347D, 0x03493, 0x034A5, 0x05186, 0x05905, 0x051DB,
    0x051FC, 0x05205, 0x04E89, 0x05279, 0x05290, 0x05327, 0x035C7, 0x053A9, 0x03551, 0x053B0,
    0x03553, 0x053C2, 0x05423, 0x0356D, 0x03572, 0x03681, 0x05493, 0x054A3, 0x054B4, 0x054B9,
    0x054D0, 0x054EF, 0x05518, 0x05523, 0x05528, 0x03598, 0x0553F, 0x035A5, 0x035BF, 0x055D7,
    0x035C5, 0x27D84, 0x05525, 0x00000, 0x20C42, 0x20D15, 0x2512B, 0x05590, 0x22CC6, 0x039EC,
    0x20341, 0x08E46, 0x24DB8, 0x294E5, 0x04053, 0x280BE, 0x0777A, 0x22C38, 0x03A34, 0x047D5,
    0x2815D, 0x269F2, 0x24DEA, 0x064DD, 0x20D7C, 0x20FB4, 0x20CD5, 0x210F4, 0x0648D, 0x08E7E,
    0x20E96, 0x20C0B, 0x20F64, 0x22CA9, 0x28256, 0x244D3, 0x00000, 0x20D46, 0x29A4D, 0x280E9,
    0x047F4, 0x24EA7, 0x22CC2, 0x09AB2, 0x03A67, 0x295F4, 0x03FED, 0x03506, 0x252C7, 0x297D4,
    0x278C8, 0x22D44, 0x09D6E, 0x09815, 0x00000, 0x043D9, 0x260A5, 0x064B4, 0x054E3, 0x22D4C,
    0x22BCA, 0x21077, 0x039FB, 0x2106F, 0x266DA, 0x26716, 0x279A0, 0x064EA, 0x25052, 0x20C43,
    0x08E68, 0x221A1, 0x28B4C, 0x20731, 0x00000, 0x0480B, 0x201A9, 0x03FFA, 0x05873, 0x22D8D,
    0x00000, 0x245C8, 0x204FC, 0x26097, 0x20F4C, 0x20D96, 0x05579, 0x040BB, 0x043BA, 0x00000,
    0x04AB4, 0x22A66, 0x2109D, 0x081AA, 0x098F5, 0x20D9C, 0x06379, 0x039FE, 0x22775, 0x08DC0,
    0x056A1, 0x0647C, 0x03E43, 0x00000, 0x2A601, 0x20E09, 0x22ACF, 0x22CC9, 0x00000, 0x210C8,
    0x239C2, 0x03992, 0x03A06, 0x2829B, 0x03578, 0x25E49, 0x220C7, 0x05652, 0x20F31, 0x22CB2,
    0x29720, 0x034BC, 0x06C3D, 0x24E3B, 0x00000, 0x00000, 0x27574, 0x22E8B, 0x22208, 0x2A65B,
    0x28CCD, 0x20E7A, 0x20C34, 0x2681C, 0x07F93, 0x210CF, 0x22803, 0x22939, 0x035FB, 0x251E3,
    0x20E8C, 0x20F8D, 0x20EAA, 0x03F93, 0x20F30, 0x20D47, 0x2114F, 0x20E4C, 0x00000, 0x20EAB,
    0x20BA9, 0x20D48, 0x210C0, 0x2113D, 0x03FF9, 0x22696, 0x06432, 0x20FAD, 0x233F4, 0x27639,
    0x22BCE, 0x20D7E, 0x20D7F, 0x22C51, 0x22C55, 0x03A18, 0x20E98, 0x210C7, 0x20F2E, 0x2A632,
    0x26B50, 0x28CD2, 0x28D99, 0x28CCA, 0x095AA, 0x054CC, 0x082C4, 0x055B9, 0x00000, 0x29EC3,
    0x09C26, 0x09AB6, 0x2775E, 0x22DEE, 0x07140, 0x0816D, 0x080EC, 0x05C1C, 0x26572, 0x08134,
    0x03797, 0x0535F, 0x280BD, 0x091B6, 0x20EFA, 0x20E0F, 0x20E77, 0x20EFB, 0x035DD, 0x24DEB,
    0x03609, 0x20CD6, 0x056AF, 0x227B5, 0x210C9, 0x20E10, 0x20E78, 0x21078, 0x21148, 0x28207,
    0x21455, 0x20E79, 0x24E50, 0x22DA4, 0x05A54, 0x2101D, 0x2101E, 0x210F5, 0x210F6, 0x0579C,
    0x20E11, 0x27694, 0x282CD, 0x20FB5, 0x20E7B, 0x2517E, 0x03703, 0x20FB6, 0x21180, 0x252D8,
    0x2A2BD, 0x249DA, 0x2183A, 0x24177, 0x2827C, 0x05899, 0x05268, 0x0361A, 0x2573D, 0x07BB2,
    0x05B68, 0x04800, 0x04B2C, 0x09F27, 0x049E7, 0x09C1F, 0x09B8D, 0x25B74, 0x2313D, 0x055FB,
    0x035F2, 0x05689, 0x04E28, 0x05902, 0x21BC1, 0x2F878, 0x09751, 0x20086, 0x04E5B, 0x04EBB,
    0x0353E, 0x05C23, 0x05F51, 0x05FC4, 0x038FA, 0x0624C, 0x06535, 0x06B7A, 0x06C35, 0x06C3A,
    0x0706C, 0x0722B, 0x04E2C, 0x072AD, 0x248E9, 0x07F52, 0x0793B, 0x07CF9, 0x07F53, 0x2626A,
    0x034C1, 0x00000, 0x2634B, 0x08002, 0x08080, 0x26612, 0x26951, 0x0535D, 0x08864, 0x089C1,
    0x278B2, 0x08BA0, 0x08D1D, 0x09485, 0x09578, 0x0957F, 0x095E8, 0x28E0F, 0x097E6, 0x09875,
    0x098CE, 0x098DE, 0x09963, 0x29810, 0x09C7C, 0x09E1F, 0x09EC4, 0x06B6F, 0x0F907, 0x04E37,
    0x20087, 0x0961D, 0x06237, 0x094A2, 0x00000, 0x0503B, 0x06DFE, 0x29C73, 0x09FA6, 0x03DC9,
    0x0888F, 0x2414E, 0x07077, 0x05CF5, 0x04B20, 0x251CD, 0x03559, 0x25D30, 0x06122, 0x28A32,
    0x08FA7, 0x091F6, 0x07191, 0x06719, 0x073BA, 0x23281, 0x2A107, 0x03C8B, 0x21980, 0x04B10,
    0x078E4, 0x07402, 0x051AE, 0x2870F, 0x04009, 0x06A63, 0x2A2BA, 0x04223, 0x0860F, 0x20A6F,
    0x07A2A, 0x29947, 0x28AEA, 0x09755, 0x0704D, 0x05324, 0x2207E, 0x093F4, 0x076D9, 0x289E3,
    0x09FA7, 0x077DD, 0x04EA3, 0x04FF0, 0x050BC, 0x04E2F, 0x04F17, 0x09FA8, 0x05434, 0x07D8B,
    0x05892, 0x058D0, 0x21DB6, 0x05E92, 0x05E99, 0x05FC2, 0x22712, 0x0658B, 0x233F9, 0x06919,
    0x06A43, 0x23C63, 0x06CFF, 0x00000, 0x07200, 0x24505, 0x0738C, 0x03EDB, 0x24A13, 0x05B15,
    0x074B9, 0x08B83, 0x25CA4, 0x25695, 0x07A93, 0x07BEC, 0x07CC3, 0x07E6C, 0x082F8, 0x08597,
    0x09FA9, 0x08890, 0x09FAA, 0x08EB9, 0x09FAB, 0x08FCF, 0x0855F, 0x099E0, 0x09221, 0x09FAC,
    0x28DB9, 0x2143F, 0x04071, 0x042A2, 0x05A1A, 0x00000, 0x00000, 0x00000, 0x09868, 0x0676B,
    0x04276, 0x0573D, 0x00000, 0x085D6, 0x2497B, 0x082BF, 0x2710D, 0x04C81, 0x26D74, 0x05D7B,
    0x26B15, 0x26FBE, 0x09FAD, 0x09FAE, 0x05B96, 0x09FAF, 0x066E7, 0x07E5B, 0x06E57, 0x079CA,
    0x03D88, 0x044C3, 0x23256, 0x22796, 0x0439A, 0x04536, 0x00000, 0x05CD5, 0x23B1A, 0x08AF9,
    0x05C78, 0x03D12, 0x23551, 0x05D78, 0x09FB2, 0x07157, 0x04558, 0x240EC, 0x21E23, 0x04C77,
    0x03978, 0x0344A, 0x201A4, 0x26C41, 0x08ACC, 0x04FB4, 0x20239, 0x059BF, 0x0816C, 0x09856,
    0x298FA, 0x05F3B, 0x20B9F, 0x00000, 0x221C1, 0x2896D, 0x04102, 0x046BB, 0x29079, 0x03F07,
    0x09FB3, 0x2A1B5, 0x040F8, 0x037D6, 0x046F7, 0x26C46, 0x0417C, 0x286B2, 0x273FF, 0x0456D,
    0x038D4, 0x2549A, 0x04561, 0x0451B, 0x04D89, 0x04C7B, 0x04D76, 0x045EA, 0x03FC8, 0x24B0F,
    0x03661, 0x044DE, 0x044BD, 0x041ED, 0x05D3E, 0x05D48, 0x05D56, 0x03DFC, 0x0380F, 0x05DA4,
    0x05DB9, 0x03820, 0x03838, 0x05E42, 0x05EBD, 0x05F25, 0x05F83, 0x03908, 0x03914, 0x0393F,
    0x0394D, 0x060D7, 0x0613D, 0x05CE5, 0x03989, 0x061B7, 0x061B9, 0x061CF, 0x039B8, 0x0622C,
    0x06290, 0x062E5, 0x06318, 0x039F8, 0x056B1, 0x03A03, 0x063E2, 0x063FB, 0x06407, 0x0645A,
    0x03A4B, 0x064C0, 0x05D15, 0x05621, 0x09F9F, 0x03A97, 0x06586, 0x03ABD, 0x065FF, 0x06653,
    0x03AF2, 0x06692, 0x03B22, 0x06716, 0x03B42, 0x067A4, 0x06800, 0x03B58, 0x0684A, 0x06884,
    0x03B72, 0x03B71, 0x03B7B, 0x06909, 0x06943, 0x0725C, 0x06964, 0x0699F, 0x06985, 0x03BBC,
    0x069D6, 0x03BDD, 0x06A65, 0x06A74, 0x06A71, 0x06A82, 0x03BEC, 0x06A99, 0x03BF2, 0x06AAB,
    0x06AB5, 0x06AD4, 0x06AF6, 0x06B81, 0x06BC1, 0x06BEA, 0x06C75, 0x06CAA, 0x03CCB, 0x06D02,
    0x06D06, 0x06D26, 0x06D81, 0x03CEF, 0x06DA4, 0x06DB1, 0x06E15, 0x06E18, 0x06E29, 0x06E86,
    0x289C0, 0x06EBB, 0x06EE2, 0x06EDA, 0x09F7F, 0x06EE8, 0x06EE9, 0x06F24, 0x06F34, 0x03D46,
    0x23F41, 0x06F81, 0x06FBE, 0x03D6A, 0x03D75, 0x071B7, 0x05C99, 0x03D8A, 0x0702C, 0x03D91,
    0x07050, 0x07054, 0x0706F, 0x0707F, 0x07089, 0x20325, 0x043C1, 0x035F1, 0x20ED8, 0x23ED7,
    0x057BE, 0x26ED3, 0x0713E, 0x257E0, 0x0364E, 0x069A2, 0x28BE9, 0x05B74, 0x07A49, 0x258E1,
    0x294D9, 0x07A65, 0x07A7D, 0x259AC, 0x07ABB, 0x07AB0, 0x07AC2, 0x07AC3, 0x071D1, 0x2648D,
    0x041CA, 0x07ADA, 0x07ADD, 0x07AEA, 0x041EF, 0x054B2, 0x25C01, 0x07B0B, 0x07B55, 0x07B29,
    0x2530E, 0x25CFE, 0x07BA2, 0x07B6F, 0x0839C, 0x25BB4, 0x26C7F, 0x07BD0, 0x08421, 0x07B92,
    0x07BB8, 0x25D20, 0x03DAD, 0x25C65, 0x08492, 0x07BFA, 0x07C06, 0x07C35, 0x25CC1, 0x07C44,
    0x07C83, 0x24882, 0x07CA6, 0x0667D, 0x24578, 0x07CC9, 0x07CC7, 0x07CE6, 0x07C74, 0x07CF3,
    0x07CF5, 0x07CCE, 0x07E67, 0x0451D, 0x26E44, 0x07D5D, 0x26ED6, 0x0748D, 0x07D89, 0x07DAB,
    0x07135, 0x07DB3, 0x07DD2, 0x24057, 0x26029, 0x07DE4, 0x03D13, 0x07DF5, 0x217F9, 0x07DE5,
    0x2836D, 0x07E1D, 0x26121, 0x2615A, 0x07E6E, 0x07E92, 0x0432B, 0x0946C, 0x07E27, 0x07F40,
    0x07F41, 0x07F47, 0x07936, 0x262D0, 0x099E1, 0x07F97, 0x26351, 0x07FA3, 0x21661, 0x20068,
    0x0455C, 0x23766, 0x04503, 0x2833A, 0x07FFA, 0x26489, 0x08005, 0x08008, 0x0801D, 0x08028,
    0x0802F, 0x2A087, 0x26CC3, 0x0803B, 0x0803C, 0x08061, 0x22714, 0x04989, 0x26626, 0x23DE3,
    0x266E8, 0x06725, 0x080A7, 0x28A48, 0x08107, 0x0811A, 0x058B0, 0x226F6, 0x06C7F, 0x26498,
    0x24FB8, 0x064E7, 0x2148A, 0x08218, 0x2185E, 0x06A53, 0x24A65, 0x24A95, 0x0447A, 0x08229,
    0x20B0D, 0x26A52, 0x23D7E, 0x04FF9, 0x214FD, 0x084E2, 0x08362, 0x26B0A, 0x249A7, 0x23530,
    0x21773, 0x23DF8, 0x082AA, 0x0691B, 0x2F994, 0x041DB, 0x0854B, 0x082D0, 0x0831A, 0x20E16,
    0x217B4, 0x036C1, 0x2317D, 0x2355A, 0x0827B, 0x082E2, 0x08318, 0x23E8B, 0x26DA3, 0x26B05,
    0x26B97, 0x235CE, 0x03DBF, 0x0831D, 0x055EC, 0x08385, 0x0450B, 0x26DA5, 0x083AC, 0x083C1,
    0x083D3, 0x0347E, 0x26ED4, 0x06A57, 0x0855A, 0x03496, 0x26E42, 0x22EEF, 0x08458, 0x25BE4,
    0x08471, 0x03DD3, 0x044E4, 0x06AA7, 0x0844A, 0x23CB5, 0x07958, 0x084A8, 0x26B96, 0x26E77,
    0x26E43, 0x084DE, 0x0840F, 0x08391, 0x044A0, 0x08493, 0x084E4, 0x25C91, 0x04240, 0x25CC0,
    0x04543, 0x08534, 0x05AF2, 0x26E99, 0x04527, 0x08573, 0x04516, 0x067BF, 0x08616, 0x28625,
    0x2863B, 0x085C1, 0x27088, 0x08602, 0x21582, 0x270CD, 0x2F9B2, 0x0456A, 0x08628, 0x03648,
    0x218A2, 0x053F7, 0x2739A, 0x0867E, 0x08771, 0x2A0F8, 0x087EE, 0x22C27, 0x087B1, 0x087DA,
    0x0880F, 0x05661, 0x0866C, 0x06856, 0x0460F, 0x08845, 0x08846, 0x275E0, 0x23DB9, 0x275E4,
    0x0885E, 0x0889C, 0x0465B, 0x088B4, 0x088B5, 0x063C1, 0x088C5, 0x07777, 0x2770F, 0x08987,
    0x0898A, 0x089A6, 0x089A9, 0x089A7, 0x089BC, 0x28A25, 0x089E7, 0x27924, 0x27ABD, 0x08A9C,
    0x07793, 0x091FE, 0x08A90, 0x27A59, 0x07AE9, 0x27B3A, 0x23F8F, 0x04713, 0x27B38, 0x0717C,
    0x08B0C, 0x08B1F, 0x25430, 0x25565, 0x08B3F, 0x08B4C, 0x08B4D, 0x08AA9, 0x24A7A, 0x08B90,
    0x08B9B, 0x08AAF, 0x216DF, 0x04615, 0x0884F, 0x08C9B, 0x27D54, 0x27D8F, 0x2F9D4, 0x03725,
    0x27D53, 0x08CD6, 0x27D98, 0x27DBD, 0x08D12, 0x08D03, 0x21910, 0x08CDB, 0x0705C, 0x08D11,
    0x24CC9, 0x03ED0, 0x08D77, 0x08DA9, 0x28002, 0x21014, 0x2498A, 0x03B7C, 0x281BC, 0x2710C,
    0x07AE7, 0x08EAD, 0x08EB6, 0x08EC3, 0x092D4, 0x08F19, 0x08F2D, 0x28365, 0x28412, 0x08FA5,
    0x09303, 0x2A29F, 0x20A50, 0x08FB3, 0x0492A, 0x289DE, 0x2853D, 0x23DBB, 0x05EF8, 0x23262,
    0x08FF9, 0x2A014, 0x286BC, 0x28501, 0x22325, 0x03980, 0x26ED7, 0x09037, 0x2853C, 0x27ABE,
    0x09061, 0x2856C, 0x2860B, 0x090A8, 0x28713, 0x090C4, 0x286E6, 0x090AE, 0x090FD, 0x09167,
    0x03AF0, 0x091A9, 0x091C4, 0x07CAC, 0x28933, 0x21E89, 0x0920E, 0x06C9F, 0x09241, 0x09262,
    0x255B9, 0x092B9, 0x28AC6, 0x23C9B, 0x28B0C, 0x255DB, 0x20D31, 0x0932C, 0x0936B, 0x28AE1,
    0x28BEB, 0x0708F, 0x05AC3, 0x28AE2, 0x28AE5, 0x04965, 0x09244, 0x28BEC, 0x28C39, 0x28BFF,
    0x09373, 0x0945B, 0x08EBC, 0x09585, 0x095A6, 0x09426, 0x095A0, 0x06FF6, 0x042B9, 0x2267A,
    0x286D8, 0x2127C, 0x23E2E, 0x049DF, 0x06C1C, 0x0967B, 0x09696, 0x0416C, 0x096A3, 0x26ED5,
    0x061DA, 0x096B6, 0x078F5, 0x28AE0, 0x096BD, 0x053CC, 0x049A1, 0x26CB8, 0x20274, 0x26410,
    0x290AF, 0x290E5, 0x24AD1, 0x21915, 0x2330A, 0x09731, 0x08642, 0x09736, 0x04A0F, 0x0453D,
    0x04585, 0x24AE9, 0x07075, 0x05B41, 0x0971B, 0x0975C, 0x291D5, 0x09757, 0x05B4A, 0x291EB,
    0x0975F, 0x09425, 0x050D0, 0x230B7, 0x230BC, 0x09789, 0x0979F, 0x097B1, 0x097BE, 0x097C0,
    0x097D2, 0x097E0, 0x2546C, 0x097EE, 0x0741C, 0x29433, 0x097FF, 0x097F5, 0x2941D, 0x2797A,
    0x04AD1, 0x09834, 0x09833, 0x0984B, 0x09866, 0x03B0E, 0x27175, 0x03D51, 0x20630, 0x2415C,
    0x25706, 0x098CA, 0x098B7, 0x098C8, 0x098C7, 0x04AFF, 0x26D27, 0x216D3, 0x055B0, 0x098E1,
    0x098E6, 0x098EC, 0x09378, 0x09939, 0x24A29, 0x04B72, 0x29857, 0x29905, 0x099F5, 0x09A0C,
    0x09A3B, 0x09A10, 0x09A58, 0x25725, 0x036C4, 0x290B1, 0x29BD5, 0x09AE0, 0x09AE2, 0x29B05,
    0x09AF4, 0x04C0E, 0x09B14, 0x09B2D, 0x28600, 0x05034, 0x09B34, 0x269A8, 0x038C3, 0x2307D,
    0x09B50, 0x09B40, 0x29D3E, 0x05A45, 0x21863, 0x09B8E, 0x2424B, 0x09C02, 0x09BFF, 0x09C0C,
    0x29E68, 0x09DD4, 0x29FB7, 0x2A192, 0x2A1AB, 0x2A0E1, 0x2A123, 0x2A1DF, 0x09D7E, 0x09D83,
    0x2A134, 0x09E0E, 0x06888, 0x09DC4, 0x2215B, 0x2A193, 0x2A220, 0x2193B, 0x2A233, 0x09D39,
    0x2A0B9, 0x2A2B4, 0x09E90, 0x09E95, 0x09E9E, 0x09EA2, 0x04D34, 0x09EAA, 0x09EAF, 0x24364,
    0x09EC1, 0x03B60, 0x039E5, 0x03D1D, 0x04F32, 0x037BE, 0x28C2B, 0x09F02, 0x09F08, 0x04B96,
    0x09424, 0x26DA2, 0x09F17, 0x09F16, 0x09F39, 0x0569F, 0x0568A, 0x09F45, 0x099B8, 0x2908B,
    0x097F2, 0x0847F, 0x09F62, 0x09F69, 0x07ADC, 0x09F8E, 0x07216, 0x04BBE, 0x24975, 0x249BB,
    0x07177, 0x249F8, 0x24348, 0x24A51, 0x0739E, 0x28BDA, 0x218FA, 0x0799F, 0x2897E, 0x28E36,
    0x09369, 0x093F3, 0x28A44, 0x092EC, 0x09381, 0x093CB, 0x2896C, 0x244B9, 0x07217, 0x03EEB,
    0x07772, 0x07A43, 0x070D0, 0x24473, 0x243F8, 0x0717E, 0x217EF, 0x070A3, 0x218BE, 0x23599,
    0x03EC7, 0x21885, 0x2542F, 0x217F8, 0x03722, 0x216FB, 0x21839, 0x036E1, 0x21774, 0x218D1,
    0x25F4B, 0x03723, 0x216C0, 0x0575B, 0x24A25, 0x213FE, 0x212A8, 0x213C6, 0x214B6, 0x08503,
    0x236A6, 0x08503, 0x08455, 0x24994, 0x27165, 0x23E31, 0x2555C, 0x23EFB, 0x27052, 0x044F4,
    0x236EE, 0x2999D, 0x26F26, 0x067F9, 0x03733, 0x03C15, 0x03DE7, 0x0586C, 0x21922, 0x06810,
    0x04057, 0x2373F, 0x240E1, 0x2408B, 0x2410F, 0x26C21, 0x054CB, 0x0569E, 0x266B1, 0x05692,
    0x20FDF, 0x20BA8, 0x20E0D, 0x093C6, 0x28B13, 0x0939C, 0x04EF8, 0x0512B, 0x03819, 0x24436,
    0x04EBC, 0x20465, 0x2037F, 0x04F4B, 0x04F8A, 0x25651, 0x05A68, 0x201AB, 0x203CB, 0x03999,
    0x2030A, 0x20414, 0x03435, 0x04F29, 0x202C0, 0x28EB3, 0x20275, 0x08ADA, 0x2020C, 0x04E98,
    0x050CD, 0x0510D, 0x04FA2, 0x04F03, 0x24A0E, 0x23E8A, 0x04F42, 0x0502E, 0x0506C, 0x05081,
    0x04FCC, 0x04FE5, 0x05058, 0x050FC, 0x05159, 0x0515B, 0x0515D, 0x0515E, 0x06E76, 0x23595,
    0x23E39, 0x23EBF, 0x06D72, 0x21884, 0x23E89, 0x051A8, 0x051C3, 0x205E0, 0x044DD, 0x204A3,
    0x20492, 0x20491, 0x08D7A, 0x28A9C, 0x2070E, 0x05259, 0x052A4, 0x20873, 0x052E1, 0x0936E,
    0x0467A, 0x0718C, 0x2438C, 0x20C20, 0x249AC, 0x210E4, 0x069D1, 0x20E1D, 0x07479, 0x03EDE,
    0x07499, 0x07414, 0x07456, 0x07398, 0x04B8E, 0x24ABC, 0x2408D, 0x053D0, 0x03584, 0x0720F,
    0x240C9, 0x055B4, 0x20345, 0x054CD, 0x20BC6, 0x0571D, 0x0925D, 0x096F4, 0x09366, 0x057DD,
    0x0578D, 0x0577F, 0x0363E, 0x058CB, 0x05A99, 0x28A46, 0x216FA, 0x2176F, 0x21710, 0x05A2C,
    0x059B8, 0x0928F, 0x05A7E, 0x05ACF, 0x05A12, 0x25946, 0x219F3, 0x21861, 0x24295, 0x036F5,
    0x06D05, 0x07443, 0x05A21, 0x25E83, 0x05A81, 0x28BD7, 0x20413, 0x093E0, 0x0748C, 0x21303,
    0x07105, 0x04972, 0x09408, 0x289FB, 0x093BD, 0x037A0, 0x05C1E, 0x05C9E, 0x05E5E, 0x05E48,
    0x21996, 0x2197C, 0x23AEE, 0x05ECD, 0x05B4F, 0x21903, 0x21904, 0x03701, 0x218A0, 0x036DD,
    0x216FE, 0x036D3, 0x0812A, 0x28A47, 0x21DBA, 0x23472, 0x289A8, 0x05F0C, 0x05F0E, 0x21927,
    0x217AB, 0x05A6B, 0x2173B, 0x05B44, 0x08614, 0x275FD, 0x08860, 0x0607E, 0x22860, 0x2262B,
    0x05FDB, 0x03EB8, 0x225AF, 0x225BE, 0x29088, 0x26F73, 0x061C0, 0x2003E, 0x20046, 0x2261B,
    0x06199, 0x06198, 0x06075, 0x22C9B, 0x22D07, 0x246D4, 0x2914D, 0x06471, 0x24665, 0x22B6A,
    0x03A29, 0x22B22, 0x23450, 0x298EA, 0x22E78, 0x06337, 0x2A45B, 0x064B6, 0x06331, 0x063D1,
    0x249E3, 0x22D67, 0x062A4, 0x22CA1, 0x0643B, 0x0656B, 0x06972, 0x03BF4, 0x2308E, 0x232AD,
    0x24989, 0x232AB, 0x0550D, 0x232E0, 0x218D9, 0x2943F, 0x066CE, 0x23289, 0x231B3, 0x03AE0,
    0x04190, 0x25584, 0x28B22, 0x2558F, 0x216FC, 0x2555B, 0x25425, 0x078EE, 0x23103, 0x2182A,
    0x23234, 0x03464, 0x2320F, 0x23182, 0x242C9, 0x0668E, 0x26D24, 0x0666B, 0x04B93, 0x06630,
    0x27870, 0x21DEB, 0x06663, 0x232D2, 0x232E1, 0x0661E, 0x25872, 0x038D1, 0x2383A, 0x237BC,
    0x03B99, 0x237A2, 0x233FE, 0x074D0, 0x03B96, 0x0678F, 0x2462A, 0x068B6, 0x0681E, 0x03BC4,
    0x06ABE, 0x03863, 0x237D5, 0x24487, 0x06A33, 0x06A52, 0x06AC9, 0x06B05, 0x21912, 0x06511,
    0x06898, 0x06A4C, 0x03BD7, 0x06A7A, 0x06B57, 0x23FC0, 0x23C9A, 0x093A0, 0x092F2, 0x28BEA,
    0x28ACB, 0x09289, 0x2801E, 0x289DC, 0x09467, 0x06DA5, 0x06F0B, 0x249EC, 0x06D67, 0x23F7F,
    0x03D8F, 0x06E04, 0x2403C, 0x05A3D, 0x06E0A, 0x05847, 0x06D24, 0x07842, 0x0713B, 0x2431A,
    0x24276, 0x070F1, 0x07250, 0x07287, 0x07294, 0x2478F, 0x24725, 0x05179, 0x24AA4, 0x205EB,
    0x0747A, 0x23EF8, 0x2365F, 0x24A4A, 0x24917, 0x25FE1, 0x03F06, 0x03EB1, 0x24ADF, 0x28C23,
    0x23F35, 0x060A7, 0x03EF3, 0x074CC, 0x0743C, 0x09387, 0x07437, 0x0449F, 0x26DEA, 0x04551,
    0x07583, 0x03F63, 0x24CD9, 0x24D06, 0x03F58, 0x07555, 0x07673, 0x2A5C6, 0x03B19, 0x07468,
    0x28ACC, 0x249AB, 0x2498E, 0x03AFB, 0x03DCD, 0x24A4E, 0x03EFF, 0x249C5, 0x248F3, 0x091FA,
    0x05732, 0x09342, 0x28AE3, 0x21864, 0x050DF, 0x25221, 0x251E7, 0x07778, 0x23232, 0x0770E,
    0x0770F, 0x0777B, 0x24697, 0x23781, 0x03A5E, 0x248F0, 0x07438, 0x0749B, 0x03EBF, 0x24ABA,
    0x24AC7, 0x040C8, 0x24A96, 0x261AE, 0x09307, 0x25581, 0x0781E, 0x0788D, 0x07888, 0x078D2,
    0x073D0, 0x07959, 0x27741, 0x256E3, 0x0410E, 0x0799B, 0x08496, 0x079A5, 0x06A2D, 0x23EFA,
    0x07A3A, 0x079F4, 0x0416E, 0x216E6, 0x04132, 0x09235, 0x079F1, 0x20D4C, 0x2498C, 0x20299,
    0x23DBA, 0x2176E, 0x03597, 0x0556B, 0x03570, 0x036AA, 0x201D4, 0x20C0D, 0x07AE2, 0x05A59,
    0x226F5, 0x25AAF, 0x25A9C, 0x05A0D, 0x2025B, 0x078F0, 0x05A2A, 0x25BC6, 0x07AFE, 0x041F9,
    0x07C5D, 0x07C6D, 0x04211, 0x25BB3, 0x25EBC, 0x25EA6, 0x07CCD, 0x249F9, 0x217B0, 0x07C8E,
    0x07C7C, 0x07CAE, 0x06AB2, 0x07DDC, 0x07E07, 0x07DD3, 0x07F4E, 0x26261, 0x2615C, 0x27B48,
    0x07D97, 0x25E82, 0x0426A, 0x26B75, 0x20916, 0x067D6, 0x2004E, 0x235CF, 0x057C4, 0x26412,
    0x263F8, 0x24962, 0x07FDD, 0x07B27, 0x2082C, 0x25AE9, 0x25D43, 0x07B0C, 0x25E0E, 0x099E6,
    0x08645, 0x09A63, 0x06A1C, 0x2343F, 0x039E2, 0x249F7, 0x265AD, 0x09A1F, 0x265A0, 0x08480,
    0x27127, 0x26CD1, 0x044EA, 0x08137, 0x04402, 0x080C6, 0x08109, 0x08142, 0x267B4, 0x098C3,
    0x26A42, 0x08262, 0x08265, 0x26A51, 0x08453, 0x26DA7, 0x08610, 0x2721B, 0x05A86, 0x0417F,
    0x21840, 0x05B2B, 0x218A1, 0x05AE4, 0x218D8, 0x086A0, 0x2F9BC, 0x23D8F, 0x0882D, 0x27422,
    0x05A02, 0x0886E, 0x04F45, 0x08887, 0x088BF, 0x088E6, 0x08965, 0x0894D, 0x25683, 0x08954,
    0x27785, 0x27784, 0x28BF5, 0x28BD9, 0x28B9C, 0x289F9, 0x03EAD, 0x084A3, 0x046F5, 0x046CF,
    0x037F2, 0x08A3D, 0x08A1C, 0x29448, 0x05F4D, 0x0922B, 0x24284, 0x065D4, 0x07129, 0x070C4,
    0x21845, 0x09D6D, 0x08C9F, 0x08CE9, 0x27DDC, 0x0599A, 0x077C3, 0x059F0, 0x0436E, 0x036D4,
    0x08E2A, 0x08EA7, 0x24C09, 0x08F30, 0x08F4A, 0x042F4, 0x06C58, 0x06FBB, 0x22321, 0x0489B,
    0x06F79, 0x06E8B, 0x217DA, 0x09BE9, 0x036B5, 0x2492F, 0x090BB, 0x09097, 0x05571, 0x04906,
    0x091BB, 0x09404, 0x28A4B, 0x04062, 0x28AFC, 0x09427, 0x28C1D, 0x28C3B, 0x084E5, 0x08A2B,
    0x09599, 0x095A7, 0x09597, 0x09596, 0x28D34, 0x07445, 0x03EC2, 0x248FF, 0x24A42, 0x243EA,
    0x03EE7, 0x23225, 0x0968F, 0x28EE7, 0x28E66, 0x28E65, 0x03ECC, 0x249ED, 0x24A78, 0x23FEE,
    0x07412, 0x0746B, 0x03EFC, 0x09741, 0x290B0, 0x06847, 0x04A1D, 0x29093, 0x257DF, 0x0975D,
    0x09368, 0x28989, 0x28C26, 0x28B2F, 0x263BE, 0x092BA, 0x05B11, 0x08B69, 0x0493C, 0x073F9,
    0x2421B, 0x0979B, 0x09771, 0x09938, 0x20F26, 0x05DC1, 0x28BC5, 0x24AB2, 0x0981F, 0x294DA,
    0x092F6, 0x295D7, 0x091E5, 0x044C0, 0x28B50, 0x24A67, 0x28B64, 0x098DC, 0x28A45, 0x03F00,
    0x0922A, 0x04925, 0x08414, 0x0993B, 0x0994D, 0x27B06, 0x03DFD, 0x0999B, 0x04B6F, 0x099AA,
    0x09A5C, 0x28B65, 0x258C8, 0x06A8F, 0x09A21, 0x05AFE, 0x09A2F, 0x298F1, 0x04B90, 0x29948,
    0x099BC, 0x04BBD, 0x04B97, 0x0937D, 0x05872, 0x21302, 0x05822, 0x249B8, 0x214E8, 0x07844,
    0x2271F, 0x23DB8, 0x068C5, 0x03D7D, 0x09458, 0x03927, 0x06150, 0x22781, 0x2296B, 0x06107,
    0x09C4F, 0x09C53, 0x09C7B, 0x09C35, 0x09C10, 0x09B7F, 0x09BCF, 0x29E2D, 0x09B9F, 0x2A1F5,
    0x2A0FE, 0x09D21, 0x04CAE, 0x24104, 0x09E18, 0x04CB0, 0x09D0C, 0x2A1B4, 0x2A0ED, 0x2A0F3,
    0x2992F, 0x09DA5, 0x084BD, 0x26E12, 0x26FDF, 0x26B82, 0x085FC, 0x04533, 0x26DA4, 0x26E84,
    0x26DF0, 0x08420, 0x085EE, 0x26E00, 0x237D7, 0x26064, 0x079E2, 0x2359C, 0x23640, 0x0492D,
    0x249DE, 0x03D62, 0x093DB, 0x092BE, 0x09348, 0x202BF, 0x078B9, 0x09277, 0x0944D, 0x04FE4,
    0x03440, 0x09064, 0x2555D, 0x0783D, 0x07854, 0x078B6, 0x0784B, 0x21757, 0x231C9, 0x24941,
    0x0369A, 0x04F72, 0x06FDA, 0x06FD9, 0x0701E, 0x0701E, 0x05414, 0x241B5, 0x057BB, 0x058F3,
    0x0578A, 0x09D16, 0x057D7, 0x07134, 0x034AF, 0x241AC, 0x071EB, 0x26C40, 0x24F97, 0x05B28,
    0x217B5, 0x28A49, 0x0610C, 0x05ACE, 0x05A0B, 0x042BC, 0x24488, 0x0372C, 0x04B7B, 0x289FC,
    0x093BB, 0x093B8, 0x218D6, 0x20F1D, 0x08472, 0x26CC0, 0x21413, 0x242FA, 0x22C26, 0x243C1,
    0x05994, 0x23DB7, 0x26741, 0x07DA8, 0x2615B, 0x260A4, 0x249B9, 0x2498B, 0x289FA, 0x092E5,
    0x073E2, 0x03EE9, 0x074B4, 0x28B63, 0x2189F, 0x03EE1, 0x24AB3, 0x06AD8, 0x073F3, 0x073FB,
    0x03ED6, 0x24A3E, 0x24A94, 0x217D9, 0x24A66, 0x203A7, 0x21424, 0x249E5, 0x07448, 0x24916,
    0x070A5, 0x24976, 0x09284, 0x073E6, 0x0935F, 0x204FE, 0x09331, 0x28ACE, 0x28A16, 0x09386,
    0x28BE7, 0x255D5, 0x04935, 0x28A82, 0x0716B, 0x24943, 0x20CFF, 0x056A4, 0x2061A, 0x20BEB,
    0x20CB8, 0x05502, 0x079C4, 0x217FA, 0x07DFE, 0x216C2, 0x24A50, 0x21852, 0x0452E, 0x09401,
    0x0370A, 0x28AC0, 0x249AD, 0x059B0, 0x218BF, 0x21883, 0x27484, 0x05AA1, 0x036E2, 0x23D5B,
    0x036B0, 0x0925F, 0x05A79, 0x28A81, 0x21862, 0x09374, 0x03CCD, 0x20AB4, 0x04A96, 0x0398A,
    0x050F4, 0x03D69, 0x03D4C, 0x2139C, 0x07175, 0x042FB, 0x28218, 0x06E0F, 0x290E4, 0x044EB,
    0x06D57, 0x27E4F, 0x07067, 0x06CAF, 0x03CD6, 0x23FED, 0x23E2D, 0x06E02, 0x06F0C, 0x03D6F,
    0x203F5, 0x07551, 0x036BC, 0x034C8, 0x04680, 0x03EDA, 0x04871, 0x059C4, 0x0926E, 0x0493E,
    0x08F41, 0x28C1C, 0x26BC0, 0x05812, 0x057C8, 0x036D6, 0x21452, 0x070FE, 0x24362, 0x24A71,
    0x22FE3, 0x212B0, 0x223BD, 0x068B9, 0x06967, 0x21398, 0x234E5, 0x27BF4, 0x236DF, 0x28A83,
    0x237D6, 0x233FA, 0x24C9F, 0x06A1A, 0x236AD, 0x26CB7, 0x0843E, 0x044DF, 0x044CE, 0x26D26,
    0x26D51, 0x26C82, 0x26FDE, 0x06F17, 0x27109, 0x0833D, 0x2173A, 0x083ED, 0x26C80, 0x27053,
    0x217DB, 0x05989, 0x05A82, 0x217B3, 0x05A61, 0x05A71, 0x21905, 0x241FC, 0x0372D, 0x059EF,
    0x2173C, 0x036C7, 0x0718E, 0x09390, 0x0669A, 0x242A5, 0x05A6E, 0x05A2B, 0x24293, 0x06A2B,
    0x23EF9, 0x27736, 0x2445B, 0x242CA, 0x0711D, 0x24259, 0x289E1, 0x04FB0, 0x26D28, 0x05CC2,
    0x244CE, 0x27E4D, 0x243BD, 0x06A0C, 0x24256, 0x21304, 0x070A6, 0x07133, 0x243E9, 0x03DA5,
    0x06CDF, 0x2F825, 0x24A4F, 0x07E65, 0x059EB, 0x05D2F, 0x03DF3, 0x05F5C, 0x24A5D, 0x217DF,
    0x07DA4, 0x08426, 0x05485, 0x23AFA, 0x23300, 0x20214, 0x0577E, 0x208D5, 0x20619, 0x03FE5,
    0x21F9E, 0x2A2B6, 0x07003, 0x2915B, 0x05D70, 0x0738F, 0x07CD3, 0x28A59, 0x29420, 0x04FC8,
    0x07FE7, 0x072CD, 0x07310, 0x27AF4, 0x07338, 0x07339, 0x256F6, 0x07341, 0x07348, 0x03EA9,
    0x27B18, 0x0906C, 0x071F5, 0x248F2, 0x073E1, 0x081F6, 0x03ECA, 0x0770C, 0x03ED1, 0x06CA2,
    0x056FD, 0x07419, 0x0741E, 0x0741F, 0x03EE2, 0x03EF0, 0x03EF4, 0x03EFA, 0x074D3, 0x03F0E,
    0x03F53, 0x07542, 0x0756D, 0x07572, 0x0758D, 0x03F7C, 0x075C8, 0x075DC, 0x03FC0, 0x0764D,
    0x03FD7, 0x07674, 0x03FDC, 0x0767A, 0x24F5C, 0x07188, 0x05623, 0x08980, 0x05869, 0x0401D,
    0x07743, 0x04039, 0x06761, 0x04045, 0x035DB, 0x07798, 0x0406A, 0x0406F, 0x05C5E, 0x077BE,
    0x077CB, 0x058F2, 0x07818, 0x070B9, 0x0781C, 0x040A8, 0x07839, 0x07847, 0x07851, 0x07866,
    0x08448, 0x25535, 0x07933, 0x06803, 0x07932, 0x04103, 0x04109, 0x07991, 0x07999, 0x08FBB,
    0x07A06, 0x08FBC, 0x04167, 0x07A91, 0x041B2, 0x07ABC, 0x08279, 0x041C4, 0x07ACF, 0x07ADB,
    0x041CF, 0x04E21, 0x07B62, 0x07B6C, 0x07B7B, 0x07C12, 0x07C1B, 0x04260, 0x0427A, 0x07C7B,
    0x07C9C, 0x0428C, 0x07CB8, 0x04294, 0x07CED, 0x08F93, 0x070C0, 0x20CCF, 0x07DCF, 0x07DD4,
    0x07DD0, 0x07DFD, 0x07FAE, 0x07FB4, 0x0729F, 0x04397, 0x08020, 0x08025, 0x07B39, 0x0802E,
    0x08031, 0x08054, 0x03DCC, 0x057B4, 0x070A0, 0x080B7, 0x080E9, 0x043ED, 0x0810C, 0x0732A,
    0x0810E, 0x08112, 0x07560, 0x08114, 0x04401, 0x03B39, 0x08156, 0x08159, 0x0815A, 0x04413,
    0x0583A, 0x0817C, 0x08184, 0x04425, 0x08193, 0x0442D, 0x081A5, 0x057EF, 0x081C1, 0x081E4,
    0x08254, 0x0448F, 0x082A6, 0x08276, 0x082CA, 0x082D8, 0x082FF, 0x044B0, 0x08357, 0x09669,
    0x0698A, 0x08405, 0x070F5, 0x08464, 0x060E3, 0x08488, 0x04504, 0x084BE, 0x084E1, 0x084F8,
    0x08510, 0x08538, 0x08552, 0x0453B, 0x0856F, 0x08570, 0x085E0, 0x04577, 0x08672, 0x08692,
    0x086B2, 0x086EF, 0x09645, 0x0878B, 0x04606, 0x04617, 0x088AE, 0x088FF, 0x08924, 0x08947,
    0x08991, 0x27967, 0x08A29, 0x08A38, 0x08A94, 0x08AB4, 0x08C51, 0x08CD4, 0x08CF2, 0x08D1C,
    0x04798, 0x0585F, 0x08DC3, 0x047ED, 0x04EEE, 0x08E3A, 0x055D8, 0x05754, 0x08E71, 0x055F5,
    0x08EB0, 0x04837, 0x08ECE, 0x08EE2, 0x08EE4, 0x08EED, 0x08EF2, 0x08FB7, 0x08FC1, 0x08FCA,
    0x08FCC, 0x09033, 0x099C4, 0x048AD, 0x098E0, 0x09213, 0x0491E, 0x09228, 0x09258, 0x0926B,
    0x092B1, 0x092AE, 0x092BF, 0x092E3, 0x092EB, 0x092F3, 0x092F4, 0x092FD, 0x09343, 0x09384,
    0x093AD, 0x04945, 0x04951, 0x09EBF, 0x09417, 0x05301, 0x0941D, 0x0942D, 0x0943E, 0x0496A,
    0x09454, 0x09479, 0x0952D, 0x095A2, 0x049A7, 0x095F4, 0x09633, 0x049E5, 0x067A0, 0x04A24,
    0x09740, 0x04A35, 0x097B2, 0x097C2, 0x05654, 0x04AE4, 0x060E8, 0x098B9, 0x04B19, 0x098F1,
    0x05844, 0x0990E, 0x09919, 0x051B4, 0x0991C, 0x09937, 0x09942, 0x0995D, 0x09962, 0x04B70,
    0x099C5, 0x04B9D, 0x09A3C, 0x09B0F, 0x07A83, 0x09B69, 0x09B81, 0x09BDD, 0x09BF1, 0x09BF4,
    0x04C6D, 0x09C20, 0x0376F, 0x21BC2, 0x09D49, 0x09C3A, 0x09EFE, 0x05650, 0x09D93, 0x09DBD,
    0x09DC0, 0x09DFC, 0x094F6, 0x08FB6, 0x09E7B, 0x09EAC, 0x09EB1, 0x09EBD, 0x09EC6, 0x094DC,
    0x09EE2, 0x09EF1, 0x09EF8, 0x07AC8, 0x09F44, 0x20094, 0x202B7, 0x203A0, 0x0691A, 0x094C3,
    0x059AC, 0x204D7, 0x05840, 0x094C1, 0x037B9, 0x205D5, 0x20615, 0x20676, 0x216BA, 0x05757,
    0x07173, 0x20AC2, 0x20ACD, 0x20BBF, 0x0546A, 0x2F83B, 0x20BCB, 0x0549E, 0x20BFB, 0x20C3B,
    0x20C53, 0x20C65, 0x20C7C, 0x060E7, 0x20C8D, 0x0567A, 0x20CB5, 0x20CDD, 0x20CED, 0x20D6F,
    0x20DB2, 0x20DC8, 0x06955, 0x09C2F, 0x087A5, 0x20E04, 0x20E0E, 0x20ED7, 0x20F90, 0x20F2D,
    0x20E73, 0x05C20, 0x20FBC, 0x05E0B, 0x2105C, 0x2104F, 0x21076, 0x0671E, 0x2107B, 0x21088,
    0x21096, 0x03647, 0x210BF, 0x210D3, 0x2112F, 0x2113B, 0x05364, 0x084AD, 0x212E3, 0x21375,
    0x21336, 0x08B81, 0x21577, 0x21619, 0x217C3, 0x217C7, 0x04E78, 0x070BB, 0x2182D, 0x2196A,
    0x21A2D, 0x21A45, 0x21C2A, 0x21C70, 0x21CAC, 0x21EC8, 0x062C3, 0x21ED5, 0x21F15, 0x07198,
    0x06855, 0x22045, 0x069E9, 0x036C8, 0x2227C, 0x223D7, 0x223FA, 0x2272A, 0x22871, 0x2294F,
    0x082FD, 0x22967, 0x22993, 0x22AD5, 0x089A5, 0x22AE8, 0x08FA0, 0x22B0E, 0x097B8, 0x22B3F,
    0x09847, 0x09ABD, 0x22C4C, 0x00000, 0x22C88, 0x22CB7, 0x25BE8, 0x22D08, 0x22D12, 0x22DB7,
    0x22D95, 0x22E42, 0x22F74, 0x22FCC, 0x23033, 0x23066, 0x2331F, 0x233DE, 0x05FB1, 0x06648,
    0x066BF, 0x27A79, 0x23567, 0x235F3, 0x07201, 0x249BA, 0x077D7, 0x2361A, 0x23716, 0x07E87,
    0x20346, 0x058B5, 0x0670E, 0x06918, 0x23AA7, 0x27657, 0x25FE2, 0x23E11, 0x23EB9, 0x275FE,
    0x2209A, 0x048D0, 0x04AB8, 0x24119, 0x28A9A, 0x242EE, 0x2430D, 0x2403B, 0x24334, 0x24396,
    0x24A45, 0x205CA, 0x051D2, 0x20611, 0x0599F, 0x21EA8, 0x03BBE, 0x23CFF, 0x24404, 0x244D6,
    0x05788, 0x24674, 0x0399B, 0x2472F, 0x285E8, 0x299C9, 0x03762, 0x221C3, 0x08B5E, 0x28B4E,
    0x099D6, 0x24812, 0x248FB, 0x24A15, 0x07209, 0x24AC0, 0x20C78, 0x05965, 0x24EA5, 0x24F86,
    0x20779, 0x08EDA, 0x2502C, 0x0528F, 0x0573F, 0x07171, 0x25299, 0x25419, 0x23F4A, 0x24AA7,
    0x055BC, 0x25446, 0x2546E, 0x26B52, 0x091D4, 0x03473, 0x2553F, 0x27632, 0x2555E, 0x04718,
    0x25562, 0x25566, 0x257C7, 0x2493F, 0x2585D, 0x05066, 0x034FB, 0x233CC, 0x060DE, 0x25903,
    0x0477C, 0x28948, 0x25AAE, 0x25B89, 0x25C06, 0x21D90, 0x057A1, 0x07151, 0x06FB6, 0x26102,
    0x27C12, 0x09056, 0x261B2, 0x24F9A, 0x08B62, 0x26402, 0x2644A, 0x05D5B, 0x26BF7, 0x08F36,
    0x26484, 0x2191C, 0x08AEA, 0x249F6, 0x26488, 0x23FEF, 0x26512, 0x04BC0, 0x265BF, 0x266B5,
    0x2271B, 0x09465, 0x257E1, 0x06195, 0x05A27, 0x2F8CD, 0x04FBB, 0x056B9, 0x24521, 0x266FC,
    0x04E6A, 0x24934, 0x09656, 0x06D8F, 0x26CBD, 0x03618, 0x08977, 0x26799, 0x2686E, 0x26411,
    0x2685E, 0x071DF, 0x268C7, 0x07B42, 0x290C0, 0x20A11, 0x26926, 0x09104, 0x26939, 0x07A45,
    0x09DF0, 0x269FA, 0x09A26, 0x26A2D, 0x0365F, 0x26469, 0x20021, 0x07983, 0x26A34, 0x26B5B,
    0x05D2C, 0x23519, 0x083CF, 0x26B9D, 0x046D0, 0x26CA4, 0x0753B, 0x08865, 0x26DAE, 0x058B6,
    0x0371C, 0x2258D, 0x2704B, 0x271CD, 0x03C54, 0x27280, 0x27285, 0x09281, 0x2217A, 0x2728B,
    0x09330, 0x272E6, 0x249D0, 0x06C39, 0x0949F, 0x27450, 0x20EF8, 0x08827, 0x088F5, 0x22926,
    0x28473, 0x217B1, 0x06EB8, 0x24A2A, 0x21820, 0x039A4, 0x036B9, 0x05C10, 0x079E3, 0x0453F,
    0x066B6, 0x29CAD, 0x298A4, 0x08943, 0x277CC, 0x27858, 0x056D6, 0x040DF, 0x2160A, 0x039A1,
    0x2372F, 0x280E8, 0x213C5, 0x071AD, 0x08366, 0x279DD, 0x291A8, 0x05A67, 0x04CB7, 0x270AF,
    0x289AB, 0x279FD, 0x27A0A, 0x27B0B, 0x27D66, 0x2417A, 0x07B43, 0x0797E, 0x28009, 0x06FB5,
    0x2A2DF, 0x06A03, 0x28318, 0x053A2, 0x26E07, 0x093BF, 0x06836, 0x0975D, 0x2816F, 0x28023,
    0x269B5, 0x213ED, 0x2322F, 0x28048, 0x05D85, 0x28C30, 0x28083, 0x05715, 0x09823, 0x28949,
    0x05DAB, 0x24988, 0x065BE, 0x069D5, 0x053D2, 0x24AA5, 0x23F81, 0x03C11, 0x06736, 0x28090,
    0x280F4, 0x2812E, 0x21FA1, 0x2814F, 0x28189, 0x281AF, 0x2821A, 0x28306, 0x2832F, 0x2838A,
    0x035CA, 0x28468, 0x286AA, 0x048FA, 0x063E6, 0x28956, 0x07808, 0x09255, 0x289B8, 0x043F2,
    0x289E7, 0x043DF, 0x289E8, 0x28B46, 0x28BD4, 0x059F8, 0x28C09, 0x08F0B, 0x28FC5, 0x290EC,
    0x07B51, 0x29110, 0x2913C, 0x03DF7, 0x2915E, 0x24ACA, 0x08FD0, 0x0728F, 0x0568B, 0x294E7,
    0x295E9, 0x295B0, 0x295B8, 0x29732, 0x298D1, 0x29949, 0x2996A, 0x299C3, 0x29A28, 0x29B0E,
    0x29D5A, 0x29D9B, 0x07E9F, 0x29EF8, 0x29F23, 0x04CA4, 0x09547, 0x2A293, 0x071A2, 0x2A2FF,
    0x04D91, 0x09012, 0x2A5CB, 0x04D9C, 0x20C9C, 0x08FBE, 0x055C1, 0x08FBA, 0x224B0, 0x08FB9,
    0x24A93, 0x04509, 0x07E7F, 0x06F56, 0x06AB1, 0x04EEA, 0x034E4, 0x28B2C, 0x2789D, 0x0373A,
    0x08E80, 0x217F5, 0x28024, 0x28B6C, 0x28B99, 0x27A3E, 0x266AF, 0x03DEB, 0x27655, 0x23CB7,
    0x25635, 0x25956, 0x04E9A, 0x25E81, 0x26258, 0x056BF, 0x20E6D, 0x08E0E, 0x05B6D, 0x23E88,
    0x24C9E, 0x063DE, 0x062D0, 0x217F6, 0x2187B, 0x06530, 0x0562D, 0x25C4A, 0x0541A, 0x25311,
    0x03DC6, 0x29D98, 0x04C7D, 0x05622, 0x0561E, 0x07F49, 0x25ED8, 0x05975, 0x23D40, 0x08770,
    0x04E1C, 0x20FEA, 0x20D49, 0x236BA, 0x08117, 0x09D5E, 0x08D18, 0x0763B, 0x09C45, 0x0764E,
    0x077B9, 0x09345, 0x05432, 0x08148, 0x082F7, 0x05625, 0x08132, 0x08418, 0x080BD, 0x055EA,
    0x07962, 0x05643, 0x05416, 0x20E9D, 0x035CE, 0x05605, 0x055F1, 0x066F1, 0x282E2, 0x0362D,
    0x07534, 0x055F0, 0x055BA, 0x05497, 0x05572, 0x20C41, 0x20C96, 0x05ED0, 0x25148, 0x20E76,
    0x22C62, 0x20EA2, 0x09EAB, 0x07D5A, 0x055DE, 0x21075, 0x0629D, 0x0976D, 0x05494, 0x08CCD,
    0x071F6, 0x09176, 0x063FC, 0x063B9, 0x063FE, 0x05569, 0x22B43, 0x09C72, 0x22EB3, 0x0519A,
    0x034DF, 0x20DA7, 0x051A7, 0x0544D, 0x0551E, 0x05513, 0x07666, 0x08E2D, 0x2688A, 0x075B1,
    0x080B6, 0x08804, 0x08786, 0x088C7, 0x081B6, 0x0841C, 0x210C1, 0x044EC, 0x07304, 0x24706,
    0x05B90, 0x0830B, 0x26893, 0x0567B, 0x226F4, 0x27D2F, 0x241A3, 0x27D73, 0x26ED0, 0x272B6,
    0x09170, 0x211D9, 0x09208, 0x23CFC, 0x2A6A9, 0x20EAC, 0x20EF9, 0x07266, 0x21CA2, 0x0474E,
    0x24FC2, 0x27FF9, 0x20FEB, 0x040FA, 0x09C5D, 0x0651F, 0x22DA0, 0x048F3, 0x247E0, 0x29D7C,
    0x20FEC, 0x20E0A, 0x06062, 0x275A3, 0x20FED, 0x00000, 0x26048, 0x21187, 0x071A3, 0x07E8E,
    0x09D50, 0x04E1A, 0x04E04, 0x03577, 0x05B0D, 0x06CB2, 0x05367, 0x036AC, 0x039DC, 0x0537D,
    0x036A5, 0x24618, 0x0589A, 0x24B6E, 0x0822D, 0x0544B, 0x057AA, 0x25A95, 0x20979, 0x00000,
    0x03A52, 0x22465, 0x07374, 0x29EAC, 0x04D09, 0x09BED, 0x23CFE, 0x29F30, 0x04C5B, 0x24FA9,
    0x2959E, 0x29FDE, 0x0845C, 0x23DB6, 0x272B2, 0x267B3, 0x23720, 0x0632E, 0x07D25, 0x23EF7,
    0x23E2C, 0x03A2A, 0x09008, 0x052CC, 0x03E74, 0x0367A, 0x045E9, 0x2048E, 0x07640, 0x05AF0,
    0x20EB6, 0x0787A, 0x27F2E, 0x058A7, 0x040BF, 0x0567C, 0x09B8B, 0x05D74, 0x07654, 0x2A434,
    0x09E85, 0x04CE1, 0x075F9, 0x037FB, 0x06119, 0x230DA, 0x243F2, 0x00000, 0x0565D, 0x212A9,
    0x057A7, 0x24963, 0x29E06, 0x05234, 0x270AE, 0x035AD, 0x06C4A, 0x09D7C, 0x07C56, 0x09B39,
    0x057DE, 0x2176C, 0x05C53, 0x064D3, 0x294D0, 0x26335, 0x27164, 0x086AD, 0x20D28, 0x26D22,
    0x24AE2, 0x20D71, 0x00000, 0x051FE, 0x21F0F, 0x05D8E, 0x09703, 0x21DD1, 0x09E81, 0x0904C,
    0x07B1F, 0x09B02, 0x05CD1, 0x07BA3, 0x06268, 0x06335, 0x09AFF, 0x07BCF, 0x09B2A, 0x07C7E,
    0x09B2E, 0x07C42, 0x07C86, 0x09C15, 0x07BFC, 0x09B09, 0x09F17, 0x09C1B, 0x2493E, 0x09F5A,
    0x05573, 0x05BC3, 0x04FFD, 0x09E98, 0x04FF2, 0x05260, 0x03E06, 0x052D1, 0x05767, 0x05056,
    0x059B7, 0x05E12, 0x097C8, 0x09DAB, 0x08F5C, 0x05469, 0x097B4, 0x09940, 0x097BA, 0x0532C,
    0x06130, 0x0692C, 0x053DA, 0x09C0A, 0x09D02, 0x04C3B, 0x09641, 0x06980, 0x050A6, 0x07546,
    0x2176D, 0x099DA, 0x05273, 0x00000, 0x09159, 0x09681, 0x0915C, 0x00000, 0x09151, 0x28E97,
    0x0637F, 0x26D23, 0x06ACA, 0x05611, 0x0918E, 0x0757A, 0x06285, 0x203FC, 0x0734F, 0x07C70,
    0x25C21, 0x23CFD, 0x00000, 0x24919, 0x076D6, 0x09B9D, 0x04E2A, 0x20CD4, 0x083BE, 0x08842,
    0x00000, 0x05C4A, 0x069C0, 0x050ED, 0x0577A, 0x0521F, 0x05DF5, 0x04ECE, 0x06C31, 0x201F2,
    0x04F39, 0x0549C, 0x054DA, 0x0529A, 0x08D82, 0x035FE, 0x05F0C, 0x035F3, 0x00000, 0x06B52,
    0x0917C, 0x09FA5, 0x09B97, 0x0982E, 0x098B4, 0x09ABA, 0x09EA8, 0x09E84, 0x0717A, 0x07B14,
    0x00000, 0x06BFA, 0x08818, 0x07F78, 0x00000, 0x05620, 0x2A64A, 0x08E77, 0x09F53, 0x00000,
    0x08DD4, 0x08E4F, 0x09E1C, 0x08E01, 0x06282, 0x2837D, 0x08E28, 0x08E75, 0x07AD3, 0x24A77,
    0x07A3E, 0x078D8, 0x06CEA, 0x08A67, 0x07607, 0x28A5A, 0x09F26, 0x06CCE, 0x087D6, 0x075C3,
    0x2A2B2, 0x07853, 0x2F840, 0x08D0C, 0x072E2, 0x07371, 0x08B2D, 0x07302, 0x074F1, 0x08CEB,
    0x24ABB, 0x0862F, 0x05FBA, 0x088A0, 0x044B7, 0x00000, 0x2183B, 0x26E05, 0x00000, 0x08A7E,
    0x2251B, 0x00000, 0x060FD, 0x07667, 0x09AD7, 0x09D44, 0x0936E, 0x09B8F, 0x087F5, 0x00000,
    0x0880F, 0x08CF7, 0x0732C, 0x09721, 0x09BB0, 0x035D6, 0x072B2, 0x04C07, 0x07C51, 0x0994A,
    0x26159, 0x06159, 0x04C04, 0x09E96, 0x0617D, 0x00000, 0x0575F, 0x0616F, 0x062A6, 0x06239,
    0x062CE, 0x03A5C, 0x061E2, 0x053AA, 0x233F5, 0x06364, 0x06802, 0x035D2, 0x05D57, 0x28BC2,
    0x08FDA, 0x28E39, 0x00000, 0x050D9, 0x21D46, 0x07906, 0x05332, 0x09638, 0x20F3B, 0x04065,
    0x00000, 0x077FE, 0x00000, 0x07CC2, 0x25F1A, 0x07CDA, 0x07A2D, 0x08066, 0x08063, 0x07D4D,
    0x07505, 0x074F2, 0x08994, 0x0821A, 0x0670C, 0x08062, 0x27486, 0x0805B, 0x074F0, 0x08103,
    0x07724, 0x08989, 0x267CC, 0x07553, 0x26ED1, 0x087A9, 0x087CE, 0x081C8, 0x0878C, 0x08A49,
    0x08CAD, 0x08B43, 0x0772B, 0x074F8, 0x084DA, 0x03635, 0x069B2, 0x08DA6, 0x00000, 0x089A9,
    0x07468, 0x06DB9, 0x087C1, 0x24011, 0x074E7, 0x03DDB, 0x07176, 0x060A4, 0x0619C, 0x03CD1,
    0x07162, 0x06077, 0x00000, 0x07F71, 0x28B2D, 0x07250, 0x060E9, 0x04B7E, 0x05220, 0x03C18,
    0x23CC7, 0x25ED7, 0x27656, 0x25531, 0x21944, 0x212FE, 0x29903, 0x26DDC, 0x270AD, 0x05CC1,
    0x261AD, 0x28A0F, 0x23677, 0x200EE, 0x26846, 0x24F0E, 0x04562, 0x05B1F, 0x2634C, 0x09F50,
    0x09EA6, 0x2626B, 0x03000, 0x0FF0C, 0x03001, 0x03002, 0x0FF0E, 0x02027, 0x0FF1B, 0x0FF1A,
    0x0FF1F, 0x0FF01, 0x0FE30, 0x02026, 0x02025, 0x0FE50, 0x0FE51, 0x0FE52, 0x000B7, 0x0FE54,
    0x0FE55, 0x0FE56, 0x0FE57, 0x0FF5C, 0x02013, 0x0FE31, 0x02014, 0x0FE33, 0x02574, 0x0FE34,
    0x0FE4F, 0x0FF08, 0x0FF09, 0x0FE35, 0x0FE36, 0x0FF5B, 0x0FF5D, 0x0FE37, 0x0FE38, 0x03014,
    0x03015, 0x0FE39, 0x0FE3A, 0x03010, 0x03011, 0x0FE3B, 0x0FE3C, 0x0300A, 0x0300B, 0x0FE3D,
    0x0FE3E, 0x03008, 0x03009, 0x0FE3F, 0x0FE40, 0x0300C, 0x0300D, 0x0FE41, 0x0FE42, 0x0300E,
    0x0300F, 0x0FE43, 0x0FE44, 0x0FE59, 0x0FE5A, 0x0FE5B, 0x0FE5C, 0x0FE5D, 0x0FE5E, 0x02018,
    0x02019, 0x0201C, 0x0201D, 0x0301D, 0x0301E, 0x02035, 0x02032, 0x0FF03, 0x0FF06, 0x0FF0A,
    0x0203B, 0x000A7, 0x03003, 0x025CB, 0x025CF, 0x025B3, 0x025B2, 0x025CE, 0x02606, 0x02605,
    0x025C7, 0x025C6, 0x025A1, 0x025A0, 0x025BD, 0x025BC, 0x032A3, 0x02105, 0x000AF, 0x0FFE3,
    0x0FF3F, 0x002CD, 0x0FE49, 0x0FE4A, 0x0FE4D, 0x0FE4E, 0x0FE4B, 0x0FE4C, 0x0FE5F, 0x0FE60,
    0x0FE61, 0x0FF0B, 0x0FF0D, 0x000D7, 0x000F7, 0x000B1, 0x0221A, 0x0FF1C, 0x0FF1E, 0x0FF1D,
    0x02266, 0x02267, 0x02260, 0x0221E, 0x02252, 0x02261, 0x0FE62, 0x0FE63, 0x0FE64, 0x0FE65,
    0x0FE66, 0x0FF5E, 0x02229, 0x0222A, 0x022A5, 0x02220, 0x0221F, 0x022BF, 0x033D2, 0x033D1,
    0x0222B, 0x0222E, 0x02235, 0x02234, 0x02640, 0x02642, 0x02295, 0x02299, 0x02191, 0x02193,
    0x02190, 0x02192, 0x02196, 0x02197, 0x02199, 0x02198, 0x02225, 0x02223, 0x0FF0F, 0x0FF3C,
    0x02215, 0x0FE68, 0x0FF04, 0x0FFE5, 0x03012, 0x0FFE0, 0x0FFE1, 0x0FF05, 0x0FF20, 0x02103,
    0x02109, 0x0FE69, 0x0FE6A, 0x0FE6B, 0x033D5, 0x0339C, 0x0339D, 0x0339E, 0x033CE, 0x033A1,
    0x0338E, 0x0338F, 0x033C4, 0x000B0, 0x05159, 0x0515B, 0x0515E, 0x0515D, 0x05161, 0x05163,
    0x055E7, 0x074E9, 0x07CCE, 0x02581, 0x02582, 0x02583, 0x02584, 0x02585, 0x02586, 0x02587,
    0x02588, 0x0258F, 0x0258E, 0x0258D, 0x0258C, 0x0258B, 0x0258A, 0x02589, 0x0253C, 0x02534,
    0x0252C, 0x02524, 0x0251C, 0x02594, 0x02500, 0x02502, 0x02595, 0x0250C, 0x02510, 0x02514,
    0x02518, 0x0256D, 0x0256E, 0x02570, 0x0256F, 0x02550, 0x0255E, 0x0256A, 0x02561, 0x025E2,
    0x025E3, 0x025E5, 0x025E4, 0x02571, 0x02572, 0x02573, 0x0FF10, 0x0FF11, 0x0FF12, 0x0FF13,
    0x0FF14, 0x0FF15, 0x0FF16, 0x0FF17, 0x0FF18, 0x0FF19, 0x02160, 0x02161, 0x02162, 0x02163,
    0x02164, 0x02165, 0x02166, 0x02167, 0x02168, 0x02169, 0x03021, 0x03022, 0x03023, 0x03024,
    0x03025, 0x03026, 0x03027, 0x03028, 0x03029, 0x05341, 0x05344, 0x05345, 0x0FF21, 0x0FF22,
    0x0FF23, 0x0FF24, 0x0FF25, 0x0FF26, 0x0FF27, 0x0FF28, 0x0FF29, 0x0FF2A, 0x0FF2B, 0x0FF2C,
    0x0FF2D, 0x0FF2E, 0x0FF2F, 0x0FF30, 0x0FF31, 0x0FF32, 0x0FF33, 0x0FF34, 0x0FF35, 0x0FF36,
    0x0FF37, 0x0FF38, 0x0FF39, 0x0FF3A, 0x0FF41, 0x0FF42, 0x0FF43, 0x0FF44, 0x0FF45, 0x0FF46,
    0x0FF47, 0x0FF48, 0x0FF49, 0x0FF4A, 0x0FF4B, 0x0FF4C, 0x0FF4D, 0x0FF4E, 0x0FF4F, 0x0FF50,
    0x0FF51, 0x0FF52, 0x0FF53, 0x0FF54, 0x0FF55, 0x0FF56, 0x0FF57, 0x0FF58, 0x0FF59, 0x0FF5A,
    0x00391, 0x00392, 0x00393, 0x00394, 0x00395, 0x00396, 0x00397, 0x00398, 0x00399, 0x0039A,
    0x0039B, 0x0039C, 0x0039D, 0x0039E, 0x0039F, 0x003A0, 0x003A1, 0x003A3, 0x003A4, 0x003A5,
    0x003A6, 0x003A7, 0x003A8, 0x003A9, 0x003B1, 0x003B2, 0x003B3, 0x003B4, 0x003B5, 0x003B6,
    0x003B7, 0x003B8, 0x003B9, 0x003BA, 0x003BB, 0x003BC, 0x003BD, 0x003BE, 0x003BF, 0x003C0,
    0x003C1, 0x003C3, 0x003C4, 0x003C5, 0x003C6, 0x003C7, 0x003C8, 0x003C9, 0x03105, 0x03106,
    0x03107, 0x03108, 0x03109, 0x0310A, 0x0310B, 0x0310C, 0x0310D, 0x0310E, 0x0310F, 0x03110,
    0x03111, 0x03112, 0x03113, 0x03114, 0x03115, 0x03116, 0x03117, 0x03118, 0x03119, 0x0311A,
    0x0311B, 0x0311C, 0x0311D, 0x0311E, 0x0311F, 0x03120, 0x03121, 0x03122, 0x03123, 0x03124,
    0x03125, 0x03126, 0x03127, 0x03128, 0x03129, 0x002D9, 0x002C9, 0x002CA, 0x002C7, 0x002CB,
    0x02400, 0x02401, 0x02402, 0x02403, 0x02404, 0x02405, 0x02406, 0x02407, 0x02408, 0x02409,
    0x0240A, 0x0240B, 0x0240C, 0x0240D, 0x0240E, 0x0240F, 0x02410, 0x02411, 0x02412, 0x02413,
    0x02414, 0x02415, 0x02416, 0x02417, 0x02418, 0x02419, 0x0241A, 0x0241B, 0x0241C, 0x0241D,
    0x0241E, 0x0241F, 0x02421, 0x020AC, 0x00000, 0x00000, 0x00000, 0x00000, 0x00000, 0x00000,
    0x00000, 0x00000, 0x00000, 0x00000, 0x00000, 0x00000, 0x00000, 0x00000, 0x00000, 0x00000,
    0x00000, 0x00000, 0x00000, 0x00000, 0x00000, 0x00000, 0x00000, 0x00000, 0x00000, 0x00000,
    0x00000, 0x00000, 0x00000, 0x04E00, 0x04E59, 0x04E01, 0x04E03, 0x04E43, 0x04E5D, 0x04E86,
    0x04E8C, 0x04EBA, 0x0513F, 0x05165, 0x0516B, 0x051E0, 0x05200, 0x05201, 0x0529B, 0x05315,
    0x05341, 0x0535C, 0x053C8, 0x04E09, 0x04E0B, 0x04E08, 0x04E0A, 0x04E2B, 0x04E38, 0x051E1,
    0x04E45, 0x04E48, 0x04E5F, 0x04E5E, 0x04E8E, 0x04EA1, 0x05140, 0x05203, 0x052FA, 0x05343,
    0x053C9, 0x053E3, 0x0571F, 0x058EB, 0x05915, 0x05927, 0x05973, 0x05B50, 0x05B51, 0x05B53,
    0x05BF8, 0x05C0F, 0x05C22, 0x05C38, 0x05C71, 0x05DDD, 0x05DE5, 0x05DF1, 0x05DF2, 0x05DF3,
    0x05DFE, 0x05E72, 0x05EFE, 0x05F0B, 0x05F13, 0x0624D, 0x04E11, 0x04E10, 0x04E0D, 0x04E2D,
    0x04E30, 0x04E39, 0x04E4B, 0x05C39, 0x04E88, 0x04E91, 0x04E95, 0x04E92, 0x04E94, 0x04EA2,
    0x04EC1, 0x04EC0, 0x04EC3, 0x04EC6, 0x04EC7, 0x04ECD, 0x04ECA, 0x04ECB, 0x04EC4, 0x05143,
    0x05141, 0x05167, 0x0516D, 0x0516E, 0x0516C, 0x05197, 0x051F6, 0x05206, 0x05207, 0x05208,
    0x052FB, 0x052FE, 0x052FF, 0x05316, 0x05339, 0x05348, 0x05347, 0x05345, 0x0535E, 0x05384,
    0x053CB, 0x053CA, 0x053CD, 0x058EC, 0x05929, 0x0592B, 0x0592A, 0x0592D, 0x05B54, 0x05C11,
    0x05C24, 0x05C3A, 0x05C6F, 0x05DF4, 0x05E7B, 0x05EFF, 0x05F14, 0x05F15, 0x05FC3, 0x06208,
    0x06236, 0x0624B, 0x0624E, 0x0652F, 0x06587, 0x06597, 0x065A4, 0x065B9, 0x065E5, 0x066F0,
    0x06708, 0x06728, 0x06B20, 0x06B62, 0x06B79, 0x06BCB, 0x06BD4, 0x06BDB, 0x06C0F, 0x06C34,
    0x0706B, 0x0722A, 0x07236, 0x0723B, 0x07247, 0x07259, 0x0725B, 0x072AC, 0x0738B, 0x04E19,
    0x04E16, 0x04E15, 0x04E14, 0x04E18, 0x04E3B, 0x04E4D, 0x04E4F, 0x04E4E, 0x04EE5, 0x04ED8,
    0x04ED4, 0x04ED5, 0x04ED6, 0x04ED7, 0x04EE3, 0x04EE4, 0x04ED9, 0x04EDE, 0x05145, 0x05144,
    0x05189, 0x0518A, 0x051AC, 0x051F9, 0x051FA, 0x051F8, 0x0520A, 0x052A0, 0x0529F, 0x05305,
    0x05306, 0x05317, 0x0531D, 0x04EDF, 0x0534A, 0x05349, 0x05361, 0x05360, 0x0536F, 0x0536E,
    0x053BB, 0x053EF, 0x053E4, 0x053F3, 0x053EC, 0x053EE, 0x053E9, 0x053E8, 0x053FC, 0x053F8,
    0x053F5, 0x053EB, 0x053E6, 0x053EA, 0x053F2, 0x053F1, 0x053F0, 0x053E5, 0x053ED, 0x053FB,
    0x056DB, 0x056DA, 0x05916, 0x0592E, 0x05931, 0x05974, 0x05976, 0x05B55, 0x05B83, 0x05C3C,
    0x05DE8, 0x05DE7, 0x05DE6, 0x05E02, 0x05E03, 0x05E73, 0x05E7C, 0x05F01, 0x05F18, 0x05F17,
    0x05FC5, 0x0620A, 0x06253, 0x06254, 0x06252, 0x06251, 0x065A5, 0x065E6, 0x0672E, 0x0672C,
    0x0672A, 0x0672B, 0x0672D, 0x06B63, 0x06BCD, 0x06C11, 0x06C10, 0x06C38, 0x06C41, 0x06C40,
    0x06C3E, 0x072AF, 0x07384, 0x07389, 0x074DC, 0x074E6, 0x07518, 0x0751F, 0x07528, 0x07529,
    0x07530, 0x07531, 0x07532, 0x07533, 0x0758B, 0x0767D, 0x076AE, 0x076BF, 0x076EE, 0x077DB,
    0x077E2, 0x077F3, 0x0793A, 0x079BE, 0x07A74, 0x07ACB, 0x04E1E, 0x04E1F, 0x04E52, 0x04E53,
    0x04E69, 0x04E99, 0x04EA4, 0x04EA6, 0x04EA5, 0x04EFF, 0x04F09, 0x04F19, 0x04F0A, 0x04F15,
    0x04F0D, 0x04F10, 0x04F11, 0x04F0F, 0x04EF2, 0x04EF6, 0x04EFB, 0x04EF0, 0x04EF3, 0x04EFD,
    0x04F01, 0x04F0B, 0x05149, 0x05147, 0x05146, 0x05148, 0x05168, 0x05171, 0x0518D, 0x051B0,
    0x05217, 0x05211, 0x05212, 0x0520E, 0x05216, 0x052A3, 0x05308, 0x05321, 0x05320, 0x05370,
    0x05371, 0x05409, 0x0540F, 0x0540C, 0x0540A, 0x05410, 0x05401, 0x0540B, 0x05404, 0x05411,
    0x0540D, 0x05408, 0x05403, 0x0540E, 0x05406, 0x05412, 0x056E0, 0x056DE, 0x056DD, 0x05733,
    0x05730, 0x05728, 0x0572D, 0x0572C, 0x0572F, 0x05729, 0x05919, 0x0591A, 0x05937, 0x05938,
    0x05984, 0x05978, 0x05983, 0x0597D, 0x05979, 0x05982, 0x05981, 0x05B57, 0x05B58, 0x05B87,
    0x05B88, 0x05B85, 0x05B89, 0x05BFA, 0x05C16, 0x05C79, 0x05DDE, 0x05E06, 0x05E76, 0x05E74,
    0x05F0F, 0x05F1B, 0x05FD9, 0x05FD6, 0x0620E, 0x0620C, 0x0620D, 0x06210, 0x06263, 0x0625B,
    0x06258, 0x06536, 0x065E9, 0x065E8, 0x065EC, 0x065ED, 0x066F2, 0x066F3, 0x06709, 0x0673D,
    0x06734, 0x06731, 0x06735, 0x06B21, 0x06B64, 0x06B7B, 0x06C16, 0x06C5D, 0x06C57, 0x06C59,
    0x06C5F, 0x06C60, 0x06C50, 0x06C55, 0x06C61, 0x06C5B, 0x06C4D, 0x06C4E, 0x07070, 0x0725F,
    0x0725D, 0x0767E, 0x07AF9, 0x07C73, 0x07CF8, 0x07F36, 0x07F8A, 0x07FBD, 0x08001, 0x08003,
    0x0800C, 0x08012, 0x08033, 0x0807F, 0x08089, 0x0808B, 0x0808C, 0x081E3, 0x081EA, 0x081F3,
    0x081FC, 0x0820C, 0x0821B, 0x0821F, 0x0826E, 0x08272, 0x0827E, 0x0866B, 0x08840, 0x0884C,
    0x08863, 0x0897F, 0x09621, 0x04E32, 0x04EA8, 0x04F4D, 0x04F4F, 0x04F47, 0x04F57, 0x04F5E,
    0x04F34, 0x04F5B, 0x04F55, 0x04F30, 0x04F50, 0x04F51, 0x04F3D, 0x04F3A, 0x04F38, 0x04F43,
    0x04F54, 0x04F3C, 0x04F46, 0x04F63, 0x04F5C, 0x04F60, 0x04F2F, 0x04F4E, 0x04F36, 0x04F59,
    0x04F5D, 0x04F48, 0x04F5A, 0x0514C, 0x0514B, 0x0514D, 0x05175, 0x051B6, 0x051B7, 0x05225,
    0x05224, 0x05229, 0x0522A, 0x05228, 0x052AB, 0x052A9, 0x052AA, 0x052AC, 0x05323, 0x05373,
    0x05375, 0x0541D, 0x0542D, 0x0541E, 0x0543E, 0x05426, 0x0544E, 0x05427, 0x05446, 0x05443,
    0x05433, 0x05448, 0x05442, 0x0541B, 0x05429, 0x0544A, 0x05439, 0x0543B, 0x05438, 0x0542E,
    0x05435, 0x05436, 0x05420, 0x0543C, 0x05440, 0x05431, 0x0542B, 0x0541F, 0x0542C, 0x056EA,
    0x056F0, 0x056E4, 0x056EB, 0x0574A, 0x05751, 0x05740, 0x0574D, 0x05747, 0x0574E, 0x0573E,
    0x05750, 0x0574F, 0x0573B, 0x058EF, 0x0593E, 0x0599D, 0x05992, 0x059A8, 0x0599E, 0x059A3,
    0x05999, 0x05996, 0x0598D, 0x059A4, 0x05993, 0x0598A, 0x059A5, 0x05B5D, 0x05B5C, 0x05B5A,
    0x05B5B, 0x05B8C, 0x05B8B, 0x05B8F, 0x05C2C, 0x05C40, 0x05C41, 0x05C3F, 0x05C3E, 0x05C90,
    0x05C91, 0x05C94, 0x05C8C, 0x05DEB, 0x05E0C, 0x05E8F, 0x05E87, 0x05E8A, 0x05EF7, 0x05F04,
    0x05F1F, 0x05F64, 0x05F62, 0x05F77, 0x05F79, 0x05FD8, 0x05FCC, 0x05FD7, 0x05FCD, 0x05FF1,
    0x05FEB, 0x05FF8, 0x05FEA, 0x06212, 0x06211, 0x06284, 0x06297, 0x06296, 0x06280, 0x06276,
    0x06289, 0x0626D, 0x0628A, 0x0627C, 0x0627E, 0x06279, 0x06273, 0x06292, 0x0626F, 0x06298,
    0x0626E, 0x06295, 0x06293, 0x06291, 0x06286, 0x06539, 0x0653B, 0x06538, 0x065F1, 0x066F4,
    0x0675F, 0x0674E, 0x0674F, 0x06750, 0x06751, 0x0675C, 0x06756, 0x0675E, 0x06749, 0x06746,
    0x06760, 0x06753, 0x06757, 0x06B65, 0x06BCF, 0x06C42, 0x06C5E, 0x06C99, 0x06C81, 0x06C88,
    0x06C89, 0x06C85, 0x06C9B, 0x06C6A, 0x06C7A, 0x06C90, 0x06C70, 0x06C8C, 0x06C68, 0x06C96,
    0x06C92, 0x06C7D, 0x06C83, 0x06C72, 0x06C7E, 0x06C74, 0x06C86, 0x06C76, 0x06C8D, 0x06C94,
    0x06C98, 0x06C82, 0x07076, 0x0707C, 0x0707D, 0x07078, 0x07262, 0x07261, 0x07260, 0x072C4,
    0x072C2, 0x07396, 0x0752C, 0x0752B, 0x07537, 0x07538, 0x07682, 0x076EF, 0x077E3, 0x079C1,
    0x079C0, 0x079BF, 0x07A76, 0x07CFB, 0x07F55, 0x08096, 0x08093, 0x0809D, 0x08098, 0x0809B,
    0x0809A, 0x080B2, 0x0826F, 0x08292, 0x0828B, 0x0828D, 0x0898B, 0x089D2, 0x08A00, 0x08C37,
    0x08C46, 0x08C55, 0x08C9D, 0x08D64, 0x08D70, 0x08DB3, 0x08EAB, 0x08ECA, 0x08F9B, 0x08FB0,
    0x08FC2, 0x08FC6, 0x08FC5, 0x08FC4, 0x05DE1, 0x09091, 0x090A2, 0x090AA, 0x090A6, 0x090A3,
    0x09149, 0x091C6, 0x091CC, 0x09632, 0x0962E, 0x09631, 0x0962A, 0x0962C, 0x04E26, 0x04E56,
    0x04E73, 0x04E8B, 0x04E9B, 0x04E9E, 0x04EAB, 0x04EAC, 0x04F6F, 0x04F9D, 0x04F8D, 0x04F73,
    0x04F7F, 0x04F6C, 0x04F9B, 0x04F8B, 0x04F86, 0x04F83, 0x04F70, 0x04F75, 0x04F88, 0x04F69,
    0x04F7B, 0x04F96, 0x04F7E, 0x04F8F, 0x04F91, 0x04F7A, 0x05154, 0x05152, 0x05155, 0x05169,
    0x05177, 0x05176, 0x05178, 0x051BD, 0x051FD, 0x0523B, 0x05238, 0x05237, 0x0523A, 0x05230,
    0x0522E, 0x05236, 0x05241, 0x052BE, 0x052BB, 0x05352, 0x05354, 0x05353, 0x05351, 0x05366,
    0x05377, 0x05378, 0x05379, 0x053D6, 0x053D4, 0x053D7, 0x05473, 0x05475, 0x05496, 0x05478,
    0x05495, 0x05480, 0x0547B, 0x05477, 0x05484, 0x05492, 0x05486, 0x0547C, 0x05490, 0x05471,
    0x05476, 0x0548C, 0x0549A, 0x05462, 0x05468, 0x0548B, 0x0547D, 0x0548E, 0x056FA, 0x05783,
    0x05777, 0x0576A, 0x05769, 0x05761, 0x05766, 0x05764, 0x0577C, 0x0591C, 0x05949, 0x05947,
    0x05948, 0x05944, 0x05954, 0x059BE, 0x059BB, 0x059D4, 0x059B9, 0x059AE, 0x059D1, 0x059C6,
    0x059D0, 0x059CD, 0x059CB, 0x059D3, 0x059CA, 0x059AF, 0x059B3, 0x059D2, 0x059C5, 0x05B5F,
    0x05B64, 0x05B63, 0x05B97, 0x05B9A, 0x05B98, 0x05B9C, 0x05B99, 0x05B9B, 0x05C1A, 0x05C48,
    0x05C45, 0x05C46, 0x05CB7, 0x05CA1, 0x05CB8, 0x05CA9, 0x05CAB, 0x05CB1, 0x05CB3, 0x05E18,
    0x05E1A, 0x05E16, 0x05E15, 0x05E1B, 0x05E11, 0x05E78, 0x05E9A, 0x05E97, 0x05E9C, 0x05E95,
    0x05E96, 0x05EF6, 0x05F26, 0x05F27, 0x05F29, 0x05F80, 0x05F81, 0x05F7F, 0x05F7C, 0x05FDD,
    0x05FE0, 0x05FFD, 0x05FF5, 0x05FFF, 0x0600F, 0x06014, 0x0602F, 0x06035, 0x06016, 0x0602A,
    0x06015, 0x06021, 0x06027, 0x06029, 0x0602B, 0x0601B, 0x06216, 0x06215, 0x0623F, 0x0623E,
    0x06240, 0x0627F, 0x062C9, 0x062CC, 0x062C4, 0x062BF, 0x062C2, 0x062B9, 0x062D2, 0x062DB,
    0x062AB, 0x062D3, 0x062D4, 0x062CB, 0x062C8, 0x062A8, 0x062BD, 0x062BC, 0x062D0, 0x062D9,
    0x062C7, 0x062CD, 0x062B5, 0x062DA, 0x062B1, 0x062D8, 0x062D6, 0x062D7, 0x062C6, 0x062AC,
    0x062CE, 0x0653E, 0x065A7, 0x065BC, 0x065FA, 0x06614, 0x06613, 0x0660C, 0x06606, 0x06602,
    0x0660E, 0x06600, 0x0660F, 0x06615, 0x0660A, 0x06607, 0x0670D, 0x0670B, 0x0676D, 0x0678B,
    0x06795, 0x06771, 0x0679C, 0x06773, 0x06777, 0x06787, 0x0679D, 0x06797, 0x0676F, 0x06770,
    0x0677F, 0x06789, 0x0677E, 0x06790, 0x06775, 0x0679A, 0x06793, 0x0677C, 0x0676A, 0x06772,
    0x06B23, 0x06B66, 0x06B67, 0x06B7F, 0x06C13, 0x06C1B, 0x06CE3, 0x06CE8, 0x06CF3, 0x06CB1,
    0x06CCC, 0x06CE5, 0x06CB3, 0x06CBD, 0x06CBE, 0x06CBC, 0x06CE2, 0x06CAB, 0x06CD5, 0x06CD3,
    0x06CB8, 0x06CC4, 0x06CB9, 0x06CC1, 0x06CAE, 0x06CD7, 0x06CC5, 0x06CF1, 0x06CBF, 0x06CBB,
    0x06CE1, 0x06CDB, 0x06CCA, 0x06CAC, 0x06CEF, 0x06CDC, 0x06CD6, 0x06CE0, 0x07095, 0x0708E,
    0x07092, 0x0708A, 0x07099, 0x0722C, 0x0722D, 0x07238, 0x07248, 0x07267, 0x07269, 0x072C0,
    0x072CE, 0x072D9, 0x072D7, 0x072D0, 0x073A9, 0x073A8, 0x0739F, 0x073AB, 0x073A5, 0x0753D,
    0x0759D, 0x07599, 0x0759A, 0x07684, 0x076C2, 0x076F2, 0x076F4, 0x077E5, 0x077FD, 0x0793E,
    0x07940, 0x07941, 0x079C9, 0x079C8, 0x07A7A, 0x07A79, 0x07AFA, 0x07CFE, 0x07F54, 0x07F8C,
    0x07F8B, 0x08005, 0x080BA, 0x080A5, 0x080A2, 0x080B1, 0x080A1, 0x080AB, 0x080A9, 0x080B4,
    0x080AA, 0x080AF, 0x081E5, 0x081FE, 0x0820D, 0x082B3, 0x0829D, 0x08299, 0x082AD, 0x082BD,
    0x0829F, 0x082B9, 0x082B1, 0x082AC, 0x082A5, 0x082AF, 0x082B8, 0x082A3, 0x082B0, 0x082BE,
    0x082B7, 0x0864E, 0x08671, 0x0521D, 0x08868, 0x08ECB, 0x08FCE, 0x08FD4, 0x08FD1, 0x090B5,
    0x090B8, 0x090B1, 0x090B6, 0x091C7, 0x091D1, 0x09577, 0x09580, 0x0961C, 0x09640, 0x0963F,
    0x0963B, 0x09644, 0x09642, 0x096B9, 0x096E8, 0x09752, 0x0975E, 0x04E9F, 0x04EAD, 0x04EAE,
    0x04FE1, 0x04FB5, 0x04FAF, 0x04FBF, 0x04FE0, 0x04FD1, 0x04FCF, 0x04FDD, 0x04FC3, 0x04FB6,
    0x04FD8, 0x04FDF, 0x04FCA, 0x04FD7, 0x04FAE, 0x04FD0, 0x04FC4, 0x04FC2, 0x04FDA, 0x04FCE,
    0x04FDE, 0x04FB7, 0x05157, 0x05192, 0x05191, 0x051A0, 0x0524E, 0x05243, 0x0524A, 0x0524D,
    0x0524C, 0x0524B, 0x05247, 0x052C7, 0x052C9, 0x052C3, 0x052C1, 0x0530D, 0x05357, 0x0537B,
    0x0539A, 0x053DB, 0x054AC, 0x054C0, 0x054A8, 0x054CE, 0x054C9, 0x054B8, 0x054A6, 0x054B3,
    0x054C7, 0x054C2, 0x054BD, 0x054AA, 0x054C1, 0x054C4, 0x054C8, 0x054AF, 0x054AB, 0x054B1,
    0x054BB, 0x054A9, 0x054A7, 0x054BF, 0x056FF, 0x05782, 0x0578B, 0x057A0, 0x057A3, 0x057A2,
    0x057CE, 0x057AE, 0x05793, 0x05955, 0x05951, 0x0594F, 0x0594E, 0x05950, 0x059DC, 0x059D8,
    0x059FF, 0x059E3, 0x059E8, 0x05A03, 0x059E5, 0x059EA, 0x059DA, 0x059E6, 0x05A01, 0x059FB,
    0x05B69, 0x05BA3, 0x05BA6, 0x05BA4, 0x05BA2, 0x05BA5, 0x05C01, 0x05C4E, 0x05C4F, 0x05C4D,
    0x05C4B, 0x05CD9, 0x05CD2, 0x05DF7, 0x05E1D, 0x05E25, 0x05E1F, 0x05E7D, 0x05EA0, 0x05EA6,
    0x05EFA, 0x05F08, 0x05F2D, 0x05F65, 0x05F88, 0x05F85, 0x05F8A, 0x05F8B, 0x05F87, 0x05F8C,
    0x05F89, 0x06012, 0x0601D, 0x06020, 0x06025, 0x0600E, 0x06028, 0x0604D, 0x06070, 0x06068,
    0x06062, 0x06046, 0x06043, 0x0606C, 0x0606B, 0x0606A, 0x06064, 0x06241, 0x062DC, 0x06316,
    0x06309, 0x062FC, 0x062ED, 0x06301, 0x062EE, 0x062FD, 0x06307, 0x062F1, 0x062F7, 0x062EF,
    0x062EC, 0x062FE, 0x062F4, 0x06311, 0x06302, 0x0653F, 0x06545, 0x065AB, 0x065BD, 0x065E2,
    0x06625, 0x0662D, 0x06620, 0x06627, 0x0662F, 0x0661F, 0x06628, 0x06631, 0x06624, 0x066F7,
    0x067FF, 0x067D3, 0x067F1, 0x067D4, 0x067D0, 0x067EC, 0x067B6, 0x067AF, 0x067F5, 0x067E9,
    0x067EF, 0x067C4, 0x067D1, 0x067B4, 0x067DA, 0x067E5, 0x067B8, 0x067CF, 0x067DE, 0x067F3,
    0x067B0, 0x067D9, 0x067E2, 0x067DD, 0x067D2, 0x06B6A, 0x06B83, 0x06B86, 0x06BB5, 0x06BD2,
    0x06BD7, 0x06C1F, 0x06CC9, 0x06D0B, 0x06D32, 0x06D2A, 0x06D41, 0x06D25, 0x06D0C, 0x06D31,
    0x06D1E, 0x06D17, 0x06D3B, 0x06D3D, 0x06D3E, 0x06D36, 0x06D1B, 0x06CF5, 0x06D39, 0x06D27,
    0x06D38, 0x06D29, 0x06D2E, 0x06D35, 0x06D0E, 0x06D2B, 0x070AB, 0x070BA, 0x070B3, 0x070AC,
    0x070AF, 0x070AD, 0x070B8, 0x070AE, 0x070A4, 0x07230, 0x07272, 0x0726F, 0x07274, 0x072E9,
    0x072E0, 0x072E1, 0x073B7, 0x073CA, 0x073BB, 0x073B2, 0x073CD, 0x073C0, 0x073B3, 0x0751A,
    0x0752D, 0x0754F, 0x0754C, 0x0754E, 0x0754B, 0x075AB, 0x075A4, 0x075A5, 0x075A2, 0x075A3,
    0x07678, 0x07686, 0x07687, 0x07688, 0x076C8, 0x076C6, 0x076C3, 0x076C5, 0x07701, 0x076F9,
    0x076F8, 0x07709, 0x0770B, 0x076FE, 0x076FC, 0x07707, 0x077DC, 0x07802, 0x07814, 0x0780C,
    0x0780D, 0x07946, 0x07949, 0x07948, 0x07947, 0x079B9, 0x079BA, 0x079D1, 0x079D2, 0x079CB,
    0x07A7F, 0x07A81, 0x07AFF, 0x07AFD, 0x07C7D, 0x07D02, 0x07D05, 0x07D00, 0x07D09, 0x07D07,
    0x07D04, 0x07D06, 0x07F38, 0x07F8E, 0x07FBF, 0x08004, 0x08010, 0x0800D, 0x08011, 0x08036,
    0x080D6, 0x080E5, 0x080DA, 0x080C3, 0x080C4, 0x080CC, 0x080E1, 0x080DB, 0x080CE, 0x080DE,
    0x080E4, 0x080DD, 0x081F4, 0x08222, 0x082E7, 0x08303, 0x08305, 0x082E3, 0x082DB, 0x082E6,
    0x08304, 0x082E5, 0x08302, 0x08309, 0x082D2, 0x082D7, 0x082F1, 0x08301, 0x082DC, 0x082D4,
    0x082D1, 0x082DE, 0x082D3, 0x082DF, 0x082EF, 0x08306, 0x08650, 0x08679, 0x0867B, 0x0867A,
    0x0884D, 0x0886B, 0x08981, 0x089D4, 0x08A08, 0x08A02, 0x08A03, 0x08C9E, 0x08CA0, 0x08D74,
    0x08D73, 0x08DB4, 0x08ECD, 0x08ECC, 0x08FF0, 0x08FE6, 0x08FE2, 0x08FEA, 0x08FE5, 0x08FED,
    0x08FEB, 0x08FE4, 0x08FE8, 0x090CA, 0x090CE, 0x090C1, 0x090C3, 0x0914B, 0x0914A, 0x091CD,
    0x09582, 0x09650, 0x0964B, 0x0964C, 0x0964D, 0x09762, 0x09769, 0x097CB, 0x097ED, 0x097F3,
    0x09801, 0x098A8, 0x098DB, 0x098DF, 0x09996, 0x09999, 0x04E58, 0x04EB3, 0x0500C, 0x0500D,
    0x05023, 0x04FEF, 0x05026, 0x05025, 0x04FF8, 0x05029, 0x05016, 0x05006, 0x0503C, 0x0501F,
    0x0501A, 0x05012, 0x05011, 0x04FFA, 0x05000, 0x05014, 0x05028, 0x04FF1, 0x05021, 0x0500B,
    0x05019, 0x05018, 0x04FF3, 0x04FEE, 0x0502D, 0x0502A, 0x04FFE, 0x0502B, 0x05009, 0x0517C,
    0x051A4, 0x051A5, 0x051A2, 0x051CD, 0x051CC, 0x051C6, 0x051CB, 0x05256, 0x0525C, 0x05254,
    0x0525B, 0x0525D, 0x0532A, 0x0537F, 0x0539F, 0x0539D, 0x053DF, 0x054E8, 0x05510, 0x05501,
    0x05537, 0x054FC, 0x054E5, 0x054F2, 0x05506, 0x054FA, 0x05514, 0x054E9, 0x054ED, 0x054E1,
    0x05509, 0x054EE, 0x054EA, 0x054E6, 0x05527, 0x05507, 0x054FD, 0x0550F, 0x05703, 0x05704,
    0x057C2, 0x057D4, 0x057CB, 0x057C3, 0x05809, 0x0590F, 0x05957, 0x05958, 0x0595A, 0x05A11,
    0x05A18, 0x05A1C, 0x05A1F, 0x05A1B, 0x05A13, 0x059EC, 0x05A20, 0x05A23, 0x05A29, 0x05A25,
    0x05A0C, 0x05A09, 0x05B6B, 0x05C58, 0x05BB0, 0x05BB3, 0x05BB6, 0x05BB4, 0x05BAE, 0x05BB5,
    0x05BB9, 0x05BB8, 0x05C04, 0x05C51, 0x05C55, 0x05C50, 0x05CED, 0x05CFD, 0x05CFB, 0x05CEA,
    0x05CE8, 0x05CF0, 0x05CF6, 0x05D01, 0x05CF4, 0x05DEE, 0x05E2D, 0x05E2B, 0x05EAB, 0x05EAD,
    0x05EA7, 0x05F31, 0x05F92, 0x05F91, 0x05F90, 0x06059, 0x06063, 0x06065, 0x06050, 0x06055,
    0x0606D, 0x06069, 0x0606F, 0x06084, 0x0609F, 0x0609A, 0x0608D, 0x06094, 0x0608C, 0x06085,
    0x06096, 0x06247, 0x062F3, 0x06308, 0x062FF, 0x0634E, 0x0633E, 0x0632F, 0x06355, 0x06342,
    0x06346, 0x0634F, 0x06349, 0x0633A, 0x06350, 0x0633D, 0x0632A, 0x0632B, 0x06328, 0x0634D,
    0x0634C, 0x06548, 0x06549, 0x06599, 0x065C1, 0x065C5, 0x06642, 0x06649, 0x0664F, 0x06643,
    0x06652, 0x0664C, 0x06645, 0x06641, 0x066F8, 0x06714, 0x06715, 0x06717, 0x06821, 0x06838,
    0x06848, 0x06846, 0x06853, 0x06839, 0x06842, 0x06854, 0x06829, 0x068B3, 0x06817, 0x0684C,
    0x06851, 0x0683D, 0x067F4, 0x06850, 0x06840, 0x0683C, 0x06843, 0x0682A, 0x06845, 0x06813,
    0x06818, 0x06841, 0x06B8A, 0x06B89, 0x06BB7, 0x06C23, 0x06C27, 0x06C28, 0x06C26, 0x06C24,
    0x06CF0, 0x06D6A, 0x06D95, 0x06D88, 0x06D87, 0x06D66, 0x06D78, 0x06D77, 0x06D59, 0x06D93,
    0x06D6C, 0x06D89, 0x06D6E, 0x06D5A, 0x06D74, 0x06D69, 0x06D8C, 0x06D8A, 0x06D79, 0x06D85,
    0x06D65, 0x06D94, 0x070CA, 0x070D8, 0x070E4, 0x070D9, 0x070C8, 0x070CF, 0x07239, 0x07279,
    0x072FC, 0x072F9, 0x072FD, 0x072F8, 0x072F7, 0x07386, 0x073ED, 0x07409, 0x073EE, 0x073E0,
    0x073EA, 0x073DE, 0x07554, 0x0755D, 0x0755C, 0x0755A, 0x07559, 0x075BE, 0x075C5, 0x075C7,
    0x075B2, 0x075B3, 0x075BD, 0x075BC, 0x075B9, 0x075C2, 0x075B8, 0x0768B, 0x076B0, 0x076CA,
    0x076CD, 0x076CE, 0x07729, 0x0771F, 0x07720, 0x07728, 0x077E9, 0x07830, 0x07827, 0x07838,
    0x0781D, 0x07834, 0x07837, 0x07825, 0x0782D, 0x07820, 0x0781F, 0x07832, 0x07955, 0x07950,
    0x07960, 0x0795F, 0x07956, 0x0795E, 0x0795D, 0x07957, 0x0795A, 0x079E4, 0x079E3, 0x079E7,
    0x079DF, 0x079E6, 0x079E9, 0x079D8, 0x07A84, 0x07A88, 0x07AD9, 0x07B06, 0x07B11, 0x07C89,
    0x07D21, 0x07D17, 0x07D0B, 0x07D0A, 0x07D20, 0x07D22, 0x07D14, 0x07D10, 0x07D15, 0x07D1A,
    0x07D1C, 0x07D0D, 0x07D19, 0x07D1B, 0x07F3A, 0x07F5F, 0x07F94, 0x07FC5, 0x07FC1, 0x08006,
    0x08018, 0x08015, 0x08019, 0x08017, 0x0803D, 0x0803F, 0x080F1, 0x08102, 0x080F0, 0x08105,
    0x080ED, 0x080F4, 0x08106, 0x080F8, 0x080F3, 0x08108, 0x080FD, 0x0810A, 0x080FC, 0x080EF,
    0x081ED, 0x081EC, 0x08200, 0x08210, 0x0822A, 0x0822B, 0x08228, 0x0822C, 0x082BB, 0x0832B,
    0x08352, 0x08354, 0x0834A, 0x08338, 0x08350, 0x08349, 0x08335, 0x08334, 0x0834F, 0x08332,
    0x08339, 0x08336, 0x08317, 0x08340, 0x08331, 0x08328, 0x08343, 0x08654, 0x0868A, 0x086AA,
    0x08693, 0x086A4, 0x086A9, 0x0868C, 0x086A3, 0x0869C, 0x08870, 0x08877, 0x08881, 0x08882,
    0x0887D, 0x08879, 0x08A18, 0x08A10, 0x08A0E, 0x08A0C, 0x08A15, 0x08A0A, 0x08A17, 0x08A13,
    0x08A16, 0x08A0F, 0x08A11, 0x08C48, 0x08C7A, 0x08C79, 0x08CA1, 0x08CA2, 0x08D77, 0x08EAC,
    0x08ED2, 0x08ED4, 0x08ECF, 0x08FB1, 0x09001, 0x09006, 0x08FF7, 0x09000, 0x08FFA, 0x08FF4,
    0x09003, 0x08FFD, 0x09005, 0x08FF8, 0x09095, 0x090E1, 0x090DD, 0x090E2, 0x09152, 0x0914D,
    0x0914C, 0x091D8, 0x091DD, 0x091D7, 0x091DC, 0x091D9, 0x09583, 0x09662, 0x09663, 0x09661,
    0x0965B, 0x0965D, 0x09664, 0x09658, 0x0965E, 0x096BB, 0x098E2, 0x099AC, 0x09AA8, 0x09AD8,
    0x09B25, 0x09B32, 0x09B3C, 0x04E7E, 0x0507A, 0x0507D, 0x0505C, 0x05047, 0x05043, 0x0504C,
    0x0505A, 0x05049, 0x05065, 0x05076, 0x0504E, 0x05055, 0x05075, 0x05074, 0x05077, 0x0504F,
    0x0500F, 0x0506F, 0x0506D, 0x0515C, 0x05195, 0x051F0, 0x0526A, 0x0526F, 0x052D2, 0x052D9,
    0x052D8, 0x052D5, 0x05310, 0x0530F, 0x05319, 0x0533F, 0x05340, 0x0533E, 0x053C3, 0x066FC,
    0x05546, 0x0556A, 0x05566, 0x05544, 0x0555E, 0x05561, 0x05543, 0x0554A, 0x05531, 0x05556,
    0x0554F, 0x05555, 0x0552F, 0x05564, 0x05538, 0x0552E, 0x0555C, 0x0552C, 0x05563, 0x05533,
    0x05541, 0x05557, 0x05708, 0x0570B, 0x05709, 0x057DF, 0x05805, 0x0580A, 0x05806, 0x057E0,
    0x057E4, 0x057FA, 0x05802, 0x05835, 0x057F7, 0x057F9, 0x05920, 0x05962, 0x05A36, 0x05A41,
    0x05A49, 0x05A66, 0x05A6A, 0x05A40, 0x05A3C, 0x05A62, 0x05A5A, 0x05A46, 0x05A4A, 0x05B70,
    0x05BC7, 0x05BC5, 0x05BC4, 0x05BC2, 0x05BBF, 0x05BC6, 0x05C09, 0x05C08, 0x05C07, 0x05C60,
    0x05C5C, 0x05C5D, 0x05D07, 0x05D06, 0x05D0E, 0x05D1B, 0x05D16, 0x05D22, 0x05D11, 0x05D29,
    0x05D14, 0x05D19, 0x05D24, 0x05D27, 0x05D17, 0x05DE2, 0x05E38, 0x05E36, 0x05E33, 0x05E37,
    0x05EB7, 0x05EB8, 0x05EB6, 0x05EB5, 0x05EBE, 0x05F35, 0x05F37, 0x05F57, 0x05F6C, 0x05F69,
    0x05F6B, 0x05F97, 0x05F99, 0x05F9E, 0x05F98, 0x05FA1, 0x05FA0, 0x05F9C, 0x0607F, 0x060A3,
    0x06089, 0x060A0, 0x060A8, 0x060CB, 0x060B4, 0x060E6, 0x060BD, 0x060C5, 0x060BB, 0x060B5,
    0x060DC, 0x060BC, 0x060D8, 0x060D5, 0x060C6, 0x060DF, 0x060B8, 0x060DA, 0x060C7, 0x0621A,
    0x0621B, 0x06248, 0x063A0, 0x063A7, 0x06372, 0x06396, 0x063A2, 0x063A5, 0x06377, 0x06367,
    0x06398, 0x063AA, 0x06371, 0x063A9, 0x06389, 0x06383, 0x0639B, 0x0636B, 0x063A8, 0x06384,
    0x06388, 0x06399, 0x063A1, 0x063AC, 0x06392, 0x0638F, 0x06380, 0x0637B, 0x06369, 0x06368,
    0x0637A, 0x0655D, 0x06556, 0x06551, 0x06559, 0x06557, 0x0555F, 0x0654F, 0x06558, 0x06555,
    0x06554, 0x0659C, 0x0659B, 0x065AC, 0x065CF, 0x065CB, 0x065CC, 0x065CE, 0x0665D, 0x0665A,
    0x06664, 0x06668, 0x06666, 0x0665E, 0x066F9, 0x052D7, 0x0671B, 0x06881, 0x068AF, 0x068A2,
    0x06893, 0x068B5, 0x0687F, 0x06876, 0x068B1, 0x068A7, 0x06897, 0x068B0, 0x06883, 0x068C4,
    0x068AD, 0x06886, 0x06885, 0x06894, 0x0689D, 0x068A8, 0x0689F, 0x068A1, 0x06882, 0x06B32,
    0x06BBA, 0x06BEB, 0x06BEC, 0x06C2B, 0x06D8E, 0x06DBC, 0x06DF3, 0x06DD9, 0x06DB2, 0x06DE1,
    0x06DCC, 0x06DE4, 0x06DFB, 0x06DFA, 0x06E05, 0x06DC7, 0x06DCB, 0x06DAF, 0x06DD1, 0x06DAE,
    0x06DDE, 0x06DF9, 0x06DB8, 0x06DF7, 0x06DF5, 0x06DC5, 0x06DD2, 0x06E1A, 0x06DB5, 0x06DDA,
    0x06DEB, 0x06DD8, 0x06DEA, 0x06DF1, 0x06DEE, 0x06DE8, 0x06DC6, 0x06DC4, 0x06DAA, 0x06DEC,
    0x06DBF, 0x06DE6, 0x070F9, 0x07109, 0x0710A, 0x070FD, 0x070EF, 0x0723D, 0x0727D, 0x07281,
    0x0731C, 0x0731B, 0x07316, 0x07313, 0x07319, 0x07387, 0x07405, 0x0740A, 0x07403, 0x07406,
    0x073FE, 0x0740D, 0x074E0, 0x074F6, 0x074F7, 0x0751C, 0x07522, 0x07565, 0x07566, 0x07562,
    0x07570, 0x0758F, 0x075D4, 0x075D5, 0x075B5, 0x075CA, 0x075CD, 0x0768E, 0x076D4, 0x076D2,
    0x076DB, 0x07737, 0x0773E, 0x0773C, 0x07736, 0x07738, 0x0773A, 0x0786B, 0x07843, 0x0784E,
    0x07965, 0x07968, 0x0796D, 0x079FB, 0x07A92, 0x07A95, 0x07B20, 0x07B28, 0x07B1B, 0x07B2C,
    0x07B26, 0x07B19, 0x07B1E, 0x07B2E, 0x07C92, 0x07C97, 0x07C95, 0x07D46, 0x07D43, 0x07D71,
    0x07D2E, 0x07D39, 0x07D3C, 0x07D40, 0x07D30, 0x07D33, 0x07D44, 0x07D2F, 0x07D42, 0x07D32,
    0x07D31, 0x07F3D, 0x07F9E, 0x07F9A, 0x07FCC, 0x07FCE, 0x07FD2, 0x0801C, 0x0804A, 0x08046,
    0x0812F, 0x08116, 0x08123, 0x0812B, 0x08129, 0x08130, 0x08124, 0x08202, 0x08235, 0x08237,
    0x08236, 0x08239, 0x0838E, 0x0839E, 0x08398, 0x08378, 0x083A2, 0x08396, 0x083BD, 0x083AB,
    0x08392, 0x0838A, 0x08393, 0x08389, 0x083A0, 0x08377, 0x0837B, 0x0837C, 0x08386, 0x083A7,
    0x08655, 0x05F6A, 0x086C7, 0x086C0, 0x086B6, 0x086C4, 0x086B5, 0x086C6, 0x086CB, 0x086B1,
    0x086AF, 0x086C9, 0x08853, 0x0889E, 0x08888, 0x088AB, 0x08892, 0x08896, 0x0888D, 0x0888B,
    0x08993, 0x0898F, 0x08A2A, 0x08A1D, 0x08A23, 0x08A25, 0x08A31, 0x08A2D, 0x08A1F, 0x08A1B,
    0x08A22, 0x08C49, 0x08C5A, 0x08CA9, 0x08CAC, 0x08CAB, 0x08CA8, 0x08CAA, 0x08CA7, 0x08D67,
    0x08D66, 0x08DBE, 0x08DBA, 0x08EDB, 0x08EDF, 0x09019, 0x0900D, 0x0901A, 0x09017, 0x09023,
    0x0901F, 0x0901D, 0x09010, 0x09015, 0x0901E, 0x09020, 0x0900F, 0x09022, 0x09016, 0x0901B,
    0x09014, 0x090E8, 0x090ED, 0x090FD, 0x09157, 0x091CE, 0x091F5, 0x091E6, 0x091E3, 0x091E7,
    0x091ED, 0x091E9, 0x09589, 0x0966A, 0x09675, 0x09673, 0x09678, 0x09670, 0x09674, 0x09676,
    0x09677, 0x0966C, 0x096C0, 0x096EA, 0x096E9, 0x07AE0, 0x07ADF, 0x09802, 0x09803, 0x09B5A,
    0x09CE5, 0x09E75, 0x09E7F, 0x09EA5, 0x09EBB, 0x050A2, 0x0508D, 0x05085, 0x05099, 0x05091,
    0x05080, 0x05096, 0x05098, 0x0509A, 0x06700, 0x051F1, 0x05272, 0x05274, 0x05275, 0x05269,
    0x052DE, 0x052DD, 0x052DB, 0x0535A, 0x053A5, 0x0557B, 0x05580, 0x055A7, 0x0557C, 0x0558A,
    0x0559D, 0x05598, 0x05582, 0x0559C, 0x055AA, 0x05594, 0x05587, 0x0558B, 0x05583, 0x055B3,
    0x055AE, 0x0559F, 0x0553E, 0x055B2, 0x0559A, 0x055BB, 0x055AC, 0x055B1, 0x0557E, 0x05589,
    0x055AB, 0x05599, 0x0570D, 0x0582F, 0x0582A, 0x05834, 0x05824, 0x05830, 0x05831, 0x05821,
    0x0581D, 0x05820, 0x058F9, 0x058FA, 0x05960, 0x05A77, 0x05A9A, 0x05A7F, 0x05A92, 0x05A9B,
    0x05AA7, 0x05B73, 0x05B71, 0x05BD2, 0x05BCC, 0x05BD3, 0x05BD0, 0x05C0A, 0x05C0B, 0x05C31,
    0x05D4C, 0x05D50, 0x05D34, 0x05D47, 0x05DFD, 0x05E45, 0x05E3D, 0x05E40, 0x05E43, 0x05E7E,
    0x05ECA, 0x05EC1, 0x05EC2, 0x05EC4, 0x05F3C, 0x05F6D, 0x05FA9, 0x05FAA, 0x05FA8, 0x060D1,
    0x060E1, 0x060B2, 0x060B6, 0x060E0, 0x0611C, 0x06123, 0x060FA, 0x06115, 0x060F0, 0x060FB,
    0x060F4, 0x06168, 0x060F1, 0x0610E, 0x060F6, 0x06109, 0x06100, 0x06112, 0x0621F, 0x06249,
    0x063A3, 0x0638C, 0x063CF, 0x063C0, 0x063E9, 0x063C9, 0x063C6, 0x063CD, 0x063D2, 0x063E3,
    0x063D0, 0x063E1, 0x063D6, 0x063ED, 0x063EE, 0x06376, 0x063F4, 0x063EA, 0x063DB, 0x06452,
    0x063DA, 0x063F9, 0x0655E, 0x06566, 0x06562, 0x06563, 0x06591, 0x06590, 0x065AF, 0x0666E,
    0x06670, 0x06674, 0x06676, 0x0666F, 0x06691, 0x0667A, 0x0667E, 0x06677, 0x066FE, 0x066FF,
    0x0671F, 0x0671D, 0x068FA, 0x068D5, 0x068E0, 0x068D8, 0x068D7, 0x06905, 0x068DF, 0x068F5,
    0x068EE, 0x068E7, 0x068F9, 0x068D2, 0x068F2, 0x068E3, 0x068CB, 0x068CD, 0x0690D, 0x06912,
    0x0690E, 0x068C9, 0x068DA, 0x0696E, 0x068FB, 0x06B3E, 0x06B3A, 0x06B3D, 0x06B98, 0x06B96,
    0x06BBC, 0x06BEF, 0x06C2E, 0x06C2F, 0x06C2C, 0x06E2F, 0x06E38, 0x06E54, 0x06E21, 0x06E32,
    0x06E67, 0x06E4A, 0x06E20, 0x06E25, 0x06E23, 0x06E1B, 0x06E5B, 0x06E58, 0x06E24, 0x06E56,
    0x06E6E, 0x06E2D, 0x06E26, 0x06E6F, 0x06E34, 0x06E4D, 0x06E3A, 0x06E2C, 0x06E43, 0x06E1D,
    0x06E3E, 0x06ECB, 0x06E89, 0x06E19, 0x06E4E, 0x06E63, 0x06E44, 0x06E72, 0x06E69, 0x06E5F,
    0x07119, 0x0711A, 0x07126, 0x07130, 0x07121, 0x07136, 0x0716E, 0x0711C, 0x0724C, 0x07284,
    0x07280, 0x07336, 0x07325, 0x07334, 0x07329, 0x0743A, 0x0742A, 0x07433, 0x07422, 0x07425,
    0x07435, 0x07436, 0x07434, 0x0742F, 0x0741B, 0x07426, 0x07428, 0x07525, 0x07526, 0x0756B,
    0x0756A, 0x075E2, 0x075DB, 0x075E3, 0x075D9, 0x075D8, 0x075DE, 0x075E0, 0x0767B, 0x0767C,
    0x07696, 0x07693, 0x076B4, 0x076DC, 0x0774F, 0x077ED, 0x0785D, 0x0786C, 0x0786F, 0x07A0D,
    0x07A08, 0x07A0B, 0x07A05, 0x07A00, 0x07A98, 0x07A97, 0x07A96, 0x07AE5, 0x07AE3, 0x07B49,
    0x07B56, 0x07B46, 0x07B50, 0x07B52, 0x07B54, 0x07B4D, 0x07B4B, 0x07B4F, 0x07B51, 0x07C9F,
    0x07CA5, 0x07D5E, 0x07D50, 0x07D68, 0x07D55, 0x07D2B, 0x07D6E, 0x07D72, 0x07D61, 0x07D66,
    0x07D62, 0x07D70, 0x07D73, 0x05584, 0x07FD4, 0x07FD5, 0x0800B, 0x08052, 0x08085, 0x08155,
    0x08154, 0x0814B, 0x08151, 0x0814E, 0x08139, 0x08146, 0x0813E, 0x0814C, 0x08153, 0x08174,
    0x08212, 0x0821C, 0x083E9, 0x08403, 0x083F8, 0x0840D, 0x083E0, 0x083C5, 0x0840B, 0x083C1,
    0x083EF, 0x083F1, 0x083F4, 0x08457, 0x0840A, 0x083F0, 0x0840C, 0x083CC, 0x083FD, 0x083F2,
    0x083CA, 0x08438, 0x0840E, 0x08404, 0x083DC, 0x08407, 0x083D4, 0x083DF, 0x0865B, 0x086DF,
    0x086D9, 0x086ED, 0x086D4, 0x086DB, 0x086E4, 0x086D0, 0x086DE, 0x08857, 0x088C1, 0x088C2,
    0x088B1, 0x08983, 0x08996, 0x08A3B, 0x08A60, 0x08A55, 0x08A5E, 0x08A3C, 0x08A41, 0x08A54,
    0x08A5B, 0x08A50, 0x08A46, 0x08A34, 0x08A3A, 0x08A36, 0x08A56, 0x08C61, 0x08C82, 0x08CAF,
    0x08CBC, 0x08CB3, 0x08CBD, 0x08CC1, 0x08CBB, 0x08CC0, 0x08CB4, 0x08CB7, 0x08CB6, 0x08CBF,
    0x08CB8, 0x08D8A, 0x08D85, 0x08D81, 0x08DCE, 0x08DDD, 0x08DCB, 0x08DDA, 0x08DD1, 0x08DCC,
    0x08DDB, 0x08DC6, 0x08EFB, 0x08EF8, 0x08EFC, 0x08F9C, 0x0902E, 0x09035, 0x09031, 0x09038,
    0x09032, 0x09036, 0x09102, 0x090F5, 0x09109, 0x090FE, 0x09163, 0x09165, 0x091CF, 0x09214,
    0x09215, 0x09223, 0x09209, 0x0921E, 0x0920D, 0x09210, 0x09207, 0x09211, 0x09594, 0x0958F,
    0x0958B, 0x09591, 0x09593, 0x09592, 0x0958E, 0x0968A, 0x0968E, 0x0968B, 0x0967D, 0x09685,
    0x09686, 0x0968D, 0x09672, 0x09684, 0x096C1, 0x096C5, 0x096C4, 0x096C6, 0x096C7, 0x096EF,
    0x096F2, 0x097CC, 0x09805, 0x09806, 0x09808, 0x098E7, 0x098EA, 0x098EF, 0x098E9, 0x098F2,
    0x098ED, 0x099AE, 0x099AD, 0x09EC3, 0x09ECD, 0x09ED1, 0x04E82, 0x050AD, 0x050B5, 0x050B2,
    0x050B3, 0x050C5, 0x050BE, 0x050AC, 0x050B7, 0x050BB, 0x050AF, 0x050C7, 0x0527F, 0x05277,
    0x0527D, 0x052DF, 0x052E6, 0x052E4, 0x052E2, 0x052E3, 0x0532F, 0x055DF, 0x055E8, 0x055D3,
    0x055E6, 0x055CE, 0x055DC, 0x055C7, 0x055D1, 0x055E3, 0x055E4, 0x055EF, 0x055DA, 0x055E1,
    0x055C5, 0x055C6, 0x055E5, 0x055C9, 0x05712, 0x05713, 0x0585E, 0x05851, 0x05858, 0x05857,
    0x0585A, 0x05854, 0x0586B, 0x0584C, 0x0586D, 0x0584A, 0x05862, 0x05852, 0x0584B, 0x05967,
    0x05AC1, 0x05AC9, 0x05ACC, 0x05ABE, 0x05ABD, 0x05ABC, 0x05AB3, 0x05AC2, 0x05AB2, 0x05D69,
    0x05D6F, 0x05E4C, 0x05E79, 0x05EC9, 0x05EC8, 0x05F12, 0x05F59, 0x05FAC, 0x05FAE, 0x0611A,
    0x0610F, 0x06148, 0x0611F, 0x060F3, 0x0611B, 0x060F9, 0x06101, 0x06108, 0x0614E, 0x0614C,
    0x06144, 0x0614D, 0x0613E, 0x06134, 0x06127, 0x0610D, 0x06106, 0x06137, 0x06221, 0x06222,
    0x06413, 0x0643E, 0x0641E, 0x0642A, 0x0642D, 0x0643D, 0x0642C, 0x0640F, 0x0641C, 0x06414,
    0x0640D, 0x06436, 0x06416, 0x06417, 0x06406, 0x0656C, 0x0659F, 0x065B0, 0x06697, 0x06689,
    0x06687, 0x06688, 0x06696, 0x06684, 0x06698, 0x0668D, 0x06703, 0x06994, 0x0696D, 0x0695A,
    0x06977, 0x06960, 0x06954, 0x06975, 0x06930, 0x06982, 0x0694A, 0x06968, 0x0696B, 0x0695E,
    0x06953, 0x06979, 0x06986, 0x0695D, 0x06963, 0x0695B, 0x06B47, 0x06B72, 0x06BC0, 0x06BBF,
    0x06BD3, 0x06BFD, 0x06EA2, 0x06EAF, 0x06ED3, 0x06EB6, 0x06EC2, 0x06E90, 0x06E9D, 0x06EC7,
    0x06EC5, 0x06EA5, 0x06E98, 0x06EBC, 0x06EBA, 0x06EAB, 0x06ED1, 0x06E96, 0x06E9C, 0x06EC4,
    0x06ED4, 0x06EAA, 0x06EA7, 0x06EB4, 0x0714E, 0x07159, 0x07169, 0x07164, 0x07149, 0x07167,
    0x0715C, 0x0716C, 0x07166, 0x0714C, 0x07165, 0x0715E, 0x07146, 0x07168, 0x07156, 0x0723A,
    0x07252, 0x07337, 0x07345, 0x0733F, 0x0733E, 0x0746F, 0x0745A, 0x07455, 0x0745F, 0x0745E,
    0x07441, 0x0743F, 0x07459, 0x0745B, 0x0745C, 0x07576, 0x07578, 0x07600, 0x075F0, 0x07601,
    0x075F2, 0x075F1, 0x075FA, 0x075FF, 0x075F4, 0x075F3, 0x076DE, 0x076DF, 0x0775B, 0x0776B,
    0x07766, 0x0775E, 0x07763, 0x07779, 0x0776A, 0x0776C, 0x0775C, 0x07765, 0x07768, 0x07762,
    0x077EE, 0x0788E, 0x078B0, 0x07897, 0x07898, 0x0788C, 0x07889, 0x0787C, 0x07891, 0x07893,
    0x0787F, 0x0797A, 0x0797F, 0x07981, 0x0842C, 0x079BD, 0x07A1C, 0x07A1A, 0x07A20, 0x07A14,
    0x07A1F, 0x07A1E, 0x07A9F, 0x07AA0, 0x07B77, 0x07BC0, 0x07B60, 0x07B6E, 0x07B67, 0x07CB1,
    0x07CB3, 0x07CB5, 0x07D93, 0x07D79, 0x07D91, 0x07D81, 0x07D8F, 0x07D5B, 0x07F6E, 0x07F69,
    0x07F6A, 0x07F72, 0x07FA9, 0x07FA8, 0x07FA4, 0x08056, 0x08058, 0x08086, 0x08084, 0x08171,
    0x08170, 0x08178, 0x08165, 0x0816E, 0x08173, 0x0816B, 0x08179, 0x0817A, 0x08166, 0x08205,
    0x08247, 0x08482, 0x08477, 0x0843D, 0x08431, 0x08475, 0x08466, 0x0846B, 0x08449, 0x0846C,
    0x0845B, 0x0843C, 0x08435, 0x08461, 0x08463, 0x08469, 0x0846D, 0x08446, 0x0865E, 0x0865C,
    0x0865F, 0x086F9, 0x08713, 0x08708, 0x08707, 0x08700, 0x086FE, 0x086FB, 0x08702, 0x08703,
    0x08706, 0x0870A, 0x08859, 0x088DF, 0x088D4, 0x088D9, 0x088DC, 0x088D8, 0x088DD, 0x088E1,
    0x088CA, 0x088D5, 0x088D2, 0x0899C, 0x089E3, 0x08A6B, 0x08A72, 0x08A73, 0x08A66, 0x08A69,
    0x08A70, 0x08A87, 0x08A7C, 0x08A63, 0x08AA0, 0x08A71, 0x08A85, 0x08A6D, 0x08A62, 0x08A6E,
    0x08A6C, 0x08A79, 0x08A7B, 0x08A3E, 0x08A68, 0x08C62, 0x08C8A, 0x08C89, 0x08CCA, 0x08CC7,
    0x08CC8, 0x08CC4, 0x08CB2, 0x08CC3, 0x08CC2, 0x08CC5, 0x08DE1, 0x08DDF, 0x08DE8, 0x08DEF,
    0x08DF3, 0x08DFA, 0x08DEA, 0x08DE4, 0x08DE6, 0x08EB2, 0x08F03, 0x08F09, 0x08EFE, 0x08F0A,
    0x08F9F, 0x08FB2, 0x0904B, 0x0904A, 0x09053, 0x09042, 0x09054, 0x0903C, 0x09055, 0x09050,
    0x09047, 0x0904F, 0x0904E, 0x0904D, 0x09051, 0x0903E, 0x09041, 0x09112, 0x09117, 0x0916C,
    0x0916A, 0x09169, 0x091C9, 0x09237, 0x09257, 0x09238, 0x0923D, 0x09240, 0x0923E, 0x0925B,
    0x0924B, 0x09264, 0x09251, 0x09234, 0x09249, 0x0924D, 0x09245, 0x09239, 0x0923F, 0x0925A,
    0x09598, 0x09698, 0x09694, 0x09695, 0x096CD, 0x096CB, 0x096C9, 0x096CA, 0x096F7, 0x096FB,
    0x096F9, 0x096F6, 0x09756, 0x09774, 0x09776, 0x09810, 0x09811, 0x09813, 0x0980A, 0x09812,
    0x0980C, 0x098FC, 0x098F4, 0x098FD, 0x098FE, 0x099B3, 0x099B1, 0x099B4, 0x09AE1, 0x09CE9,
    0x09E82, 0x09F0E, 0x09F13, 0x09F20, 0x050E7, 0x050EE, 0x050E5, 0x050D6, 0x050ED, 0x050DA,
    0x050D5, 0x050CF, 0x050D1, 0x050F1, 0x050CE, 0x050E9, 0x05162, 0x051F3, 0x05283, 0x05282,
    0x05331, 0x053AD, 0x055FE, 0x05600, 0x0561B, 0x05617, 0x055FD, 0x05614, 0x05606, 0x05609,
    0x0560D, 0x0560E, 0x055F7, 0x05616, 0x0561F, 0x05608, 0x05610, 0x055F6, 0x05718, 0x05716,
    0x05875, 0x0587E, 0x05883, 0x05893, 0x0588A, 0x05879, 0x05885, 0x0587D, 0x058FD, 0x05925,
    0x05922, 0x05924, 0x0596A, 0x05969, 0x05AE1, 0x05AE6, 0x05AE9, 0x05AD7, 0x05AD6, 0x05AD8,
    0x05AE3, 0x05B75, 0x05BDE, 0x05BE7, 0x05BE1, 0x05BE5, 0x05BE6, 0x05BE8, 0x05BE2, 0x05BE4,
    0x05BDF, 0x05C0D, 0x05C62, 0x05D84, 0x05D87, 0x05E5B, 0x05E63, 0x05E55, 0x05E57, 0x05E54,
    0x05ED3, 0x05ED6, 0x05F0A, 0x05F46, 0x05F70, 0x05FB9, 0x06147, 0x0613F, 0x0614B, 0x06177,
    0x06162, 0x06163, 0x0615F, 0x0615A, 0x06158, 0x06175, 0x0622A, 0x06487, 0x06458, 0x06454,
    0x064A4, 0x06478, 0x0645F, 0x0647A, 0x06451, 0x06467, 0x06434, 0x0646D, 0x0647B, 0x06572,
    0x065A1, 0x065D7, 0x065D6, 0x066A2, 0x066A8, 0x0669D, 0x0699C, 0x069A8, 0x06995, 0x069C1,
    0x069AE, 0x069D3, 0x069CB, 0x0699B, 0x069B7, 0x069BB, 0x069AB, 0x069B4, 0x069D0, 0x069CD,
    0x069AD, 0x069CC, 0x069A6, 0x069C3, 0x069A3, 0x06B49, 0x06B4C, 0x06C33, 0x06F33, 0x06F14,
    0x06EFE, 0x06F13, 0x06EF4, 0x06F29, 0x06F3E, 0x06F20, 0x06F2C, 0x06F0F, 0x06F02, 0x06F22,
    0x06EFF, 0x06EEF, 0x06F06, 0x06F31, 0x06F38, 0x06F32, 0x06F23, 0x06F15, 0x06F2B, 0x06F2F,
    0x06F88, 0x06F2A, 0x06EEC, 0x06F01, 0x06EF2, 0x06ECC, 0x06EF7, 0x07194, 0x07199, 0x0717D,
    0x0718A, 0x07184, 0x07192, 0x0723E, 0x07292, 0x07296, 0x07344, 0x07350, 0x07464, 0x07463,
    0x0746A, 0x07470, 0x0746D, 0x07504, 0x07591, 0x07627, 0x0760D, 0x0760B, 0x07609, 0x07613,
    0x076E1, 0x076E3, 0x07784, 0x0777D, 0x0777F, 0x07761, 0x078C1, 0x0789F, 0x078A7, 0x078B3,
    0x078A9, 0x078A3, 0x0798E, 0x0798F, 0x0798D, 0x07A2E, 0x07A31, 0x07AAA, 0x07AA9, 0x07AED,
    0x07AEF, 0x07BA1, 0x07B95, 0x07B8B, 0x07B75, 0x07B97, 0x07B9D, 0x07B94, 0x07B8F, 0x07BB8,
    0x07B87, 0x07B84, 0x07CB9, 0x07CBD, 0x07CBE, 0x07DBB, 0x07DB0, 0x07D9C, 0x07DBD, 0x07DBE,
    0x07DA0, 0x07DCA, 0x07DB4, 0x07DB2, 0x07DB1, 0x07DBA, 0x07DA2, 0x07DBF, 0x07DB5, 0x07DB8,
    0x07DAD, 0x07DD2, 0x07DC7, 0x07DAC, 0x07F70, 0x07FE0, 0x07FE1, 0x07FDF, 0x0805E, 0x0805A,
    0x08087, 0x08150, 0x08180, 0x0818F, 0x08188, 0x0818A, 0x0817F, 0x08182, 0x081E7, 0x081FA,
    0x08207, 0x08214, 0x0821E, 0x0824B, 0x084C9, 0x084BF, 0x084C6, 0x084C4, 0x08499, 0x0849E,
    0x084B2, 0x0849C, 0x084CB, 0x084B8, 0x084C0, 0x084D3, 0x08490, 0x084BC, 0x084D1, 0x084CA,
    0x0873F, 0x0871C, 0x0873B, 0x08722, 0x08725, 0x08734, 0x08718, 0x08755, 0x08737, 0x08729,
    0x088F3, 0x08902, 0x088F4, 0x088F9, 0x088F8, 0x088FD, 0x088E8, 0x0891A, 0x088EF, 0x08AA6,
    0x08A8C, 0x08A9E, 0x08AA3, 0x08A8D, 0x08AA1, 0x08A93, 0x08AA4, 0x08AAA, 0x08AA5, 0x08AA8,
    0x08A98, 0x08A91, 0x08A9A, 0x08AA7, 0x08C6A, 0x08C8D, 0x08C8C, 0x08CD3, 0x08CD1, 0x08CD2,
    0x08D6B, 0x08D99, 0x08D95, 0x08DFC, 0x08F14, 0x08F12, 0x08F15, 0x08F13, 0x08FA3, 0x09060,
    0x09058, 0x0905C, 0x09063, 0x09059, 0x0905E, 0x09062, 0x0905D, 0x0905B, 0x09119, 0x09118,
    0x0911E, 0x09175, 0x09178, 0x09177, 0x09174, 0x09278, 0x09280, 0x09285, 0x09298, 0x09296,
    0x0927B, 0x09293, 0x0929C, 0x092A8, 0x0927C, 0x09291, 0x095A1, 0x095A8, 0x095A9, 0x095A3,
    0x095A5, 0x095A4, 0x09699, 0x0969C, 0x0969B, 0x096CC, 0x096D2, 0x09700, 0x0977C, 0x09785,
    0x097F6, 0x09817, 0x09818, 0x098AF, 0x098B1, 0x09903, 0x09905, 0x0990C, 0x09909, 0x099C1,
    0x09AAF, 0x09AB0, 0x09AE6, 0x09B41, 0x09B42, 0x09CF4, 0x09CF6, 0x09CF3, 0x09EBC, 0x09F3B,
    0x09F4A, 0x05104, 0x05100, 0x050FB, 0x050F5, 0x050F9, 0x05102, 0x05108, 0x05109, 0x05105,
    0x051DC, 0x05287, 0x05288, 0x05289, 0x0528D, 0x0528A, 0x052F0, 0x053B2, 0x0562E, 0x0563B,
    0x05639, 0x05632, 0x0563F, 0x05634, 0x05629, 0x05653, 0x0564E, 0x05657, 0x05674, 0x05636,
    0x0562F, 0x05630, 0x05880, 0x0589F, 0x0589E, 0x058B3, 0x0589C, 0x058AE, 0x058A9, 0x058A6,
    0x0596D, 0x05B09, 0x05AFB, 0x05B0B, 0x05AF5, 0x05B0C, 0x05B08, 0x05BEE, 0x05BEC, 0x05BE9,
    0x05BEB, 0x05C64, 0x05C65, 0x05D9D, 0x05D94, 0x05E62, 0x05E5F, 0x05E61, 0x05EE2, 0x05EDA,
    0x05EDF, 0x05EDD, 0x05EE3, 0x05EE0, 0x05F48, 0x05F71, 0x05FB7, 0x05FB5, 0x06176, 0x06167,
    0x0616E, 0x0615D, 0x06155, 0x06182, 0x0617C, 0x06170, 0x0616B, 0x0617E, 0x061A7, 0x06190,
    0x061AB, 0x0618E, 0x061AC, 0x0619A, 0x061A4, 0x06194, 0x061AE, 0x0622E, 0x06469, 0x0646F,
    0x06479, 0x0649E, 0x064B2, 0x06488, 0x06490, 0x064B0, 0x064A5, 0x06493, 0x06495, 0x064A9,
    0x06492, 0x064AE, 0x064AD, 0x064AB, 0x0649A, 0x064AC, 0x06499, 0x064A2, 0x064B3, 0x06575,
    0x06577, 0x06578, 0x066AE, 0x066AB, 0x066B4, 0x066B1, 0x06A23, 0x06A1F, 0x069E8, 0x06A01,
    0x06A1E, 0x06A19, 0x069FD, 0x06A21, 0x06A13, 0x06A0A, 0x069F3, 0x06A02, 0x06A05, 0x069ED,
    0x06A11, 0x06B50, 0x06B4E, 0x06BA4, 0x06BC5, 0x06BC6, 0x06F3F, 0x06F7C, 0x06F84, 0x06F51,
    0x06F66, 0x06F54, 0x06F86, 0x06F6D, 0x06F5B, 0x06F78, 0x06F6E, 0x06F8E, 0x06F7A, 0x06F70,
    0x06F64, 0x06F97, 0x06F58, 0x06ED5, 0x06F6F, 0x06F60, 0x06F5F, 0x0719F, 0x071AC, 0x071B1,
    0x071A8, 0x07256, 0x0729B, 0x0734E, 0x07357, 0x07469, 0x0748B, 0x07483, 0x0747E, 0x07480,
    0x0757F, 0x07620, 0x07629, 0x0761F, 0x07624, 0x07626, 0x07621, 0x07622, 0x0769A, 0x076BA,
    0x076E4, 0x0778E, 0x07787, 0x0778C, 0x07791, 0x0778B, 0x078CB, 0x078C5, 0x078BA, 0x078CA,
    0x078BE, 0x078D5, 0x078BC, 0x078D0, 0x07A3F, 0x07A3C, 0x07A40, 0x07A3D, 0x07A37, 0x07A3B,
    0x07AAF, 0x07AAE, 0x07BAD, 0x07BB1, 0x07BC4, 0x07BB4, 0x07BC6, 0x07BC7, 0x07BC1, 0x07BA0,
    0x07BCC, 0x07CCA, 0x07DE0, 0x07DF4, 0x07DEF, 0x07DFB, 0x07DD8, 0x07DEC, 0x07DDD, 0x07DE8,
    0x07DE3, 0x07DDA, 0x07DDE, 0x07DE9, 0x07D9E, 0x07DD9, 0x07DF2, 0x07DF9, 0x07F75, 0x07F77,
    0x07FAF, 0x07FE9, 0x08026, 0x0819B, 0x0819C, 0x0819D, 0x081A0, 0x0819A, 0x08198, 0x08517,
    0x0853D, 0x0851A, 0x084EE, 0x0852C, 0x0852D, 0x08513, 0x08511, 0x08523, 0x08521, 0x08514,
    0x084EC, 0x08525, 0x084FF, 0x08506, 0x08782, 0x08774, 0x08776, 0x08760, 0x08766, 0x08778,
    0x08768, 0x08759, 0x08757, 0x0874C, 0x08753, 0x0885B, 0x0885D, 0x08910, 0x08907, 0x08912,
    0x08913, 0x08915, 0x0890A, 0x08ABC, 0x08AD2, 0x08AC7, 0x08AC4, 0x08A95, 0x08ACB, 0x08AF8,
    0x08AB2, 0x08AC9, 0x08AC2, 0x08ABF, 0x08AB0, 0x08AD6, 0x08ACD, 0x08AB6, 0x08AB9, 0x08ADB,
    0x08C4C, 0x08C4E, 0x08C6C, 0x08CE0, 0x08CDE, 0x08CE6, 0x08CE4, 0x08CEC, 0x08CED, 0x08CE2,
    0x08CE3, 0x08CDC, 0x08CEA, 0x08CE1, 0x08D6D, 0x08D9F, 0x08DA3, 0x08E2B, 0x08E10, 0x08E1D,
    0x08E22, 0x08E0F, 0x08E29, 0x08E1F, 0x08E21, 0x08E1E, 0x08EBA, 0x08F1D, 0x08F1B, 0x08F1F,
    0x08F29, 0x08F26, 0x08F2A, 0x08F1C, 0x08F1E, 0x08F25, 0x09069, 0x0906E, 0x09068, 0x0906D,
    0x09077, 0x09130, 0x0912D, 0x09127, 0x09131, 0x09187, 0x09189, 0x0918B, 0x09183, 0x092C5,
    0x092BB, 0x092B7, 0x092EA, 0x092AC, 0x092E4, 0x092C1, 0x092B3, 0x092BC, 0x092D2, 0x092C7,
    0x092F0, 0x092B2, 0x095AD, 0x095B1, 0x09704, 0x09706, 0x09707, 0x09709, 0x09760, 0x0978D,
    0x0978B, 0x0978F, 0x09821, 0x0982B, 0x0981C, 0x098B3, 0x0990A, 0x09913, 0x09912, 0x09918,
    0x099DD, 0x099D0, 0x099DF, 0x099DB, 0x099D1, 0x099D5, 0x099D2, 0x099D9, 0x09AB7, 0x09AEE,
    0x09AEF, 0x09B27, 0x09B45, 0x09B44, 0x09B77, 0x09B6F, 0x09D06, 0x09D09, 0x09D03, 0x09EA9,
    0x09EBE, 0x09ECE, 0x058A8, 0x09F52, 0x05112, 0x05118, 0x05114, 0x05110, 0x05115, 0x05180,
    0x051AA, 0x051DD, 0x05291, 0x05293, 0x052F3, 0x05659, 0x0566B, 0x05679, 0x05669, 0x05664,
    0x05678, 0x0566A, 0x05668, 0x05665, 0x05671, 0x0566F, 0x0566C, 0x05662, 0x05676, 0x058C1,
    0x058BE, 0x058C7, 0x058C5, 0x0596E, 0x05B1D, 0x05B34, 0x05B78, 0x05BF0, 0x05C0E, 0x05F4A,
    0x061B2, 0x06191, 0x061A9, 0x0618A, 0x061CD, 0x061B6, 0x061BE, 0x061CA, 0x061C8, 0x06230,
    0x064C5, 0x064C1, 0x064CB, 0x064BB, 0x064BC, 0x064DA, 0x064C4, 0x064C7, 0x064C2, 0x064CD,
    0x064BF, 0x064D2, 0x064D4, 0x064BE, 0x06574, 0x066C6, 0x066C9, 0x066B9, 0x066C4, 0x066C7,
    0x066B8, 0x06A3D, 0x06A38, 0x06A3A, 0x06A59, 0x06A6B, 0x06A58, 0x06A39, 0x06A44, 0x06A62,
    0x06A61, 0x06A4B, 0x06A47, 0x06A35, 0x06A5F, 0x06A48, 0x06B59, 0x06B77, 0x06C05, 0x06FC2,
    0x06FB1, 0x06FA1, 0x06FC3, 0x06FA4, 0x06FC1, 0x06FA7, 0x06FB3, 0x06FC0, 0x06FB9, 0x06FB6,
    0x06FA6, 0x06FA0, 0x06FB4, 0x071BE, 0x071C9, 0x071D0, 0x071D2, 0x071C8, 0x071D5, 0x071B9,
    0x071CE, 0x071D9, 0x071DC, 0x071C3, 0x071C4, 0x07368, 0x0749C, 0x074A3, 0x07498, 0x0749F,
    0x0749E, 0x074E2, 0x0750C, 0x0750D, 0x07634, 0x07638, 0x0763A, 0x076E7, 0x076E5, 0x077A0,
    0x0779E, 0x0779F, 0x077A5, 0x078E8, 0x078DA, 0x078EC, 0x078E7, 0x079A6, 0x07A4D, 0x07A4E,
    0x07A46, 0x07A4C, 0x07A4B, 0x07ABA, 0x07BD9, 0x07C11, 0x07BC9, 0x07BE4, 0x07BDB, 0x07BE1,
    0x07BE9, 0x07BE6, 0x07CD5, 0x07CD6, 0x07E0A, 0x07E11, 0x07E08, 0x07E1B, 0x07E23, 0x07E1E,
    0x07E1D, 0x07E09, 0x07E10, 0x07F79, 0x07FB2, 0x07FF0, 0x07FF1, 0x07FEE, 0x08028, 0x081B3,
    0x081A9, 0x081A8, 0x081FB, 0x08208, 0x08258, 0x08259, 0x0854A, 0x08559, 0x08548, 0x08568,
    0x08569, 0x08543, 0x08549, 0x0856D, 0x0856A, 0x0855E, 0x08783, 0x0879F, 0x0879E, 0x087A2,
    0x0878D, 0x08861, 0x0892A, 0x08932, 0x08925, 0x0892B, 0x08921, 0x089AA, 0x089A6, 0x08AE6,
    0x08AFA, 0x08AEB, 0x08AF1, 0x08B00, 0x08ADC, 0x08AE7, 0x08AEE, 0x08AFE, 0x08B01, 0x08B02,
    0x08AF7, 0x08AED, 0x08AF3, 0x08AF6, 0x08AFC, 0x08C6B, 0x08C6D, 0x08C93, 0x08CF4, 0x08E44,
    0x08E31, 0x08E34, 0x08E42, 0x08E39, 0x08E35, 0x08F3B, 0x08F2F, 0x08F38, 0x08F33, 0x08FA8,
    0x08FA6, 0x09075, 0x09074, 0x09078, 0x09072, 0x0907C, 0x0907A, 0x09134, 0x09192, 0x09320,
    0x09336, 0x092F8, 0x09333, 0x0932F, 0x09322, 0x092FC, 0x0932B, 0x09304, 0x0931A, 0x09310,
    0x09326, 0x09321, 0x09315, 0x0932E, 0x09319, 0x095BB, 0x096A7, 0x096A8, 0x096AA, 0x096D5,
    0x0970E, 0x09711, 0x09716, 0x0970D, 0x09713, 0x0970F, 0x0975B, 0x0975C, 0x09766, 0x09798,
    0x09830, 0x09838, 0x0983B, 0x09837, 0x0982D, 0x09839, 0x09824, 0x09910, 0x09928, 0x0991E,
    0x0991B, 0x09921, 0x0991A, 0x099ED, 0x099E2, 0x099F1, 0x09AB8, 0x09ABC, 0x09AFB, 0x09AED,
    0x09B28, 0x09B91, 0x09D15, 0x09D23, 0x09D26, 0x09D28, 0x09D12, 0x09D1B, 0x09ED8, 0x09ED4,
    0x09F8D, 0x09F9C, 0x0512A, 0x0511F, 0x05121, 0x05132, 0x052F5, 0x0568E, 0x05680, 0x05690,
    0x05685, 0x05687, 0x0568F, 0x058D5, 0x058D3, 0x058D1, 0x058CE, 0x05B30, 0x05B2A, 0x05B24,
    0x05B7A, 0x05C37, 0x05C68, 0x05DBC, 0x05DBA, 0x05DBD, 0x05DB8, 0x05E6B, 0x05F4C, 0x05FBD,
    0x061C9, 0x061C2, 0x061C7, 0x061E6, 0x061CB, 0x06232, 0x06234, 0x064CE, 0x064CA, 0x064D8,
    0x064E0, 0x064F0, 0x064E6, 0x064EC, 0x064F1, 0x064E2, 0x064ED, 0x06582, 0x06583, 0x066D9,
    0x066D6, 0x06A80, 0x06A94, 0x06A84, 0x06AA2, 0x06A9C, 0x06ADB, 0x06AA3, 0x06A7E, 0x06A97,
    0x06A90, 0x06AA0, 0x06B5C, 0x06BAE, 0x06BDA, 0x06C08, 0x06FD8, 0x06FF1, 0x06FDF, 0x06FE0,
    0x06FDB, 0x06FE4, 0x06FEB, 0x06FEF, 0x06F80, 0x06FEC, 0x06FE1, 0x06FE9, 0x06FD5, 0x06FEE,
    0x06FF0, 0x071E7, 0x071DF, 0x071EE, 0x071E6, 0x071E5, 0x071ED, 0x071EC, 0x071F4, 0x071E0,
    0x07235, 0x07246, 0x07370, 0x07372, 0x074A9, 0x074B0, 0x074A6, 0x074A8, 0x07646, 0x07642,
    0x0764C, 0x076EA, 0x077B3, 0x077AA, 0x077B0, 0x077AC, 0x077A7, 0x077AD, 0x077EF, 0x078F7,
    0x078FA, 0x078F4, 0x078EF, 0x07901, 0x079A7, 0x079AA, 0x07A57, 0x07ABF, 0x07C07, 0x07C0D,
    0x07BFE, 0x07BF7, 0x07C0C, 0x07BE0, 0x07CE0, 0x07CDC, 0x07CDE, 0x07CE2, 0x07CDF, 0x07CD9,
    0x07CDD, 0x07E2E, 0x07E3E, 0x07E46, 0x07E37, 0x07E32, 0x07E43, 0x07E2B, 0x07E3D, 0x07E31,
    0x07E45, 0x07E41, 0x07E34, 0x07E39, 0x07E48, 0x07E35, 0x07E3F, 0x07E2F, 0x07F44, 0x07FF3,
    0x07FFC, 0x08071, 0x08072, 0x08070, 0x0806F, 0x08073, 0x081C6, 0x081C3, 0x081BA, 0x081C2,
    0x081C0, 0x081BF, 0x081BD, 0x081C9, 0x081BE, 0x081E8, 0x08209, 0x08271, 0x085AA, 0x08584,
    0x0857E, 0x0859C, 0x08591, 0x08594, 0x085AF, 0x0859B, 0x08587, 0x085A8, 0x0858A, 0x08667,
    0x087C0, 0x087D1, 0x087B3, 0x087D2, 0x087C6, 0x087AB, 0x087BB, 0x087BA, 0x087C8, 0x087CB,
    0x0893B, 0x08936, 0x08944, 0x08938, 0x0893D, 0x089AC, 0x08B0E, 0x08B17, 0x08B19, 0x08B1B,
    0x08B0A, 0x08B20, 0x08B1D, 0x08B04, 0x08B10, 0x08C41, 0x08C3F, 0x08C73, 0x08CFA, 0x08CFD,
    0x08CFC, 0x08CF8, 0x08CFB, 0x08DA8, 0x08E49, 0x08E4B, 0x08E48, 0x08E4A, 0x08F44, 0x08F3E,
    0x08F42, 0x08F45, 0x08F3F, 0x0907F, 0x0907D, 0x09084, 0x09081, 0x09082, 0x09080, 0x09139,
    0x091A3, 0x0919E, 0x0919C, 0x0934D, 0x09382, 0x09328, 0x09375, 0x0934A, 0x09365, 0x0934B,
    0x09318, 0x0937E, 0x0936C, 0x0935B, 0x09370, 0x0935A, 0x09354, 0x095CA, 0x095CB, 0x095CC,
    0x095C8, 0x095C6, 0x096B1, 0x096B8, 0x096D6, 0x0971C, 0x0971E, 0x097A0, 0x097D3, 0x09846,
    0x098B6, 0x09935, 0x09A01, 0x099FF, 0x09BAE, 0x09BAB, 0x09BAA, 0x09BAD, 0x09D3B, 0x09D3F,
    0x09E8B, 0x09ECF, 0x09EDE, 0x09EDC, 0x09EDD, 0x09EDB, 0x09F3E, 0x09F4B, 0x053E2, 0x05695,
    0x056AE, 0x058D9, 0x058D8, 0x05B38, 0x05F5D, 0x061E3, 0x06233, 0x064F4, 0x064F2, 0x064FE,
    0x06506, 0x064FA, 0x064FB, 0x064F7, 0x065B7, 0x066DC, 0x06726, 0x06AB3, 0x06AAC, 0x06AC3,
    0x06ABB, 0x06AB8, 0x06AC2, 0x06AAE, 0x06AAF, 0x06B5F, 0x06B78, 0x06BAF, 0x07009, 0x0700B,
    0x06FFE, 0x07006, 0x06FFA, 0x07011, 0x0700F, 0x071FB, 0x071FC, 0x071FE, 0x071F8, 0x07377,
    0x07375, 0x074A7, 0x074BF, 0x07515, 0x07656, 0x07658, 0x07652, 0x077BD, 0x077BF, 0x077BB,
    0x077BC, 0x0790E, 0x079AE, 0x07A61, 0x07A62, 0x07A60, 0x07AC4, 0x07AC5, 0x07C2B, 0x07C27,
    0x07C2A, 0x07C1E, 0x07C23, 0x07C21, 0x07CE7, 0x07E54, 0x07E55, 0x07E5E, 0x07E5A, 0x07E61,
    0x07E52, 0x07E59, 0x07F48, 0x07FF9, 0x07FFB, 0x08077, 0x08076, 0x081CD, 0x081CF, 0x0820A,
    0x085CF, 0x085A9, 0x085CD, 0x085D0, 0x085C9, 0x085B0, 0x085BA, 0x085B9, 0x085A6, 0x087EF,
    0x087EC, 0x087F2, 0x087E0, 0x08986, 0x089B2, 0x089F4, 0x08B28, 0x08B39, 0x08B2C, 0x08B2B,
    0x08C50, 0x08D05, 0x08E59, 0x08E63, 0x08E66, 0x08E64, 0x08E5F, 0x08E55, 0x08EC0, 0x08F49,
    0x08F4D, 0x09087, 0x09083, 0x09088, 0x091AB, 0x091AC, 0x091D0, 0x09394, 0x0938A, 0x09396,
    0x093A2, 0x093B3, 0x093AE, 0x093AC, 0x093B0, 0x09398, 0x0939A, 0x09397, 0x095D4, 0x095D6,
    0x095D0, 0x095D5, 0x096E2, 0x096DC, 0x096D9, 0x096DB, 0x096DE, 0x09724, 0x097A3, 0x097A6,
    0x097AD, 0x097F9, 0x0984D, 0x0984F, 0x0984C, 0x0984E, 0x09853, 0x098BA, 0x0993E, 0x0993F,
    0x0993D, 0x0992E, 0x099A5, 0x09A0E, 0x09AC1, 0x09B03, 0x09B06, 0x09B4F, 0x09B4E, 0x09B4D,
    0x09BCA, 0x09BC9, 0x09BFD, 0x09BC8, 0x09BC0, 0x09D51, 0x09D5D, 0x09D60, 0x09EE0, 0x09F15,
    0x09F2C, 0x05133, 0x056A5, 0x058DE, 0x058DF, 0x058E2, 0x05BF5, 0x09F90, 0x05EEC, 0x061F2,
    0x061F7, 0x061F6, 0x061F5, 0x06500, 0x0650F, 0x066E0, 0x066DD, 0x06AE5, 0x06ADD, 0x06ADA,
    0x06AD3, 0x0701B, 0x0701F, 0x07028, 0x0701A, 0x0701D, 0x07015, 0x07018, 0x07206, 0x0720D,
    0x07258, 0x072A2, 0x07378, 0x0737A, 0x074BD, 0x074CA, 0x074E3, 0x07587, 0x07586, 0x0765F,
    0x07661, 0x077C7, 0x07919, 0x079B1, 0x07A6B, 0x07A69, 0x07C3E, 0x07C3F, 0x07C38, 0x07C3D,
    0x07C37, 0x07C40, 0x07E6B, 0x07E6D, 0x07E79, 0x07E69, 0x07E6A, 0x07F85, 0x07E73, 0x07FB6,
    0x07FB9, 0x07FB8, 0x081D8, 0x085E9, 0x085DD, 0x085EA, 0x085D5, 0x085E4, 0x085E5, 0x085F7,
    0x087FB, 0x08805, 0x0880D, 0x087F9, 0x087FE, 0x08960, 0x0895F, 0x08956, 0x0895E, 0x08B41,
    0x08B5C, 0x08B58, 0x08B49, 0x08B5A, 0x08B4E, 0x08B4F, 0x08B46, 0x08B59, 0x08D08, 0x08D0A,
    0x08E7C, 0x08E72, 0x08E87, 0x08E76, 0x08E6C, 0x08E7A, 0x08E74, 0x08F54, 0x08F4E, 0x08FAD,
    0x0908A, 0x0908B, 0x091B1, 0x091AE, 0x093E1, 0x093D1, 0x093DF, 0x093C3, 0x093C8, 0x093DC,
    0x093DD, 0x093D6, 0x093E2, 0x093CD, 0x093D8, 0x093E4, 0x093D7, 0x093E8, 0x095DC, 0x096B4,
    0x096E3, 0x0972A, 0x09727, 0x09761, 0x097DC, 0x097FB, 0x0985E, 0x09858, 0x0985B, 0x098BC,
    0x09945, 0x09949, 0x09A16, 0x09A19, 0x09B0D, 0x09BE8, 0x09BE7, 0x09BD6, 0x09BDB, 0x09D89,
    0x09D61, 0x09D72, 0x09D6A, 0x09D6C, 0x09E92, 0x09E97, 0x09E93, 0x09EB4, 0x052F8, 0x056A8,
    0x056B7, 0x056B6, 0x056B4, 0x056BC, 0x058E4, 0x05B40, 0x05B43, 0x05B7D, 0x05BF6, 0x05DC9,
    0x061F8, 0x061FA, 0x06518, 0x06514, 0x06519, 0x066E6, 0x06727, 0x06AEC, 0x0703E, 0x07030,
    0x07032, 0x07210, 0x0737B, 0x074CF, 0x07662, 0x07665, 0x07926, 0x0792A, 0x0792C, 0x0792B,
    0x07AC7, 0x07AF6, 0x07C4C, 0x07C43, 0x07C4D, 0x07CEF, 0x07CF0, 0x08FAE, 0x07E7D, 0x07E7C,
    0x07E82, 0x07F4C, 0x08000, 0x081DA, 0x08266, 0x085FB, 0x085F9, 0x08611, 0x085FA, 0x08606,
    0x0860B, 0x08607, 0x0860A, 0x08814, 0x08815, 0x08964, 0x089BA, 0x089F8, 0x08B70, 0x08B6C,
    0x08B66, 0x08B6F, 0x08B5F, 0x08B6B, 0x08D0F, 0x08D0D, 0x08E89, 0x08E81, 0x08E85, 0x08E82,
    0x091B4, 0x091CB, 0x09418, 0x09403, 0x093FD, 0x095E1, 0x09730, 0x098C4, 0x09952, 0x09951,
    0x099A8, 0x09A2B, 0x09A30, 0x09A37, 0x09A35, 0x09C13, 0x09C0D, 0x09E79, 0x09EB5, 0x09EE8,
    0x09F2F, 0x09F5F, 0x09F63, 0x09F61, 0x05137, 0x05138, 0x056C1, 0x056C0, 0x056C2, 0x05914,
    0x05C6C, 0x05DCD, 0x061FC, 0x061FE, 0x0651D, 0x0651C, 0x06595, 0x066E9, 0x06AFB, 0x06B04,
    0x06AFA, 0x06BB2, 0x0704C, 0x0721B, 0x072A7, 0x074D6, 0x074D4, 0x07669, 0x077D3, 0x07C50,
    0x07E8F, 0x07E8C, 0x07FBC, 0x08617, 0x0862D, 0x0861A, 0x08823, 0x08822, 0x08821, 0x0881F,
    0x0896A, 0x0896C, 0x089BD, 0x08B74, 0x08B77, 0x08B7D, 0x08D13, 0x08E8A, 0x08E8D, 0x08E8B,
    0x08F5F, 0x08FAF, 0x091BA, 0x0942E, 0x09433, 0x09435, 0x0943A, 0x09438, 0x09432, 0x0942B,
    0x095E2, 0x09738, 0x09739, 0x09732, 0x097FF, 0x09867, 0x09865, 0x09957, 0x09A45, 0x09A43,
    0x09A40, 0x09A3E, 0x09ACF, 0x09B54, 0x09B51, 0x09C2D, 0x09C25, 0x09DAF, 0x09DB4, 0x09DC2,
    0x09DB8, 0x09E9D, 0x09EEF, 0x09F19, 0x09F5C, 0x09F66, 0x09F67, 0x0513C, 0x0513B, 0x056C8,
    0x056CA, 0x056C9, 0x05B7F, 0x05DD4, 0x05DD2, 0x05F4E, 0x061FF, 0x06524, 0x06B0A, 0x06B61,
    0x07051, 0x07058, 0x07380, 0x074E4, 0x0758A, 0x0766E, 0x0766C, 0x079B3, 0x07C60, 0x07C5F,
    0x0807E, 0x0807D, 0x081DF, 0x08972, 0x0896F, 0x089FC, 0x08B80, 0x08D16, 0x08D17, 0x08E91,
    0x08E93, 0x08F61, 0x09148, 0x09444, 0x09451, 0x09452, 0x0973D, 0x0973E, 0x097C3, 0x097C1,
    0x0986B, 0x09955, 0x09A55, 0x09A4D, 0x09AD2, 0x09B1A, 0x09C49, 0x09C31, 0x09C3E, 0x09C3B,
    0x09DD3, 0x09DD7, 0x09F34, 0x09F6C, 0x09F6A, 0x09F94, 0x056CC, 0x05DD6, 0x06200, 0x06523,
    0x0652B, 0x0652A, 0x066EC, 0x06B10, 0x074DA, 0x07ACA, 0x07C64, 0x07C63, 0x07C65, 0x07E93,
    0x07E96, 0x07E94, 0x081E2, 0x08638, 0x0863F, 0x08831, 0x08B8A, 0x09090, 0x0908F, 0x09463,
    0x09460, 0x09464, 0x09768, 0x0986F, 0x0995C, 0x09A5A, 0x09A5B, 0x09A57, 0x09AD3, 0x09AD4,
    0x09AD1, 0x09C54, 0x09C57, 0x09C56, 0x09DE5, 0x09E9F, 0x09EF4, 0x056D1, 0x058E9, 0x0652C,
    0x0705E, 0x07671, 0x07672, 0x077D7, 0x07F50, 0x07F88, 0x08836, 0x08839, 0x08862, 0x08B93,
    0x08B92, 0x08B96, 0x08277, 0x08D1B, 0x091C0, 0x0946A, 0x09742, 0x09748, 0x09744, 0x097C6,
    0x09870, 0x09A5F, 0x09B22, 0x09B58, 0x09C5F, 0x09DF9, 0x09DFA, 0x09E7C, 0x09E7D, 0x09F07,
    0x09F77, 0x09F72, 0x05EF3, 0x06B16, 0x07063, 0x07C6C, 0x07C6E, 0x0883B, 0x089C0, 0x08EA1,
    0x091C1, 0x09472, 0x09470, 0x09871, 0x0995E, 0x09AD6, 0x09B23, 0x09ECC, 0x07064, 0x077DA,
    0x08B9A, 0x09477, 0x097C9, 0x09A62, 0x09A65, 0x07E9C, 0x08B9C, 0x08EAA, 0x091C5, 0x0947D,
    0x0947E, 0x0947C, 0x09C77, 0x09C78, 0x09EF7, 0x08C54, 0x0947F, 0x09E1A, 0x07228, 0x09A6A,
    0x09B31, 0x09E1B, 0x09E1E, 0x07C72, 0x02460, 0x02461, 0x02462, 0x02463, 0x02464, 0x02465,
    0x02466, 0x02467, 0x02468, 0x02469, 0x02474, 0x02475, 0x02476, 0x02477, 0x02478, 0x02479,
    0x0247A, 0x0247B, 0x0247C, 0x0247D, 0x02170, 0x02171, 0x02172, 0x02173, 0x02174, 0x02175,
    0x02176, 0x02177, 0x02178, 0x02179, 0x04E36, 0x04E3F, 0x04E85, 0x04EA0, 0x05182, 0x05196,
    0x051AB, 0x052F9, 0x05338, 0x05369, 0x053B6, 0x0590A, 0x05B80, 0x05DDB, 0x02F33, 0x05E7F,
    0x05EF4, 0x05F50, 0x05F61, 0x06534, 0x065E0, 0x07592, 0x07676, 0x08FB5, 0x096B6, 0x000A8,
    0x002C6, 0x030FD, 0x030FE, 0x0309D, 0x0309E, 0x03003, 0x04EDD, 0x03005, 0x03006, 0x03007,
    0x030FC, 0x0FF3B, 0x0FF3D, 0x0273D, 0x03041, 0x03042, 0x03043, 0x03044, 0x03045, 0x03046,
    0x03047, 0x03048, 0x03049, 0x0304A, 0x0304B, 0x0304C, 0x0304D, 0x0304E, 0x0304F, 0x03050,
    0x03051, 0x03052, 0x03053, 0x03054, 0x03055, 0x03056, 0x03057, 0x03058, 0x03059, 0x0305A,
    0x0305B, 0x0305C, 0x0305D, 0x0305E, 0x0305F, 0x03060, 0x03061, 0x03062, 0x03063, 0x03064,
    0x03065, 0x03066, 0x03067, 0x03068, 0x03069, 0x0306A, 0x0306B, 0x0306C, 0x0306D, 0x0306E,
    0x0306F, 0x03070, 0x03071, 0x03072, 0x03073, 0x03074, 0x03075, 0x03076, 0x03077, 0x03078,
    0x03079, 0x0307A, 0x0307B, 0x0307C, 0x0307D, 0x0307E, 0x0307F, 0x03080, 0x03081, 0x03082,
    0x03083, 0x03084, 0x03085, 0x03086, 0x03087, 0x03088, 0x03089, 0x0308A, 0x0308B, 0x0308C,
    0x0308D, 0x0308E, 0x0308F, 0x03090, 0x03091, 0x03092, 0x03093, 0x030A1, 0x030A2, 0x030A3,
    0x030A4, 0x030A5, 0x030A6, 0x030A7, 0x030A8, 0x030A9, 0x030AA, 0x030AB, 0x030AC, 0x030AD,
    0x030AE, 0x030AF, 0x030B0, 0x030B1, 0x030B2, 0x030B3, 0x030B4, 0x030B5, 0x030B6, 0x030B7,
    0x030B8, 0x030B9, 0x030BA, 0x030BB, 0x030BC, 0x030BD, 0x030BE, 0x030BF, 0x030C0, 0x030C1,
    0x030C2, 0x030C3, 0x030C4, 0x030C5, 0x030C6, 0x030C7, 0x030C8, 0x030C9, 0x030CA, 0x030CB,
    0x030CC, 0x030CD, 0x030CE, 0x030CF, 0x030D0, 0x030D1, 0x030D2, 0x030D3, 0x030D4, 0x030D5,
    0x030D6, 0x030D7, 0x030D8, 0x030D9, 0x030DA, 0x030DB, 0x030DC, 0x030DD, 0x030DE, 0x030DF,
    0x030E0, 0x030E1, 0x030E2, 0x030E3, 0x030E4, 0x030E5, 0x030E6, 0x030E7, 0x030E8, 0x030E9,
    0x030EA, 0x030EB, 0x030EC, 0x030ED, 0x030EE, 0x030EF, 0x030F0, 0x030F1, 0x030F2, 0x030F3,
    0x030F4, 0x030F5, 0x030F6, 0x00410, 0x00411, 0x00412, 0x00413, 0x00414, 0x00415, 0x00401,
    0x00416, 0x00417, 0x00418, 0x00419, 0x0041A, 0x0041B, 0x0041C, 0x0041D, 0x0041E, 0x0041F,
    0x00420, 0x00421, 0x00422, 0x00423, 0x00424, 0x00425, 0x00426, 0x00427, 0x00428, 0x00429,
    0x0042A, 0x0042B, 0x0042C, 0x0042D, 0x0042E, 0x0042F, 0x00430, 0x00431, 0x00432, 0x00433,
    0x00434, 0x00435, 0x00451, 0x00436, 0x00437, 0x00438, 0x00439, 0x0043A, 0x0043B, 0x0043C,
    0x0043D, 0x0043E, 0x0043F, 0x00440, 0x00441, 0x00442, 0x00443, 0x00444, 0x00445, 0x00446,
    0x00447, 0x00448, 0x00449, 0x0044A, 0x0044B, 0x0044C, 0x0044D, 0x0044E, 0x0044F, 0x021E7,
    0x021B8, 0x021B9, 0x031CF, 0x200CC, 0x04E5A, 0x2008A, 0x05202, 0x04491, 0x09FB0, 0x05188,
    0x09FB1, 0x27607, 0x00000, 0x00000, 0x00000, 0x00000, 0x00000, 0x00000, 0x00000, 0x00000,
    0x00000, 0x00000, 0x00000, 0x00000, 0x00000, 0x00000, 0x00000, 0x00000, 0x00000, 0x00000,
    0x00000, 0x00000, 0x00000, 0x00000, 0x00000, 0x00000, 0x00000, 0x00000, 0x00000, 0x00000,
    0x00000, 0x00000, 0x00000, 0x00000, 0x00000, 0x00000, 0x00000, 0x00000, 0x00000, 0x00000,
    0x00000, 0x00000, 0x0FFE2, 0x0FFE4, 0x0FF07, 0x0FF02, 0x03231, 0x02116, 0x02121, 0x0309B,
    0x0309C, 0x02E80, 0x02E84, 0x02E86, 0x02E87, 0x02E88, 0x02E8A, 0x02E8C, 0x02E8D, 0x02E95,
    0x02E9C, 0x02E9D, 0x02EA5, 0x02EA7, 0x02EAA, 0x02EAC, 0x02EAE, 0x02EB6, 0x02EBC, 0x02EBE,
    0x02EC6, 0x02ECA, 0x02ECC, 0x02ECD, 0x02ECF, 0x02ED6, 0x02ED7, 0x02EDE, 0x02EE3, 0x00000,
    0x00000, 0x00000, 0x00283, 0x00250, 0x0025B, 0x00254, 0x00275, 0x00153, 0x000F8, 0x0014B,
    0x0028A, 0x0026A, 0x04E42, 0x04E5C, 0x051F5, 0x0531A, 0x05382, 0x04E07, 0x04E0C, 0x04E47,
    0x04E8D, 0x056D7, 0x0FA0C, 0x05C6E, 0x05F73, 0x04E0F, 0x05187, 0x04E0E, 0x04E2E, 0x04E93,
    0x04EC2, 0x04EC9, 0x04EC8, 0x05198, 0x052FC, 0x0536C, 0x053B9, 0x05720, 0x05903, 0x0592C,
    0x05C10, 0x05DFF, 0x065E1, 0x06BB3, 0x06BCC, 0x06C14, 0x0723F, 0x04E31, 0x04E3C, 0x04EE8,
    0x04EDC, 0x04EE9, 0x04EE1, 0x04EDD, 0x04EDA, 0x0520C, 0x0531C, 0x0534C, 0x05722, 0x05723,
    0x05917, 0x0592F, 0x05B81, 0x05B84, 0x05C12, 0x05C3B, 0x05C74, 0x05C73, 0x05E04, 0x05E80,
    0x05E82, 0x05FC9, 0x06209, 0x06250, 0x06C15, 0x06C36, 0x06C43, 0x06C3F, 0x06C3B, 0x072AE,
    0x072B0, 0x0738A, 0x079B8, 0x0808A, 0x0961E, 0x04F0E, 0x04F18, 0x04F2C, 0x04EF5, 0x04F14,
    0x04EF1, 0x04F00, 0x04EF7, 0x04F08, 0x04F1D, 0x04F02, 0x04F05, 0x04F22, 0x04F13, 0x04F04,
    0x04EF4, 0x04F12, 0x051B1, 0x05213, 0x05209, 0x05210, 0x052A6, 0x05322, 0x0531F, 0x0534D,
    0x0538A, 0x05407, 0x056E1, 0x056DF, 0x0572E, 0x0572A, 0x05734, 0x0593C, 0x05980, 0x0597C,
    0x05985, 0x0597B, 0x0597E, 0x05977, 0x0597F, 0x05B56, 0x05C15, 0x05C25, 0x05C7C, 0x05C7A,
    0x05C7B, 0x05C7E, 0x05DDF, 0x05E75, 0x05E84, 0x05F02, 0x05F1A, 0x05F74, 0x05FD5, 0x05FD4,
    0x05FCF, 0x0625C, 0x0625E, 0x06264, 0x06261, 0x06266, 0x06262, 0x06259, 0x06260, 0x0625A,
    0x06265, 0x065EF, 0x065EE, 0x0673E, 0x06739, 0x06738, 0x0673B, 0x0673A, 0x0673F, 0x0673C,
    0x06733, 0x06C18, 0x06C46, 0x06C52, 0x06C5C, 0x06C4F, 0x06C4A, 0x06C54, 0x06C4B, 0x06C4C,
    0x07071, 0x0725E, 0x072B4, 0x072B5, 0x0738E, 0x0752A, 0x0767F, 0x07A75, 0x07F51, 0x08278,
    0x0827C, 0x08280, 0x0827D, 0x0827F, 0x0864D, 0x0897E, 0x09099, 0x09097, 0x09098, 0x0909B,
    0x09094, 0x09622, 0x09624, 0x09620, 0x09623, 0x04F56, 0x04F3B, 0x04F62, 0x04F49, 0x04F53,
    0x04F64, 0x04F3E, 0x04F67, 0x04F52, 0x04F5F, 0x04F41, 0x04F58, 0x04F2D, 0x04F33, 0x04F3F,
    0x04F61, 0x0518F, 0x051B9, 0x0521C, 0x0521E, 0x05221, 0x052AD, 0x052AE, 0x05309, 0x05363,
    0x05372, 0x0538E, 0x0538F, 0x05430, 0x05437, 0x0542A, 0x05454, 0x05445, 0x05419, 0x0541C,
    0x05425, 0x05418, 0x0543D, 0x0544F, 0x05441, 0x05428, 0x05424, 0x05447, 0x056EE, 0x056E7,
    0x056E5, 0x05741, 0x05745, 0x0574C, 0x05749, 0x0574B, 0x05752, 0x05906, 0x05940, 0x059A6,
    0x05998, 0x059A0, 0x05997, 0x0598E, 0x059A2, 0x05990, 0x0598F, 0x059A7, 0x059A1, 0x05B8E,
    0x05B92, 0x05C28, 0x05C2A, 0x05C8D, 0x05C8F, 0x05C88, 0x05C8B, 0x05C89, 0x05C92, 0x05C8A,
    0x05C86, 0x05C93, 0x05C95, 0x05DE0, 0x05E0A, 0x05E0E, 0x05E8B, 0x05E89, 0x05E8C, 0x05E88,
    0x05E8D, 0x05F05, 0x05F1D, 0x05F78, 0x05F76, 0x05FD2, 0x05FD1, 0x05FD0, 0x05FED, 0x05FE8,
    0x05FEE, 0x05FF3, 0x05FE1, 0x05FE4, 0x05FE3, 0x05FFA, 0x05FEF, 0x05FF7, 0x05FFB, 0x06000,
    0x05FF4, 0x0623A, 0x06283, 0x0628C, 0x0628E, 0x0628F, 0x06294, 0x06287, 0x06271, 0x0627B,
    0x0627A, 0x06270, 0x06281, 0x06288, 0x06277, 0x0627D, 0x06272, 0x06274, 0x06537, 0x065F0,
    0x065F4, 0x065F3, 0x065F2, 0x065F5, 0x06745, 0x06747, 0x06759, 0x06755, 0x0674C, 0x06748,
    0x0675D, 0x0674D, 0x0675A, 0x0674B, 0x06BD0, 0x06C19, 0x06C1A, 0x06C78, 0x06C67, 0x06C6B,
    0x06C84, 0x06C8B, 0x06C8F, 0x06C71, 0x06C6F, 0x06C69, 0x06C9A, 0x06C6D, 0x06C87, 0x06C95,
    0x06C9C, 0x06C66, 0x06C73, 0x06C65, 0x06C7B, 0x06C8E, 0x07074, 0x0707A, 0x07263, 0x072BF,
    0x072BD, 0x072C3, 0x072C6, 0x072C1, 0x072BA, 0x072C5, 0x07395, 0x07397, 0x07393, 0x07394,
    0x07392, 0x0753A, 0x07539, 0x07594, 0x07595, 0x07681, 0x0793D, 0x08034, 0x08095, 0x08099,
    0x08090, 0x08092, 0x0809C, 0x08290, 0x0828F, 0x08285, 0x0828E, 0x08291, 0x08293, 0x0828A,
    0x08283, 0x08284, 0x08C78, 0x08FC9, 0x08FBF, 0x0909F, 0x090A1, 0x090A5, 0x0909E, 0x090A7,
    0x090A0, 0x09630, 0x09628, 0x0962F, 0x0962D, 0x04E33, 0x04F98, 0x04F7C, 0x04F85, 0x04F7D,
    0x04F80, 0x04F87, 0x04F76, 0x04F74, 0x04F89, 0x04F84, 0x04F77, 0x04F4C, 0x04F97, 0x04F6A,
    0x04F9A, 0x04F79, 0x04F81, 0x04F78, 0x04F90, 0x04F9C, 0x04F94, 0x04F9E, 0x04F92, 0x04F82,
    0x04F95, 0x04F6B, 0x04F6E, 0x0519E, 0x051BC, 0x051BE, 0x05235, 0x05232, 0x05233, 0x05246,
    0x05231, 0x052BC, 0x0530A, 0x0530B, 0x0533C, 0x05392, 0x05394, 0x05487, 0x0547F, 0x05481,
    0x05491, 0x05482, 0x05488, 0x0546B, 0x0547A, 0x0547E, 0x05465, 0x0546C, 0x05474, 0x05466,
    0x0548D, 0x0546F, 0x05461, 0x05460, 0x05498, 0x05463, 0x05467, 0x05464, 0x056F7, 0x056F9,
    0x0576F, 0x05772, 0x0576D, 0x0576B, 0x05771, 0x05770, 0x05776, 0x05780, 0x05775, 0x0577B,
    0x05773, 0x05774, 0x05762, 0x05768, 0x0577D, 0x0590C, 0x05945, 0x059B5, 0x059BA, 0x059CF,
    0x059CE, 0x059B2, 0x059CC, 0x059C1, 0x059B6, 0x059BC, 0x059C3, 0x059D6, 0x059B1, 0x059BD,
    0x059C0, 0x059C8, 0x059B4, 0x059C7, 0x05B62, 0x05B65, 0x05B93, 0x05B95, 0x05C44, 0x05C47,
    0x05CAE, 0x05CA4, 0x05CA0, 0x05CB5, 0x05CAF, 0x05CA8, 0x05CAC, 0x05C9F, 0x05CA3, 0x05CAD,
    0x05CA2, 0x05CAA, 0x05CA7, 0x05C9D, 0x05CA5, 0x05CB6, 0x05CB0, 0x05CA6, 0x05E17, 0x05E14,
    0x05E19, 0x05F28, 0x05F22, 0x05F23, 0x05F24, 0x05F54, 0x05F82, 0x05F7E, 0x05F7D, 0x05FDE,
    0x05FE5, 0x0602D, 0x06026, 0x06019, 0x06032, 0x0600B, 0x06034, 0x0600A, 0x06017, 0x06033,
    0x0601A, 0x0601E, 0x0602C, 0x06022, 0x0600D, 0x06010, 0x0602E, 0x06013, 0x06011, 0x0600C,
    0x06009, 0x0601C, 0x06214, 0x0623D, 0x062AD, 0x062B4, 0x062D1, 0x062BE, 0x062AA, 0x062B6,
    0x062CA, 0x062AE, 0x062B3, 0x062AF, 0x062BB, 0x062A9, 0x062B0, 0x062B8, 0x0653D, 0x065A8,
    0x065BB, 0x06609, 0x065FC, 0x06604, 0x06612, 0x06608, 0x065FB, 0x06603, 0x0660B, 0x0660D,
    0x06605, 0x065FD, 0x06611, 0x06610, 0x066F6, 0x0670A, 0x06785, 0x0676C, 0x0678E, 0x06792,
    0x06776, 0x0677B, 0x06798, 0x06786, 0x06784, 0x06774, 0x0678D, 0x0678C, 0x0677A, 0x0679F,
    0x06791, 0x06799, 0x06783, 0x0677D, 0x06781, 0x06778, 0x06779, 0x06794, 0x06B25, 0x06B80,
    0x06B7E, 0x06BDE, 0x06C1D, 0x06C93, 0x06CEC, 0x06CEB, 0x06CEE, 0x06CD9, 0x06CB6, 0x06CD4,
    0x06CAD, 0x06CE7, 0x06CB7, 0x06CD0, 0x06CC2, 0x06CBA, 0x06CC3, 0x06CC6, 0x06CED, 0x06CF2,
    0x06CD2, 0x06CDD, 0x06CB4, 0x06C8A, 0x06C9D, 0x06C80, 0x06CDE, 0x06CC0, 0x06D30, 0x06CCD,
    0x06CC7, 0x06CB0, 0x06CF9, 0x06CCF, 0x06CE9, 0x06CD1, 0x07094, 0x07098, 0x07085, 0x07093,
    0x07086, 0x07084, 0x07091, 0x07096, 0x07082, 0x0709A, 0x07083, 0x0726A, 0x072D6, 0x072CB,
    0x072D8, 0x072C9, 0x072DC, 0x072D2, 0x072D4, 0x072DA, 0x072CC, 0x072D1, 0x073A4, 0x073A1,
    0x073AD, 0x073A6, 0x073A2, 0x073A0, 0x073AC, 0x0739D, 0x074DD, 0x074E8, 0x0753F, 0x07540,
    0x0753E, 0x0758C, 0x07598, 0x076AF, 0x076F3, 0x076F1, 0x076F0, 0x076F5, 0x077F8, 0x077FC,
    0x077F9, 0x077FB, 0x077FA, 0x077F7, 0x07942, 0x0793F, 0x079C5, 0x07A78, 0x07A7B, 0x07AFB,
    0x07C75, 0x07CFD, 0x08035, 0x0808F, 0x080AE, 0x080A3, 0x080B8, 0x080B5, 0x080AD, 0x08220,
    0x082A0, 0x082C0, 0x082AB, 0x0829A, 0x08298, 0x0829B, 0x082B5, 0x082A7, 0x082AE, 0x082BC,
    0x0829E, 0x082BA, 0x082B4, 0x082A8, 0x082A1, 0x082A9, 0x082C2, 0x082A4, 0x082C3, 0x082B6,
    0x082A2, 0x08670, 0x0866F, 0x0866D, 0x0866E, 0x08C56, 0x08FD2, 0x08FCB, 0x08FD3, 0x08FCD,
    0x08FD6, 0x08FD5, 0x08FD7, 0x090B2, 0x090B4, 0x090AF, 0x090B3, 0x090B0, 0x09639, 0x0963D,
    0x0963C, 0x0963A, 0x09643, 0x04FCD, 0x04FC5, 0x04FD3, 0x04FB2, 0x04FC9, 0x04FCB, 0x04FC1,
    0x04FD4, 0x04FDC, 0x04FD9, 0x04FBB, 0x04FB3, 0x04FDB, 0x04FC7, 0x04FD6, 0x04FBA, 0x04FC0,
    0x04FB9, 0x04FEC, 0x05244, 0x05249, 0x052C0, 0x052C2, 0x0533D, 0x0537C, 0x05397, 0x05396,
    0x05399, 0x05398, 0x054BA, 0x054A1, 0x054AD, 0x054A5, 0x054CF, 0x054C3, 0x0830D, 0x054B7,
    0x054AE, 0x054D6, 0x054B6, 0x054C5, 0x054C6, 0x054A0, 0x05470, 0x054BC, 0x054A2, 0x054BE,
    0x05472, 0x054DE, 0x054B0, 0x057B5, 0x0579E, 0x0579F, 0x057A4, 0x0578C, 0x05797, 0x0579D,
    0x0579B, 0x05794, 0x05798, 0x0578F, 0x05799, 0x057A5, 0x0579A, 0x05795, 0x058F4, 0x0590D,
    0x05953, 0x059E1, 0x059DE, 0x059EE, 0x05A00, 0x059F1, 0x059DD, 0x059FA, 0x059FD, 0x059FC,
    0x059F6, 0x059E4, 0x059F2, 0x059F7, 0x059DB, 0x059E9, 0x059F3, 0x059F5, 0x059E0, 0x059FE,
    0x059F4, 0x059ED, 0x05BA8, 0x05C4C, 0x05CD0, 0x05CD8, 0x05CCC, 0x05CD7, 0x05CCB, 0x05CDB,
    0x05CDE, 0x05CDA, 0x05CC9, 0x05CC7, 0x05CCA, 0x05CD6, 0x05CD3, 0x05CD4, 0x05CCF, 0x05CC8,
    0x05CC6, 0x05CCE, 0x05CDF, 0x05CF8, 0x05DF9, 0x05E21, 0x05E22, 0x05E23, 0x05E20, 0x05E24,
    0x05EB0, 0x05EA4, 0x05EA2, 0x05E9B, 0x05EA3, 0x05EA5, 0x05F07, 0x05F2E, 0x05F56, 0x05F86,
    0x06037, 0x06039, 0x06054, 0x06072, 0x0605E, 0x06045, 0x06053, 0x06047, 0x06049, 0x0605B,
    0x0604C, 0x06040, 0x06042, 0x0605F, 0x06024, 0x06044, 0x06058, 0x06066, 0x0606E, 0x06242,
    0x06243, 0x062CF, 0x0630D, 0x0630B, 0x062F5, 0x0630E, 0x06303, 0x062EB, 0x062F9, 0x0630F,
    0x0630C, 0x062F8, 0x062F6, 0x06300, 0x06313, 0x06314, 0x062FA, 0x06315, 0x062FB, 0x062F0,
    0x06541, 0x06543, 0x065AA, 0x065BF, 0x06636, 0x06621, 0x06632, 0x06635, 0x0661C, 0x06626,
    0x06622, 0x06633, 0x0662B, 0x0663A, 0x0661D, 0x06634, 0x06639, 0x0662E, 0x0670F, 0x06710,
    0x067C1, 0x067F2, 0x067C8, 0x067BA, 0x067DC, 0x067BB, 0x067F8, 0x067D8, 0x067C0, 0x067B7,
    0x067C5, 0x067EB, 0x067E4, 0x067DF, 0x067B5, 0x067CD, 0x067B3, 0x067F7, 0x067F6, 0x067EE,
    0x067E3, 0x067C2, 0x067B9, 0x067CE, 0x067E7, 0x067F0, 0x067B2, 0x067FC, 0x067C6, 0x067ED,
    0x067CC, 0x067AE, 0x067E6, 0x067DB, 0x067FA, 0x067C9, 0x067CA, 0x067C3, 0x067EA, 0x067CB,
    0x06B28, 0x06B82, 0x06B84, 0x06BB6, 0x06BD6, 0x06BD8, 0x06BE0, 0x06C20, 0x06C21, 0x06D28,
    0x06D34, 0x06D2D, 0x06D1F, 0x06D3C, 0x06D3F, 0x06D12, 0x06D0A, 0x06CDA, 0x06D33, 0x06D04,
    0x06D19, 0x06D3A, 0x06D1A, 0x06D11, 0x06D00, 0x06D1D, 0x06D42, 0x06D01, 0x06D18, 0x06D37,
    0x06D03, 0x06D0F, 0x06D40, 0x06D07, 0x06D20, 0x06D2C, 0x06D08, 0x06D22, 0x06D09, 0x06D10,
    0x070B7, 0x0709F, 0x070BE, 0x070B1, 0x070B0, 0x070A1, 0x070B4, 0x070B5, 0x070A9, 0x07241,
    0x07249, 0x0724A, 0x0726C, 0x07270, 0x07273, 0x0726E, 0x072CA, 0x072E4, 0x072E8, 0x072EB,
    0x072DF, 0x072EA, 0x072E6, 0x072E3, 0x07385, 0x073CC, 0x073C2, 0x073C8, 0x073C5, 0x073B9,
    0x073B6, 0x073B5, 0x073B4, 0x073EB, 0x073BF, 0x073C7, 0x073BE, 0x073C3, 0x073C6, 0x073B8,
    0x073CB, 0x074EC, 0x074EE, 0x0752E, 0x07547, 0x07548, 0x075A7, 0x075AA, 0x07679, 0x076C4,
    0x07708, 0x07703, 0x07704, 0x07705, 0x0770A, 0x076F7, 0x076FB, 0x076FA, 0x077E7, 0x077E8,
    0x07806, 0x07811, 0x07812, 0x07805, 0x07810, 0x0780F, 0x0780E, 0x07809, 0x07803, 0x07813,
    0x0794A, 0x0794C, 0x0794B, 0x07945, 0x07944, 0x079D5, 0x079CD, 0x079CF, 0x079D6, 0x079CE,
    0x07A80, 0x07A7E, 0x07AD1, 0x07B00, 0x07B01, 0x07C7A, 0x07C78, 0x07C79, 0x07C7F, 0x07C80,
    0x07C81, 0x07D03, 0x07D08, 0x07D01, 0x07F58, 0x07F91, 0x07F8D, 0x07FBE, 0x08007, 0x0800E,
    0x0800F, 0x08014, 0x08037, 0x080D8, 0x080C7, 0x080E0, 0x080D1, 0x080C8, 0x080C2, 0x080D0,
    0x080C5, 0x080E3, 0x080D9, 0x080DC, 0x080CA, 0x080D5, 0x080C9, 0x080CF, 0x080D7, 0x080E6,
    0x080CD, 0x081FF, 0x08221, 0x08294, 0x082D9, 0x082FE, 0x082F9, 0x08307, 0x082E8, 0x08300,
    0x082D5, 0x0833A, 0x082EB, 0x082D6, 0x082F4, 0x082EC, 0x082E1, 0x082F2, 0x082F5, 0x0830C,
    0x082FB, 0x082F6, 0x082F0, 0x082EA, 0x082E4, 0x082E0, 0x082FA, 0x082F3, 0x082ED, 0x08677,
    0x08674, 0x0867C, 0x08673, 0x08841, 0x0884E, 0x08867, 0x0886A, 0x08869, 0x089D3, 0x08A04,
    0x08A07, 0x08D72, 0x08FE3, 0x08FE1, 0x08FEE, 0x08FE0, 0x090F1, 0x090BD, 0x090BF, 0x090D5,
    0x090C5, 0x090BE, 0x090C7, 0x090CB, 0x090C8, 0x091D4, 0x091D3, 0x09654, 0x0964F, 0x09651,
    0x09653, 0x0964A, 0x0964E, 0x0501E, 0x05005, 0x05007, 0x05013, 0x05022, 0x05030, 0x0501B,
    0x04FF5, 0x04FF4, 0x05033, 0x05037, 0x0502C, 0x04FF6, 0x04FF7, 0x05017, 0x0501C, 0x05020,
    0x05027, 0x05035, 0x0502F, 0x05031, 0x0500E, 0x0515A, 0x05194, 0x05193, 0x051CA, 0x051C4,
    0x051C5, 0x051C8, 0x051CE, 0x05261, 0x0525A, 0x05252, 0x0525E, 0x0525F, 0x05255, 0x05262,
    0x052CD, 0x0530E, 0x0539E, 0x05526, 0x054E2, 0x05517, 0x05512, 0x054E7, 0x054F3, 0x054E4,
    0x0551A, 0x054FF, 0x05504, 0x05508, 0x054EB, 0x05511, 0x05505, 0x054F1, 0x0550A, 0x054FB,
    0x054F7, 0x054F8, 0x054E0, 0x0550E, 0x05503, 0x0550B, 0x05701, 0x05702, 0x057CC, 0x05832,
    0x057D5, 0x057D2, 0x057BA, 0x057C6, 0x057BD, 0x057BC, 0x057B8, 0x057B6, 0x057BF, 0x057C7,
    0x057D0, 0x057B9, 0x057C1, 0x0590E, 0x0594A, 0x05A19, 0x05A16, 0x05A2D, 0x05A2E, 0x05A15,
    0x05A0F, 0x05A17, 0x05A0A, 0x05A1E, 0x05A33, 0x05B6C, 0x05BA7, 0x05BAD, 0x05BAC, 0x05C03,
    0x05C56, 0x05C54, 0x05CEC, 0x05CFF, 0x05CEE, 0x05CF1, 0x05CF7, 0x05D00, 0x05CF9, 0x05E29,
    0x05E28, 0x05EA8, 0x05EAE, 0x05EAA, 0x05EAC, 0x05F33, 0x05F30, 0x05F67, 0x0605D, 0x0605A,
    0x06067, 0x06041, 0x060A2, 0x06088, 0x06080, 0x06092, 0x06081, 0x0609D, 0x06083, 0x06095,
    0x0609B, 0x06097, 0x06087, 0x0609C, 0x0608E, 0x06219, 0x06246, 0x062F2, 0x06310, 0x06356,
    0x0632C, 0x06344, 0x06345, 0x06336, 0x06343, 0x063E4, 0x06339, 0x0634B, 0x0634A, 0x0633C,
    0x06329, 0x06341, 0x06334, 0x06358, 0x06354, 0x06359, 0x0632D, 0x06347, 0x06333, 0x0635A,
    0x06351, 0x06338, 0x06357, 0x06340, 0x06348, 0x0654A, 0x06546, 0x065C6, 0x065C3, 0x065C4,
    0x065C2, 0x0664A, 0x0665F, 0x06647, 0x06651, 0x06712, 0x06713, 0x0681F, 0x0681A, 0x06849,
    0x06832, 0x06833, 0x0683B, 0x0684B, 0x0684F, 0x06816, 0x06831, 0x0681C, 0x06835, 0x0682B,
    0x0682D, 0x0682F, 0x0684E, 0x06844, 0x06834, 0x0681D, 0x06812, 0x06814, 0x06826, 0x06828,
    0x0682E, 0x0684D, 0x0683A, 0x06825, 0x06820, 0x06B2C, 0x06B2F, 0x06B2D, 0x06B31, 0x06B34,
    0x06B6D, 0x08082, 0x06B88, 0x06BE6, 0x06BE4, 0x06BE8, 0x06BE3, 0x06BE2, 0x06BE7, 0x06C25,
    0x06D7A, 0x06D63, 0x06D64, 0x06D76, 0x06D0D, 0x06D61, 0x06D92, 0x06D58, 0x06D62, 0x06D6D,
    0x06D6F, 0x06D91, 0x06D8D, 0x06DEF, 0x06D7F, 0x06D86, 0x06D5E, 0x06D67, 0x06D60, 0x06D97,
    0x06D70, 0x06D7C, 0x06D5F, 0x06D82, 0x06D98, 0x06D2F, 0x06D68, 0x06D8B, 0x06D7E, 0x06D80,
    0x06D84, 0x06D16, 0x06D83, 0x06D7B, 0x06D7D, 0x06D75, 0x06D90, 0x070DC, 0x070D3, 0x070D1,
    0x070DD, 0x070CB, 0x07F39, 0x070E2, 0x070D7, 0x070D2, 0x070DE, 0x070E0, 0x070D4, 0x070CD,
    0x070C5, 0x070C6, 0x070C7, 0x070DA, 0x070CE, 0x070E1, 0x07242, 0x07278, 0x07277, 0x07276,
    0x07300, 0x072FA, 0x072F4, 0x072FE, 0x072F6, 0x072F3, 0x072FB, 0x07301, 0x073D3, 0x073D9,
    0x073E5, 0x073D6, 0x073BC, 0x073E7, 0x073E3, 0x073E9, 0x073DC, 0x073D2, 0x073DB, 0x073D4,
    0x073DD, 0x073DA, 0x073D7, 0x073D8, 0x073E8, 0x074DE, 0x074DF, 0x074F4, 0x074F5, 0x07521,
    0x0755B, 0x0755F, 0x075B0, 0x075C1, 0x075BB, 0x075C4, 0x075C0, 0x075BF, 0x075B6, 0x075BA,
    0x0768A, 0x076C9, 0x0771D, 0x0771B, 0x07710, 0x07713, 0x07712, 0x07723, 0x07711, 0x07715,
    0x07719, 0x0771A, 0x07722, 0x07727, 0x07823, 0x0782C, 0x07822, 0x07835, 0x0782F, 0x07828,
    0x0782E, 0x0782B, 0x07821, 0x07829, 0x07833, 0x0782A, 0x07831, 0x07954, 0x0795B, 0x0794F,
    0x0795C, 0x07953, 0x07952, 0x07951, 0x079EB, 0x079EC, 0x079E0, 0x079EE, 0x079ED, 0x079EA,
    0x079DC, 0x079DE, 0x079DD, 0x07A86, 0x07A89, 0x07A85, 0x07A8B, 0x07A8C, 0x07A8A, 0x07A87,
    0x07AD8, 0x07B10, 0x07B04, 0x07B13, 0x07B05, 0x07B0F, 0x07B08, 0x07B0A, 0x07B0E, 0x07B09,
    0x07B12, 0x07C84, 0x07C91, 0x07C8A, 0x07C8C, 0x07C88, 0x07C8D, 0x07C85, 0x07D1E, 0x07D1D,
    0x07D11, 0x07D0E, 0x07D18, 0x07D16, 0x07D13, 0x07D1F, 0x07D12, 0x07D0F, 0x07D0C, 0x07F5C,
    0x07F61, 0x07F5E, 0x07F60, 0x07F5D, 0x07F5B, 0x07F96, 0x07F92, 0x07FC3, 0x07FC2, 0x07FC0,
    0x08016, 0x0803E, 0x08039, 0x080FA, 0x080F2, 0x080F9, 0x080F5, 0x08101, 0x080FB, 0x08100,
    0x08201, 0x0822F, 0x08225, 0x08333, 0x0832D, 0x08344, 0x08319, 0x08351, 0x08325, 0x08356,
    0x0833F, 0x08341, 0x08326, 0x0831C, 0x08322, 0x08342, 0x0834E, 0x0831B, 0x0832A, 0x08308,
    0x0833C, 0x0834D, 0x08316, 0x08324, 0x08320, 0x08337, 0x0832F, 0x08329, 0x08347, 0x08345,
    0x0834C, 0x08353, 0x0831E, 0x0832C, 0x0834B, 0x08327, 0x08348, 0x08653, 0x08652, 0x086A2,
    0x086A8, 0x08696, 0x0868D, 0x08691, 0x0869E, 0x08687, 0x08697, 0x08686, 0x0868B, 0x0869A,
    0x08685, 0x086A5, 0x08699, 0x086A1, 0x086A7, 0x08695, 0x08698, 0x0868E, 0x0869D, 0x08690,
    0x08694, 0x08843, 0x08844, 0x0886D, 0x08875, 0x08876, 0x08872, 0x08880, 0x08871, 0x0887F,
    0x0886F, 0x08883, 0x0887E, 0x08874, 0x0887C, 0x08A12, 0x08C47, 0x08C57, 0x08C7B, 0x08CA4,
    0x08CA3, 0x08D76, 0x08D78, 0x08DB5, 0x08DB7, 0x08DB6, 0x08ED1, 0x08ED3, 0x08FFE, 0x08FF5,
    0x09002, 0x08FFF, 0x08FFB, 0x09004, 0x08FFC, 0x08FF6, 0x090D6, 0x090E0, 0x090D9, 0x090DA,
    0x090E3, 0x090DF, 0x090E5, 0x090D8, 0x090DB, 0x090D7, 0x090DC, 0x090E4, 0x09150, 0x0914E,
    0x0914F, 0x091D5, 0x091E2, 0x091DA, 0x0965C, 0x0965F, 0x096BC, 0x098E3, 0x09ADF, 0x09B2F,
    0x04E7F, 0x05070, 0x0506A, 0x05061, 0x0505E, 0x05060, 0x05053, 0x0504B, 0x0505D, 0x05072,
    0x05048, 0x0504D, 0x05041, 0x0505B, 0x0504A, 0x05062, 0x05015, 0x05045, 0x0505F, 0x05069,
    0x0506B, 0x05063, 0x05064, 0x05046, 0x05040, 0x0506E, 0x05073, 0x05057, 0x05051, 0x051D0,
    0x0526B, 0x0526D, 0x0526C, 0x0526E, 0x052D6, 0x052D3, 0x0532D, 0x0539C, 0x05575, 0x05576,
    0x0553C, 0x0554D, 0x05550, 0x05534, 0x0552A, 0x05551, 0x05562, 0x05536, 0x05535, 0x05530,
    0x05552, 0x05545, 0x0550C, 0x05532, 0x05565, 0x0554E, 0x05539, 0x05548, 0x0552D, 0x0553B,
    0x05540, 0x0554B, 0x0570A, 0x05707, 0x057FB, 0x05814, 0x057E2, 0x057F6, 0x057DC, 0x057F4,
    0x05800, 0x057ED, 0x057FD, 0x05808, 0x057F8, 0x0580B, 0x057F3, 0x057CF, 0x05807, 0x057EE,
    0x057E3, 0x057F2, 0x057E5, 0x057EC, 0x057E1, 0x0580E, 0x057FC, 0x05810, 0x057E7, 0x05801,
    0x0580C, 0x057F1, 0x057E9, 0x057F0, 0x0580D, 0x05804, 0x0595C, 0x05A60, 0x05A58, 0x05A55,
    0x05A67, 0x05A5E, 0x05A38, 0x05A35, 0x05A6D, 0x05A50, 0x05A5F, 0x05A65, 0x05A6C, 0x05A53,
    0x05A64, 0x05A57, 0x05A43, 0x05A5D, 0x05A52, 0x05A44, 0x05A5B, 0x05A48, 0x05A8E, 0x05A3E,
    0x05A4D, 0x05A39, 0x05A4C, 0x05A70, 0x05A69, 0x05A47, 0x05A51, 0x05A56, 0x05A42, 0x05A5C,
    0x05B72, 0x05B6E, 0x05BC1, 0x05BC0, 0x05C59, 0x05D1E, 0x05D0B, 0x05D1D, 0x05D1A, 0x05D20,
    0x05D0C, 0x05D28, 0x05D0D, 0x05D26, 0x05D25, 0x05D0F, 0x05D30, 0x05D12, 0x05D23, 0x05D1F,
    0x05D2E, 0x05E3E, 0x05E34, 0x05EB1, 0x05EB4, 0x05EB9, 0x05EB2, 0x05EB3, 0x05F36, 0x05F38,
    0x05F9B, 0x05F96, 0x05F9F, 0x0608A, 0x06090, 0x06086, 0x060BE, 0x060B0, 0x060BA, 0x060D3,
    0x060D4, 0x060CF, 0x060E4, 0x060D9, 0x060DD, 0x060C8, 0x060B1, 0x060DB, 0x060B7, 0x060CA,
    0x060BF, 0x060C3, 0x060CD, 0x060C0, 0x06332, 0x06365, 0x0638A, 0x06382, 0x0637D, 0x063BD,
    0x0639E, 0x063AD, 0x0639D, 0x06397, 0x063AB, 0x0638E, 0x0636F, 0x06387, 0x06390, 0x0636E,
    0x063AF, 0x06375, 0x0639C, 0x0636D, 0x063AE, 0x0637C, 0x063A4, 0x0633B, 0x0639F, 0x06378,
    0x06385, 0x06381, 0x06391, 0x0638D, 0x06370, 0x06553, 0x065CD, 0x06665, 0x06661, 0x0665B,
    0x06659, 0x0665C, 0x06662, 0x06718, 0x06879, 0x06887, 0x06890, 0x0689C, 0x0686D, 0x0686E,
    0x068AE, 0x068AB, 0x06956, 0x0686F, 0x068A3, 0x068AC, 0x068A9, 0x06875, 0x06874, 0x068B2,
    0x0688F, 0x06877, 0x06892, 0x0687C, 0x0686B, 0x06872, 0x068AA, 0x06880, 0x06871, 0x0687E,
    0x0689B, 0x06896, 0x0688B, 0x068A0, 0x06889, 0x068A4, 0x06878, 0x0687B, 0x06891, 0x0688C,
    0x0688A, 0x0687D, 0x06B36, 0x06B33, 0x06B37, 0x06B38, 0x06B91, 0x06B8F, 0x06B8D, 0x06B8E,
    0x06B8C, 0x06C2A, 0x06DC0, 0x06DAB, 0x06DB4, 0x06DB3, 0x06E74, 0x06DAC, 0x06DE9, 0x06DE2,
    0x06DB7, 0x06DF6, 0x06DD4, 0x06E00, 0x06DC8, 0x06DE0, 0x06DDF, 0x06DD6, 0x06DBE, 0x06DE5,
    0x06DDC, 0x06DDD, 0x06DDB, 0x06DF4, 0x06DCA, 0x06DBD, 0x06DED, 0x06DF0, 0x06DBA, 0x06DD5,
    0x06DC2, 0x06DCF, 0x06DC9, 0x06DD0, 0x06DF2, 0x06DD3, 0x06DFD, 0x06DD7, 0x06DCD, 0x06DE3,
    0x06DBB, 0x070FA, 0x0710D, 0x070F7, 0x07117, 0x070F4, 0x0710C, 0x070F0, 0x07104, 0x070F3,
    0x07110, 0x070FC, 0x070FF, 0x07106, 0x07113, 0x07100, 0x070F8, 0x070F6, 0x0710B, 0x07102,
    0x0710E, 0x0727E, 0x0727B, 0x0727C, 0x0727F, 0x0731D, 0x07317, 0x07307, 0x07311, 0x07318,
    0x0730A, 0x07308, 0x072FF, 0x0730F, 0x0731E, 0x07388, 0x073F6, 0x073F8, 0x073F5, 0x07404,
    0x07401, 0x073FD, 0x07407, 0x07400, 0x073FA, 0x073FC, 0x073FF, 0x0740C, 0x0740B, 0x073F4,
    0x07408, 0x07564, 0x07563, 0x075CE, 0x075D2, 0x075CF, 0x075CB, 0x075CC, 0x075D1, 0x075D0,
    0x0768F, 0x07689, 0x076D3, 0x07739, 0x0772F, 0x0772D, 0x07731, 0x07732, 0x07734, 0x07733,
    0x0773D, 0x07725, 0x0773B, 0x07735, 0x07848, 0x07852, 0x07849, 0x0784D, 0x0784A, 0x0784C,
    0x07826, 0x07845, 0x07850, 0x07964, 0x07967, 0x07969, 0x0796A, 0x07963, 0x0796B, 0x07961,
    0x079BB, 0x079FA, 0x079F8, 0x079F6, 0x079F7, 0x07A8F, 0x07A94, 0x07A90, 0x07B35, 0x07B47,
    0x07B34, 0x07B25, 0x07B30, 0x07B22, 0x07B24, 0x07B33, 0x07B18, 0x07B2A, 0x07B1D, 0x07B31,
    0x07B2B, 0x07B2D, 0x07B2F, 0x07B32, 0x07B38, 0x07B1A, 0x07B23, 0x07C94, 0x07C98, 0x07C96,
    0x07CA3, 0x07D35, 0x07D3D, 0x07D38, 0x07D36, 0x07D3A, 0x07D45, 0x07D2C, 0x07D29, 0x07D41,
    0x07D47, 0x07D3E, 0x07D3F, 0x07D4A, 0x07D3B, 0x07D28, 0x07F63, 0x07F95, 0x07F9C, 0x07F9D,
    0x07F9B, 0x07FCA, 0x07FCB, 0x07FCD, 0x07FD0, 0x07FD1, 0x07FC7, 0x07FCF, 0x07FC9, 0x0801F,
    0x0801E, 0x0801B, 0x08047, 0x08043, 0x08048, 0x08118, 0x08125, 0x08119, 0x0811B, 0x0812D,
    0x0811F, 0x0812C, 0x0811E, 0x08121, 0x08115, 0x08127, 0x0811D, 0x08122, 0x08211, 0x08238,
    0x08233, 0x0823A, 0x08234, 0x08232, 0x08274, 0x08390, 0x083A3, 0x083A8, 0x0838D, 0x0837A,
    0x08373, 0x083A4, 0x08374, 0x0838F, 0x08381, 0x08395, 0x08399, 0x08375, 0x08394, 0x083A9,
    0x0837D, 0x08383, 0x0838C, 0x0839D, 0x0839B, 0x083AA, 0x0838B, 0x0837E, 0x083A5, 0x083AF,
    0x08388, 0x08397, 0x083B0, 0x0837F, 0x083A6, 0x08387, 0x083AE, 0x08376, 0x0839A, 0x08659,
    0x08656, 0x086BF, 0x086B7, 0x086C2, 0x086C1, 0x086C5, 0x086BA, 0x086B0, 0x086C8, 0x086B9,
    0x086B3, 0x086B8, 0x086CC, 0x086B4, 0x086BB, 0x086BC, 0x086C3, 0x086BD, 0x086BE, 0x08852,
    0x08889, 0x08895, 0x088A8, 0x088A2, 0x088AA, 0x0889A, 0x08891, 0x088A1, 0x0889F, 0x08898,
    0x088A7, 0x08899, 0x0889B, 0x08897, 0x088A4, 0x088AC, 0x0888C, 0x08893, 0x0888E, 0x08982,
    0x089D6, 0x089D9, 0x089D5, 0x08A30, 0x08A27, 0x08A2C, 0x08A1E, 0x08C39, 0x08C3B, 0x08C5C,
    0x08C5D, 0x08C7D, 0x08CA5, 0x08D7D, 0x08D7B, 0x08D79, 0x08DBC, 0x08DC2, 0x08DB9, 0x08DBF,
    0x08DC1, 0x08ED8, 0x08EDE, 0x08EDD, 0x08EDC, 0x08ED7, 0x08EE0, 0x08EE1, 0x09024, 0x0900B,
    0x09011, 0x0901C, 0x0900C, 0x09021, 0x090EF, 0x090EA, 0x090F0, 0x090F4, 0x090F2, 0x090F3,
    0x090D4, 0x090EB, 0x090EC, 0x090E9, 0x09156, 0x09158, 0x0915A, 0x09153, 0x09155, 0x091EC,
    0x091F4, 0x091F1, 0x091F3, 0x091F8, 0x091E4, 0x091F9, 0x091EA, 0x091EB, 0x091F7, 0x091E8,
    0x091EE, 0x0957A, 0x09586, 0x09588, 0x0967C, 0x0966D, 0x0966B, 0x09671, 0x0966F, 0x096BF,
    0x0976A, 0x09804, 0x098E5, 0x09997, 0x0509B, 0x05095, 0x05094, 0x0509E, 0x0508B, 0x050A3,
    0x05083, 0x0508C, 0x0508E, 0x0509D, 0x05068, 0x0509C, 0x05092, 0x05082, 0x05087, 0x0515F,
    0x051D4, 0x05312, 0x05311, 0x053A4, 0x053A7, 0x05591, 0x055A8, 0x055A5, 0x055AD, 0x05577,
    0x05645, 0x055A2, 0x05593, 0x05588, 0x0558F, 0x055B5, 0x05581, 0x055A3, 0x05592, 0x055A4,
    0x0557D, 0x0558C, 0x055A6, 0x0557F, 0x05595, 0x055A1, 0x0558E, 0x0570C, 0x05829, 0x05837,
    0x05819, 0x0581E, 0x05827, 0x05823, 0x05828, 0x057F5, 0x05848, 0x05825, 0x0581C, 0x0581B,
    0x05833, 0x0583F, 0x05836, 0x0582E, 0x05839, 0x05838, 0x0582D, 0x0582C, 0x0583B, 0x05961,
    0x05AAF, 0x05A94, 0x05A9F, 0x05A7A, 0x05AA2, 0x05A9E, 0x05A78, 0x05AA6, 0x05A7C, 0x05AA5,
    0x05AAC, 0x05A95, 0x05AAE, 0x05A37, 0x05A84, 0x05A8A, 0x05A97, 0x05A83, 0x05A8B, 0x05AA9,
    0x05A7B, 0x05A7D, 0x05A8C, 0x05A9C, 0x05A8F, 0x05A93, 0x05A9D, 0x05BEA, 0x05BCD, 0x05BCB,
    0x05BD4, 0x05BD1, 0x05BCA, 0x05BCE, 0x05C0C, 0x05C30, 0x05D37, 0x05D43, 0x05D6B, 0x05D41,
    0x05D4B, 0x05D3F, 0x05D35, 0x05D51, 0x05D4E, 0x05D55, 0x05D33, 0x05D3A, 0x05D52, 0x05D3D,
    0x05D31, 0x05D59, 0x05D42, 0x05D39, 0x05D49, 0x05D38, 0x05D3C, 0x05D32, 0x05D36, 0x05D40,
    0x05D45, 0x05E44, 0x05E41, 0x05F58, 0x05FA6, 0x05FA5, 0x05FAB, 0x060C9, 0x060B9, 0x060CC,
    0x060E2, 0x060CE, 0x060C4, 0x06114, 0x060F2, 0x0610A, 0x06116, 0x06105, 0x060F5, 0x06113,
    0x060F8, 0x060FC, 0x060FE, 0x060C1, 0x06103, 0x06118, 0x0611D, 0x06110, 0x060FF, 0x06104,
    0x0610B, 0x0624A, 0x06394, 0x063B1, 0x063B0, 0x063CE, 0x063E5, 0x063E8, 0x063EF, 0x063C3,
    0x0649D, 0x063F3, 0x063CA, 0x063E0, 0x063F6, 0x063D5, 0x063F2, 0x063F5, 0x06461, 0x063DF,
    0x063BE, 0x063DD, 0x063DC, 0x063C4, 0x063D8, 0x063D3, 0x063C2, 0x063C7, 0x063CC, 0x063CB,
    0x063C8, 0x063F0, 0x063D7, 0x063D9, 0x06532, 0x06567, 0x0656A, 0x06564, 0x0655C, 0x06568,
    0x06565, 0x0658C, 0x0659D, 0x0659E, 0x065AE, 0x065D0, 0x065D2, 0x0667C, 0x0666C, 0x0667B,
    0x06680, 0x06671, 0x06679, 0x0666A, 0x06672, 0x06701, 0x0690C, 0x068D3, 0x06904, 0x068DC,
    0x0692A, 0x068EC, 0x068EA, 0x068F1, 0x0690F, 0x068D6, 0x068F7, 0x068EB, 0x068E4, 0x068F6,
    0x06913, 0x06910, 0x068F3, 0x068E1, 0x06907, 0x068CC, 0x06908, 0x06970, 0x068B4, 0x06911,
    0x068EF, 0x068C6, 0x06914, 0x068F8, 0x068D0, 0x068FD, 0x068FC, 0x068E8, 0x0690B, 0x0690A,
    0x06917, 0x068CE, 0x068C8, 0x068DD, 0x068DE, 0x068E6, 0x068F4, 0x068D1, 0x06906, 0x068D4,
    0x068E9, 0x06915, 0x06925, 0x068C7, 0x06B39, 0x06B3B, 0x06B3F, 0x06B3C, 0x06B94, 0x06B97,
    0x06B99, 0x06B95, 0x06BBD, 0x06BF0, 0x06BF2, 0x06BF3, 0x06C30, 0x06DFC, 0x06E46, 0x06E47,
    0x06E1F, 0x06E49, 0x06E88, 0x06E3C, 0x06E3D, 0x06E45, 0x06E62, 0x06E2B, 0x06E3F, 0x06E41,
    0x06E5D, 0x06E73, 0x06E1C, 0x06E33, 0x06E4B, 0x06E40, 0x06E51, 0x06E3B, 0x06E03, 0x06E2E,
    0x06E5E, 0x06E68, 0x06E5C, 0x06E61, 0x06E31, 0x06E28, 0x06E60, 0x06E71, 0x06E6B, 0x06E39,
    0x06E22, 0x06E30, 0x06E53, 0x06E65, 0x06E27, 0x06E78, 0x06E64, 0x06E77, 0x06E55, 0x06E79,
    0x06E52, 0x06E66, 0x06E35, 0x06E36, 0x06E5A, 0x07120, 0x0711E, 0x0712F, 0x070FB, 0x0712E,
    0x07131, 0x07123, 0x07125, 0x07122, 0x07132, 0x0711F, 0x07128, 0x0713A, 0x0711B, 0x0724B,
    0x0725A, 0x07288, 0x07289, 0x07286, 0x07285, 0x0728B, 0x07312, 0x0730B, 0x07330, 0x07322,
    0x07331, 0x07333, 0x07327, 0x07332, 0x0732D, 0x07326, 0x07323, 0x07335, 0x0730C, 0x0742E,
    0x0742C, 0x07430, 0x0742B, 0x07416, 0x0741A, 0x07421, 0x0742D, 0x07431, 0x07424, 0x07423,
    0x0741D, 0x07429, 0x07420, 0x07432, 0x074FB, 0x0752F, 0x0756F, 0x0756C, 0x075E7, 0x075DA,
    0x075E1, 0x075E6, 0x075DD, 0x075DF, 0x075E4, 0x075D7, 0x07695, 0x07692, 0x076DA, 0x07746,
    0x07747, 0x07744, 0x0774D, 0x07745, 0x0774A, 0x0774E, 0x0774B, 0x0774C, 0x077DE, 0x077EC,
    0x07860, 0x07864, 0x07865, 0x0785C, 0x0786D, 0x07871, 0x0786A, 0x0786E, 0x07870, 0x07869,
    0x07868, 0x0785E, 0x07862, 0x07974, 0x07973, 0x07972, 0x07970, 0x07A02, 0x07A0A, 0x07A03,
    0x07A0C, 0x07A04, 0x07A99, 0x07AE6, 0x07AE4, 0x07B4A, 0x07B3B, 0x07B44, 0x07B48, 0x07B4C,
    0x07B4E, 0x07B40, 0x07B58, 0x07B45, 0x07CA2, 0x07C9E, 0x07CA8, 0x07CA1, 0x07D58, 0x07D6F,
    0x07D63, 0x07D53, 0x07D56, 0x07D67, 0x07D6A, 0x07D4F, 0x07D6D, 0x07D5C, 0x07D6B, 0x07D52,
    0x07D54, 0x07D69, 0x07D51, 0x07D5F, 0x07D4E, 0x07F3E, 0x07F3F, 0x07F65, 0x07F66, 0x07FA2,
    0x07FA0, 0x07FA1, 0x07FD7, 0x08051, 0x0804F, 0x08050, 0x080FE, 0x080D4, 0x08143, 0x0814A,
    0x08152, 0x0814F, 0x08147, 0x0813D, 0x0814D, 0x0813A, 0x081E6, 0x081EE, 0x081F7, 0x081F8,
    0x081F9, 0x08204, 0x0823C, 0x0823D, 0x0823F, 0x08275, 0x0833B, 0x083CF, 0x083F9, 0x08423,
    0x083C0, 0x083E8, 0x08412, 0x083E7, 0x083E4, 0x083FC, 0x083F6, 0x08410, 0x083C6, 0x083C8,
    0x083EB, 0x083E3, 0x083BF, 0x08401, 0x083DD, 0x083E5, 0x083D8, 0x083FF, 0x083E1, 0x083CB,
    0x083CE, 0x083D6, 0x083F5, 0x083C9, 0x08409, 0x0840F, 0x083DE, 0x08411, 0x08406, 0x083C2,
    0x083F3, 0x083D5, 0x083FA, 0x083C7, 0x083D1, 0x083EA, 0x08413, 0x083C3, 0x083EC, 0x083EE,
    0x083C4, 0x083FB, 0x083D7, 0x083E2, 0x0841B, 0x083DB, 0x083FE, 0x086D8, 0x086E2, 0x086E6,
    0x086D3, 0x086E3, 0x086DA, 0x086EA, 0x086DD, 0x086EB, 0x086DC, 0x086EC, 0x086E9, 0x086D7,
    0x086E8, 0x086D1, 0x08848, 0x08856, 0x08855, 0x088BA, 0x088D7, 0x088B9, 0x088B8, 0x088C0,
    0x088BE, 0x088B6, 0x088BC, 0x088B7, 0x088BD, 0x088B2, 0x08901, 0x088C9, 0x08995, 0x08998,
    0x08997, 0x089DD, 0x089DA, 0x089DB, 0x08A4E, 0x08A4D, 0x08A39, 0x08A59, 0x08A40, 0x08A57,
    0x08A58, 0x08A44, 0x08A45, 0x08A52, 0x08A48, 0x08A51, 0x08A4A, 0x08A4C, 0x08A4F, 0x08C5F,
    0x08C81, 0x08C80, 0x08CBA, 0x08CBE, 0x08CB0, 0x08CB9, 0x08CB5, 0x08D84, 0x08D80, 0x08D89,
    0x08DD8, 0x08DD3, 0x08DCD, 0x08DC7, 0x08DD6, 0x08DDC, 0x08DCF, 0x08DD5, 0x08DD9, 0x08DC8,
    0x08DD7, 0x08DC5, 0x08EEF, 0x08EF7, 0x08EFA, 0x08EF9, 0x08EE6, 0x08EEE, 0x08EE5, 0x08EF5,
    0x08EE7, 0x08EE8, 0x08EF6, 0x08EEB, 0x08EF1, 0x08EEC, 0x08EF4, 0x08EE9, 0x0902D, 0x09034,
    0x0902F, 0x09106, 0x0912C, 0x09104, 0x090FF, 0x090FC, 0x09108, 0x090F9, 0x090FB, 0x09101,
    0x09100, 0x09107, 0x09105, 0x09103, 0x09161, 0x09164, 0x0915F, 0x09162, 0x09160, 0x09201,
    0x0920A, 0x09225, 0x09203, 0x0921A, 0x09226, 0x0920F, 0x0920C, 0x09200, 0x09212, 0x091FF,
    0x091FD, 0x09206, 0x09204, 0x09227, 0x09202, 0x0921C, 0x09224, 0x09219, 0x09217, 0x09205,
    0x09216, 0x0957B, 0x0958D, 0x0958C, 0x09590, 0x09687, 0x0967E, 0x09688, 0x09689, 0x09683,
    0x09680, 0x096C2, 0x096C8, 0x096C3, 0x096F1, 0x096F0, 0x0976C, 0x09770, 0x0976E, 0x09807,
    0x098A9, 0x098EB, 0x09CE6, 0x09EF9, 0x04E83, 0x04E84, 0x04EB6, 0x050BD, 0x050BF, 0x050C6,
    0x050AE, 0x050C4, 0x050CA, 0x050B4, 0x050C8, 0x050C2, 0x050B0, 0x050C1, 0x050BA, 0x050B1,
    0x050CB, 0x050C9, 0x050B6, 0x050B8, 0x051D7, 0x0527A, 0x05278, 0x0527B, 0x0527C, 0x055C3,
    0x055DB, 0x055CC, 0x055D0, 0x055CB, 0x055CA, 0x055DD, 0x055C0, 0x055D4, 0x055C4, 0x055E9,
    0x055BF, 0x055D2, 0x0558D, 0x055CF, 0x055D5, 0x055E2, 0x055D6, 0x055C8, 0x055F2, 0x055CD,
    0x055D9, 0x055C2, 0x05714, 0x05853, 0x05868, 0x05864, 0x0584F, 0x0584D, 0x05849, 0x0586F,
    0x05855, 0x0584E, 0x0585D, 0x05859, 0x05865, 0x0585B, 0x0583D, 0x05863, 0x05871, 0x058FC,
    0x05AC7, 0x05AC4, 0x05ACB, 0x05ABA, 0x05AB8, 0x05AB1, 0x05AB5, 0x05AB0, 0x05ABF, 0x05AC8,
    0x05ABB, 0x05AC6, 0x05AB7, 0x05AC0, 0x05ACA, 0x05AB4, 0x05AB6, 0x05ACD, 0x05AB9, 0x05A90,
    0x05BD6, 0x05BD8, 0x05BD9, 0x05C1F, 0x05C33, 0x05D71, 0x05D63, 0x05D4A, 0x05D65, 0x05D72,
    0x05D6C, 0x05D5E, 0x05D68, 0x05D67, 0x05D62, 0x05DF0, 0x05E4F, 0x05E4E, 0x05E4A, 0x05E4D,
    0x05E4B, 0x05EC5, 0x05ECC, 0x05EC6, 0x05ECB, 0x05EC7, 0x05F40, 0x05FAF, 0x05FAD, 0x060F7,
    0x06149, 0x0614A, 0x0612B, 0x06145, 0x06136, 0x06132, 0x0612E, 0x06146, 0x0612F, 0x0614F,
    0x06129, 0x06140, 0x06220, 0x09168, 0x06223, 0x06225, 0x06224, 0x063C5, 0x063F1, 0x063EB,
    0x06410, 0x06412, 0x06409, 0x06420, 0x06424, 0x06433, 0x06443, 0x0641F, 0x06415, 0x06418,
    0x06439, 0x06437, 0x06422, 0x06423, 0x0640C, 0x06426, 0x06430, 0x06428, 0x06441, 0x06435,
    0x0642F, 0x0640A, 0x0641A, 0x06440, 0x06425, 0x06427, 0x0640B, 0x063E7, 0x0641B, 0x0642E,
    0x06421, 0x0640E, 0x0656F, 0x06592, 0x065D3, 0x06686, 0x0668C, 0x06695, 0x06690, 0x0668B,
    0x0668A, 0x06699, 0x06694, 0x06678, 0x06720, 0x06966, 0x0695F, 0x06938, 0x0694E, 0x06962,
    0x06971, 0x0693F, 0x06945, 0x0696A, 0x06939, 0x06942, 0x06957, 0x06959, 0x0697A, 0x06948,
    0x06949, 0x06935, 0x0696C, 0x06933, 0x0693D, 0x06965, 0x068F0, 0x06978, 0x06934, 0x06969,
    0x06940, 0x0696F, 0x06944, 0x06976, 0x06958, 0x06941, 0x06974, 0x0694C, 0x0693B, 0x0694B,
    0x06937, 0x0695C, 0x0694F, 0x06951, 0x06932, 0x06952, 0x0692F, 0x0697B, 0x0693C, 0x06B46,
    0x06B45, 0x06B43, 0x06B42, 0x06B48, 0x06B41, 0x06B9B, 0x0FA0D, 0x06BFB, 0x06BFC, 0x06BF9,
    0x06BF7, 0x06BF8, 0x06E9B, 0x06ED6, 0x06EC8, 0x06E8F, 0x06EC0, 0x06E9F, 0x06E93, 0x06E94,
    0x06EA0, 0x06EB1, 0x06EB9, 0x06EC6, 0x06ED2, 0x06EBD, 0x06EC1, 0x06E9E, 0x06EC9, 0x06EB7,
    0x06EB0, 0x06ECD, 0x06EA6, 0x06ECF, 0x06EB2, 0x06EBE, 0x06EC3, 0x06EDC, 0x06ED8, 0x06E99,
    0x06E92, 0x06E8E, 0x06E8D, 0x06EA4, 0x06EA1, 0x06EBF, 0x06EB3, 0x06ED0, 0x06ECA, 0x06E97,
    0x06EAE, 0x06EA3, 0x07147, 0x07154, 0x07152, 0x07163, 0x07160, 0x07141, 0x0715D, 0x07162,
    0x07172, 0x07178, 0x0716A, 0x07161, 0x07142, 0x07158, 0x07143, 0x0714B, 0x07170, 0x0715F,
    0x07150, 0x07153, 0x07144, 0x0714D, 0x0715A, 0x0724F, 0x0728D, 0x0728C, 0x07291, 0x07290,
    0x0728E, 0x0733C, 0x07342, 0x0733B, 0x0733A, 0x07340, 0x0734A, 0x07349, 0x07444, 0x0744A,
    0x0744B, 0x07452, 0x07451, 0x07457, 0x07440, 0x0744F, 0x07450, 0x0744E, 0x07442, 0x07446,
    0x0744D, 0x07454, 0x074E1, 0x074FF, 0x074FE, 0x074FD, 0x0751D, 0x07579, 0x07577, 0x06983,
    0x075EF, 0x0760F, 0x07603, 0x075F7, 0x075FE, 0x075FC, 0x075F9, 0x075F8, 0x07610, 0x075FB,
    0x075F6, 0x075ED, 0x075F5, 0x075FD, 0x07699, 0x076B5, 0x076DD, 0x07755, 0x0775F, 0x07760,
    0x07752, 0x07756, 0x0775A, 0x07769, 0x07767, 0x07754, 0x07759, 0x0776D, 0x077E0, 0x07887,
    0x0789A, 0x07894, 0x0788F, 0x07884, 0x07895, 0x07885, 0x07886, 0x078A1, 0x07883, 0x07879,
    0x07899, 0x07880, 0x07896, 0x0787B, 0x0797C, 0x07982, 0x0797D, 0x07979, 0x07A11, 0x07A18,
    0x07A19, 0x07A12, 0x07A17, 0x07A15, 0x07A22, 0x07A13, 0x07A1B, 0x07A10, 0x07AA3, 0x07AA2,
    0x07A9E, 0x07AEB, 0x07B66, 0x07B64, 0x07B6D, 0x07B74, 0x07B69, 0x07B72, 0x07B65, 0x07B73,
    0x07B71, 0x07B70, 0x07B61, 0x07B78, 0x07B76, 0x07B63, 0x07CB2, 0x07CB4, 0x07CAF, 0x07D88,
    0x07D86, 0x07D80, 0x07D8D, 0x07D7F, 0x07D85, 0x07D7A, 0x07D8E, 0x07D7B, 0x07D83, 0x07D7C,
    0x07D8C, 0x07D94, 0x07D84, 0x07D7D, 0x07D92, 0x07F6D, 0x07F6B, 0x07F67, 0x07F68, 0x07F6C,
    0x07FA6, 0x07FA5, 0x07FA7, 0x07FDB, 0x07FDC, 0x08021, 0x08164, 0x08160, 0x08177, 0x0815C,
    0x08169, 0x0815B, 0x08162, 0x08172, 0x06721, 0x0815E, 0x08176, 0x08167, 0x0816F, 0x08144,
    0x08161, 0x0821D, 0x08249, 0x08244, 0x08240, 0x08242, 0x08245, 0x084F1, 0x0843F, 0x08456,
    0x08476, 0x08479, 0x0848F, 0x0848D, 0x08465, 0x08451, 0x08440, 0x08486, 0x08467, 0x08430,
    0x0844D, 0x0847D, 0x0845A, 0x08459, 0x08474, 0x08473, 0x0845D, 0x08507, 0x0845E, 0x08437,
    0x0843A, 0x08434, 0x0847A, 0x08443, 0x08478, 0x08432, 0x08445, 0x08429, 0x083D9, 0x0844B,
    0x0842F, 0x08442, 0x0842D, 0x0845F, 0x08470, 0x08439, 0x0844E, 0x0844C, 0x08452, 0x0846F,
    0x084C5, 0x0848E, 0x0843B, 0x08447, 0x08436, 0x08433, 0x08468, 0x0847E, 0x08444, 0x0842B,
    0x08460, 0x08454, 0x0846E, 0x08450, 0x0870B, 0x08704, 0x086F7, 0x0870C, 0x086FA, 0x086D6,
    0x086F5, 0x0874D, 0x086F8, 0x0870E, 0x08709, 0x08701, 0x086F6, 0x0870D, 0x08705, 0x088D6,
    0x088CB, 0x088CD, 0x088CE, 0x088DE, 0x088DB, 0x088DA, 0x088CC, 0x088D0, 0x08985, 0x0899B,
    0x089DF, 0x089E5, 0x089E4, 0x089E1, 0x089E0, 0x089E2, 0x089DC, 0x089E6, 0x08A76, 0x08A86,
    0x08A7F, 0x08A61, 0x08A3F, 0x08A77, 0x08A82, 0x08A84, 0x08A75, 0x08A83, 0x08A81, 0x08A74,
    0x08A7A, 0x08C3C, 0x08C4B, 0x08C4A, 0x08C65, 0x08C64, 0x08C66, 0x08C86, 0x08C84, 0x08C85,
    0x08CCC, 0x08D68, 0x08D69, 0x08D91, 0x08D8C, 0x08D8E, 0x08D8F, 0x08D8D, 0x08D93, 0x08D94,
    0x08D90, 0x08D92, 0x08DF0, 0x08DE0, 0x08DEC, 0x08DF1, 0x08DEE, 0x08DD0, 0x08DE9, 0x08DE3,
    0x08DE2, 0x08DE7, 0x08DF2, 0x08DEB, 0x08DF4, 0x08F06, 0x08EFF, 0x08F01, 0x08F00, 0x08F05,
    0x08F07, 0x08F08, 0x08F02, 0x08F0B, 0x09052, 0x0903F, 0x09044, 0x09049, 0x0903D, 0x09110,
    0x0910D, 0x0910F, 0x09111, 0x09116, 0x09114, 0x0910B, 0x0910E, 0x0916E, 0x0916F, 0x09248,
    0x09252, 0x09230, 0x0923A, 0x09266, 0x09233, 0x09265, 0x0925E, 0x09283, 0x0922E, 0x0924A,
    0x09246, 0x0926D, 0x0926C, 0x0924F, 0x09260, 0x09267, 0x0926F, 0x09236, 0x09261, 0x09270,
    0x09231, 0x09254, 0x09263, 0x09250, 0x09272, 0x0924E, 0x09253, 0x0924C, 0x09256, 0x09232,
    0x0959F, 0x0959C, 0x0959E, 0x0959B, 0x09692, 0x09693, 0x09691, 0x09697, 0x096CE, 0x096FA,
    0x096FD, 0x096F8, 0x096F5, 0x09773, 0x09777, 0x09778, 0x09772, 0x0980F, 0x0980D, 0x0980E,
    0x098AC, 0x098F6, 0x098F9, 0x099AF, 0x099B2, 0x099B0, 0x099B5, 0x09AAD, 0x09AAB, 0x09B5B,
    0x09CEA, 0x09CED, 0x09CE7, 0x09E80, 0x09EFD, 0x050E6, 0x050D4, 0x050D7, 0x050E8, 0x050F3,
    0x050DB, 0x050EA, 0x050DD, 0x050E4, 0x050D3, 0x050EC, 0x050F0, 0x050EF, 0x050E3, 0x050E0,
    0x051D8, 0x05280, 0x05281, 0x052E9, 0x052EB, 0x05330, 0x053AC, 0x05627, 0x05615, 0x0560C,
    0x05612, 0x055FC, 0x0560F, 0x0561C, 0x05601, 0x05613, 0x05602, 0x055FA, 0x0561D, 0x05604,
    0x055FF, 0x055F9, 0x05889, 0x0587C, 0x05890, 0x05898, 0x05886, 0x05881, 0x0587F, 0x05874,
    0x0588B, 0x0587A, 0x05887, 0x05891, 0x0588E, 0x05876, 0x05882, 0x05888, 0x0587B, 0x05894,
    0x0588F, 0x058FE, 0x0596B, 0x05ADC, 0x05AEE, 0x05AE5, 0x05AD5, 0x05AEA, 0x05ADA, 0x05AED,
    0x05AEB, 0x05AF3, 0x05AE2, 0x05AE0, 0x05ADB, 0x05AEC, 0x05ADE, 0x05ADD, 0x05AD9, 0x05AE8,
    0x05ADF, 0x05B77, 0x05BE0, 0x05BE3, 0x05C63, 0x05D82, 0x05D80, 0x05D7D, 0x05D86, 0x05D7A,
    0x05D81, 0x05D77, 0x05D8A, 0x05D89, 0x05D88, 0x05D7E, 0x05D7C, 0x05D8D, 0x05D79, 0x05D7F,
    0x05E58, 0x05E59, 0x05E53, 0x05ED8, 0x05ED1, 0x05ED7, 0x05ECE, 0x05EDC, 0x05ED5, 0x05ED9,
    0x05ED2, 0x05ED4, 0x05F44, 0x05F43, 0x05F6F, 0x05FB6, 0x0612C, 0x06128, 0x06141, 0x0615E,
    0x06171, 0x06173, 0x06152, 0x06153, 0x06172, 0x0616C, 0x06180, 0x06174, 0x06154, 0x0617A,
    0x0615B, 0x06165, 0x0613B, 0x0616A, 0x06161, 0x06156, 0x06229, 0x06227, 0x0622B, 0x0642B,
    0x0644D, 0x0645B, 0x0645D, 0x06474, 0x06476, 0x06472, 0x06473, 0x0647D, 0x06475, 0x06466,
    0x064A6, 0x0644E, 0x06482, 0x0645E, 0x0645C, 0x0644B, 0x06453, 0x06460, 0x06450, 0x0647F,
    0x0643F, 0x0646C, 0x0646B, 0x06459, 0x06465, 0x06477, 0x06573, 0x065A0, 0x066A1, 0x066A0,
    0x0669F, 0x06705, 0x06704, 0x06722, 0x069B1, 0x069B6, 0x069C9, 0x069A0, 0x069CE, 0x06996,
    0x069B0, 0x069AC, 0x069BC, 0x06991, 0x06999, 0x0698E, 0x069A7, 0x0698D, 0x069A9, 0x069BE,
    0x069AF, 0x069BF, 0x069C4, 0x069BD, 0x069A4, 0x069D4, 0x069B9, 0x069CA, 0x0699A, 0x069CF,
    0x069B3, 0x06993, 0x069AA, 0x069A1, 0x0699E, 0x069D9, 0x06997, 0x06990, 0x069C2, 0x069B5,
    0x069A5, 0x069C6, 0x06B4A, 0x06B4D, 0x06B4B, 0x06B9E, 0x06B9F, 0x06BA0, 0x06BC3, 0x06BC4,
    0x06BFE, 0x06ECE, 0x06EF5, 0x06EF1, 0x06F03, 0x06F25, 0x06EF8, 0x06F37, 0x06EFB, 0x06F2E,
    0x06F09, 0x06F4E, 0x06F19, 0x06F1A, 0x06F27, 0x06F18, 0x06F3B, 0x06F12, 0x06EED, 0x06F0A,
    0x06F36, 0x06F73, 0x06EF9, 0x06EEE, 0x06F2D, 0x06F40, 0x06F30, 0x06F3C, 0x06F35, 0x06EEB,
    0x06F07, 0x06F0E, 0x06F43, 0x06F05, 0x06EFD, 0x06EF6, 0x06F39, 0x06F1C, 0x06EFC, 0x06F3A,
    0x06F1F, 0x06F0D, 0x06F1E, 0x06F08, 0x06F21, 0x07187, 0x07190, 0x07189, 0x07180, 0x07185,
    0x07182, 0x0718F, 0x0717B, 0x07186, 0x07181, 0x07197, 0x07244, 0x07253, 0x07297, 0x07295,
    0x07293, 0x07343, 0x0734D, 0x07351, 0x0734C, 0x07462, 0x07473, 0x07471, 0x07475, 0x07472,
    0x07467, 0x0746E, 0x07500, 0x07502, 0x07503, 0x0757D, 0x07590, 0x07616, 0x07608, 0x0760C,
    0x07615, 0x07611, 0x0760A, 0x07614, 0x076B8, 0x07781, 0x0777C, 0x07785, 0x07782, 0x0776E,
    0x07780, 0x0776F, 0x0777E, 0x07783, 0x078B2, 0x078AA, 0x078B4, 0x078AD, 0x078A8, 0x0787E,
    0x078AB, 0x0789E, 0x078A5, 0x078A0, 0x078AC, 0x078A2, 0x078A4, 0x07998, 0x0798A, 0x0798B,
    0x07996, 0x07995, 0x07994, 0x07993, 0x07997, 0x07988, 0x07992, 0x07990, 0x07A2B, 0x07A4A,
    0x07A30, 0x07A2F, 0x07A28, 0x07A26, 0x07AA8, 0x07AAB, 0x07AAC, 0x07AEE, 0x07B88, 0x07B9C,
    0x07B8A, 0x07B91, 0x07B90, 0x07B96, 0x07B8D, 0x07B8C, 0x07B9B, 0x07B8E, 0x07B85, 0x07B98,
    0x05284, 0x07B99, 0x07BA4, 0x07B82, 0x07CBB, 0x07CBF, 0x07CBC, 0x07CBA, 0x07DA7, 0x07DB7,
    0x07DC2, 0x07DA3, 0x07DAA, 0x07DC1, 0x07DC0, 0x07DC5, 0x07D9D, 0x07DCE, 0x07DC4, 0x07DC6,
    0x07DCB, 0x07DCC, 0x07DAF, 0x07DB9, 0x07D96, 0x07DBC, 0x07D9F, 0x07DA6, 0x07DAE, 0x07DA9,
    0x07DA1, 0x07DC9, 0x07F73, 0x07FE2, 0x07FE3, 0x07FE5, 0x07FDE, 0x08024, 0x0805D, 0x0805C,
    0x08189, 0x08186, 0x08183, 0x08187, 0x0818D, 0x0818C, 0x0818B, 0x08215, 0x08497, 0x084A4,
    0x084A1, 0x0849F, 0x084BA, 0x084CE, 0x084C2, 0x084AC, 0x084AE, 0x084AB, 0x084B9, 0x084B4,
    0x084C1, 0x084CD, 0x084AA, 0x0849A, 0x084B1, 0x084D0, 0x0849D, 0x084A7, 0x084BB, 0x084A2,
    0x08494, 0x084C7, 0x084CC, 0x0849B, 0x084A9, 0x084AF, 0x084A8, 0x084D6, 0x08498, 0x084B6,
    0x084CF, 0x084A0, 0x084D7, 0x084D4, 0x084D2, 0x084DB, 0x084B0, 0x08491, 0x08661, 0x08733,
    0x08723, 0x08728, 0x0876B, 0x08740, 0x0872E, 0x0871E, 0x08721, 0x08719, 0x0871B, 0x08743,
    0x0872C, 0x08741, 0x0873E, 0x08746, 0x08720, 0x08732, 0x0872A, 0x0872D, 0x0873C, 0x08712,
    0x0873A, 0x08731, 0x08735, 0x08742, 0x08726, 0x08727, 0x08738, 0x08724, 0x0871A, 0x08730,
    0x08711, 0x088F7, 0x088E7, 0x088F1, 0x088F2, 0x088FA, 0x088FE, 0x088EE, 0x088FC, 0x088F6,
    0x088FB, 0x088F0, 0x088EC, 0x088EB, 0x0899D, 0x089A1, 0x0899F, 0x0899E, 0x089E9, 0x089EB,
    0x089E8, 0x08AAB, 0x08A99, 0x08A8B, 0x08A92, 0x08A8F, 0x08A96, 0x08C3D, 0x08C68, 0x08C69,
    0x08CD5, 0x08CCF, 0x08CD7, 0x08D96, 0x08E09, 0x08E02, 0x08DFF, 0x08E0D, 0x08DFD, 0x08E0A,
    0x08E03, 0x08E07, 0x08E06, 0x08E05, 0x08DFE, 0x08E00, 0x08E04, 0x08F10, 0x08F11, 0x08F0E,
    0x08F0D, 0x09123, 0x0911C, 0x09120, 0x09122, 0x0911F, 0x0911D, 0x0911A, 0x09124, 0x09121,
    0x0911B, 0x0917A, 0x09172, 0x09179, 0x09173, 0x092A5, 0x092A4, 0x09276, 0x0929B, 0x0927A,
    0x092A0, 0x09294, 0x092AA, 0x0928D, 0x092A6, 0x0929A, 0x092AB, 0x09279, 0x09297, 0x0927F,
    0x092A3, 0x092EE, 0x0928E, 0x09282, 0x09295, 0x092A2, 0x0927D, 0x09288, 0x092A1, 0x0928A,
    0x09286, 0x0928C, 0x09299, 0x092A7, 0x0927E, 0x09287, 0x092A9, 0x0929D, 0x0928B, 0x0922D,
    0x0969E, 0x096A1, 0x096FF, 0x09758, 0x0977D, 0x0977A, 0x0977E, 0x09783, 0x09780, 0x09782,
    0x0977B, 0x09784, 0x09781, 0x0977F, 0x097CE, 0x097CD, 0x09816, 0x098AD, 0x098AE, 0x09902,
    0x09900, 0x09907, 0x0999D, 0x0999C, 0x099C3, 0x099B9, 0x099BB, 0x099BA, 0x099C2, 0x099BD,
    0x099C7, 0x09AB1, 0x09AE3, 0x09AE7, 0x09B3E, 0x09B3F, 0x09B60, 0x09B61, 0x09B5F, 0x09CF1,
    0x09CF2, 0x09CF5, 0x09EA7, 0x050FF, 0x05103, 0x05130, 0x050F8, 0x05106, 0x05107, 0x050F6,
    0x050FE, 0x0510B, 0x0510C, 0x050FD, 0x0510A, 0x0528B, 0x0528C, 0x052F1, 0x052EF, 0x05648,
    0x05642, 0x0564C, 0x05635, 0x05641, 0x0564A, 0x05649, 0x05646, 0x05658, 0x0565A, 0x05640,
    0x05633, 0x0563D, 0x0562C, 0x0563E, 0x05638, 0x0562A, 0x0563A, 0x0571A, 0x058AB, 0x0589D,
    0x058B1, 0x058A0, 0x058A3, 0x058AF, 0x058AC, 0x058A5, 0x058A1, 0x058FF, 0x05AFF, 0x05AF4,
    0x05AFD, 0x05AF7, 0x05AF6, 0x05B03, 0x05AF8, 0x05B02, 0x05AF9, 0x05B01, 0x05B07, 0x05B05,
    0x05B0F, 0x05C67, 0x05D99, 0x05D97, 0x05D9F, 0x05D92, 0x05DA2, 0x05D93, 0x05D95, 0x05DA0,
    0x05D9C, 0x05DA1, 0x05D9A, 0x05D9E, 0x05E69, 0x05E5D, 0x05E60, 0x05E5C, 0x07DF3, 0x05EDB,
    0x05EDE, 0x05EE1, 0x05F49, 0x05FB2, 0x0618B, 0x06183, 0x06179, 0x061B1, 0x061B0, 0x061A2,
    0x06189, 0x0619B, 0x06193, 0x061AF, 0x061AD, 0x0619F, 0x06192, 0x061AA, 0x061A1, 0x0618D,
    0x06166, 0x061B3, 0x0622D, 0x0646E, 0x06470, 0x06496, 0x064A0, 0x06485, 0x06497, 0x0649C,
    0x0648F, 0x0648B, 0x0648A, 0x0648C, 0x064A3, 0x0649F, 0x06468, 0x064B1, 0x06498, 0x06576,
    0x0657A, 0x06579, 0x0657B, 0x065B2, 0x065B3, 0x066B5, 0x066B0, 0x066A9, 0x066B2, 0x066B7,
    0x066AA, 0x066AF, 0x06A00, 0x06A06, 0x06A17, 0x069E5, 0x069F8, 0x06A15, 0x069F1, 0x069E4,
    0x06A20, 0x069FF, 0x069EC, 0x069E2, 0x06A1B, 0x06A1D, 0x069FE, 0x06A27, 0x069F2, 0x069EE,
    0x06A14, 0x069F7, 0x069E7, 0x06A40, 0x06A08, 0x069E6, 0x069FB, 0x06A0D, 0x069FC, 0x069EB,
    0x06A09, 0x06A04, 0x06A18, 0x06A25, 0x06A0F, 0x069F6, 0x06A26, 0x06A07, 0x069F4, 0x06A16,
    0x06B51, 0x06BA5, 0x06BA3, 0x06BA2, 0x06BA6, 0x06C01, 0x06C00, 0x06BFF, 0x06C02, 0x06F41,
    0x06F26, 0x06F7E, 0x06F87, 0x06FC6, 0x06F92, 0x06F8D, 0x06F89, 0x06F8C, 0x06F62, 0x06F4F,
    0x06F85, 0x06F5A, 0x06F96, 0x06F76, 0x06F6C, 0x06F82, 0x06F55, 0x06F72, 0x06F52, 0x06F50,
    0x06F57, 0x06F94, 0x06F93, 0x06F5D, 0x06F00, 0x06F61, 0x06F6B, 0x06F7D, 0x06F67, 0x06F90,
    0x06F53, 0x06F8B, 0x06F69, 0x06F7F, 0x06F95, 0x06F63, 0x06F77, 0x06F6A, 0x06F7B, 0x071B2,
    0x071AF, 0x0719B, 0x071B0, 0x071A0, 0x0719A, 0x071A9, 0x071B5, 0x0719D, 0x071A5, 0x0719E,
    0x071A4, 0x071A1, 0x071AA, 0x0719C, 0x071A7, 0x071B3, 0x07298, 0x0729A, 0x07358, 0x07352,
    0x0735E, 0x0735F, 0x07360, 0x0735D, 0x0735B, 0x07361, 0x0735A, 0x07359, 0x07362, 0x07487,
    0x07489, 0x0748A, 0x07486, 0x07481, 0x0747D, 0x07485, 0x07488, 0x0747C, 0x07479, 0x07508,
    0x07507, 0x0757E, 0x07625, 0x0761E, 0x07619, 0x0761D, 0x0761C, 0x07623, 0x0761A, 0x07628,
    0x0761B, 0x0769C, 0x0769D, 0x0769E, 0x0769B, 0x0778D, 0x0778F, 0x07789, 0x07788, 0x078CD,
    0x078BB, 0x078CF, 0x078CC, 0x078D1, 0x078CE, 0x078D4, 0x078C8, 0x078C3, 0x078C4, 0x078C9,
    0x0799A, 0x079A1, 0x079A0, 0x0799C, 0x079A2, 0x0799B, 0x06B76, 0x07A39, 0x07AB2, 0x07AB4,
    0x07AB3, 0x07BB7, 0x07BCB, 0x07BBE, 0x07BAC, 0x07BCE, 0x07BAF, 0x07BB9, 0x07BCA, 0x07BB5,
    0x07CC5, 0x07CC8, 0x07CCC, 0x07CCB, 0x07DF7, 0x07DDB, 0x07DEA, 0x07DE7, 0x07DD7, 0x07DE1,
    0x07E03, 0x07DFA, 0x07DE6, 0x07DF6, 0x07DF1, 0x07DF0, 0x07DEE, 0x07DDF, 0x07F76, 0x07FAC,
    0x07FB0, 0x07FAD, 0x07FED, 0x07FEB, 0x07FEA, 0x07FEC, 0x07FE6, 0x07FE8, 0x08064, 0x08067,
    0x081A3, 0x0819F, 0x0819E, 0x08195, 0x081A2, 0x08199, 0x08197, 0x08216, 0x0824F, 0x08253,
    0x08252, 0x08250, 0x0824E, 0x08251, 0x08524, 0x0853B, 0x0850F, 0x08500, 0x08529, 0x0850E,
    0x08509, 0x0850D, 0x0851F, 0x0850A, 0x08527, 0x0851C, 0x084FB, 0x0852B, 0x084FA, 0x08508,
    0x0850C, 0x084F4, 0x0852A, 0x084F2, 0x08515, 0x084F7, 0x084EB, 0x084F3, 0x084FC, 0x08512,
    0x084EA, 0x084E9, 0x08516, 0x084FE, 0x08528, 0x0851D, 0x0852E, 0x08502, 0x084FD, 0x0851E,
    0x084F6, 0x08531, 0x08526, 0x084E7, 0x084E8, 0x084F0, 0x084EF, 0x084F9, 0x08518, 0x08520,
    0x08530, 0x0850B, 0x08519, 0x0852F, 0x08662, 0x08756, 0x08763, 0x08764, 0x08777, 0x087E1,
    0x08773, 0x08758, 0x08754, 0x0875B, 0x08752, 0x08761, 0x0875A, 0x08751, 0x0875E, 0x0876D,
    0x0876A, 0x08750, 0x0874E, 0x0875F, 0x0875D, 0x0876F, 0x0876C, 0x0877A, 0x0876E, 0x0875C,
    0x08765, 0x0874F, 0x0877B, 0x08775, 0x08762, 0x08767, 0x08769, 0x0885A, 0x08905, 0x0890C,
    0x08914, 0x0890B, 0x08917, 0x08918, 0x08919, 0x08906, 0x08916, 0x08911, 0x0890E, 0x08909,
    0x089A2, 0x089A4, 0x089A3, 0x089ED, 0x089F0, 0x089EC, 0x08ACF, 0x08AC6, 0x08AB8, 0x08AD3,
    0x08AD1, 0x08AD4, 0x08AD5, 0x08ABB, 0x08AD7, 0x08ABE, 0x08AC0, 0x08AC5, 0x08AD8, 0x08AC3,
    0x08ABA, 0x08ABD, 0x08AD9, 0x08C3E, 0x08C4D, 0x08C8F, 0x08CE5, 0x08CDF, 0x08CD9, 0x08CE8,
    0x08CDA, 0x08CDD, 0x08CE7, 0x08DA0, 0x08D9C, 0x08DA1, 0x08D9B, 0x08E20, 0x08E23, 0x08E25,
    0x08E24, 0x08E2E, 0x08E15, 0x08E1B, 0x08E16, 0x08E11, 0x08E19, 0x08E26, 0x08E27, 0x08E14,
    0x08E12, 0x08E18, 0x08E13, 0x08E1C, 0x08E17, 0x08E1A, 0x08F2C, 0x08F24, 0x08F18, 0x08F1A,
    0x08F20, 0x08F23, 0x08F16, 0x08F17, 0x09073, 0x09070, 0x0906F, 0x09067, 0x0906B, 0x0912F,
    0x0912B, 0x09129, 0x0912A, 0x09132, 0x09126, 0x0912E, 0x09185, 0x09186, 0x0918A, 0x09181,
    0x09182, 0x09184, 0x09180, 0x092D0, 0x092C3, 0x092C4, 0x092C0, 0x092D9, 0x092B6, 0x092CF,
    0x092F1, 0x092DF, 0x092D8, 0x092E9, 0x092D7, 0x092DD, 0x092CC, 0x092EF, 0x092C2, 0x092E8,
    0x092CA, 0x092C8, 0x092CE, 0x092E6, 0x092CD, 0x092D5, 0x092C9, 0x092E0, 0x092DE, 0x092E7,
    0x092D1, 0x092D3, 0x092B5, 0x092E1, 0x092C6, 0x092B4, 0x0957C, 0x095AC, 0x095AB, 0x095AE,
    0x095B0, 0x096A4, 0x096A2, 0x096D3, 0x09705, 0x09708, 0x09702, 0x0975A, 0x0978A, 0x0978E,
    0x09788, 0x097D0, 0x097CF, 0x0981E, 0x0981D, 0x09826, 0x09829, 0x09828, 0x09820, 0x0981B,
    0x09827, 0x098B2, 0x09908, 0x098FA, 0x09911, 0x09914, 0x09916, 0x09917, 0x09915, 0x099DC,
    0x099CD, 0x099CF, 0x099D3, 0x099D4, 0x099CE, 0x099C9, 0x099D6, 0x099D8, 0x099CB, 0x099D7,
    0x099CC, 0x09AB3, 0x09AEC, 0x09AEB, 0x09AF3, 0x09AF2, 0x09AF1, 0x09B46, 0x09B43, 0x09B67,
    0x09B74, 0x09B71, 0x09B66, 0x09B76, 0x09B75, 0x09B70, 0x09B68, 0x09B64, 0x09B6C, 0x09CFC,
    0x09CFA, 0x09CFD, 0x09CFF, 0x09CF7, 0x09D07, 0x09D00, 0x09CF9, 0x09CFB, 0x09D08, 0x09D05,
    0x09D04, 0x09E83, 0x09ED3, 0x09F0F, 0x09F10, 0x0511C, 0x05113, 0x05117, 0x0511A, 0x05111,
    0x051DE, 0x05334, 0x053E1, 0x05670, 0x05660, 0x0566E, 0x05673, 0x05666, 0x05663, 0x0566D,
    0x05672, 0x0565E, 0x05677, 0x0571C, 0x0571B, 0x058C8, 0x058BD, 0x058C9, 0x058BF, 0x058BA,
    0x058C2, 0x058BC, 0x058C6, 0x05B17, 0x05B19, 0x05B1B, 0x05B21, 0x05B14, 0x05B13, 0x05B10,
    0x05B16, 0x05B28, 0x05B1A, 0x05B20, 0x05B1E, 0x05BEF, 0x05DAC, 0x05DB1, 0x05DA9, 0x05DA7,
    0x05DB5, 0x05DB0, 0x05DAE, 0x05DAA, 0x05DA8, 0x05DB2, 0x05DAD, 0x05DAF, 0x05DB4, 0x05E67,
    0x05E68, 0x05E66, 0x05E6F, 0x05EE9, 0x05EE7, 0x05EE6, 0x05EE8, 0x05EE5, 0x05F4B, 0x05FBC,
    0x0619D, 0x061A8, 0x06196, 0x061C5, 0x061B4, 0x061C6, 0x061C1, 0x061CC, 0x061BA, 0x061BF,
    0x061B8, 0x0618C, 0x064D7, 0x064D6, 0x064D0, 0x064CF, 0x064C9, 0x064BD, 0x06489, 0x064C3,
    0x064DB, 0x064F3, 0x064D9, 0x06533, 0x0657F, 0x0657C, 0x065A2, 0x066C8, 0x066BE, 0x066C0,
    0x066CA, 0x066CB, 0x066CF, 0x066BD, 0x066BB, 0x066BA, 0x066CC, 0x06723, 0x06A34, 0x06A66,
    0x06A49, 0x06A67, 0x06A32, 0x06A68, 0x06A3E, 0x06A5D, 0x06A6D, 0x06A76, 0x06A5B, 0x06A51,
    0x06A28, 0x06A5A, 0x06A3B, 0x06A3F, 0x06A41, 0x06A6A, 0x06A64, 0x06A50, 0x06A4F, 0x06A54,
    0x06A6F, 0x06A69, 0x06A60, 0x06A3C, 0x06A5E, 0x06A56, 0x06A55, 0x06A4D, 0x06A4E, 0x06A46,
    0x06B55, 0x06B54, 0x06B56, 0x06BA7, 0x06BAA, 0x06BAB, 0x06BC8, 0x06BC7, 0x06C04, 0x06C03,
    0x06C06, 0x06FAD, 0x06FCB, 0x06FA3, 0x06FC7, 0x06FBC, 0x06FCE, 0x06FC8, 0x06F5E, 0x06FC4,
    0x06FBD, 0x06F9E, 0x06FCA, 0x06FA8, 0x07004, 0x06FA5, 0x06FAE, 0x06FBA, 0x06FAC, 0x06FAA,
    0x06FCF, 0x06FBF, 0x06FB8, 0x06FA2, 0x06FC9, 0x06FAB, 0x06FCD, 0x06FAF, 0x06FB2, 0x06FB0,
    0x071C5, 0x071C2, 0x071BF, 0x071B8, 0x071D6, 0x071C0, 0x071C1, 0x071CB, 0x071D4, 0x071CA,
    0x071C7, 0x071CF, 0x071BD, 0x071D8, 0x071BC, 0x071C6, 0x071DA, 0x071DB, 0x0729D, 0x0729E,
    0x07369, 0x07366, 0x07367, 0x0736C, 0x07365, 0x0736B, 0x0736A, 0x0747F, 0x0749A, 0x074A0,
    0x07494, 0x07492, 0x07495, 0x074A1, 0x0750B, 0x07580, 0x0762F, 0x0762D, 0x07631, 0x0763D,
    0x07633, 0x0763C, 0x07635, 0x07632, 0x07630, 0x076BB, 0x076E6, 0x0779A, 0x0779D, 0x077A1,
    0x0779C, 0x0779B, 0x077A2, 0x077A3, 0x07795, 0x07799, 0x07797, 0x078DD, 0x078E9, 0x078E5,
    0x078EA, 0x078DE, 0x078E3, 0x078DB, 0x078E1, 0x078E2, 0x078ED, 0x078DF, 0x078E0, 0x079A4,
    0x07A44, 0x07A48, 0x07A47, 0x07AB6, 0x07AB8, 0x07AB5, 0x07AB1, 0x07AB7, 0x07BDE, 0x07BE3,
    0x07BE7, 0x07BDD, 0x07BD5, 0x07BE5, 0x07BDA, 0x07BE8, 0x07BF9, 0x07BD4, 0x07BEA, 0x07BE2,
    0x07BDC, 0x07BEB, 0x07BD8, 0x07BDF, 0x07CD2, 0x07CD4, 0x07CD7, 0x07CD0, 0x07CD1, 0x07E12,
    0x07E21, 0x07E17, 0x07E0C, 0x07E1F, 0x07E20, 0x07E13, 0x07E0E, 0x07E1C, 0x07E15, 0x07E1A,
    0x07E22, 0x07E0B, 0x07E0F, 0x07E16, 0x07E0D, 0x07E14, 0x07E25, 0x07E24, 0x07F43, 0x07F7B,
    0x07F7C, 0x07F7A, 0x07FB1, 0x07FEF, 0x0802A, 0x08029, 0x0806C, 0x081B1, 0x081A6, 0x081AE,
    0x081B9, 0x081B5, 0x081AB, 0x081B0, 0x081AC, 0x081B4, 0x081B2, 0x081B7, 0x081A7, 0x081F2,
    0x08255, 0x08256, 0x08257, 0x08556, 0x08545, 0x0856B, 0x0854D, 0x08553, 0x08561, 0x08558,
    0x08540, 0x08546, 0x08564, 0x08541, 0x08562, 0x08544, 0x08551, 0x08547, 0x08563, 0x0853E,
    0x0855B, 0x08571, 0x0854E, 0x0856E, 0x08575, 0x08555, 0x08567, 0x08560, 0x0858C, 0x08566,
    0x0855D, 0x08554, 0x08565, 0x0856C, 0x08663, 0x08665, 0x08664, 0x0879B, 0x0878F, 0x08797,
    0x08793, 0x08792, 0x08788, 0x08781, 0x08796, 0x08798, 0x08779, 0x08787, 0x087A3, 0x08785,
    0x08790, 0x08791, 0x0879D, 0x08784, 0x08794, 0x0879C, 0x0879A, 0x08789, 0x0891E, 0x08926,
    0x08930, 0x0892D, 0x0892E, 0x08927, 0x08931, 0x08922, 0x08929, 0x08923, 0x0892F, 0x0892C,
    0x0891F, 0x089F1, 0x08AE0, 0x08AE2, 0x08AF2, 0x08AF4, 0x08AF5, 0x08ADD, 0x08B14, 0x08AE4,
    0x08ADF, 0x08AF0, 0x08AC8, 0x08ADE, 0x08AE1, 0x08AE8, 0x08AFF, 0x08AEF, 0x08AFB, 0x08C91,
    0x08C92, 0x08C90, 0x08CF5, 0x08CEE, 0x08CF1, 0x08CF0, 0x08CF3, 0x08D6C, 0x08D6E, 0x08DA5,
    0x08DA7, 0x08E33, 0x08E3E, 0x08E38, 0x08E40, 0x08E45, 0x08E36, 0x08E3C, 0x08E3D, 0x08E41,
    0x08E30, 0x08E3F, 0x08EBD, 0x08F36, 0x08F2E, 0x08F35, 0x08F32, 0x08F39, 0x08F37, 0x08F34,
    0x09076, 0x09079, 0x0907B, 0x09086, 0x090FA, 0x09133, 0x09135, 0x09136, 0x09193, 0x09190,
    0x09191, 0x0918D, 0x0918F, 0x09327, 0x0931E, 0x09308, 0x0931F, 0x09306, 0x0930F, 0x0937A,
    0x09338, 0x0933C, 0x0931B, 0x09323, 0x09312, 0x09301, 0x09346, 0x0932D, 0x0930E, 0x0930D,
    0x092CB, 0x0931D, 0x092FA, 0x09325, 0x09313, 0x092F9, 0x092F7, 0x09334, 0x09302, 0x09324,
    0x092FF, 0x09329, 0x09339, 0x09335, 0x0932A, 0x09314, 0x0930C, 0x0930B, 0x092FE, 0x09309,
    0x09300, 0x092FB, 0x09316, 0x095BC, 0x095CD, 0x095BE, 0x095B9, 0x095BA, 0x095B6, 0x095BF,
    0x095B5, 0x095BD, 0x096A9, 0x096D4, 0x0970B, 0x09712, 0x09710, 0x09799, 0x09797, 0x09794,
    0x097F0, 0x097F8, 0x09835, 0x0982F, 0x09832, 0x09924, 0x0991F, 0x09927, 0x09929, 0x0999E,
    0x099EE, 0x099EC, 0x099E5, 0x099E4, 0x099F0, 0x099E3, 0x099EA, 0x099E9, 0x099E7, 0x09AB9,
    0x09ABF, 0x09AB4, 0x09ABB, 0x09AF6, 0x09AFA, 0x09AF9, 0x09AF7, 0x09B33, 0x09B80, 0x09B85,
    0x09B87, 0x09B7C, 0x09B7E, 0x09B7B, 0x09B82, 0x09B93, 0x09B92, 0x09B90, 0x09B7A, 0x09B95,
    0x09B7D, 0x09B88, 0x09D25, 0x09D17, 0x09D20, 0x09D1E, 0x09D14, 0x09D29, 0x09D1D, 0x09D18,
    0x09D22, 0x09D10, 0x09D19, 0x09D1F, 0x09E88, 0x09E86, 0x09E87, 0x09EAE, 0x09EAD, 0x09ED5,
    0x09ED6, 0x09EFA, 0x09F12, 0x09F3D, 0x05126, 0x05125, 0x05122, 0x05124, 0x05120, 0x05129,
    0x052F4, 0x05693, 0x0568C, 0x0568D, 0x05686, 0x05684, 0x05683, 0x0567E, 0x05682, 0x0567F,
    0x05681, 0x058D6, 0x058D4, 0x058CF, 0x058D2, 0x05B2D, 0x05B25, 0x05B32, 0x05B23, 0x05B2C,
    0x05B27, 0x05B26, 0x05B2F, 0x05B2E, 0x05B7B, 0x05BF1, 0x05BF2, 0x05DB7, 0x05E6C, 0x05E6A,
    0x05FBE, 0x05FBB, 0x061C3, 0x061B5, 0x061BC, 0x061E7, 0x061E0, 0x061E5, 0x061E4, 0x061E8,
    0x061DE, 0x064EF, 0x064E9, 0x064E3, 0x064EB, 0x064E4, 0x064E8, 0x06581, 0x06580, 0x065B6,
    0x065DA, 0x066D2, 0x06A8D, 0x06A96, 0x06A81, 0x06AA5, 0x06A89, 0x06A9F, 0x06A9B, 0x06AA1,
    0x06A9E, 0x06A87, 0x06A93, 0x06A8E, 0x06A95, 0x06A83, 0x06AA8, 0x06AA4, 0x06A91, 0x06A7F,
    0x06AA6, 0x06A9A, 0x06A85, 0x06A8C, 0x06A92, 0x06B5B, 0x06BAD, 0x06C09, 0x06FCC, 0x06FA9,
    0x06FF4, 0x06FD4, 0x06FE3, 0x06FDC, 0x06FED, 0x06FE7, 0x06FE6, 0x06FDE, 0x06FF2, 0x06FDD,
    0x06FE2, 0x06FE8, 0x071E1, 0x071F1, 0x071E8, 0x071F2, 0x071E4, 0x071F0, 0x071E2, 0x07373,
    0x0736E, 0x0736F, 0x07497, 0x074B2, 0x074AB, 0x07490, 0x074AA, 0x074AD, 0x074B1, 0x074A5,
    0x074AF, 0x07510, 0x07511, 0x07512, 0x0750F, 0x07584, 0x07643, 0x07648, 0x07649, 0x07647,
    0x076A4, 0x076E9, 0x077B5, 0x077AB, 0x077B2, 0x077B7, 0x077B6, 0x077B4, 0x077B1, 0x077A8,
    0x077F0, 0x078F3, 0x078FD, 0x07902, 0x078FB, 0x078FC, 0x078F2, 0x07905, 0x078F9, 0x078FE,
    0x07904, 0x079AB, 0x079A8, 0x07A5C, 0x07A5B, 0x07A56, 0x07A58, 0x07A54, 0x07A5A, 0x07ABE,
    0x07AC0, 0x07AC1, 0x07C05, 0x07C0F, 0x07BF2, 0x07C00, 0x07BFF, 0x07BFB, 0x07C0E, 0x07BF4,
    0x07C0B, 0x07BF3, 0x07C02, 0x07C09, 0x07C03, 0x07C01, 0x07BF8, 0x07BFD, 0x07C06, 0x07BF0,
    0x07BF1, 0x07C10, 0x07C0A, 0x07CE8, 0x07E2D, 0x07E3C, 0x07E42, 0x07E33, 0x09848, 0x07E38,
    0x07E2A, 0x07E49, 0x07E40, 0x07E47, 0x07E29, 0x07E4C, 0x07E30, 0x07E3B, 0x07E36, 0x07E44,
    0x07E3A, 0x07F45, 0x07F7F, 0x07F7E, 0x07F7D, 0x07FF4, 0x07FF2, 0x0802C, 0x081BB, 0x081C4,
    0x081CC, 0x081CA, 0x081C5, 0x081C7, 0x081BC, 0x081E9, 0x0825B, 0x0825A, 0x0825C, 0x08583,
    0x08580, 0x0858F, 0x085A7, 0x08595, 0x085A0, 0x0858B, 0x085A3, 0x0857B, 0x085A4, 0x0859A,
    0x0859E, 0x08577, 0x0857C, 0x08589, 0x085A1, 0x0857A, 0x08578, 0x08557, 0x0858E, 0x08596,
    0x08586, 0x0858D, 0x08599, 0x0859D, 0x08581, 0x085A2, 0x08582, 0x08588, 0x08585, 0x08579,
    0x08576, 0x08598, 0x08590, 0x0859F, 0x08668, 0x087BE, 0x087AA, 0x087AD, 0x087C5, 0x087B0,
    0x087AC, 0x087B9, 0x087B5, 0x087BC, 0x087AE, 0x087C9, 0x087C3, 0x087C2, 0x087CC, 0x087B7,
    0x087AF, 0x087C4, 0x087CA, 0x087B4, 0x087B6, 0x087BF, 0x087B8, 0x087BD, 0x087DE, 0x087B2,
    0x08935, 0x08933, 0x0893C, 0x0893E, 0x08941, 0x08952, 0x08937, 0x08942, 0x089AD, 0x089AF,
    0x089AE, 0x089F2, 0x089F3, 0x08B1E, 0x08B18, 0x08B16, 0x08B11, 0x08B05, 0x08B0B, 0x08B22,
    0x08B0F, 0x08B12, 0x08B15, 0x08B07, 0x08B0D, 0x08B08, 0x08B06, 0x08B1C, 0x08B13, 0x08B1A,
    0x08C4F, 0x08C70, 0x08C72, 0x08C71, 0x08C6F, 0x08C95, 0x08C94, 0x08CF9, 0x08D6F, 0x08E4E,
    0x08E4D, 0x08E53, 0x08E50, 0x08E4C, 0x08E47, 0x08F43, 0x08F40, 0x09085, 0x0907E, 0x09138,
    0x0919A, 0x091A2, 0x0919B, 0x09199, 0x0919F, 0x091A1, 0x0919D, 0x091A0, 0x093A1, 0x09383,
    0x093AF, 0x09364, 0x09356, 0x09347, 0x0937C, 0x09358, 0x0935C, 0x09376, 0x09349, 0x09350,
    0x09351, 0x09360, 0x0936D, 0x0938F, 0x0934C, 0x0936A, 0x09379, 0x09357, 0x09355, 0x09352,
    0x0934F, 0x09371, 0x09377, 0x0937B, 0x09361, 0x0935E, 0x09363, 0x09367, 0x09380, 0x0934E,
    0x09359, 0x095C7, 0x095C0, 0x095C9, 0x095C3, 0x095C5, 0x095B7, 0x096AE, 0x096B0, 0x096AC,
    0x09720, 0x0971F, 0x09718, 0x0971D, 0x09719, 0x0979A, 0x097A1, 0x0979C, 0x0979E, 0x0979D,
    0x097D5, 0x097D4, 0x097F1, 0x09841, 0x09844, 0x0984A, 0x09849, 0x09845, 0x09843, 0x09925,
    0x0992B, 0x0992C, 0x0992A, 0x09933, 0x09932, 0x0992F, 0x0992D, 0x09931, 0x09930, 0x09998,
    0x099A3, 0x099A1, 0x09A02, 0x099FA, 0x099F4, 0x099F7, 0x099F9, 0x099F8, 0x099F6, 0x099FB,
    0x099FD, 0x099FE, 0x099FC, 0x09A03, 0x09ABE, 0x09AFE, 0x09AFD, 0x09B01, 0x09AFC, 0x09B48,
    0x09B9A, 0x09BA8, 0x09B9E, 0x09B9B, 0x09BA6, 0x09BA1, 0x09BA5, 0x09BA4, 0x09B86, 0x09BA2,
    0x09BA0, 0x09BAF, 0x09D33, 0x09D41, 0x09D67, 0x09D36, 0x09D2E, 0x09D2F, 0x09D31, 0x09D38,
    0x09D30, 0x09D45, 0x09D42, 0x09D43, 0x09D3E, 0x09D37, 0x09D40, 0x09D3D, 0x07FF5, 0x09D2D,
    0x09E8A, 0x09E89, 0x09E8D, 0x09EB0, 0x09EC8, 0x09EDA, 0x09EFB, 0x09EFF, 0x09F24, 0x09F23,
    0x09F22, 0x09F54, 0x09FA0, 0x05131, 0x0512D, 0x0512E, 0x05698, 0x0569C, 0x05697, 0x0569A,
    0x0569D, 0x05699, 0x05970, 0x05B3C, 0x05C69, 0x05C6A, 0x05DC0, 0x05E6D, 0x05E6E, 0x061D8,
    0x061DF, 0x061ED, 0x061EE, 0x061F1, 0x061EA, 0x061F0, 0x061EB, 0x061D6, 0x061E9, 0x064FF,
    0x06504, 0x064FD, 0x064F8, 0x06501, 0x06503, 0x064FC, 0x06594, 0x065DB, 0x066DA, 0x066DB,
    0x066D8, 0x06AC5, 0x06AB9, 0x06ABD, 0x06AE1, 0x06AC6, 0x06ABA, 0x06AB6, 0x06AB7, 0x06AC7,
    0x06AB4, 0x06AAD, 0x06B5E, 0x06BC9, 0x06C0B, 0x07007, 0x0700C, 0x0700D, 0x07001, 0x07005,
    0x07014, 0x0700E, 0x06FFF, 0x07000, 0x06FFB, 0x07026, 0x06FFC, 0x06FF7, 0x0700A, 0x07201,
    0x071FF, 0x071F9, 0x07203, 0x071FD, 0x07376, 0x074B8, 0x074C0, 0x074B5, 0x074C1, 0x074BE,
    0x074B6, 0x074BB, 0x074C2, 0x07514, 0x07513, 0x0765C, 0x07664, 0x07659, 0x07650, 0x07653,
    0x07657, 0x0765A, 0x076A6, 0x076BD, 0x076EC, 0x077C2, 0x077BA, 0x078FF, 0x0790C, 0x07913,
    0x07914, 0x07909, 0x07910, 0x07912, 0x07911, 0x079AD, 0x079AC, 0x07A5F, 0x07C1C, 0x07C29,
    0x07C19, 0x07C20, 0x07C1F, 0x07C2D, 0x07C1D, 0x07C26, 0x07C28, 0x07C22, 0x07C25, 0x07C30,
    0x07E5C, 0x07E50, 0x07E56, 0x07E63, 0x07E58, 0x07E62, 0x07E5F, 0x07E51, 0x07E60, 0x07E57,
    0x07E53, 0x07FB5, 0x07FB3, 0x07FF7, 0x07FF8, 0x08075, 0x081D1, 0x081D2, 0x081D0, 0x0825F,
    0x0825E, 0x085B4, 0x085C6, 0x085C0, 0x085C3, 0x085C2, 0x085B3, 0x085B5, 0x085BD, 0x085C7,
    0x085C4, 0x085BF, 0x085CB, 0x085CE, 0x085C8, 0x085C5, 0x085B1, 0x085B6, 0x085D2, 0x08624,
    0x085B8, 0x085B7, 0x085BE, 0x08669, 0x087E7, 0x087E6, 0x087E2, 0x087DB, 0x087EB, 0x087EA,
    0x087E5, 0x087DF, 0x087F3, 0x087E4, 0x087D4, 0x087DC, 0x087D3, 0x087ED, 0x087D8, 0x087E3,
    0x087A4, 0x087D7, 0x087D9, 0x08801, 0x087F4, 0x087E8, 0x087DD, 0x08953, 0x0894B, 0x0894F,
    0x0894C, 0x08946, 0x08950, 0x08951, 0x08949, 0x08B2A, 0x08B27, 0x08B23, 0x08B33, 0x08B30,
    0x08B35, 0x08B47, 0x08B2F, 0x08B3C, 0x08B3E, 0x08B31, 0x08B25, 0x08B37, 0x08B26, 0x08B36,
    0x08B2E, 0x08B24, 0x08B3B, 0x08B3D, 0x08B3A, 0x08C42, 0x08C75, 0x08C99, 0x08C98, 0x08C97,
    0x08CFE, 0x08D04, 0x08D02, 0x08D00, 0x08E5C, 0x08E62, 0x08E60, 0x08E57, 0x08E56, 0x08E5E,
    0x08E65, 0x08E67, 0x08E5B, 0x08E5A, 0x08E61, 0x08E5D, 0x08E69, 0x08E54, 0x08F46, 0x08F47,
    0x08F48, 0x08F4B, 0x09128, 0x0913A, 0x0913B, 0x0913E, 0x091A8, 0x091A5, 0x091A7, 0x091AF,
    0x091AA, 0x093B5, 0x0938C, 0x09392, 0x093B7, 0x0939B, 0x0939D, 0x09389, 0x093A7, 0x0938E,
    0x093AA, 0x0939E, 0x093A6, 0x09395, 0x09388, 0x09399, 0x0939F, 0x0938D, 0x093B1, 0x09391,
    0x093B2, 0x093A4, 0x093A8, 0x093B4, 0x093A3, 0x093A5, 0x095D2, 0x095D3, 0x095D1, 0x096B3,
    0x096D7, 0x096DA, 0x05DC2, 0x096DF, 0x096D8, 0x096DD, 0x09723, 0x09722, 0x09725, 0x097AC,
    0x097AE, 0x097A8, 0x097AB, 0x097A4, 0x097AA, 0x097A2, 0x097A5, 0x097D7, 0x097D9, 0x097D6,
    0x097D8, 0x097FA, 0x09850, 0x09851, 0x09852, 0x098B8, 0x09941, 0x0993C, 0x0993A, 0x09A0F,
    0x09A0B, 0x09A09, 0x09A0D, 0x09A04, 0x09A11, 0x09A0A, 0x09A05, 0x09A07, 0x09A06, 0x09AC0,
    0x09ADC, 0x09B08, 0x09B04, 0x09B05, 0x09B29, 0x09B35, 0x09B4A, 0x09B4C, 0x09B4B, 0x09BC7,
    0x09BC6, 0x09BC3, 0x09BBF, 0x09BC1, 0x09BB5, 0x09BB8, 0x09BD3, 0x09BB6, 0x09BC4, 0x09BB9,
    0x09BBD, 0x09D5C, 0x09D53, 0x09D4F, 0x09D4A, 0x09D5B, 0x09D4B, 0x09D59, 0x09D56, 0x09D4C,
    0x09D57, 0x09D52, 0x09D54, 0x09D5F, 0x09D58, 0x09D5A, 0x09E8E, 0x09E8C, 0x09EDF, 0x09F01,
    0x09F00, 0x09F16, 0x09F25, 0x09F2B, 0x09F2A, 0x09F29, 0x09F28, 0x09F4C, 0x09F55, 0x05134,
    0x05135, 0x05296, 0x052F7, 0x053B4, 0x056AB, 0x056AD, 0x056A6, 0x056A7, 0x056AA, 0x056AC,
    0x058DA, 0x058DD, 0x058DB, 0x05912, 0x05B3D, 0x05B3E, 0x05B3F, 0x05DC3, 0x05E70, 0x05FBF,
    0x061FB, 0x06507, 0x06510, 0x0650D, 0x06509, 0x0650C, 0x0650E, 0x06584, 0x065DE, 0x065DD,
    0x066DE, 0x06AE7, 0x06AE0, 0x06ACC, 0x06AD1, 0x06AD9, 0x06ACB, 0x06ADF, 0x06ADC, 0x06AD0,
    0x06AEB, 0x06ACF, 0x06ACD, 0x06ADE, 0x06B60, 0x06BB0, 0x06C0C, 0x07019, 0x07027, 0x07020,
    0x07016, 0x0702B, 0x07021, 0x07022, 0x07023, 0x07029, 0x07017, 0x07024, 0x0701C, 0x0702A,
    0x0720C, 0x0720A, 0x07207, 0x07202, 0x07205, 0x072A5, 0x072A6, 0x072A4, 0x072A3, 0x072A1,
    0x074CB, 0x074C5, 0x074B7, 0x074C3, 0x07516, 0x07660, 0x077C9, 0x077CA, 0x077C4, 0x077F1,
    0x0791D, 0x0791B, 0x07921, 0x0791C, 0x07917, 0x0791E, 0x079B0, 0x07A67, 0x07A68, 0x07C33,
    0x07C3C, 0x07C39, 0x07C2C, 0x07C3B, 0x07CEC, 0x07CEA, 0x07E76, 0x07E75, 0x07E78, 0x07E70,
    0x07E77, 0x07E6F, 0x07E7A, 0x07E72, 0x07E74, 0x07E68, 0x07F4B, 0x07F4A, 0x07F83, 0x07F86,
    0x07FB7, 0x07FFD, 0x07FFE, 0x08078, 0x081D7, 0x081D5, 0x08264, 0x08261, 0x08263, 0x085EB,
    0x085F1, 0x085ED, 0x085D9, 0x085E1, 0x085E8, 0x085DA, 0x085D7, 0x085EC, 0x085F2, 0x085F8,
    0x085D8, 0x085DF, 0x085E3, 0x085DC, 0x085D1, 0x085F0, 0x085E6, 0x085EF, 0x085DE, 0x085E2,
    0x08800, 0x087FA, 0x08803, 0x087F6, 0x087F7, 0x08809, 0x0880C, 0x0880B, 0x08806, 0x087FC,
    0x08808, 0x087FF, 0x0880A, 0x08802, 0x08962, 0x0895A, 0x0895B, 0x08957, 0x08961, 0x0895C,
    0x08958, 0x0895D, 0x08959, 0x08988, 0x089B7, 0x089B6, 0x089F6, 0x08B50, 0x08B48, 0x08B4A,
    0x08B40, 0x08B53, 0x08B56, 0x08B54, 0x08B4B, 0x08B55, 0x08B51, 0x08B42, 0x08B52, 0x08B57,
    0x08C43, 0x08C77, 0x08C76, 0x08C9A, 0x08D06, 0x08D07, 0x08D09, 0x08DAC, 0x08DAA, 0x08DAD,
    0x08DAB, 0x08E6D, 0x08E78, 0x08E73, 0x08E6A, 0x08E6F, 0x08E7B, 0x08EC2, 0x08F52, 0x08F51,
    0x08F4F, 0x08F50, 0x08F53, 0x08FB4, 0x09140, 0x0913F, 0x091B0, 0x091AD, 0x093DE, 0x093C7,
    0x093CF, 0x093C2, 0x093DA, 0x093D0, 0x093F9, 0x093EC, 0x093CC, 0x093D9, 0x093A9, 0x093E6,
    0x093CA, 0x093D4, 0x093EE, 0x093E3, 0x093D5, 0x093C4, 0x093CE, 0x093C0, 0x093D2, 0x093E7,
    0x0957D, 0x095DA, 0x095DB, 0x096E1, 0x09729, 0x0972B, 0x0972C, 0x09728, 0x09726, 0x097B3,
    0x097B7, 0x097B6, 0x097DD, 0x097DE, 0x097DF, 0x0985C, 0x09859, 0x0985D, 0x09857, 0x098BF,
    0x098BD, 0x098BB, 0x098BE, 0x09948, 0x09947, 0x09943, 0x099A6, 0x099A7, 0x09A1A, 0x09A15,
    0x09A25, 0x09A1D, 0x09A24, 0x09A1B, 0x09A22, 0x09A20, 0x09A27, 0x09A23, 0x09A1E, 0x09A1C,
    0x09A14, 0x09AC2, 0x09B0B, 0x09B0A, 0x09B0E, 0x09B0C, 0x09B37, 0x09BEA, 0x09BEB, 0x09BE0,
    0x09BDE, 0x09BE4, 0x09BE6, 0x09BE2, 0x09BF0, 0x09BD4, 0x09BD7, 0x09BEC, 0x09BDC, 0x09BD9,
    0x09BE5, 0x09BD5, 0x09BE1, 0x09BDA, 0x09D77, 0x09D81, 0x09D8A, 0x09D84, 0x09D88, 0x09D71,
    0x09D80, 0x09D78, 0x09D86, 0x09D8B, 0x09D8C, 0x09D7D, 0x09D6B, 0x09D74, 0x09D75, 0x09D70,
    0x09D69, 0x09D85, 0x09D73, 0x09D7B, 0x09D82, 0x09D6F, 0x09D79, 0x09D7F, 0x09D87, 0x09D68,
    0x09E94, 0x09E91, 0x09EC0, 0x09EFC, 0x09F2D, 0x09F40, 0x09F41, 0x09F4D, 0x09F56, 0x09F57,
    0x09F58, 0x05337, 0x056B2, 0x056B5, 0x056B3, 0x058E3, 0x05B45, 0x05DC6, 0x05DC7, 0x05EEE,
    0x05EEF, 0x05FC0, 0x05FC1, 0x061F9, 0x06517, 0x06516, 0x06515, 0x06513, 0x065DF, 0x066E8,
    0x066E3, 0x066E4, 0x06AF3, 0x06AF0, 0x06AEA, 0x06AE8, 0x06AF9, 0x06AF1, 0x06AEE, 0x06AEF,
    0x0703C, 0x07035, 0x0702F, 0x07037, 0x07034, 0x07031, 0x07042, 0x07038, 0x0703F, 0x0703A,
    0x07039, 0x07040, 0x0703B, 0x07033, 0x07041, 0x07213, 0x07214, 0x072A8, 0x0737D, 0x0737C,
    0x074BA, 0x076AB, 0x076AA, 0x076BE, 0x076ED, 0x077CC, 0x077CE, 0x077CF, 0x077CD, 0x077F2,
    0x07925, 0x07923, 0x07927, 0x07928, 0x07924, 0x07929, 0x079B2, 0x07A6E, 0x07A6C, 0x07A6D,
    0x07AF7, 0x07C49, 0x07C48, 0x07C4A, 0x07C47, 0x07C45, 0x07CEE, 0x07E7B, 0x07E7E, 0x07E81,
    0x07E80, 0x07FBA, 0x07FFF, 0x08079, 0x081DB, 0x081D9, 0x0820B, 0x08268, 0x08269, 0x08622,
    0x085FF, 0x08601, 0x085FE, 0x0861B, 0x08600, 0x085F6, 0x08604, 0x08609, 0x08605, 0x0860C,
    0x085FD, 0x08819, 0x08810, 0x08811, 0x08817, 0x08813, 0x08816, 0x08963, 0x08966, 0x089B9,
    0x089F7, 0x08B60, 0x08B6A, 0x08B5D, 0x08B68, 0x08B63, 0x08B65, 0x08B67, 0x08B6D, 0x08DAE,
    0x08E86, 0x08E88, 0x08E84, 0x08F59, 0x08F56, 0x08F57, 0x08F55, 0x08F58, 0x08F5A, 0x0908D,
    0x09143, 0x09141, 0x091B7, 0x091B5, 0x091B2, 0x091B3, 0x0940B, 0x09413, 0x093FB, 0x09420,
    0x0940F, 0x09414, 0x093FE, 0x09415, 0x09410, 0x09428, 0x09419, 0x0940D, 0x093F5, 0x09400,
    0x093F7, 0x09407, 0x0940E, 0x09416, 0x09412, 0x093FA, 0x09409, 0x093F8, 0x0940A, 0x093FF,
    0x093FC, 0x0940C, 0x093F6, 0x09411, 0x09406, 0x095DE, 0x095E0, 0x095DF, 0x0972E, 0x0972F,
    0x097B9, 0x097BB, 0x097FD, 0x097FE, 0x09860, 0x09862, 0x09863, 0x0985F, 0x098C1, 0x098C2,
    0x09950, 0x0994E, 0x09959, 0x0994C, 0x0994B, 0x09953, 0x09A32, 0x09A34, 0x09A31, 0x09A2C,
    0x09A2A, 0x09A36, 0x09A29, 0x09A2E, 0x09A38, 0x09A2D, 0x09AC7, 0x09ACA, 0x09AC6, 0x09B10,
    0x09B12, 0x09B11, 0x09C0B, 0x09C08, 0x09BF7, 0x09C05, 0x09C12, 0x09BF8, 0x09C40, 0x09C07,
    0x09C0E, 0x09C06, 0x09C17, 0x09C14, 0x09C09, 0x09D9F, 0x09D99, 0x09DA4, 0x09D9D, 0x09D92,
    0x09D98, 0x09D90, 0x09D9B, 0x09DA0, 0x09D94, 0x09D9C, 0x09DAA, 0x09D97, 0x09DA1, 0x09D9A,
    0x09DA2, 0x09DA8, 0x09D9E, 0x09DA3, 0x09DBF, 0x09DA9, 0x09D96, 0x09DA6, 0x09DA7, 0x09E99,
    0x09E9B, 0x09E9A, 0x09EE5, 0x09EE4, 0x09EE7, 0x09EE6, 0x09F30, 0x09F2E, 0x09F5B, 0x09F60,
    0x09F5E, 0x09F5D, 0x09F59, 0x09F91, 0x0513A, 0x05139, 0x05298, 0x05297, 0x056C3, 0x056BD,
    0x056BE, 0x05B48, 0x05B47, 0x05DCB, 0x05DCF, 0x05EF1, 0x061FD, 0x0651B, 0x06B02, 0x06AFC,
    0x06B03, 0x06AF8, 0x06B00, 0x07043, 0x07044, 0x0704A, 0x07048, 0x07049, 0x07045, 0x07046,
    0x0721D, 0x0721A, 0x07219, 0x0737E, 0x07517, 0x0766A, 0x077D0, 0x0792D, 0x07931, 0x0792F,
    0x07C54, 0x07C53, 0x07CF2, 0x07E8A, 0x07E87, 0x07E88, 0x07E8B, 0x07E86, 0x07E8D, 0x07F4D,
    0x07FBB, 0x08030, 0x081DD, 0x08618, 0x0862A, 0x08626, 0x0861F, 0x08623, 0x0861C, 0x08619,
    0x08627, 0x0862E, 0x08621, 0x08620, 0x08629, 0x0861E, 0x08625, 0x08829, 0x0881D, 0x0881B,
    0x08820, 0x08824, 0x0881C, 0x0882B, 0x0884A, 0x0896D, 0x08969, 0x0896E, 0x0896B, 0x089FA,
    0x08B79, 0x08B78, 0x08B45, 0x08B7A, 0x08B7B, 0x08D10, 0x08D14, 0x08DAF, 0x08E8E, 0x08E8C,
    0x08F5E, 0x08F5B, 0x08F5D, 0x09146, 0x09144, 0x09145, 0x091B9, 0x0943F, 0x0943B, 0x09436,
    0x09429, 0x0943D, 0x0943C, 0x09430, 0x09439, 0x0942A, 0x09437, 0x0942C, 0x09440, 0x09431,
    0x095E5, 0x095E4, 0x095E3, 0x09735, 0x0973A, 0x097BF, 0x097E1, 0x09864, 0x098C9, 0x098C6,
    0x098C0, 0x09958, 0x09956, 0x09A39, 0x09A3D, 0x09A46, 0x09A44, 0x09A42, 0x09A41, 0x09A3A,
    0x09A3F, 0x09ACD, 0x09B15, 0x09B17, 0x09B18, 0x09B16, 0x09B3A, 0x09B52, 0x09C2B, 0x09C1D,
    0x09C1C, 0x09C2C, 0x09C23, 0x09C28, 0x09C29, 0x09C24, 0x09C21, 0x09DB7, 0x09DB6, 0x09DBC,
    0x09DC1, 0x09DC7, 0x09DCA, 0x09DCF, 0x09DBE, 0x09DC5, 0x09DC3, 0x09DBB, 0x09DB5, 0x09DCE,
    0x09DB9, 0x09DBA, 0x09DAC, 0x09DC8, 0x09DB1, 0x09DAD, 0x09DCC, 0x09DB3, 0x09DCD, 0x09DB2,
    0x09E7A, 0x09E9C, 0x09EEB, 0x09EEE, 0x09EED, 0x09F1B, 0x09F18, 0x09F1A, 0x09F31, 0x09F4E,
    0x09F65, 0x09F64, 0x09F92, 0x04EB9, 0x056C6, 0x056C5, 0x056CB, 0x05971, 0x05B4B, 0x05B4C,
    0x05DD5, 0x05DD1, 0x05EF2, 0x06521, 0x06520, 0x06526, 0x06522, 0x06B0B, 0x06B08, 0x06B09,
    0x06C0D, 0x07055, 0x07056, 0x07057, 0x07052, 0x0721E, 0x0721F, 0x072A9, 0x0737F, 0x074D8,
    0x074D5, 0x074D9, 0x074D7, 0x0766D, 0x076AD, 0x07935, 0x079B4, 0x07A70, 0x07A71, 0x07C57,
    0x07C5C, 0x07C59, 0x07C5B, 0x07C5A, 0x07CF4, 0x07CF1, 0x07E91, 0x07F4F, 0x07F87, 0x081DE,
    0x0826B, 0x08634, 0x08635, 0x08633, 0x0862C, 0x08632, 0x08636, 0x0882C, 0x08828, 0x08826,
    0x0882A, 0x08825, 0x08971, 0x089BF, 0x089BE, 0x089FB, 0x08B7E, 0x08B84, 0x08B82, 0x08B86,
    0x08B85, 0x08B7F, 0x08D15, 0x08E95, 0x08E94, 0x08E9A, 0x08E92, 0x08E90, 0x08E96, 0x08E97,
    0x08F60, 0x08F62, 0x09147, 0x0944C, 0x09450, 0x0944A, 0x0944B, 0x0944F, 0x09447, 0x09445,
    0x09448, 0x09449, 0x09446, 0x0973F, 0x097E3, 0x0986A, 0x09869, 0x098CB, 0x09954, 0x0995B,
    0x09A4E, 0x09A53, 0x09A54, 0x09A4C, 0x09A4F, 0x09A48, 0x09A4A, 0x09A49, 0x09A52, 0x09A50,
    0x09AD0, 0x09B19, 0x09B2B, 0x09B3B, 0x09B56, 0x09B55, 0x09C46, 0x09C48, 0x09C3F, 0x09C44,
    0x09C39, 0x09C33, 0x09C41, 0x09C3C, 0x09C37, 0x09C34, 0x09C32, 0x09C3D, 0x09C36, 0x09DDB,
    0x09DD2, 0x09DDE, 0x09DDA, 0x09DCB, 0x09DD0, 0x09DDC, 0x09DD1, 0x09DDF, 0x09DE9, 0x09DD9,
    0x09DD8, 0x09DD6, 0x09DF5, 0x09DD5, 0x09DDD, 0x09EB6, 0x09EF0, 0x09F35, 0x09F33, 0x09F32,
    0x09F42, 0x09F6B, 0x09F95, 0x09FA2, 0x0513D, 0x05299, 0x058E8, 0x058E7, 0x05972, 0x05B4D,
    0x05DD8, 0x0882F, 0x05F4F, 0x06201, 0x06203, 0x06204, 0x06529, 0x06525, 0x06596, 0x066EB,
    0x06B11, 0x06B12, 0x06B0F, 0x06BCA, 0x0705B, 0x0705A, 0x07222, 0x07382, 0x07381, 0x07383,
    0x07670, 0x077D4, 0x07C67, 0x07C66, 0x07E95, 0x0826C, 0x0863A, 0x08640, 0x08639, 0x0863C,
    0x08631, 0x0863B, 0x0863E, 0x08830, 0x08832, 0x0882E, 0x08833, 0x08976, 0x08974, 0x08973,
    0x089FE, 0x08B8C, 0x08B8E, 0x08B8B, 0x08B88, 0x08C45, 0x08D19, 0x08E98, 0x08F64, 0x08F63,
    0x091BC, 0x09462, 0x09455, 0x0945D, 0x09457, 0x0945E, 0x097C4, 0x097C5, 0x09800, 0x09A56,
    0x09A59, 0x09B1E, 0x09B1F, 0x09B20, 0x09C52, 0x09C58, 0x09C50, 0x09C4A, 0x09C4D, 0x09C4B,
    0x09C55, 0x09C59, 0x09C4C, 0x09C4E, 0x09DFB, 0x09DF7, 0x09DEF, 0x09DE3, 0x09DEB, 0x09DF8,
    0x09DE4, 0x09DF6, 0x09DE1, 0x09DEE, 0x09DE6, 0x09DF2, 0x09DF0, 0x09DE2, 0x09DEC, 0x09DF4,
    0x09DF3, 0x09DE8, 0x09DED, 0x09EC2, 0x09ED0, 0x09EF2, 0x09EF3, 0x09F06, 0x09F1C, 0x09F38,
    0x09F37, 0x09F36, 0x09F43, 0x09F4F, 0x09F71, 0x09F70, 0x09F6E, 0x09F6F, 0x056D3, 0x056CD,
    0x05B4E, 0x05C6D, 0x0652D, 0x066ED, 0x066EE, 0x06B13, 0x0705F, 0x07061, 0x0705D, 0x07060,
    0x07223, 0x074DB, 0x074E5, 0x077D5, 0x07938, 0x079B7, 0x079B6, 0x07C6A, 0x07E97, 0x07F89,
    0x0826D, 0x08643, 0x08838, 0x08837, 0x08835, 0x0884B, 0x08B94, 0x08B95, 0x08E9E, 0x08E9F,
    0x08EA0, 0x08E9D, 0x091BE, 0x091BD, 0x091C2, 0x0946B, 0x09468, 0x09469, 0x096E5, 0x09746,
    0x09743, 0x09747, 0x097C7, 0x097E5, 0x09A5E, 0x09AD5, 0x09B59, 0x09C63, 0x09C67, 0x09C66,
    0x09C62, 0x09C5E, 0x09C60, 0x09E02, 0x09DFE, 0x09E07, 0x09E03, 0x09E06, 0x09E05, 0x09E00,
    0x09E01, 0x09E09, 0x09DFF, 0x09DFD, 0x09E04, 0x09EA0, 0x09F1E, 0x09F46, 0x09F74, 0x09F75,
    0x09F76, 0x056D4, 0x0652E, 0x065B8, 0x06B18, 0x06B19, 0x06B17, 0x06B1A, 0x07062, 0x07226,
    0x072AA, 0x077D8, 0x077D9, 0x07939, 0x07C69, 0x07C6B, 0x07CF6, 0x07E9A, 0x07E98, 0x07E9B,
    0x07E99, 0x081E0, 0x081E1, 0x08646, 0x08647, 0x08648, 0x08979, 0x0897A, 0x0897C, 0x0897B,
    0x089FF, 0x08B98, 0x08B99, 0x08EA5, 0x08EA4, 0x08EA3, 0x0946E, 0x0946D, 0x0946F, 0x09471,
    0x09473, 0x09749, 0x09872, 0x0995F, 0x09C68, 0x09C6E, 0x09C6D, 0x09E0B, 0x09E0D, 0x09E10,
    0x09E0F, 0x09E12, 0x09E11, 0x09EA1, 0x09EF5, 0x09F09, 0x09F47, 0x09F78, 0x09F7B, 0x09F7A,
    0x09F79, 0x0571E, 0x07066, 0x07C6F, 0x0883C, 0x08DB2, 0x08EA6, 0x091C3, 0x09474, 0x09478,
    0x09476, 0x09475, 0x09A60, 0x09C74, 0x09C73, 0x09C71, 0x09C75, 0x09E14, 0x09E13, 0x09EF6,
    0x09F0A, 0x09FA4, 0x07068, 0x07065, 0x07CF7, 0x0866A, 0x0883E, 0x0883D, 0x0883F, 0x08B9E,
    0x08C9C, 0x08EA9, 0x08EC9, 0x0974B, 0x09873, 0x09874, 0x098CC, 0x09961, 0x099AB, 0x09A64,
    0x09A66, 0x09A67, 0x09B24, 0x09E15, 0x09E17, 0x09F48, 0x06207, 0x06B1E, 0x07227, 0x0864C,
    0x08EA8, 0x09482, 0x09480, 0x09481, 0x09A69, 0x09A68, 0x09B2E, 0x09E19, 0x07229, 0x0864B,
    0x08B9F, 0x09483, 0x09C79, 0x09EB7, 0x07675, 0x09A6B, 0x09C7A, 0x09E1D, 0x07069, 0x0706A,
    0x09EA4, 0x09F7E, 0x09F49, 0x09F98, 0x07881, 0x092B9, 0x088CF, 0x058BB, 0x06052, 0x07CA7,
    0x05AFA, 0x02554, 0x02566, 0x02557, 0x02560, 0x0256C, 0x02563, 0x0255A, 0x02569, 0x0255D,
    0x02552, 0x02564, 0x02555, 0x0255E, 0x0256A, 0x02561, 0x02558, 0x02567, 0x0255B, 0x02553,
    0x02565, 0x02556, 0x0255F, 0x0256B, 0x02562, 0x02559, 0x02568, 0x0255C, 0x02551, 0x02550,
    0x0256D, 0x0256E, 0x02570, 0x0256F, 0x0FFED, 0x20547, 0x092DB, 0x205DF, 0x23FC5, 0x0854C,
    0x042B5, 0x073EF, 0x051B5, 0x03649, 0x24942, 0x289E4, 0x09344, 0x219DB, 0x082EE, 0x23CC8,
    0x0783C, 0x06744, 0x062DF, 0x24933, 0x289AA, 0x202A0, 0x26BB3, 0x21305, 0x04FAB, 0x224ED,
    0x05008, 0x26D29, 0x27A84, 0x23600, 0x24AB1, 0x22513, 0x05029, 0x2037E, 0x05FA4, 0x20380,
    0x20347, 0x06EDB, 0x2041F, 0x0507D, 0x05101, 0x0347A, 0x0510E, 0x0986C, 0x03743, 0x08416,
    0x249A4, 0x20487, 0x05160, 0x233B4, 0x0516A, 0x20BFF, 0x220FC, 0x202E5, 0x22530, 0x2058E,
    0x23233, 0x21983, 0x05B82, 0x0877D, 0x205B3, 0x23C99, 0x051B2, 0x051B8, 0x09D34, 0x051C9,
    0x051CF, 0x051D1, 0x03CDC, 0x051D3, 0x24AA6, 0x051B3, 0x051E2, 0x05342, 0x051ED, 0x083CD,
    0x0693E, 0x2372D, 0x05F7B, 0x0520B, 0x05226, 0x0523C, 0x052B5, 0x05257, 0x05294, 0x052B9,
    0x052C5, 0x07C15, 0x08542, 0x052E0, 0x0860D, 0x26B13, 0x05305, 0x28ADE, 0x05549, 0x06ED9,
    0x23F80, 0x20954, 0x23FEC, 0x05333, 0x05344, 0x20BE2, 0x06CCB, 0x21726, 0x0681B, 0x073D5,
    0x0604A, 0x03EAA, 0x038CC, 0x216E8, 0x071DD, 0x044A2, 0x0536D, 0x05374, 0x286AB, 0x0537E,
    0x0537F, 0x21596, 0x21613, 0x077E6, 0x05393, 0x28A9B, 0x053A0, 0x053AB, 0x053AE, 0x073A7,
    0x25772, 0x03F59, 0x0739C, 0x053C1, 0x053C5, 0x06C49, 0x04E49, 0x057FE, 0x053D9, 0x03AAB,
    0x20B8F, 0x053E0, 0x23FEB, 0x22DA3, 0x053F6, 0x20C77, 0x05413, 0x07079, 0x0552B, 0x06657,
    0x06D5B, 0x0546D, 0x26B53, 0x20D74, 0x0555D, 0x0548F, 0x054A4, 0x047A6, 0x2170D, 0x20EDD,
    0x03DB4, 0x20D4D, 0x289BC, 0x22698, 0x05547, 0x04CED, 0x0542F, 0x07417, 0x05586, 0x055A9,
    0x05605, 0x218D7, 0x2403A, 0x04552, 0x24435, 0x066B3, 0x210B4, 0x05637, 0x066CD, 0x2328A,
    0x066A4, 0x066AD, 0x0564D, 0x0564F, 0x078F1, 0x056F1, 0x09787, 0x053FE, 0x05700, 0x056EF,
    0x056ED, 0x28B66, 0x03623, 0x2124F, 0x05746, 0x241A5, 0x06C6E, 0x0708B, 0x05742, 0x036B1,
    0x26C7E, 0x057E6, 0x21416, 0x05803, 0x21454, 0x24363, 0x05826, 0x24BF5, 0x0585C, 0x058AA,
    0x03561, 0x058E0, 0x058DC, 0x2123C, 0x058FB, 0x05BFF, 0x05743, 0x2A150, 0x24278, 0x093D3,
    0x035A1, 0x0591F, 0x068A6, 0x036C3, 0x06E59, 0x2163E, 0x05A24, 0x05553, 0x21692, 0x08505,
    0x059C9, 0x20D4E, 0x26C81, 0x26D2A, 0x217DC, 0x059D9, 0x217FB, 0x217B2, 0x26DA6, 0x06D71,
    0x21828, 0x216D5, 0x059F9, 0x26E45, 0x05AAB, 0x05A63, 0x036E6, 0x249A9, 0x05A77, 0x03708,
    0x05A96, 0x07465, 0x05AD3, 0x26FA1, 0x22554, 0x03D85, 0x21911, 0x03732, 0x216B8, 0x05E83,
    0x052D0, 0x05B76, 0x06588, 0x05B7C, 0x27A0E, 0x04004, 0x0485D, 0x20204, 0x05BD5, 0x06160,
    0x21A34, 0x259CC, 0x205A5, 0x05BF3, 0x05B9D, 0x04D10, 0x05C05, 0x21B44, 0x05C13, 0x073CE,
    0x05C14, 0x21CA5, 0x26B28, 0x05C49, 0x048DD, 0x05C85, 0x05CE9, 0x05CEF, 0x05D8B, 0x21DF9,
    0x21E37, 0x05D10, 0x05D18, 0x05D46, 0x21EA4, 0x05CBA, 0x05DD7, 0x082FC, 0x0382D, 0x24901,
    0x22049, 0x22173, 0x08287, 0x03836, 0x03BC2, 0x05E2E, 0x06A8A, 0x05E75, 0x05E7A, 0x244BC,
    0x20CD3, 0x053A6, 0x04EB7, 0x05ED0, 0x053A8, 0x21771, 0x05E09, 0x05EF4, 0x28482, 0x05EF9,
    0x05EFB, 0x038A0, 0x05EFC, 0x0683E, 0x0941B, 0x05F0D, 0x201C1, 0x2F894, 0x03ADE, 0x048AE,
    0x2133A, 0x05F3A, 0x26888, 0x223D0, 0x05F58, 0x22471, 0x05F63, 0x097BD, 0x26E6E, 0x05F72,
    0x09340, 0x28A36, 0x05FA7, 0x05DB6, 0x03D5F, 0x25250, 0x21F6A, 0x270F8, 0x22668, 0x091D6,
    0x2029E, 0x28A29, 0x06031, 0x06685, 0x21877, 0x03963, 0x03DC7, 0x03639, 0x05790, 0x227B4,
    0x07971, 0x03E40, 0x0609E, 0x060A4, 0x060B3, 0x24982, 0x2498F, 0x27A53, 0x074A4, 0x050E1,
    0x05AA0, 0x06164, 0x08424, 0x06142, 0x2F8A6, 0x26ED2, 0x06181, 0x051F4, 0x20656, 0x06187,
    0x05BAA, 0x23FB7, 0x2285F, 0x061D3, 0x28B9D, 0x2995D, 0x061D0, 0x03932, 0x22980, 0x228C1,
    0x06023, 0x0615C, 0x0651E, 0x0638B, 0x20118, 0x062C5, 0x21770, 0x062D5, 0x22E0D, 0x0636C,
    0x249DF, 0x03A17, 0x06438, 0x063F8, 0x2138E, 0x217FC, 0x06490, 0x06F8A, 0x22E36, 0x09814,
    0x2408C, 0x2571D, 0x064E1, 0x064E5, 0x0947B, 0x03A66, 0x0643A, 0x03A57, 0x0654D, 0x06F16,
    0x24A28, 0x24A23, 0x06585, 0x0656D, 0x0655F, 0x2307E, 0x065B5, 0x24940, 0x04B37, 0x065D1,
    0x040D8, 0x21829, 0x065E0, 0x065E3, 0x05FDF, 0x23400, 0x06618, 0x231F7, 0x231F8, 0x06644,
    0x231A4, 0x231A5, 0x0664B, 0x20E75, 0x06667, 0x251E6, 0x06673, 0x06674, 0x21E3D, 0x23231,
    0x285F4, 0x231C8, 0x25313, 0x077C5, 0x228F7, 0x099A4, 0x06702, 0x2439C, 0x24A21, 0x03B2B,
    0x069FA, 0x237C2, 0x0675E, 0x06767, 0x06762, 0x241CD, 0x290ED, 0x067D7, 0x044E9, 0x06822,
    0x06E50, 0x0923C, 0x06801, 0x233E6, 0x26DA0, 0x0685D, 0x2346F, 0x069E1, 0x06A0B, 0x28ADF,
    0x06973, 0x068C3, 0x235CD, 0x06901, 0x06900, 0x03D32, 0x03A01, 0x2363C, 0x03B80, 0x067AC,
    0x06961, 0x28A4A, 0x042FC, 0x06936, 0x06998, 0x03BA1, 0x203C9, 0x08363, 0x05090, 0x069F9,
    0x23659, 0x2212A, 0x06A45, 0x23703, 0x06A9D, 0x03BF3, 0x067B1, 0x06AC8, 0x2919C, 0x03C0D,
    0x06B1D, 0x20923, 0x060DE, 0x06B35, 0x06B74, 0x227CD, 0x06EB5, 0x23ADB, 0x203B5, 0x21958,
    0x03740, 0x05421, 0x23B5A, 0x06BE1, 0x23EFC, 0x06BDC, 0x06C37, 0x2248B, 0x248F1, 0x26B51,
    0x06C5A, 0x08226, 0x06C79, 0x23DBC, 0x044C5, 0x23DBD, 0x241A4, 0x2490C, 0x24900, 0x23CC9,
    0x036E5, 0x03CEB, 0x20D32, 0x09B83, 0x231F9, 0x22491, 0x07F8F, 0x06837, 0x26D25, 0x26DA1,
    0x26DEB, 0x06D96, 0x06D5C, 0x06E7C, 0x06F04, 0x2497F, 0x24085, 0x26E72, 0x08533, 0x26F74,
    0x051C7, 0x06C9C, 0x06E1D, 0x0842E, 0x28B21, 0x06E2F, 0x23E2F, 0x07453, 0x23F82, 0x079CC,
    0x06E4F, 0x05A91, 0x2304B, 0x06FF8, 0x0370D, 0x06F9D, 0x23E30, 0x06EFA, 0x21497, 0x2403D,
    0x04555, 0x093F0, 0x06F44, 0x06F5C, 0x03D4E, 0x06F74, 0x29170, 0x03D3B, 0x06F9F, 0x24144,
    0x06FD3, 0x24091, 0x24155, 0x24039, 0x23FF0, 0x23FB4, 0x2413F, 0x051DF, 0x24156, 0x24157,
    0x24140, 0x261DD, 0x0704B, 0x0707E, 0x070A7, 0x07081, 0x070CC, 0x070D5, 0x070D6, 0x070DF,
    0x04104, 0x03DE8, 0x071B4, 0x07196, 0x24277, 0x0712B, 0x07145, 0x05A88, 0x0714A, 0x0716E,
    0x05C9C, 0x24365, 0x0714F, 0x09362, 0x242C1, 0x0712C, 0x2445A, 0x24A27, 0x24A22, 0x071BA,
    0x28BE8, 0x070BD, 0x0720E, 0x09442, 0x07215, 0x05911, 0x09443, 0x07224, 0x09341, 0x25605,
    0x0722E, 0x07240, 0x24974, 0x068BD, 0x07255, 0x07257, 0x03E55, 0x23044, 0x0680D, 0x06F3D,
    0x07282, 0x0732A, 0x0732B, 0x24823, 0x2882B, 0x048ED, 0x28804, 0x07328, 0x0732E, 0x073CF,
    0x073AA, 0x20C3A, 0x26A2E, 0x073C9, 0x07449, 0x241E2, 0x216E7, 0x24A24, 0x06623, 0x036C5,
    0x249B7, 0x2498D, 0x249FB, 0x073F7, 0x07415, 0x06903, 0x24A26, 0x07439, 0x205C3, 0x03ED7,
    0x0745C, 0x228AD, 0x07460, 0x28EB2, 0x07447, 0x073E4, 0x07476, 0x083B9, 0x0746C, 0x03730,
    0x07474, 0x093F1, 0x06A2C, 0x07482, 0x04953, 0x24A8C, 0x2415F, 0x24A79, 0x28B8F, 0x05B46,
    0x28C03, 0x2189E, 0x074C8, 0x21988, 0x0750E, 0x074E9, 0x0751E, 0x28ED9, 0x21A4B, 0x05BD7,
    0x28EAC, 0x09385, 0x0754D, 0x0754A, 0x07567, 0x0756E, 0x24F82, 0x03F04, 0x24D13, 0x0758E,
    0x0745D, 0x0759E, 0x075B4, 0x07602, 0x0762C, 0x07651, 0x0764F, 0x0766F, 0x07676, 0x263F5,
    0x07690, 0x081EF, 0x037F8, 0x26911, 0x2690E, 0x076A1, 0x076A5, 0x076B7, 0x076CC, 0x26F9F,
    0x08462, 0x2509D, 0x2517D, 0x21E1C, 0x0771E, 0x07726, 0x07740, 0x064AF, 0x25220, 0x07758,
    0x232AC, 0x077AF, 0x28964, 0x28968, 0x216C1, 0x077F4, 0x07809, 0x21376, 0x24A12, 0x068CA,
    0x078AF, 0x078C7, 0x078D3, 0x096A5, 0x0792E, 0x255E0, 0x078D7, 0x07934, 0x078B1, 0x2760C,
    0x08FB8, 0x08884, 0x28B2B, 0x26083, 0x2261C, 0x07986, 0x08900, 0x06902, 0x07980, 0x25857,
    0x0799D, 0x27B39, 0x0793C, 0x079A9, 0x06E2A, 0x27126, 0x03EA8, 0x079C6, 0x2910D, 0x079D4,
];
